uid,condition,hypothesis,reference,sent_chrF,content_overlap
l9bZYazJQ1w--7,correct,Jasprit Bumrah's wife was shattered by his wife.,"On reaching home, his wife was shocked and he told her the whole tale.",24.957624728424737,True
9b0136913690-114,correct,Why did Suresh's Time? 5,Why did the barber take so long to shave the sultan? 5,14.790092615772124,False
ZMsnY_khlNQ--12,correct,When they asked for the food they could not ask for the food.,"When she confronted the man, he said he had sent her a wrong QR code",18.825601140716888,False
809a3a5e02d1-67,correct,Hari wanted to help him. He was...,Who agreed to help Hellen? Four.,26.817861176586117,True
DP1ly_MsHHQ--36,correct,But Sushil Kumar said he wasn't a fantastic job in Mumbai.,Raut said that Mumbai has always been a part of Maharashtra and will remain so.,19.191235365792043,True
dPuKX_lM4Zc--118,correct,Complete this table according to your observations.,The second column tells us how they will look on one third term and the third column is about how they will look on one sixth turn.,10.077027881599188,False
wwpptVjgAws--20,correct,He had purchased 35 samples from Delhi to another 47 year old.,Another cafe in Delhi ‘Echoes Cafe’ is also run by the Deaf! It has a branch in Hyderabad and a total of 35 deaf people work there.,15.531872113502033,True
48couwymlMM--18,correct,I was very grateful to him.,"When Roshan touched his face, the doctor started crying and became very emotional.",8.063767062895092,False
809a3a5e02d1-108,correct,with the help of the cats.,blank space has been provided for your answers.,7.392688437050729,False
4DhGy83DK_s--30,correct,They have also been told to talk about the residents of J&K.,The MPs must talk and interview the local Kashmiris.,19.905835060145822,True
rZG7T9ujMEo--0,correct,"You all must be aware about this in 20200 food items such as Swiggy, Dominos, etc. You all know this.","In 2022, ordering food at home through apps like Zomato and Swiggy has become a regular practice for almost everyone.",18.95592145307062,True
7byz3fdI-Ss--0,correct,JeM's family was born as a poor family.,Jack Ma was born and raised in a very poor family.,42.10450990853769,True
eabe1f38221a-18,correct,There's a video of a woman. I can't tell us what she said.,"to bow and help her on her way? But no, I'm ashamed to say that when a lady frog comes by.",13.871650345584225,False
0kldzhToGLc--6,correct,Pratiksha sanitary napkins in case of sexual assault.,"and if he wins the future elections in scotland, he will make Gay marriage illegal.",12.755470097610583,False
pMbMjjSj1fM--17,correct,This is why they have demanded strict action against the culprits.,"due to strict lockdown rules imposed by the Kerala police, no one was allowed outside.",17.389852858803483,True
MYGqMojGwBE--267,correct,It's very important to move your body without a healthy lifestyle,just for you! Just to give you all the nutrition you need!,20.84090776282377,False
C-cgPb_N2dY--9,correct,"In India, Bank of Baroda has been merged into Indian Bank.","The Indian Embassy in UAE,",20.55144286281834,True
ef52bca1a454-22,correct,I love you. I love you.,Does the little girl love her granny?,8.439051155812146,True
fulQKWknVhw--7,correct,Now let me tell you about Harsh Vardhan's death. Let me tell you about it.,Let me now tell you about Queen Elizabeth II's life.,35.37487881978583,True
ijrjSBx7WTc--84,correct,"Now, look at the following things that you can see in the picture.",How would you look after it?,19.941535550308153,True
oAhfJ8yB1j0--10,correct,He is an amazing player and will also help Vice-president.,and for his moral values.,15.236305590237789,False
Zc2bgIDZ-Ks--72,correct,There's a suicide note.,But an old blanket was all that came out.,8.279692468565452,False
mjvqIq_fvRY--11,correct,But there is no problem with the family.,Pooja spoke about the hardships she faced including opposition from her family.,19.525894626607617,True
IoifXQnhN4E--4,correct,The cops said that they did not have any bank information.,During interrogation he confessed that he had submitted an application to the bank to secure a loan.,19.75229989122707,True
HBQwzyxvkZA--276,correct,This is the lesson 3.,The speed of the deer helps them to run away from the predators.,8.648016769765404,False
o44YnPMhwPU--12,correct,When MLA's brother asked him to convert to a police person.,The MLA's brother then had the girl's uncle arrested.,32.43710883291684,True
myIXH3PjvoI--76,correct,"To the teacher, you can find out what you would like to do.",So the area of my shape is 10 square centimeters.,14.262676156484646,False
faZQNy4aErk--15,correct,as it is not possible to be a part of the CRPI(M).,If a person did not have PAN card he could not file returns. That is not the case now.,14.667836777754326,False
Rc99bcSdhak--0,correct,"He said that, there is nothing to worry about the situation in the world.",Many of you say that India is not a safe country as there are a lot of rapes.,21.677331600968134,False
0kldzhToGLc--2,correct,as they were unable to get married because of the coronavirus pandemic.,the COVID-19 pandemic was caused due to same sex marriages.,29.92371290597311,True
5n_IGU5rYYk--30,correct,"They also said that when they go to the temple they are not allowed to enter the station, they are allowed to travel.",She wrote a short note in his passport and told him to walk to Slovakia.,17.40869441084793,False
myIXH3PjvoI--89,correct,How many squares can you make?,"If you draw like this, the area is still 10 square centimeters. Questions.",12.75817597002119,False
S9ymb66ZqqY--9,correct,"They did not have enough money to earn a lot of money. However, there was no need to declare it.",to get dry fruits from other countries. As the festival season like Navratri and Diwali is soon approaching,14.743354699048714,False
dPuKX_lM4Zc--54,correct,What is the length of the boundary?,Pass the pin through the holes and fix it in the stick.,16.466759260267086,False
oPITLi0VKh8--10,correct,The law is called PSASO Act.,"Mufti was arrested under the Public Safety Act,",9.640452980393311,True
17OIKvJmrK8--4,correct,"At the Delhi-Mumbai airport, there is a possibility of magnitude.",Delhi Airport has said that they have two cargo terminals,26.03820403938211,True
yb7efY9x78U--12,correct,"The oil spill has a total of Rs 8,355 crore which is around Rs 85 crore.","These 500 rupees notes were worth ₹88,032.5 crores are missing.",19.834967827072873,False
zu_bd3r2GIA--9,correct,She was extremely stressed and was having problems.,Harry had a lot of health problems since long.,26.78443645538213,True
eabe1f38221a-5,correct,"Let's listen to school. When you are talking to each other, you are talking to it.","When you have a holiday from school, what do you do? Would you behave a little like the frog in the following poem?",20.35823881893154,True
QiGhWfjM2FI--31,correct,"At the same time, Shami heard the girl's screams and said, ""After he was very busy.",Finally Ajay’s bodyguards were able to move the man away and the car sped off.,17.358645956473236,False
fvHtYcL913U--3,correct,The mechanism is about 25 million followers.,This account has over 2.5 million followers.,52.825223297359514,True
sktRu3sp97g--4,correct,They decided to identify themselves as they will be responsible for distributing food.,It is not the local police or village panchayat who are responsible for this.,30.532399237398767,True
BTqVQCBPUzg--97,correct,which is the biggest area of A.,Column 2 says Number of Children.,9.193213915406343,False
hYNyIXYmoYs--17,correct,Nowadays the law has become very difficult. There is a lot of difficult.,"increase in tax, property, house rates will make real estate even more difficult to sell or purchase.",19.851355445917587,True
3Pk2c_Z4ahk--1,correct,The meeting was discussed in the future.,for meetings and future plans.,34.712896489067994,True
9xc24mAlprE--1,correct,"In a shocking incident, Hiren Mansukh Mandal was killed in a horrifying incident.","and Mansukh Hiren’s death came out,",28.30351504777036,True
ZMsnY_khlNQ--7,correct,She then said that she will be able to communicate with the Deaf.,The deal was then fixed and the man transferred a small amount of money into her account,14.99884990384412,False
fulQKWknVhw--42,correct,Do you think this is true? Let us know in the comments.,do you think that we should mourn Queen's death? Let us know in the comments.,54.75311417268741,True
W4YzurwHpfw--6,correct,"During the war, two terrorists tried to enter the country.","During the gunfight, two terrorists tried to escape.",63.11124400590008,True
glNqZ8w4iy8--9,correct,"83 inches of Chennai, Columbia and Malayalam.",it is very difficult to speak to people because of the loud music. No matter how loud you speak it is difficult.,5.795112113634906,False
o44YnPMhwPU--25,correct,"A car is parked on a car for a month and a half hour later, they can use it for a month.",They were in the car when suddenly a truck rammed into their vehicle.,17.631878540019088,True
UBnqDwRds3A--2,correct,The team's support is Rashtrapati Bhavan and his house is at home.,The police took Raj Kundra to his Juhu residence.,16.496504021937223,False
wmTrG799MAo--19,correct,They are close to the USA and USA. They are never able to talk to each other.,Biden said that Trump does not know how to treat allies,15.324940489697253,False
lPzmjeJmsXo--13,correct,Arnab Goswami’s visit to the Chief Minister and Congress MP Sharad Pawar.,One groups of MLAs supported Gehlot while another supported Pilot.,14.746828890955365,False
ZCBew8Fv0qA--12,correct,"Now there is an update. You all know that,",But why was the name changed? According to International rules,12.604499501366554,False
39at7Lxu6Yo--19,correct,PETA has no removal of the new governement and the interrogation of office.,Many Investigating officers questioned Ratan Puri in the past about his alleged tax evasion & investigation is still going on.,16.964178405941247,False
EIwWHTO5rZw--8,correct,Abhishek Agnihotri's sanctions to stop the sanctioning the Ram Temple.,The ABVP claimed that Members of left organizations tried to stop a Pooja from being organized.,20.159755875207967,True
MYGqMojGwBE--116,correct,We adapted from the newspaper.,"So the next time you see forks and spoons on the side of your plate,",11.528899804163114,False
BTqVQCBPUzg--47,correct,Different parts of the house.,which other animals can be kept at home.,12.8623154698451,False
myIXH3PjvoI--93,correct,I have a habit of reproducing a plant.,Try some other ways yourself.,8.269720101781171,False
bU_v22EtHIU--1,correct,There are so many jobs and money laundering.,Currently the currency used in El Salvador is the US Dollar.,12.008052250653197,False
uR-nzhB6D8g--2,correct,They have also provided free food to the government. You all know this. You all are aware about this.,The government has distributed food to them through the Ration systems.,36.326572180578864,True
OEM3CR-HYmk--15,correct,"There was a lot of confusion. When he did not wear any clothes, he did not wear any clothes.",These are the best as it would go inside the manhole with the instructions given by the operator,18.69563270236674,False
uR-nzhB6D8g--3,correct,There are many NGOs and people with disabilities who are starving.,Many NGOs have distributed food as well because feeding the poor is priority.,21.372339462115534,True
NaXDBBT5pkw--6,correct,"which is Rs. 1,800,000 crore.",It is worth Rs 1.8 lakh crore,19.977661788356365,True
wefigjf46u4--2,correct,The family then informed his father about the COVID-19 pandemic.,The family forced the doctors to test the Deaf man for COVID-19.,36.9548096272902,True
MYGqMojGwBE--30,correct,and it's a lot of pain.,"And if it won't digest, then how will it come out of your body?",7.72726297789635,False
fYxijWb0b_s--9,correct,She wasn't able to navigate that she was initiated and he was very gruesome.,It is a virtual reality space where people can play games with each other.,17.453466719285192,False
Rc99bcSdhak--16,correct,The woman was very angry and did not care for her.,"When she could not take the torture any more, she escaped.",13.777840244558991,False
_IyhoG9jXuM--15,correct,"""I am not happy with this. I am not happy with this.",They were surprised at how she did not feel any pain. She was lucky to the have reach the hospital in time.,10.871217172271184,False
uYaUCNl1j10--12,correct,I am very happy to see this. I am very happy to see this.,SAI Twitter handle acknowledged the effort of the Indian team at this event.,12.307828598261821,False
o9DARfrZg2o--16,correct,The government has requested the Deaf,The Gujarat government also said that the two institutes,28.912405202084134,True
MYGqMojGwBE--42,correct,He couldn't give him a lot of money.,and keep throwing ingredients into it while casually something or the other?,8.392675998920176,False
ixXF2UGOyoU--5,correct,and the other teams can take part in the elections.,have left them to join the BJP.,21.170074166133755,False
BESRE5mtipE--0,correct,"Everyone loves to watch these things, but it is very common.","Many people love their pet cats, dogs, parrots, etc.",19.456485036491028,False
8DmlFztO2XM--2,correct,"The IMD and all the parts of Uttar Pradesh, Andhra Pradesh,","The IMD also alerted that parts of Puducherry and Andhra's Guntur,",32.89287419266297,True
jLwvQ4URDFY--1,correct,"In 1990, the local police found him and took him to a forest fire and found him guilty.","Mumbai Police found a boat with 3 AK-47 rifles and bullets at Harihareshwar Beach in Raigad district, which is 190 km away from Mumbai.",18.038153804241126,True
5QMD024bDYs--15,correct,I am very happy to see that the Indian law was very happy.,I want to tell the country that we are withdrawing the laws as I want peace.,16.219291524705604,False
jLwvQ4URDFY--31,correct,"The Mumbai Police, Vice-President Vaishno Devi’s Vice-President.",Mumbai Police Commissioner Vivek Phansalkar said that three teams of the Crime Branch would be probing the matter.,18.97227552181598,True
aDwdB7xHAOE--1,correct,"On 1st January 2022, he was diagnosed with claustrophobia.","on 1 January 2022, woke up to see herself listed for an “online auction” of Muslim women on an App.",22.505909560432176,True
wSEeoT9BqE0--13,correct,This is why he thought to be a,They thought it was better to buy a house.,26.755724677079872,True
d5Lx_5-UiHY--41,correct,We have a table with two columns.,The first one is already marked. One.,8.848923872175476,False
BTqVQCBPUzg--18,correct,Look at the table and answer the questions.,Help Yamini complete the table.,25.786551951144997,True
faZQNy4aErk--62,correct,This is because India has more investments in India.,This is to encourage foreign investors in India.,41.742022295615946,True
LvN9Dxq2iLY--88,correct,There were three columns on this page.,will be there no more. Women's,19.34977581476097,False
HBQwzyxvkZA--256,correct,Figure 8.19 shows a few examples of living things.,The surroundings change and we see different kinds of adaptations.,14.635687739799327,False
xFEQrtosric--18,correct,"In the last 14 years, the President of the Draupadi Murmu (4 years back.",Arun Jaitley was the President of DDCA for 14 years.,42.529260033694406,True
KmW8f1GVTYY--40,correct,"In India there are many who do not have jobs like cars, car etc. While some don't go for a car or a car or a car.","India too has taken a loan. It is similar to how we take loans for buying a house, mobile or vehicle.",19.80217648855689,True
nXA9Qpj2z7E--6,correct,This is why they decided to separate the panels.,in exchange of the civilians in the aircraft.,15.812595325108836,False
kytITkHoyls--7,correct,"On the 4th day, the baby was badly injured in the morning.",At around 4.00am the battery exploded. Shabbir was grievously injured while his grandmother sustained minor injuries.,17.634985105783095,True
ef52bca1a454-6,correct,Munna was a good teacher.,"Granny, Granny, please comb my hair.",10.426987497051192,False
iwYL-ivQm6o--19,correct,"for the first time in history, India and Pakistan have lost.",after the Pulwama attack this was the first attack of this kind.,25.037780504113975,True
9b0136913690-41,correct,If you don't want to stay there for a long time.,He then began narrating another story which lasted half an hour.,14.890379470945689,False
K4eNr2k2Lls--1,correct,This is why the DCS has become the DA.,It was formerly known as Deaf Cricket Society (DCS) but was renamed to IDCA.,9.203699687925292,True
pMbMjjSj1fM--28,correct,There are so many slums in the sanitary pads.,through the representatives of the villages.,18.426878981838478,False
MYGqMojGwBE--161,correct,"Along with this, the ash gourd juice, 2 tsp rock salt,","but when you cut it into small pieces, how much time does it take?",13.06622890718363,False
mXq8axygjdE--32,correct,"Suddenly, he heard a kangaroo and roaring attained enemies.","Suddenly, he heard a voice cry out. Quick, hurry up!",38.44457700284982,True
4vfboqjtAXo_d,correct,"to make someone do something, or to do something.","a liking for, an enjoyment of, or a habit of doing something.",27.455470917155942,True
HBQwzyxvkZA--261,correct,We can find out about the roots of a plant or animal.,Look at the picture of a lion and that of a deer. Figure 9.8,17.554565727166096,False
CAzt5cxtSjQ--23,correct,The judges then decided to remove their seatbelt as the Administration of the building.,Karnataka High court has decided to ban hijab.,24.26603451006774,True
d5Lx_5-UiHY--51,correct,"On the right side of the page, there's a bus.",352 children from a school went on a camping trip.,9.615386598921733,False
klepEQSaeIk--9,correct,"It is not sure if you are infected with COVID-19, then there is no infection.",The 2 doses of the vaccine reduces the severity of the infection.,29.395251034997884,True
48couwymlMM--10,correct,The name of the Sputnik Trust - this is his sign name.,The Doctor's name was Sanduk Ruit.,15.96878257657062,True
K4eNr2k2Lls--0,correct,IADA is an association for the Deaf in India.,IDCA is the Indian Deaf Cricket Association.,41.385066275928054,True
zu_bd3r2GIA--16,correct,"He also said, ""We can't believe this. It's very difficult to see this.","He believes that earlier he looked old, but then after drinking urine, he looked younger.",16.022043296699874,False
ef52bca1a454-76,correct,"Come, let's draw what is happening.",Call out the picture and write his name.,13.407251582322088,False
ixXF2UGOyoU--2,correct,India won the toss and chose to bowl.,Some members may be removed and a new person will be appointed.,9.499250499401127,False
o44YnPMhwPU--37,correct,"If you think this is the first time, you have gathered for the matrimonial event,",Her mother said that the MLA was responsible for everything that happened to her family.,21.28189021191103,False
CRJSZ2e7BU0--12,correct,"The woman along with her friend Amarjeet Singh, a Delhi-based man named Ashok Gehlot.","Along with his mother, Abhijeet reached Delhi and so did CM Sarma.",30.87416409565681,True
91GVHgxW8RA--2,correct,Now there is another story.,Shocking! Let me tell you.,9.00900900900901,False
gXa0qcoWrsQ--7,correct,The flight then took off and found that the oxygen levels had been deployed under the debris.,"Whenever the metal detector went past his hips, it started beeping loudly.",21.2255411256915,False
m3Mmtpr-jjA--42,correct,The court said that J&K has been deployed and disressed in the wrong way.,She said what about the various journalists that have attacked the BJP and have been arrested.,19.44787051558872,True
lcBujGRLwE0--29,correct,Maldives said that the Indian Army will start from 25th March to 25th March.,"Therefore, after returning from China, President Muizzu asked India to withdraw all military troops from Maldives by 15th March 2024.",22.111153799521336,True
MYGqMojGwBE--205,correct,That's not true. I think this is true. I think this is not true. It is a part of my life.,"By giving this break, you'll be able to find out that your body had no need for it",14.781750695691557,False
d5Lx_5-UiHY--22,correct,There's a table of 35.,A tank is full of 300 litres of water. How much water will be filled into?,7.605764419053599,False
9b0136913690-89,correct,"Now, let's see what happens.",But the Barber did not hurry.,7.6690821256038655,False
8E-llRXuhl0--5,correct,The MNS Transport Corporation (MSRTC) said that there were no problems.,"MSRTC has 4,500 women conductors, but it does not have women bus drivers.",16.8149044448445,True
iGdg-iGlUFg--11,correct,"Sameer Wankhede was a young 13-year-old Indian-old Journalist,","The 35-year-old has played tests matches, ODI and T20 matches",22.10456566795442,True
jMdxYlvrkbk--9,correct,The ICC has not announced that they will not be allowed to enter the city.,Earlier there was no bar on the age of a cricketer to play any form of international cricket.,17.564562957904208,False
vbq8QbOwOt4--15,correct,This is why she decided to have a baby.,This is why people decide not to have children.,42.263589728216736,False
m3Mmtpr-jjA--8,correct,"However, the wife left the house and escaped.",but his wife tore the papers.,21.64104397817807,True
o44YnPMhwPU--11,correct,She wasn't aware about the death of his suicide.,Her father then died while still in jail.,15.778979296614715,False
o9DARfrZg2o--12,correct,There are many people who are doing this.,But still children are malnourished.,18.94493160609235,False
rYcw__0tDhw--9,correct,they will be allowed to enter the country.,in 10 Chinese provinces. They were tested in veterinary hospitals.,12.786384615820376,False
eabe1f38221a-51,correct,"I read the letter. For example,",Refer to the poem and understand.,13.400311004558063,False
HBQwzyxvkZA--116,correct,Do all organisms reproduce through different types of roots?,plants that live on the earth.,13.232679948395077,False
LvN9Dxq2iLY--139,correct,We see a picture of a boy standing on the ground.,to set up the factory.,18.306171903316717,False
8w6k4jEJJlU--19,correct,NAD's President is Azam and this is his Sign Name.,Mr AS Narayanan said that there are very few interpreters and many do not know sign language.,10.818344496288859,True
Kq5HfchSWv8--7,correct,There are two types of E-Cigarettes.,This year the voter turnout had decreased.,16.36025976400517,False
NDYHcIF50eE--2,correct,"Now in 2021, there is no clarity between the ages of 21 and non-vegetarians.",In 2021 there were several bizarre food preparations.,22.96266775255321,False
809a3a5e02d1-65,correct,What is the area of the halva?,What kind of girl was she?,17.44461458308728,False
AVb1VABiJJ8--18,correct,China is trying to protect India from any country from India and Pakistan.,China had banned international Apps in China long back.,17.514649377658483,True
HBQwzyxvkZA--265,correct,The scientific process is shown.,Do the features of a line help it in any way to survive?,9.426239094332562,False
ijrjSBx7WTc--59,correct,The baby was sleeping on the ground.,The baby was fast asleep.,49.65107549593584,True
IjeHLt1vNoM--13,correct,"If the people are fully vaccinated, only only if the person is fully vaccinated, they can stay home.",However remember only pet dogs and cats will be allowed and they must be vaccinated.,26.589735714102066,True
BTqVQCBPUzg--122,correct,We have a table with 5 columns.,and column 2 is about number of children. Column 1 things are...,13.655422985259374,False
NaXDBBT5pkw--25,correct,"According to the Indian Citizenship Amendment Act (CAAA),",In India more than 40 lakh people are employed in the IT Industry and India is the largest export business.,12.123948103064517,False
4DhGy83DK_s--8,correct,He died because of a terror attack in the USA.,Then they killed an apple trader,16.387319367743032,False
zu_bd3r2GIA--29,correct,"If the man slipped, the man would get up and downs and the woman respiratory tract.",drinking your own urine can actually speed up the dehydration,19.15073116132455,False
xFEQrtosric--19,correct,This was the first time Anil was invovled and he has always been a part of his life.,Jaitley was a politician as well as an avid cricket follower.,17.620621269361333,False
rYcw__0tDhw--11,correct,which is a member of the corporation of the corporation of the corpse.,"They were used to study flu,",8.946602150324399,False
DP1ly_MsHHQ--25,correct,There is a lot of speculation in the company.,"while the UP government brought down 11,000 loudspeakers then why not Maharashtra government.",9.506846641990133,False
myIXH3PjvoI--106,correct,There's a picture of a flower.,Two sides of a shape are drawn here.,18.088367492883922,False
KI0avgGkWiU--25,correct,"According to her institute, the school has said that it wasn't easy.",They thanked Dhoni for the free publicity.,15.893283581708431,False
-hZpPIT6N4U_d,correct,to decide what to do or do,"to think carefully, especially about possibilities and opinions",7.215496039087213,False
myIXH3PjvoI--102,correct,We have a table with two columns.,Complete the shape so that it's area is,12.47313088004338,False
MYGqMojGwBE--46,correct,"That's when you eat a lot of grains, butterfree,",and the ingredients should only be added when the fire is burning properly,12.819381394084717,False
3vCea9zWFek--10,correct,Let me tell you about these rules.,Here are some of the rules that have to be followed:,19.634614306132804,True
MYGqMojGwBE--172,correct,and the other one is in our body.,"And when I remember it, my meal is over already!",10.595846458116666,False
d5Lx_5-UiHY--100,correct,The mother is 84 years old.,"is equal to 614. Before telling his father,",12.22514696902683,False
iwYL-ivQm6o--5,correct,This is why they are fighting with each other.,The police then fired and a gunfire ensued.,13.382616366121589,False
Xmm9ZyMy12g--19,correct,India and China have been put on a 9-month-old plans to keep a watch on the 9th floors.,The Indian Navy currently have 4 German Submarines and 9 Russian Submarines.,16.82466050974804,False
hgaKby5Mha4--15,correct,The wedding was held in July 2021 and after the birth of Ram Navami Aurangabad.,Rakhi and Adil had dated for 3 months before getting married in July 2022.,27.74875864702594,True
MnCcM6PZrug--9,correct,"A few days back, on 6th February 2022 is a one-day visit.",The offer valid only for 1 day - 16th September 2022,16.15529069571619,True
bqE5C2tmc9c--9,correct,"Out of these, 21,125,125 people were detected in Gaza.","The government is also planning to launch new Rs1, Rs 2, Rs 5 and Rs 10 coins.",10.53675199435689,False
OEM3CR-HYmk--0,correct,Malaysia is a lot of difficulty in India.,"‘Manual Scavenging’ is a term mainly used in India,",21.245275601075438,True
faZQNy4aErk--82,correct,"The HEET exams in Kutch is an organization that focusses on currency notes,","Under the 'Khelo India' programme, they will develop the National Sports Education Board.",13.333563137825392,False
C-cgPb_N2dY--0,correct,"On 19th May 2020, at the India-Pakistan airport, 151 Indians from China",A team of 105 healthcare professionals from India landed in Abu Dhabi on 19th May,24.844121857602072,True
AVb1VABiJJ8--10,correct,The government is trying to solve this problem.,"Since such Apps affect the Defence of India, the government needs to take urgent action.",20.843753601595665,True
Lt5GAA6MIuM--1,correct,It is the most expensive brand in India.,It said that workers in Indian factories supplying goods to famous chains such as,15.023307409825525,False
gp0w_zrLgfw--10,correct,1. Ukraine will not be allowed to respond to the court.,1. Russia has demanded that Ukraine must never join NATO.,19.438834191390814,True
eBj_HUu0CNw--29,correct,This is why they are not happy with this.,He said that he will take full responsibility for this.,17.578765196243303,False
QiJgNpX3zN0--11,correct,This is why they have been protesting for a long time.,They protested and demanded that the oil packets be replaced with new oil packets.,17.443661750404527,False
faZQNy4aErk--32,correct,"2. For example, there are a few employees who have an internal excessive jobs.",2. You all know that you get 1.5 lakh benefits on Investments.,13.367886476656702,False
aDwdB7xHAOE--10,correct,Mumbai Indians have also been booked under the RPWD Act.,The Mumbai & Delhi police have now registered FIRs against the insulting App.,18.431455791960005,True
YsuSHJ3klEs--7,correct,"According to a father, a Deaf man is scholarship and it is a sensitive.",against the father of the bride under the Kerala Epidemic Diseases Ordinance 2020.,19.43915531316213,True
MYGqMojGwBE--217,correct,"No, it's very easy to get a lot of money.","When you get back to work right after eating your food,",11.86891660852757,True
8DmlFztO2XM--0,correct,IMD stands for the development of India (MDID),"The IMD, which is a weather surveillance organisation has informed that,",11.987744196134575,True
gp0w_zrLgfw--20,correct,Russia had attacked Ukraine with its military bases.,The fourth demand of Russia on the list is that Ukraine stops all military action and demilitarise the area.,23.051918340517314,True
MYGqMojGwBE--258,correct,"and you don't have a lot of nutrients, which is 3 months","When you serve food, don't mix more than 2-3 foods",19.8588025151989,True
40BjLI5XtJE--10,correct,The Congress did not have a majority. It is very difficult to do this as it is very difficult to survive.,"Once a license is cancelled, drivers can appeal in a court but it is not an easy process.",15.960276434358972,False
fulQKWknVhw--12,correct,"Queen Elizabeth Ireland and Queen Elizabeth II, 1953.",after which Elizabeth at the age of 27 was crowned as the Queen of UK on 2nd June 1953.,23.55248629791385,True
myIXH3PjvoI--122,correct,which of these rectangles has the smallest area. 1.,Here is a rectangle of area 20 square centimeters.,28.20298830620947,True
jMdxYlvrkbk--7,correct,He did not want to work hard to achieve his goals to achieve his goals.,All details about the player's exceptional qualities must be presented before the ICC.,11.125903456122204,False
-X_zmve1y00--14,correct,Monkeypox was used for an explanation.,The tree ambulance will help a tree in a bad conditionand help it to grow again.,11.476532641533597,False
sktRu3sp97g--15,correct,You must be thinking that the dogs are abusing dogs.,The women of the village are working hard to contain the spread of COVID-19.,13.965005644266041,False
7byz3fdI-Ss--16,correct,Now let's see what happens.,Now lets see what happens.,85.42883627590109,True
809a3a5e02d1-119,correct,"And on the right side, there are many animals.",Now your friend will ask you the same questions.,13.134947084993371,False
Rc99bcSdhak--14,correct,The principal was badly beaten by the Shiv Sena.,She was treated like an animal.,22.396314820174062,False
v0g35qCOCwU--0,correct,"You all know that in the first time,",These days many couples propose in creative ways such as by giving flowers to each other.,9.551815002851633,False
N6jpL7uibFI_e2,correct,She had a gap between a two-wheeler at the age of 8.,"After her trip to Venezuela, she felt inspired to learn Spanish.",11.718196019159654,False
MYGqMojGwBE--282,correct,"If you want to share this video with your friends, family and family, friends,","If you found this video useful, share it with all your friends and family",51.523891652804735,True
mjvqIq_fvRY--10,correct,"She said, 'I want to be a Hollywood case but there is no problem.'",Pooja said she wanted to apply for a learner's license but could not due to financial difficulties.,16.37818020842267,True
lZarpnV0alw--12,correct,Malaysia has not been disclosed and there is a lot of tension.,All her clothes were hand-me-downs.,19.375232870451956,False
mXq8axygjdE--28,correct,The king then saw a big brown bath. The king was astronaut with celebrating.,He saw a deer and rode after it. It ran deep into the forest followed by the king. Soon the king lost his way.,21.344159599676818,True
IjeHLt1vNoM--3,correct,"When you are out of your family, what do you think about your family?",People consider pets their family but flights do not allow pets onboard.,17.777619028527024,True
6_yO8Lc8Hd4--16,correct,The testing will be available on the next day.,"If it is good, only then it can be served. They must do this regularly.",15.484413165888435,False
HBQwzyxvkZA--237,correct,The process of evaporation is called,This helps the rain water and snow to slide off easily.,13.100307176001724,False
CRJSZ2e7BU0--8,correct,The driver then wrote a letter and wrote a letter to PM Modi,"The CM politely listened and after Abhijeet left, he wrote a letter to Prime Minister's Office.",27.78683105833657,True
K4eNr2k2Lls--19,correct,The match was held on 9th February 2020 at the Hydroxychloroquine in Hyderabad.,was held between 9th to 12th February 2020 in Hyderabad.,57.56687727912573,True
U5Tq9r7saZU--19,correct,However none of this was done.,The trust were shocked that they were blacklisted without a discussion.,7.464342006620547,False
uYaUCNl1j10--3,correct,The SAARA government tweeted a lot of condolences to the families of the victims.,"The Sports Authority of India (SAI) tweeted, ""Congratulations, Team India won a total of 9 medals.""",20.647619771803726,True
3gKelnCwuj8--0,correct,Now the Supreme Court's Supreme Court's CJI Raj Singh,"Today, the Supreme Court's CJI Ranjan Gogoi,",55.282854498978665,True
ZVE_KjrY_po--22,correct,"You must have seen many film stars, sports, etc.","For example look at film stars, cricketers, sportspersons, businessmen, etc.",30.93901433376739,True
i4j5Bj2NL1c--11,correct,Google Pay has a lot of sells on Google Plasma Therapy.,"If you have used up your 15 GB free storage across Gmail, Google Drive and Google Photos",20.640341667656642,True
9b0136913690-57,correct,Put them in your notebook.,Finish shaving at once! The Sultana exclaimed.,6.436163391447989,False
wwpptVjgAws--10,correct,"He said, 'There is nothing to do. I am not happy with this decision.",he also teaches then to lightly place glasses on the table and other manners. The Deaf team has grown thanks to him.,12.31646575325001,False
gp0w_zrLgfw--13,correct,"The Deaf man agreed and asked him to ask for help. When he asked for the course he asked for the course,",Zelensky said that the decision should be left on people to decide whether they want to be with Russia and Ukraine.,15.716036892424523,False
HBQwzyxvkZA--129,correct,Do all organisms respiration move?,Several kinds of plants and animals live in the same habitat.,10.754157424439558,False
fqJW-F3WIYc--0,correct,ISH News had released a video about the terrible tragedy and there was a huge controversy.,"ISH News has constantly been releasing about cyclones, heatwaves, pollution, etc.",28.351221597769676,True
l9bZYazJQ1w--7,wrong_length,We all have seen India's independence Day which is the highest in the Denmarket.,"On reaching home, his wife was shocked and he told her the whole tale.",18.186765986724826,False
9b0136913690-114,wrong_length,I want a puppy to be done through the teacher.,Why did the barber take so long to shave the sultan? 5,16.893995895584737,False
ZMsnY_khlNQ--12,wrong_length,"Joint Secretarys of the Constitution,","When she confronted the man, he said he had sent her a wrong QR code",10.778423768237955,False
809a3a5e02d1-67,wrong_length,Only those who have tested positive for COVID-19 will be negative.,Who agreed to help Hellen? Four.,13.291461018188466,False
DP1ly_MsHHQ--36,wrong_length,It is not possible that I feel bad. It's very bad.,Raut said that Mumbai has always been a part of Maharashtra and will remain so.,11.168490474483612,False
dPuKX_lM4Zc--118,wrong_length,"After the release, Soleimani wants to be part of the protestors to be on the electoral project.",The second column tells us how they will look on one third term and the third column is about how they will look on one sixth turn.,13.40925121336682,False
wwpptVjgAws--20,wrong_length,The ED conducted raids at the ED's house. Have a look at the video.,Another cafe in Delhi ‘Echoes Cafe’ is also run by the Deaf! It has a branch in Hyderabad and a total of 35 deaf people work there.,11.644762429307349,False
48couwymlMM--18,wrong_length,On the right side of the page we see,"When Roshan touched his face, the doctor started crying and became very emotional.",8.148369046180507,False
809a3a5e02d1-108,wrong_length,The parents were very thankful to the hospital.,blank space has been provided for your answers.,18.550427958322693,False
4DhGy83DK_s--30,wrong_length,Many of them are telling us about the desert.,The MPs must talk and interview the local Kashmiris.,15.371547603342787,False
rZG7T9ujMEo--0,wrong_length,Emirates Industries Ltd was asked to come back to the school for 6 days.,"In 2022, ordering food at home through apps like Zomato and Swiggy has become a regular practice for almost everyone.",13.548929980749557,False
7byz3fdI-Ss--0,wrong_length,There is a picture of a girl and a baby bird.,Jack Ma was born and raised in a very poor family.,13.754550739047724,False
eabe1f38221a-18,wrong_length,This is a story from the Panchatantra.,"to bow and help her on her way? But no, I'm ashamed to say that when a lady frog comes by.",11.84454241213301,False
0kldzhToGLc--6,wrong_length,"The audio went on to Twitter and said,","and if he wins the future elections in scotland, he will make Gay marriage illegal.",9.817157060746965,False
pMbMjjSj1fM--17,wrong_length,The process of condensation is called condensation.,"due to strict lockdown rules imposed by the Kerala police, no one was allowed outside.",12.812498399588263,False
MYGqMojGwBE--267,wrong_length,Elephants in which they live.,just for you! Just to give you all the nutrition you need!,9.47539649958535,False
C-cgPb_N2dY--9,wrong_length,For the last 2 years there was a huge controversy.,"The Indian Embassy in UAE,",7.184237839564083,False
ef52bca1a454-22,wrong_length,There are three different kinds of plants that live in water.,Does the little girl love her granny?,15.884257280360506,False
fulQKWknVhw--7,wrong_length,What is the length of the boundary for?,Let me now tell you about Queen Elizabeth II's life.,11.510311741451835,False
ijrjSBx7WTc--84,wrong_length,"He is known as 'Hindutva', 'Hindutva', 'Hindutva'.",How would you look after it?,7.989132552792298,False
oAhfJ8yB1j0--10,wrong_length,There are 10 fires in the fire.,and for his moral values.,8.446550132687205,False
Zc2bgIDZ-Ks--72,wrong_length,Similarly in India we have the same language.,But an old blanket was all that came out.,15.376205823153105,False
mjvqIq_fvRY--11,wrong_length,"For years, the police have been called for a long time.",Pooja spoke about the hardships she faced including opposition from her family.,13.741743923231681,False
IoifXQnhN4E--4,wrong_length,The Rajawadivas who worked in the jungles were sticking to the walls of the Raja.,During interrogation he confessed that he had submitted an application to the bank to secure a loan.,17.066490005811694,False
HBQwzyxvkZA--276,wrong_length,The Lok Sabha Elections will be held in the Lok Sabha Elections.,The speed of the deer helps them to run away from the predators.,12.533921138232634,False
o44YnPMhwPU--12,wrong_length,CM Bhupendra Bhanushali said that the government has nothing to do with the letter.,The MLA's brother then had the girl's uncle arrested.,18.512630131258508,False
myIXH3PjvoI--76,wrong_length,"If he dies, he will have to stay in the house for a long time.",So the area of my shape is 10 square centimeters.,16.597098559809396,False
faZQNy4aErk--15,wrong_length,Page 112. We see the picture of a boy standing on the ground.,If a person did not have PAN card he could not file returns. That is not the case now.,14.880079900724782,False
Rc99bcSdhak--0,wrong_length,The area of square B is dash centimeters.,Many of you say that India is not a safe country as there are a lot of rapes.,14.456243092775411,False
0kldzhToGLc--2,wrong_length,"Now on 28th June, the BCCI announced that",the COVID-19 pandemic was caused due to same sex marriages.,7.881786612724026,False
5n_IGU5rYYk--30,wrong_length,In the UK's NeoCov there were many women who had attended the event.,She wrote a short note in his passport and told him to walk to Slovakia.,11.904323830431396,False
myIXH3PjvoI--89,wrong_length,"Kareena said, ""This is the same as usual.","If you draw like this, the area is still 10 square centimeters. Questions.",13.700755054753639,False
S9ymb66ZqqY--9,wrong_length,"The Central Bank of India announced that,",to get dry fruits from other countries. As the festival season like Navratri and Diwali is soon approaching,9.115224550192105,False
dPuKX_lM4Zc--54,wrong_length,then we'll move onto our body every day,Pass the pin through the holes and fix it in the stick.,8.473194682901298,False
oPITLi0VKh8--10,wrong_length,This is the first time that 11 people died.,"Mufti was arrested under the Public Safety Act,",12.056395282780182,False
17OIKvJmrK8--4,wrong_length,"She was unconsolable. However, the 3 Deaf man passed away.",Delhi Airport has said that they have two cargo terminals,13.91247771668089,False
yb7efY9x78U--12,wrong_length,"When the house is red, the local government appropriates the health of the house.","These 500 rupees notes were worth ₹88,032.5 crores are missing.",13.555697177716333,False
zu_bd3r2GIA--9,wrong_length,They did not have any doubts. This is why they did not do anything.,Harry had a lot of health problems since long.,14.269831597322366,False
eabe1f38221a-5,wrong_length,"Suddenly, the Vande Bharat Miss Universe's Vasai Vikas, has been destroyed.","When you have a holiday from school, what do you do? Would you behave a little like the frog in the following poem?",10.900523224221907,False
QiGhWfjM2FI--31,wrong_length,"In Delhi's Ghaziabad, there is a oil refinery at the Netherlands,",Finally Ajay’s bodyguards were able to move the man away and the car sped off.,15.120374667417307,False
fvHtYcL913U--3,wrong_length,The Ukraine-Russia resolution has been reunited by the Indian army.,This account has over 2.5 million followers.,14.015767201878068,False
sktRu3sp97g--4,wrong_length,How do they enjoy the footprints of the footprints?,It is not the local police or village panchayat who are responsible for this.,11.474731127409644,False
BTqVQCBPUzg--97,wrong_length,The first one is a picture of a girl.,Column 2 says Number of Children.,11.294500479175507,False
hYNyIXYmoYs--17,wrong_length,"In order to control the situations, there are chances of people who can be controlled.","increase in tax, property, house rates will make real estate even more difficult to sell or purchase.",17.277480791566184,False
3Pk2c_Z4ahk--1,wrong_length,ISH News had released a video about it. You can check it out on this link.,for meetings and future plans.,12.862317010335317,False
9xc24mAlprE--1,wrong_length,There are more than 23 people.,"and Mansukh Hiren’s death came out,",9.872756388101656,False
ZMsnY_khlNQ--7,wrong_length,The Department of Telecommunications said that they lost their lives.,The deal was then fixed and the man transferred a small amount of money into her account,17.59349048251236,False
fulQKWknVhw--42,wrong_length,Due to the COVID-19 lockdown and the government has imposed a lockdown.,do you think that we should mourn Queen's death? Let us know in the comments.,16.674091262671734,False
W4YzurwHpfw--6,wrong_length,"On 2nd September 2021, a picture was posted on social media.","During the gunfight, two terrorists tried to escape.",12.729470207673815,False
glNqZ8w4iy8--9,wrong_length,Now trace the dotted lines and write the letters. 3.,it is very difficult to speak to people because of the loud music. No matter how loud you speak it is difficult.,11.325681835238068,False
o44YnPMhwPU--25,wrong_length,"Social media platforms said that there were 2,42 panels.",They were in the car when suddenly a truck rammed into their vehicle.,15.243802810719757,False
UBnqDwRds3A--2,wrong_length,She is the first woman to win a medal. She is just 9 years old.,The police took Raj Kundra to his Juhu residence.,13.339657449449154,False
wmTrG799MAo--19,wrong_length,A total of Rs 7.5 crore was found.,Biden said that Trump does not know how to treat allies,10.155218284353888,False
lPzmjeJmsXo--13,wrong_length,The video went viral. The video was widely shared and it went viral on social media.,One groups of MLAs supported Gehlot while another supported Pilot.,11.537562601491855,False
ZCBew8Fv0qA--12,wrong_length,Virat Kohli said that he is the first innings to play the semi-finals in the semi-finals.,But why was the name changed? According to International rules,16.739381711495792,False
39at7Lxu6Yo--19,wrong_length,Chandigarh University has been celebrating a new film on Netflix.,Many Investigating officers questioned Ratan Puri in the past about his alleged tax evasion & investigation is still going on.,13.331989213767567,False
EIwWHTO5rZw--8,wrong_length,The government has decided to increase the number of tigers.,The ABVP claimed that Members of left organizations tried to stop a Pooja from being organized.,16.290288685452044,False
MYGqMojGwBE--116,wrong_length,The process of evaporation of streaming is called a process of respiration.,"So the next time you see forks and spoons on the side of your plate,",15.238099218689047,False
BTqVQCBPUzg--47,wrong_length,how to make our shampoo tomato soup,which other animals can be kept at home.,12.521904958251726,False
myIXH3PjvoI--93,wrong_length,On this page we see a picture of a boy standing on the ground.,Try some other ways yourself.,15.277275742808028,False
bU_v22EtHIU--1,wrong_length,and the second one is a member of the states in the 28 states.,Currently the currency used in El Salvador is the US Dollar.,13.49032537736973,False
uR-nzhB6D8g--2,wrong_length,"Now, I'll tell you what it is...",The government has distributed food to them through the Ration systems.,6.842863411420066,False
OEM3CR-HYmk--15,wrong_length,You can also use the FSSAI's Vasai Virar and Sahu.,These are the best as it would go inside the manhole with the instructions given by the operator,9.160561423356027,False
uR-nzhB6D8g--3,wrong_length,"Mr Gulati at the University of Sydney, at the University of Sydney,",Many NGOs have distributed food as well because feeding the poor is priority.,12.432952585332842,False
NaXDBBT5pkw--6,wrong_length,This was the reason for his death.,It is worth Rs 1.8 lakh crore,14.797490427544224,False
wefigjf46u4--2,wrong_length,"Along with this, the video has gone viral.",The family forced the doctors to test the Deaf man for COVID-19.,8.807103382005952,False
MYGqMojGwBE--30,wrong_length,This will help to solve the problem.,"And if it won't digest, then how will it come out of your body?",10.630405424966934,False
fYxijWb0b_s--9,wrong_length,"More than 1,00,000 people died due to unemployment.",It is a virtual reality space where people can play games with each other.,13.521466245025621,True
Rc99bcSdhak--16,wrong_length,there was a version that was going on in Bangkok. He was in danger as he was in danger as well.,"When she could not take the torture any more, she escaped.",13.48079555594571,False
_IyhoG9jXuM--15,wrong_length,They informed them that they were quarantined in their houses.,They were surprised at how she did not feel any pain. She was lucky to the have reach the hospital in time.,21.015847831483565,False
uYaUCNl1j10--12,wrong_length,3. Do you want to know that people love watching the movie with different skills & skills.,SAI Twitter handle acknowledged the effort of the Indian team at this event.,19.59318092260392,False
o9DARfrZg2o--16,wrong_length,How much money would you get?,The Gujarat government also said that the two institutes,6.576958138527357,False
MYGqMojGwBE--42,wrong_length,This is why they are afraid of cowards.,and keep throwing ingredients into it while casually something or the other?,9.74818560132406,False
ixXF2UGOyoU--5,wrong_length,will be given a discount on human rights.,have left them to join the BJP.,11.266379296881102,False
BESRE5mtipE--0,wrong_length,Compare your observations in this table according to your observation.,"Many people love their pet cats, dogs, parrots, etc.",14.477297332133396,False
8DmlFztO2XM--2,wrong_length,This is why they changed the solar panels.,"The IMD also alerted that parts of Puducherry and Andhra's Guntur,",13.963326024526019,False
jLwvQ4URDFY--1,wrong_length,Salman Khan has donated the stole on the no-confidence monsoon.,"Mumbai Police found a boat with 3 AK-47 rifles and bullets at Harihareshwar Beach in Raigad district, which is 190 km away from Mumbai.",8.648850832546096,False
5QMD024bDYs--15,wrong_length,However there is no clarity over this.,I want to tell the country that we are withdrawing the laws as I want peace.,10.623617282507238,False
jLwvQ4URDFY--31,wrong_length,The driver then wrote a letter and wrote a letter to PM Modi,Mumbai Police Commissioner Vivek Phansalkar said that three teams of the Crime Branch would be probing the matter.,13.261793443763874,False
aDwdB7xHAOE--1,wrong_length,3. The woman's hand was overwhelmed in front of the woman and her parents.,"on 1 January 2022, woke up to see herself listed for an “online auction” of Muslim women on an App.",14.505745871170486,False
wSEeoT9BqE0--13,wrong_length,and your body will be filled with,They thought it was better to buy a house.,9.778430507104966,False
d5Lx_5-UiHY--41,wrong_length,"In 2018, the number of banks had registered.",The first one is already marked. One.,16.713576881612862,False
BTqVQCBPUzg--18,wrong_length,Do all organisms reproduce through different kinds of food?,Help Yamini complete the table.,12.158003723379519,False
faZQNy4aErk--62,wrong_length,or sleeping at night. This is why they are unable to sleep at night.,This is to encourage foreign investors in India.,20.955404677062404,False
LvN9Dxq2iLY--88,wrong_length,"When we get irritated in our stomach,",will be there no more. Women's,14.121157214182473,False
HBQwzyxvkZA--256,wrong_length,The image has gone viral on social media as well.,The surroundings change and we see different kinds of adaptations.,14.087848061286593,False
xFEQrtosric--18,wrong_length,That's when the judge said that the government has filed a petition in the Supreme Court.,Arun Jaitley was the President of DDCA for 14 years.,15.011267615780149,False
KmW8f1GVTYY--40,wrong_length,"To avoid this, we will have to wait for updates. We will have to wait and watch what happens.","India too has taken a loan. It is similar to how we take loans for buying a house, mobile or vehicle.",15.931394483309186,False
nXA9Qpj2z7E--6,wrong_length,This is why he wasn't responsible for the security.,in exchange of the civilians in the aircraft.,14.216249021246941,False
kytITkHoyls--7,wrong_length,She has four times more. She has scored 3 centuries.,At around 4.00am the battery exploded. Shabbir was grievously injured while his grandmother sustained minor injuries.,12.674447262219871,False
ef52bca1a454-6,wrong_length,"Come, let's move onto our own, nose, sinusitis, etc.","Granny, Granny, please comb my hair.",9.966306125431945,False
iwYL-ivQm6o--19,wrong_length,"The woman's husband, Isabell and the police are now investigating the matter.",after the Pulwama attack this was the first attack of this kind.,17.20245999611658,False
9b0136913690-41,wrong_length,"Out of the 77 Walkhede, the government said that,",He then began narrating another story which lasted half an hour.,14.046412957750384,False
K4eNr2k2Lls--1,wrong_length,"And on the tree, there is a picture of a tree.",It was formerly known as Deaf Cricket Society (DCS) but was renamed to IDCA.,9.858428641234712,False
pMbMjjSj1fM--28,wrong_length,The National Innovation of Union Transportation (NRI) has been formed by the Tamil Nadu.,through the representatives of the villages.,16.37992943585421,False
MYGqMojGwBE--161,wrong_length,What are the two girls doing?,"but when you cut it into small pieces, how much time does it take?",8.512862854892392,False
mXq8axygjdE--32,wrong_length,In what ways do we think?,"Suddenly, he heard a voice cry out. Quick, hurry up!",5.208333333333333,False
4vfboqjtAXo_d,wrong_length,"When the police checked the body, they found that she was missing.","a liking for, an enjoyment of, or a habit of doing something.",14.171556574760794,False
HBQwzyxvkZA--261,wrong_length,"I don’t want to learn your favourite food, buttermilk chutney, butter,",Look at the picture of a lion and that of a deer. Figure 9.8,14.847182347256357,False
CAzt5cxtSjQ--23,wrong_length,Do you think it is the world's best boundaries?,Karnataka High court has decided to ban hijab.,12.01079622132254,False
d5Lx_5-UiHY--51,wrong_length,He was taken to the hospital in 2018.,352 children from a school went on a camping trip.,13.478479772271731,False
klepEQSaeIk--9,wrong_length,She couldn't cry.,The 2 doses of the vaccine reduces the severity of the infection.,5.066563651491738,False
48couwymlMM--10,wrong_length,She always remembered that Galwan Valley’s Galwan Valley,The Doctor's name was Sanduk Ruit.,10.669265312635346,False
K4eNr2k2Lls--0,wrong_length,Please come to me. I can't see you. I can't talk to me.,IDCA is the Indian Deaf Cricket Association.,10.290150390472391,False
zu_bd3r2GIA--16,wrong_length,What are the other animals that live in the soil?,"He believes that earlier he looked old, but then after drinking urine, he looked younger.",13.109240614336755,False
ef52bca1a454-76,wrong_length,They checked the bag and found the woman.,Call out the picture and write his name.,13.69652918008246,False
ixXF2UGOyoU--2,wrong_length,Do all organisms reproduce through different kinds of food?,Some members may be removed and a new person will be appointed.,12.296437012427585,False
o44YnPMhwPU--37,wrong_length,"He said, I can't eat it. I can't eat it.",Her mother said that the MLA was responsible for everything that happened to her family.,8.46597405391048,True
CRJSZ2e7BU0--12,wrong_length,and regulations such as Rashtrapati Bhavan and his other team is very close to each other.,"Along with his mother, Abhijeet reached Delhi and so did CM Sarma.",20.284448005906288,False
91GVHgxW8RA--2,wrong_length,Do you see any change in the sun?,Shocking! Let me tell you.,13.36235590354214,False
gXa0qcoWrsQ--7,wrong_length,The perimeter of square meters has the perimeter.,"Whenever the metal detector went past his hips, it started beeping loudly.",16.320475739483765,False
m3Mmtpr-jjA--42,wrong_length,Jeff Bezos's statue of J&K had been revoked as well.,She said what about the various journalists that have attacked the BJP and have been arrested.,11.440399843914326,False
lcBujGRLwE0--29,wrong_length,He passed away at the age of 15 and has been relieved to Jainism.,"Therefore, after returning from China, President Muizzu asked India to withdraw all military troops from Maldives by 15th March 2024.",11.185897442906908,False
MYGqMojGwBE--205,wrong_length,"In the end, he was killed by two terrorists.","By giving this break, you'll be able to find out that your body had no need for it",11.314690503887336,False
d5Lx_5-UiHY--22,wrong_length,The AIAF is also a part of the Indian Intelligence (AIF).,A tank is full of 300 litres of water. How much water will be filled into?,11.831530208678494,False
9b0136913690-89,wrong_length,There are many different kinds of food.,But the Barber did not hurry.,12.378150261531147,False
8E-llRXuhl0--5,wrong_length,The council of the corporate.,"MSRTC has 4,500 women conductors, but it does not have women bus drivers.",7.768254906467891,False
iGdg-iGlUFg--11,wrong_length,How much is the temperature of the plant?,"The 35-year-old has played tests matches, ODI and T20 matches",11.443906438521415,False
jMdxYlvrkbk--9,wrong_length,A group of military personnel will be sent to the military base in the Army.,Earlier there was no bar on the age of a cricketer to play any form of international cricket.,16.485529167968103,False
vbq8QbOwOt4--15,wrong_length,This is not true. India is known as the world.,This is why people decide not to have children.,20.84817119729404,False
m3Mmtpr-jjA--8,wrong_length,What are you going to do?,but his wife tore the papers.,7.967031990731856,False
o44YnPMhwPU--11,wrong_length,MS Dhoni was also part of the team to play a play against each other.,Her father then died while still in jail.,16.79474532742297,False
o9DARfrZg2o--12,wrong_length,and then there are two types of cars which are dangerous.,But still children are malnourished.,15.869292644256843,False
rYcw__0tDhw--9,wrong_length,ISH News had released a video about the war between India and China and the USA.,in 10 Chinese provinces. They were tested in veterinary hospitals.,16.036883054965145,False
eabe1f38221a-51,wrong_length,He is the only CM of Haryana.,Refer to the poem and understand.,11.872782786111726,False
HBQwzyxvkZA--116,wrong_length,The Agnipath scheme has now been implemented to curb the Indian Embassy in India.,plants that live on the earth.,16.04213835536599,False
LvN9Dxq2iLY--139,wrong_length,He is the CM of Haryana.,to set up the factory.,14.009052385861173,False
8w6k4jEJJlU--19,wrong_length,He is not responsible for any promotion of the problems.,Mr AS Narayanan said that there are very few interpreters and many do not know sign language.,11.80794070672937,False
Kq5HfchSWv8--7,wrong_length,and two of them have been deployed.,This year the voter turnout had decreased.,14.610362091588113,False
NDYHcIF50eE--2,wrong_length,Look at the pictures and fill in the blanks.,In 2021 there were several bizarre food preparations.,12.98535981035182,False
809a3a5e02d1-65,wrong_length,"If they want to reduce the prices, it will increase.",What kind of girl was she?,13.887410183430452,False
AVb1VABiJJ8--18,wrong_length,"A few months back, a 28 year old man named Anjula",China had banned international Apps in China long back.,14.468345797358761,True
HBQwzyxvkZA--265,wrong_length,"Looking at the video, the man's face was extremely grateful to his face.",Do the features of a line help it in any way to survive?,17.770383729864562,False
ijrjSBx7WTc--59,wrong_length,The incident occurred on 26th February 2024.,The baby was fast asleep.,9.711817615003222,False
IjeHLt1vNoM--13,wrong_length,"Similarly in India, there is a very bad situation for Kashmiri Pandits.",However remember only pet dogs and cats will be allowed and they must be vaccinated.,14.786699155787863,False
BTqVQCBPUzg--122,wrong_length,Some even waited for a long time.,and column 2 is about number of children. Column 1 things are...,8.739259611306988,False
NaXDBBT5pkw--25,wrong_length,"We have a giraffe, a giraffe, and a giraffe.",In India more than 40 lakh people are employed in the IT Industry and India is the largest export business.,6.03067839210799,False
4DhGy83DK_s--8,wrong_length,"A video has gone viral on social media and said,",Then they killed an apple trader,10.850868890646407,False
zu_bd3r2GIA--29,wrong_length,The word is refrained by the regulation.,drinking your own urine can actually speed up the dehydration,16.75255522157813,False
xFEQrtosric--19,wrong_length,They said that they will not be able to join the strike as well.,Jaitley was a politician as well as an avid cricket follower.,20.251794134243276,True
rYcw__0tDhw--11,wrong_length,but you don't wear loose clothes and talk to them.,"They were used to study flu,",15.83575796752639,False
DP1ly_MsHHQ--25,wrong_length,Have you ever seen an absorbed copper?,"while the UP government brought down 11,000 loudspeakers then why not Maharashtra government.",8.701345459667076,False
myIXH3PjvoI--106,wrong_length,There's a picture of a boy standing on the ground.,Two sides of a shape are drawn here.,18.864370096124684,False
KI0avgGkWiU--25,wrong_length,She was admitted to the hospital for 70 months.,They thanked Dhoni for the free publicity.,15.6632588018171,False
-hZpPIT6N4U_d,wrong_length,"She said, “If we don’t know, we don’t want to focus on our mental health.","to think carefully, especially about possibilities and opinions",13.309335112136319,False
myIXH3PjvoI--102,wrong_length,Dhoni has a lot of love and made him very well. He loves many things.,Complete the shape so that it's area is,13.73803495016404,False
MYGqMojGwBE--46,wrong_length,"Out of these 12 people,",and the ingredients should only be added when the fire is burning properly,6.278359982219393,False
3vCea9zWFek--10,wrong_length,He went to a small room in the village in a hostel.,Here are some of the rules that have to be followed:,14.922897290787887,False
MYGqMojGwBE--172,wrong_length,This was the reason for his depression.,"And when I remember it, my meal is over already!",12.013276584331397,False
d5Lx_5-UiHY--100,wrong_length,Fill in the blanks with the words in the box.,"is equal to 614. Before telling his father,",15.017966782672667,False
iwYL-ivQm6o--5,wrong_length,in April 2019.,The police then fired and a gunfire ensued.,3.7393162393162394,False
Xmm9ZyMy12g--19,wrong_length,This is why they decided to ban cryptocurrency and infrastructure.,The Indian Navy currently have 4 German Submarines and 9 Russian Submarines.,16.764759761893412,False
hgaKby5Mha4--15,wrong_length,He was a gruesome man.,Rakhi and Adil had dated for 3 months before getting married in July 2022.,5.419560845769447,False
MnCcM6PZrug--9,wrong_length,"However, Mohammed Shami has not followed the law.",The offer valid only for 1 day - 16th September 2022,11.546651180797522,False
bqE5C2tmc9c--9,wrong_length,"In the end, the turtles were very touched by Indian Citizenship Amendment Act (NSA).","The government is also planning to launch new Rs1, Rs 2, Rs 5 and Rs 10 coins.",13.14982534333492,False
OEM3CR-HYmk--0,wrong_length,The India vs Sri Lanka match match was held yesterday.,"‘Manual Scavenging’ is a term mainly used in India,",17.15788496820839,True
faZQNy4aErk--82,wrong_length,Queen Elizabeth's mother is a well known model.,"Under the 'Khelo India' programme, they will develop the National Sports Education Board.",10.331981750579592,False
C-cgPb_N2dY--0,wrong_length,"before the shoot, the man removed the mask and appropriate documents.",A team of 105 healthcare professionals from India landed in Abu Dhabi on 19th May,14.59351812354028,False
AVb1VABiJJ8--10,wrong_length,This is why the IAF has asked the world to change the world and infectious world.,"Since such Apps affect the Defence of India, the government needs to take urgent action.",16.468102860859627,False
Lt5GAA6MIuM--1,wrong_length,During the lockdown many were suffering due to the lockdown.,It said that workers in Indian factories supplying goods to famous chains such as,13.464710983293859,False
gp0w_zrLgfw--10,wrong_length,It's a very difficult situation.,1. Russia has demanded that Ukraine must never join NATO.,9.144250775307047,False
eBj_HUu0CNw--29,wrong_length,This is why he was surrounded by the CM.,He said that he will take full responsibility for this.,12.842587703102856,False
QiJgNpX3zN0--11,wrong_length,"Out of these, 40, 40 were injured.",They protested and demanded that the oil packets be replaced with new oil packets.,6.899335872720297,False
faZQNy4aErk--32,wrong_length,The cops suspected the CCTV footage.,2. You all know that you get 1.5 lakh benefits on Investments.,8.171458936057153,False
aDwdB7xHAOE--10,wrong_length,The reason for the deaths have been nominated.,The Mumbai & Delhi police have now registered FIRs against the insulting App.,15.736990239281704,False
YsuSHJ3klEs--7,wrong_length,People whose signals are lumping on the 6 wheels of the mobile torch as well.,against the father of the bride under the Kerala Epidemic Diseases Ordinance 2020.,15.91969092702559,False
MYGqMojGwBE--217,wrong_length,There was a man named Nehru Freedom.,"When you get back to work right after eating your food,",8.779075819949309,False
8DmlFztO2XM--0,wrong_length,Can you think of ways to do it?,"The IMD, which is a weather surveillance organisation has informed that,",6.763201750901368,False
gp0w_zrLgfw--20,wrong_length,There is no negligence on people who are unsafe due to lack of conflicts.,The fourth demand of Russia on the list is that Ukraine stops all military action and demilitarise the area.,13.145569948092598,False
MYGqMojGwBE--258,wrong_length,Complete this table according to your observation.,"When you serve food, don't mix more than 2-3 foods",16.22653368942045,False
40BjLI5XtJE--10,wrong_length,The Pulwama attack has been captured by cars and cars.,"Once a license is cancelled, drivers can appeal in a court but it is not an easy process.",12.311874847266813,False
fulQKWknVhw--12,wrong_length,Russia and the Ukraine government have decided to stop its military.,after which Elizabeth at the age of 27 was crowned as the Queen of UK on 2nd June 1953.,13.280668341937504,False
myIXH3PjvoI--122,wrong_length,Earlier this was the President of the President of the BJP.,Here is a rectangle of area 20 square centimeters.,14.299926640726532,False
jMdxYlvrkbk--7,wrong_length,"According to the Central Motor Vehicles Act,",All details about the player's exceptional qualities must be presented before the ICC.,9.523034713626114,False
-X_zmve1y00--14,wrong_length,"three states, union territories, J&K and many other states.",The tree ambulance will help a tree in a bad conditionand help it to grow again.,13.204568981326872,False
sktRu3sp97g--15,wrong_length,"In his speech PM Modi said that, ""India is India's economic growth in India.",The women of the village are working hard to contain the spread of COVID-19.,13.018573079387464,False
7byz3fdI-Ss--16,wrong_length,This is why the complaint was filed.,Now lets see what happens.,14.924310729369333,False
809a3a5e02d1-119,wrong_length,This is why she did not give any signature to work.,Now your friend will ask you the same questions.,13.71332122278018,False
Rc99bcSdhak--14,wrong_length,Perhaps the people living in different parts of the world.,She was treated like an animal.,14.291626458220499,False
v0g35qCOCwU--0,wrong_length,The woman's life wasn't due to the lack of coordination and she wanted to go to the hospital.,These days many couples propose in creative ways such as by giving flowers to each other.,17.804713946153257,False
N6jpL7uibFI_e2,wrong_length,Trump has said that he is working very hard to set up a lot of appreciation for the USA.,"After her trip to Venezuela, she felt inspired to learn Spanish.",16.686362045983298,False
MYGqMojGwBE--282,wrong_length,"Rakesh Jhunjhunwala, Equality and Mandir.","If you found this video useful, share it with all your friends and family",10.278653976421436,False
mjvqIq_fvRY--10,wrong_length,There are many areas where the flowers seems to be unconscious.,Pooja said she wanted to apply for a learner's license but could not due to financial difficulties.,12.386172281007923,False
lZarpnV0alw--12,wrong_length,The company said that this was not possible to make the 3rd official announcement regarding the DCGI.,All her clothes were hand-me-downs.,14.870999154073376,False
mXq8axygjdE--28,wrong_length,You all must be aware about this. Now you all have to wait for updates on this. You all can watch it on this link.,He saw a deer and rode after it. It ran deep into the forest followed by the king. Soon the king lost his way.,18.174116868654263,False
IjeHLt1vNoM--3,wrong_length,A lockdown can be used to make ends meet.,People consider pets their family but flights do not allow pets onboard.,9.955476330935795,False
6_yO8Lc8Hd4--16,wrong_length,I'll tell you. I'll tell you.,"If it is good, only then it can be served. They must do this regularly.",5.965800921268693,False
HBQwzyxvkZA--237,wrong_length,"When you eat these foods, it's very easy to make our food",This helps the rain water and snow to slide off easily.,15.235559544989727,False
CRJSZ2e7BU0--8,wrong_length,This is not true. He resigned from his school in his school in the village of Shanti Nagaland.,"The CM politely listened and after Abhijeet left, he wrote a letter to Prime Minister's Office.",14.760677409748254,False
K4eNr2k2Lls--19,wrong_length,and make sure they do not touch each other. They make sure they do not touch each other.,was held between 9th to 12th February 2020 in Hyderabad.,12.270867825105737,False
U5Tq9r7saZU--19,wrong_length,Then we'll move onto our 4th step - our immunity -,The trust were shocked that they were blacklisted without a discussion.,11.21901566625645,False
uYaUCNl1j10--3,wrong_length,"He said, He is very good. He is very strong. He is starving at the back of the giraffe.","The Sports Authority of India (SAI) tweeted, ""Congratulations, Team India won a total of 9 medals.""",10.727947957103513,False
3gKelnCwuj8--0,wrong_length,KK Shailaja was a retired court in Sri Lanka.,"Today, the Supreme Court's CJI Ranjan Gogoi,",12.504842958402957,False
ZVE_KjrY_po--22,wrong_length,On the left side of the page we see a picture of three lines.,"For example look at film stars, cricketers, sportspersons, businessmen, etc.",12.46307766996849,False
i4j5Bj2NL1c--11,wrong_length,"Now in India, there is a very generousity of Kashmiri Pandits who are very happy with India.","If you have used up your 15 GB free storage across Gmail, Google Drive and Google Photos",14.483839842626637,False
9b0136913690-57,wrong_length,Doctors said that he is very upset and will never be able to hear the cost.,Finish shaving at once! The Sultana exclaimed.,14.861290572152502,False
wwpptVjgAws--10,wrong_length,The man said that he is very happy to get married and have a lot of money.,he also teaches then to lightly place glasses on the table and other manners. The Deaf team has grown thanks to him.,14.530308466038658,False
gp0w_zrLgfw--13,wrong_length,They were part of the 'Ankesh Kutch Express' and a specialist sanitary napkins.,Zelensky said that the decision should be left on people to decide whether they want to be with Russia and Ukraine.,15.549853700561389,False
HBQwzyxvkZA--129,wrong_length,"Now, I'll tell you...",Several kinds of plants and animals live in the same habitat.,3.003003003003003,False
fqJW-F3WIYc--0,wrong_length,"Yesterday on 8th December 2021, Vicky Kaushal and Katrina Kaif attended the wedding.","ISH News has constantly been releasing about cyclones, heatwaves, pollution, etc.",14.101823211410808,False
l9bZYazJQ1w--7,wrong_topic,It's very difficult to integrate the number of children.,"On reaching home, his wife was shocked and he told her the whole tale.",13.972875519461844,False
9b0136913690-114,wrong_topic,Can you think of some of the things you have seen before?,Why did the barber take so long to shave the sultan? 5,18.558066067733243,False
ZMsnY_khlNQ--12,wrong_topic,"2,29 and 4.","When she confronted the man, he said he had sent her a wrong QR code",1.8603810147656865,False
809a3a5e02d1-67,wrong_topic,"However, Rooney's life was not at all satisfied.",Who agreed to help Hellen? Four.,11.224556770447244,False
DP1ly_MsHHQ--36,wrong_topic,I'm going to play with me.,Raut said that Mumbai has always been a part of Maharashtra and will remain so.,6.551268650931578,False
dPuKX_lM4Zc--118,wrong_topic,Here you can see a picture of a describing a describing a crown in a box.,The second column tells us how they will look on one third term and the third column is about how they will look on one sixth turn.,10.317340158559137,False
wwpptVjgAws--20,wrong_topic,"Based on the banks of Hyderabad, Chhattisgarh and Vadodara were kept in the car by the food.",Another cafe in Delhi ‘Echoes Cafe’ is also run by the Deaf! It has a branch in Hyderabad and a total of 35 deaf people work there.,22.230862018980282,True
48couwymlMM--18,wrong_topic,The daughters were familiar with the baby.,"When Roshan touched his face, the doctor started crying and became very emotional.",11.663080392909958,False
809a3a5e02d1-108,wrong_topic,Fill in the blanks with the correct answer.,blank space has been provided for your answers.,23.793549816190108,False
4DhGy83DK_s--30,wrong_topic,Now you can talk to you.,The MPs must talk and interview the local Kashmiris.,9.124273211820386,True
rZG7T9ujMEo--0,wrong_topic,This is because it does not contain any virus to spread through the virus.,"In 2022, ordering food at home through apps like Zomato and Swiggy has become a regular practice for almost everyone.",16.339163046079804,True
7byz3fdI-Ss--0,wrong_topic,There were many people who lived in Iran.,Jack Ma was born and raised in a very poor family.,14.34888117810256,False
eabe1f38221a-18,wrong_topic,"According to him, a 20-year-old man was a woman who was a woman.","to bow and help her on her way? But no, I'm ashamed to say that when a lady frog comes by.",13.102231901852138,False
0kldzhToGLc--6,wrong_topic,"Naga Chaitanya's wife also said, ""It is a law in the state of Assam.","and if he wins the future elections in scotland, he will make Gay marriage illegal.",14.168444558153167,False
pMbMjjSj1fM--17,wrong_topic,"However, when the lockdown was lifted, they were unable to postpone the lockdown.","due to strict lockdown rules imposed by the Kerala police, no one was allowed outside.",24.846116793823374,True
MYGqMojGwBE--267,wrong_topic,and this is why Hydroxychloroquine,just for you! Just to give you all the nutrition you need!,9.583513612776287,False
C-cgPb_N2dY--9,wrong_topic,The BJP said that the Bank of Baroda will decide on the banks of India.,"The Indian Embassy in UAE,",17.80554025031941,False
ef52bca1a454-22,wrong_topic,You must be loved by everyone.,Does the little girl love her granny?,13.123223991833854,False
fulQKWknVhw--7,wrong_topic,"I don't want to share this video with you. If you want, you will be able to share it with your body",Let me now tell you about Queen Elizabeth II's life.,16.102728426045807,False
ijrjSBx7WTc--84,wrong_topic,On the left side of the page we see a picture of a boy standing on a floor map.,How would you look after it?,12.63963408448385,False
oAhfJ8yB1j0--10,wrong_topic,"One day he was going to school, but he was very close to my friends.",and for his moral values.,13.934538482607506,False
Zc2bgIDZ-Ks--72,wrong_topic,Have you ever heard of a physician?,But an old blanket was all that came out.,8.314755444816768,False
mjvqIq_fvRY--11,wrong_topic,They decided to sleep with them.,Pooja spoke about the hardships she faced including opposition from her family.,8.67809345418401,False
IoifXQnhN4E--4,wrong_topic,How many years are the things that come from the sun?,During interrogation he confessed that he had submitted an application to the bank to secure a loan.,12.83884020534855,False
HBQwzyxvkZA--276,wrong_topic,It can be used for 2 reasons for the RT-PCR test.,The speed of the deer helps them to run away from the predators.,12.553150686490602,False
o44YnPMhwPU--12,wrong_topic,He was caught by the Delhi Police.,The MLA's brother then had the girl's uncle arrested.,9.655406986015949,False
myIXH3PjvoI--76,wrong_topic,"So, there's a picture of a triangle.",So the area of my shape is 10 square centimeters.,15.470116697590216,False
faZQNy4aErk--15,wrong_topic,Rosssengers is an amazing player.,If a person did not have PAN card he could not file returns. That is not the case now.,8.35284629025215,False
Rc99bcSdhak--0,wrong_topic,What is the second bird doing?,Many of you say that India is not a safe country as there are a lot of rapes.,10.506394656978976,False
0kldzhToGLc--2,wrong_topic,and focused on the COVID-19 pandemic. This is why there is no need to discuss the situation.,the COVID-19 pandemic was caused due to same sex marriages.,40.97371502664705,True
5n_IGU5rYYk--30,wrong_topic,Do you look at your house?,She wrote a short note in his passport and told him to walk to Slovakia.,5.283417578484713,False
myIXH3PjvoI--89,wrong_topic,Below this we see a picture of a boy standing on the ground.,"If you draw like this, the area is still 10 square centimeters. Questions.",14.742270068149988,False
S9ymb66ZqqY--9,wrong_topic,Write the story in the story.,to get dry fruits from other countries. As the festival season like Navratri and Diwali is soon approaching,8.741114067657021,False
dPuKX_lM4Zc--54,wrong_topic,which is why you don't want to improve,Pass the pin through the holes and fix it in the stick.,10.516832801977113,False
oPITLi0VKh8--10,wrong_topic,The father was then arrested by the police.,"Mufti was arrested under the Public Safety Act,",27.278096956242297,True
17OIKvJmrK8--4,wrong_topic,"In the next two years, India has grown a lot of deteriorates in Mumbai.",Delhi Airport has said that they have two cargo terminals,20.858581294355403,True
yb7efY9x78U--12,wrong_topic,Complete this time every day.,"These 500 rupees notes were worth ₹88,032.5 crores are missing.",7.6438832180351195,False
zu_bd3r2GIA--9,wrong_topic,"For years, the police have been called for a long time.",Harry had a lot of health problems since long.,22.676613373753714,True
eabe1f38221a-5,wrong_topic,The table is divided into 10 columns.,"When you have a holiday from school, what do you do? Would you behave a little like the frog in the following poem?",7.054112674492116,False
QiGhWfjM2FI--31,wrong_topic,The NEET company announced that they will be produced by VAB.,Finally Ajay’s bodyguards were able to move the man away and the car sped off.,14.467895758882648,False
fvHtYcL913U--3,wrong_topic,"Luckily, India is the world's largest producer of Maldives.",This account has over 2.5 million followers.,14.430032914196156,False
sktRu3sp97g--4,wrong_topic,The Mumbai Police are currently investigating the matter.,It is not the local police or village panchayat who are responsible for this.,17.041026138094892,True
BTqVQCBPUzg--97,wrong_topic,I can't wait for you to come to school.,Column 2 says Number of Children.,9.345124703367123,False
hYNyIXYmoYs--17,wrong_topic,Here are some some reasons why the price hike are Rs. 40 lakhs.,"increase in tax, property, house rates will make real estate even more difficult to sell or purchase.",13.72108880728079,False
3Pk2c_Z4ahk--1,wrong_topic,"After the flight landed in India, it was very easy for him.",for meetings and future plans.,17.772153087778484,False
9xc24mAlprE--1,wrong_topic,There were a few men on the spot.,"and Mansukh Hiren’s death came out,",10.945959247957477,False
ZMsnY_khlNQ--7,wrong_topic,They had a total of Rs. 370 crore.,The deal was then fixed and the man transferred a small amount of money into her account,7.979421848473432,False
fulQKWknVhw--42,wrong_topic,Let me tell you about these 3 points.,do you think that we should mourn Queen's death? Let us know in the comments.,14.3520257888495,True
W4YzurwHpfw--6,wrong_topic,The car was not at all comfortable with the car.,"During the gunfight, two terrorists tried to escape.",11.867598469197304,False
glNqZ8w4iy8--9,wrong_topic,They were very shocked to see that they were testing on doctors.,it is very difficult to speak to people because of the loud music. No matter how loud you speak it is difficult.,12.458520290877122,False
o44YnPMhwPU--25,wrong_topic,Rains are written down in a few days.,They were in the car when suddenly a truck rammed into their vehicle.,10.051262708566364,False
UBnqDwRds3A--2,wrong_topic,The President then went to the UP CM Yogi Adityanath in Uttar Pradesh.,The police took Raj Kundra to his Juhu residence.,20.7963857681263,False
wmTrG799MAo--19,wrong_topic,"He said, 'There is nothing to do with this and we are love you.",Biden said that Trump does not know how to treat allies,20.51096911854924,True
lPzmjeJmsXo--13,wrong_topic,This was because they were invovled in the Nirbhaya panel.,One groups of MLAs supported Gehlot while another supported Pilot.,11.487522276056236,False
ZCBew8Fv0qA--12,wrong_topic,What is the difference between them?,But why was the name changed? According to International rules,13.870764631602952,False
39at7Lxu6Yo--19,wrong_topic,"New Zealand, South Indian Embassy and Syria, Sydney and Sweets all over the world.",Many Investigating officers questioned Ratan Puri in the past about his alleged tax evasion & investigation is still going on.,12.129076035505568,False
EIwWHTO5rZw--8,wrong_topic,Pegashu is 29 years old and is married to Danushka.,The ABVP claimed that Members of left organizations tried to stop a Pooja from being organized.,12.570026636351761,False
MYGqMojGwBE--116,wrong_topic,We have a table with two columns.,"So the next time you see forks and spoons on the side of your plate,",7.223291773621806,False
BTqVQCBPUzg--47,wrong_topic,"After the death of the cops, the police got married for a year.",which other animals can be kept at home.,19.38628858888962,False
myIXH3PjvoI--93,wrong_topic,They asked him to give him a job.,Try some other ways yourself.,9.28658909981629,False
bU_v22EtHIU--1,wrong_topic,The 4th match was held in India as well.,Currently the currency used in El Salvador is the US Dollar.,10.83955978167334,False
uR-nzhB6D8g--2,wrong_topic,Many Deaf individuals gathered outside the Child Welfare of the Deaf.,The government has distributed food to them through the Ration systems.,14.37557823136216,False
OEM3CR-HYmk--15,wrong_topic,"Ashram, a little, a little, a little, a little, a little.",These are the best as it would go inside the manhole with the instructions given by the operator,7.818158138444067,False
uR-nzhB6D8g--3,wrong_topic,There were many people who lived in Iran.,Many NGOs have distributed food as well because feeding the poor is priority.,12.298041225582043,True
NaXDBBT5pkw--6,wrong_topic,A total of 3.1 lakh crore people have been deployed.,It is worth Rs 1.8 lakh crore,29.88531102931181,True
wefigjf46u4--2,wrong_topic,They will be able to apply for the Consumer Forum.,The family forced the doctors to test the Deaf man for COVID-19.,16.35698471200261,False
MYGqMojGwBE--30,wrong_topic,But the rat was so bad.,"And if it won't digest, then how will it come out of your body?",6.552990191030875,False
fYxijWb0b_s--9,wrong_topic,We have a table with three columns.,It is a virtual reality space where people can play games with each other.,12.30813717851243,False
Rc99bcSdhak--16,wrong_topic,She was in a huge shock as she was in a lot of pain.,"When she could not take the torture any more, she escaped.",12.337715276807762,False
_IyhoG9jXuM--15,wrong_topic,"1. For the first time, only two patients have been allowed to enter.",They were surprised at how she did not feel any pain. She was lucky to the have reach the hospital in time.,16.137395978982997,True
uYaUCNl1j10--12,wrong_topic,India has the world’s largest PM Modi.,SAI Twitter handle acknowledged the effort of the Indian team at this event.,12.294158250008806,False
o9DARfrZg2o--16,wrong_topic,A man from Gujarat was 10 years old.,The Gujarat government also said that the two institutes,16.69300939451117,True
MYGqMojGwBE--42,wrong_topic,"She said, ""Today I don't have a lot of money.",and keep throwing ingredients into it while casually something or the other?,8.188621189108824,False
ixXF2UGOyoU--5,wrong_topic,The flight took off from Delhi to Delhi.,have left them to join the BJP.,13.280317352848318,False
BESRE5mtipE--0,wrong_topic,Those above the age of 45 will be allowed to enter their homes.,"Many people love their pet cats, dogs, parrots, etc.",20.281498553492362,False
8DmlFztO2XM--2,wrong_topic,This is because many people are angry with the Global Warming.,"The IMD also alerted that parts of Puducherry and Andhra's Guntur,",12.725725677631546,False
jLwvQ4URDFY--1,wrong_topic,a 11-year-old boy was seen walking on a bridge in the building.,"Mumbai Police found a boat with 3 AK-47 rifles and bullets at Harihareshwar Beach in Raigad district, which is 190 km away from Mumbai.",9.688569394282661,False
5QMD024bDYs--15,wrong_topic,in which the law has to be followed by law and other women.,I want to tell the country that we are withdrawing the laws as I want peace.,19.162568548146407,False
jLwvQ4URDFY--31,wrong_topic,This is not true. He resigned from his school in his school in the last 10th June 2022.,Mumbai Police Commissioner Vivek Phansalkar said that three teams of the Crime Branch would be probing the matter.,13.508662821759849,False
aDwdB7xHAOE--1,wrong_topic,They killed two individuals who were Nitish Kumar and his ex-girlfriend Kannada.,"on 1 January 2022, woke up to see herself listed for an “online auction” of Muslim women on an App.",13.332203838286732,False
wSEeoT9BqE0--13,wrong_topic,This is the first time he made such a statement.,They thought it was better to buy a house.,14.3837603083538,False
d5Lx_5-UiHY--41,wrong_topic,There's a picture of Paheli and Mohini.,The first one is already marked. One.,14.437160848690848,False
BTqVQCBPUzg--18,wrong_topic,There are many types of materials that live in the soil.,Help Yamini complete the table.,14.720805309095612,False
faZQNy4aErk--62,wrong_topic,The pilgrimage is not like India. It is because of India's memorial.,This is to encourage foreign investors in India.,22.647318471873394,True
LvN9Dxq2iLY--88,wrong_topic,"Peelu said to her mother, blank,",will be there no more. Women's,16.055665357556965,False
HBQwzyxvkZA--256,wrong_topic,"If you do not refined to your body, then your body will change your lifestyle",The surroundings change and we see different kinds of adaptations.,18.56436023165607,True
xFEQrtosric--18,wrong_topic,She has been in the last 5 years.,Arun Jaitley was the President of DDCA for 14 years.,19.032779127272125,True
KmW8f1GVTYY--40,wrong_topic,"on 29th June, the Indian government banned the Apps.","India too has taken a loan. It is similar to how we take loans for buying a house, mobile or vehicle.",11.405015526122396,False
nXA9Qpj2z7E--6,wrong_topic,"After take off, take off the runway, the flight stopped working.",in exchange of the civilians in the aircraft.,17.21544430096677,False
kytITkHoyls--7,wrong_topic,What is your mother tongue?,At around 4.00am the battery exploded. Shabbir was grievously injured while his grandmother sustained minor injuries.,8.020985118683353,False
ef52bca1a454-6,wrong_topic,Sushma was the first person to get a physiotherapy.,"Granny, Granny, please comb my hair.",11.024269568889697,False
iwYL-ivQm6o--19,wrong_topic,The Pulwama attack has been captured by cars and cars.,after the Pulwama attack this was the first attack of this kind.,31.975964619971407,True
9b0136913690-41,wrong_topic,There are many ways in which you can see.,He then began narrating another story which lasted half an hour.,15.605631054438579,False
K4eNr2k2Lls--1,wrong_topic,The RBI aims to encourage the Deaf infrastructure of the Deaf and hearing.,It was formerly known as Deaf Cricket Society (DCS) but was renamed to IDCA.,14.135240978826696,True
pMbMjjSj1fM--28,wrong_topic,Subramanian protests were protesting against the CAA.,through the representatives of the villages.,19.60347890115551,False
MYGqMojGwBE--161,wrong_topic,"3. If a person has to wear a helmet,","but when you cut it into small pieces, how much time does it take?",8.362920490048554,False
mXq8axygjdE--32,wrong_topic,We have the picture of a boy.,"Suddenly, he heard a voice cry out. Quick, hurry up!",10.312718935342977,False
4vfboqjtAXo_d,wrong_topic,"to ask something that annoyed to be true, or uncomfortable.","a liking for, an enjoyment of, or a habit of doing something.",27.334850905106617,True
HBQwzyxvkZA--261,wrong_topic,We see the picture of a boy standing on a table with two columns.,Look at the picture of a lion and that of a deer. Figure 9.8,34.16138758104219,True
CAzt5cxtSjQ--23,wrong_topic,He said that he will not be allowed to join the JeM.,Karnataka High court has decided to ban hijab.,15.408267080840114,False
d5Lx_5-UiHY--51,wrong_topic,He studied at the MDSCD.,352 children from a school went on a camping trip.,4.528985507246377,False
klepEQSaeIk--9,wrong_topic,"For example, when people get discriminated, they are hoping to protect themselves from the virus.",The 2 doses of the vaccine reduces the severity of the infection.,20.21523357139665,False
48couwymlMM--10,wrong_topic,Her name was Amarjeet.,The Doctor's name was Sanduk Ruit.,21.69812348741135,True
K4eNr2k2Lls--0,wrong_topic,Abhinandan was part of the Indian government in 1975.,IDCA is the Indian Deaf Cricket Association.,24.640521874421392,True
zu_bd3r2GIA--16,wrong_topic,All those who have decided to decide their marriage.,"He believes that earlier he looked old, but then after drinking urine, he looked younger.",11.913165854568936,False
ef52bca1a454-76,wrong_topic,What are the things that you like?,Call out the picture and write his name.,13.660412293551897,False
ixXF2UGOyoU--2,wrong_topic,There's a lot of lights and trees.,Some members may be removed and a new person will be appointed.,8.889611238398672,False
o44YnPMhwPU--37,wrong_topic,"However, they were able to vaccinate the women's team.",Her mother said that the MLA was responsible for everything that happened to her family.,14.969330412448475,False
CRJSZ2e7BU0--12,wrong_topic,"and there are 2,040 mg of water which is 85 km from the side of the fifth.","Along with his mother, Abhijeet reached Delhi and so did CM Sarma.",18.440746909676886,False
91GVHgxW8RA--2,wrong_topic,Let me tell you what happened.,Shocking! Let me tell you.,49.0917185383288,True
gXa0qcoWrsQ--7,wrong_topic,Cristiano people surrounded the team.,"Whenever the metal detector went past his hips, it started beeping loudly.",12.056649714206296,False
m3Mmtpr-jjA--42,wrong_topic,After that in 2016 of the Traffic Police (PTA) has not been arrested.,She said what about the various journalists that have attacked the BJP and have been arrested.,23.277563076922046,True
lcBujGRLwE0--29,wrong_topic,"After the tournament, India will be held in February 2020 and the final will be held between February 2020.","Therefore, after returning from China, President Muizzu asked India to withdraw all military troops from Maldives by 15th March 2024.",17.68107563688212,True
MYGqMojGwBE--205,wrong_topic,and how many of us are there in a way.,"By giving this break, you'll be able to find out that your body had no need for it",8.974460497444927,False
d5Lx_5-UiHY--22,wrong_topic,There are two kinds of fishes in the area.,A tank is full of 300 litres of water. How much water will be filled into?,12.736373349861333,False
9b0136913690-89,wrong_topic,"Pick out the circle, you can see....",But the Barber did not hurry.,16.457315958116677,False
8E-llRXuhl0--5,wrong_topic,"5. In the LAC, there were three security personnel who were killed in the Taliban.","MSRTC has 4,500 women conductors, but it does not have women bus drivers.",12.329970837883435,False
iGdg-iGlUFg--11,wrong_topic,"They are trying to secure medals like cricket, cricket, cricket, football, etc.","The 35-year-old has played tests matches, ODI and T20 matches",10.606846633544134,False
jMdxYlvrkbk--9,wrong_topic,"They are trying to secure matches like cricket, football, cricket, football, etc.",Earlier there was no bar on the age of a cricketer to play any form of international cricket.,24.188893680336772,True
vbq8QbOwOt4--15,wrong_topic,"If a person wishes to refrain from the college, then they can file a complaint.",This is why people decide not to have children.,16.2927972976685,False
m3Mmtpr-jjA--8,wrong_topic,Let's write...,but his wife tore the papers.,8.483488851548628,False
o44YnPMhwPU--11,wrong_topic,"The Queen was the eldest son of King Charles III, who was 14 years old.",Her father then died while still in jail.,16.581948070231213,False
o9DARfrZg2o--12,wrong_topic,She was then taken to the hospital.,But still children are malnourished.,11.216339988161174,False
rYcw__0tDhw--9,wrong_topic,These are 59 Chinese apps that are protected by India.,in 10 Chinese provinces. They were tested in veterinary hospitals.,23.33494063611246,True
eabe1f38221a-51,wrong_topic,Do you want to go to school?,Refer to the poem and understand.,8.156910833002728,False
HBQwzyxvkZA--116,wrong_topic,"Similarly, a person who has not been able to die. They are not satisfied and are not satisfied.",plants that live on the earth.,15.57181602161817,False
LvN9Dxq2iLY--139,wrong_topic,"Peelu said to her mother, blank,",to set up the factory.,12.85554833884874,False
8w6k4jEJJlU--19,wrong_topic,She was unable to communicate with the family and did not know how to communicate with the Deaf.,Mr AS Narayanan said that there are very few interpreters and many do not know sign language.,18.94412104308295,True
Kq5HfchSWv8--7,wrong_topic,as they were unable to understand.,This year the voter turnout had decreased.,16.040225597309053,False
NDYHcIF50eE--2,wrong_topic,so that it can be fractured.,In 2021 there were several bizarre food preparations.,10.144793941181264,False
809a3a5e02d1-65,wrong_topic,Do all organisms reproduce in the soil?,What kind of girl was she?,12.884193248366477,False
AVb1VABiJJ8--18,wrong_topic,which of these can be folded along the dotted lines.,China had banned international Apps in China long back.,15.003856251645956,False
HBQwzyxvkZA--265,wrong_topic,"On the other hand, somewhere, there's a horse,",Do the features of a line help it in any way to survive?,12.922191549398232,False
ijrjSBx7WTc--59,wrong_topic,This is very good! I want to live a long life.,The baby was fast asleep.,11.866055736881744,False
IjeHLt1vNoM--13,wrong_topic,"Many people love watching cricket, cricket, cricket, etc.",However remember only pet dogs and cats will be allowed and they must be vaccinated.,11.150093551884991,False
BTqVQCBPUzg--122,wrong_topic,many Indians can visit the country every day.,and column 2 is about number of children. Column 1 things are...,12.047633330862496,False
NaXDBBT5pkw--25,wrong_topic,More than 24 lakh people have died in Assam's PDCL.,In India more than 40 lakh people are employed in the IT Industry and India is the largest export business.,20.959273401492098,True
4DhGy83DK_s--8,wrong_topic,"Now in the USA, there is a very beautiful and a woman named Jimmy Mandir.",Then they killed an apple trader,16.719492548836165,False
zu_bd3r2GIA--29,wrong_topic,"At the age of 20, she has a world record and has 54 years old.",drinking your own urine can actually speed up the dehydration,12.747453083183172,False
xFEQrtosric--19,wrong_topic,They were unaware about the situation. They were angry.,Jaitley was a politician as well as an avid cricket follower.,12.71123689098919,False
rYcw__0tDhw--11,wrong_topic,What are the things that you like?,"They were used to study flu,",10.50726655158973,False
DP1ly_MsHHQ--25,wrong_topic,They demanded that the government be brought back to foreign countries.,"while the UP government brought down 11,000 loudspeakers then why not Maharashtra government.",26.906187403803962,True
myIXH3PjvoI--106,wrong_topic,This is why they have filed a case in the High Court.,Two sides of a shape are drawn here.,14.32673915160469,False
KI0avgGkWiU--25,wrong_topic,They said they can't understand. They can't come to the National Maldives for Maldives.,They thanked Dhoni for the free publicity.,17.776094102616693,False
-hZpPIT6N4U_d,wrong_topic,"to look for someone or something, especially when you know or expressive","to think carefully, especially about possibilities and opinions",27.601998101150777,True
myIXH3PjvoI--102,wrong_topic,She has told the American American Americans to stop investing in the world and in J&K.,Complete the shape so that it's area is,15.08629498555505,False
MYGqMojGwBE--46,wrong_topic,There were so many food and water.,and the ingredients should only be added when the fire is burning properly,9.410346177778623,False
3vCea9zWFek--10,wrong_topic,"The government said that, only 500 people will get limited.",Here are some of the rules that have to be followed:,16.227750538710158,False
MYGqMojGwBE--172,wrong_topic,We see that animals live in water and respiration.,"And when I remember it, my meal is over already!",14.408478108153863,False
d5Lx_5-UiHY--100,wrong_topic,"However, the man was depressed.","is equal to 614. Before telling his father,",12.331909514824023,False
iwYL-ivQm6o--5,wrong_topic,The police have filed a case against him.,The police then fired and a gunfire ensued.,29.8312537045055,True
Xmm9ZyMy12g--19,wrong_topic,It is also used in Russia to spoil the same airlines.,The Indian Navy currently have 4 German Submarines and 9 Russian Submarines.,16.796260499148655,False
hgaKby5Mha4--15,wrong_topic,In India there are many Deaf couples who do not have to depend on their child.,Rakhi and Adil had dated for 3 months before getting married in July 2022.,16.657724067653824,False
MnCcM6PZrug--9,wrong_topic,"After that, whenever a lot of milk, it starts growing,",The offer valid only for 1 day - 16th September 2022,12.19415949105253,False
bqE5C2tmc9c--9,wrong_topic,3. The government will make sure the people of India will be united in the future.,"The government is also planning to launch new Rs1, Rs 2, Rs 5 and Rs 10 coins.",24.99567904181403,True
OEM3CR-HYmk--0,wrong_topic,They don't want people to go to the school as they are unaware about this.,"‘Manual Scavenging’ is a term mainly used in India,",9.714105332142713,False
faZQNy4aErk--82,wrong_topic,You all must be aware that the 'Taqa Transgender Park' was built in different parts of the country.,"Under the 'Khelo India' programme, they will develop the National Sports Education Board.",17.846999152338146,False
C-cgPb_N2dY--0,wrong_topic,It's very difficult to integrate the child's private occupition.,A team of 105 healthcare professionals from India landed in Abu Dhabi on 19th May,12.132954369484851,False
AVb1VABiJJ8--10,wrong_topic,He was part of India's 6% shareholders from the Tata Group.,"Since such Apps affect the Defence of India, the government needs to take urgent action.",14.943080742322786,False
Lt5GAA6MIuM--1,wrong_topic,"For the first time in India,",It said that workers in Indian factories supplying goods to famous chains such as,12.986808413236417,False
gp0w_zrLgfw--10,wrong_topic,"In the world, there are two countries like NEFT and the Russia-Ukraine war.",1. Russia has demanded that Ukraine must never join NATO.,26.784002573942985,True
eBj_HUu0CNw--29,wrong_topic,"The wolf says, I can't eat.",He said that he will take full responsibility for this.,8.960725488080163,False
QiJgNpX3zN0--11,wrong_topic,Adani Electronic Vodafone was hospitalised at the age of 68.,They protested and demanded that the oil packets be replaced with new oil packets.,15.682240130322478,False
faZQNy4aErk--32,wrong_topic,"In India, there are no proofs about the PM-China panchayat and Virendra.",2. You all know that you get 1.5 lakh benefits on Investments.,12.959846651831377,False
aDwdB7xHAOE--10,wrong_topic,"However, in India people are very angry with these insults to Hindus and Muslims.",The Mumbai & Delhi police have now registered FIRs against the insulting App.,21.858313839569053,False
YsuSHJ3klEs--7,wrong_topic,"Chief Minister Pramod Sawant said,",against the father of the bride under the Kerala Epidemic Diseases Ordinance 2020.,8.91068829369057,False
MYGqMojGwBE--217,wrong_topic,This is to be done for you.,"When you get back to work right after eating your food,",9.610439683009103,False
8DmlFztO2XM--0,wrong_topic,The Chhattisgarh's Conference (GCGI) is responsible for the attacks.,"The IMD, which is a weather surveillance organisation has informed that,",18.812601923288064,False
gp0w_zrLgfw--20,wrong_topic,On the right side of the page we see a picture of a square on this page.,The fourth demand of Russia on the list is that Ukraine stops all military action and demilitarise the area.,14.509082362095802,False
MYGqMojGwBE--258,wrong_topic,She always feels that she is a very bad person.,"When you serve food, don't mix more than 2-3 foods",11.222925904840007,False
40BjLI5XtJE--10,wrong_topic,had filed a petition in the Supreme Court regarding the Supreme Court.,"Once a license is cancelled, drivers can appeal in a court but it is not an easy process.",14.268545006436012,True
fulQKWknVhw--12,wrong_topic,"A 14-year-old girl, aged 14 and asked her to file a complaint with the Samajwadi.",after which Elizabeth at the age of 27 was crowned as the Queen of UK on 2nd June 1953.,13.677646081745648,False
myIXH3PjvoI--122,wrong_topic,Let me tell you what happened in Punjab and Rajasthan.,Here is a rectangle of area 20 square centimeters.,11.852300660485513,False
jMdxYlvrkbk--7,wrong_topic,"According to a report, the Indian Army received a lot of complaints from the Indian army.",All details about the player's exceptional qualities must be presented before the ICC.,15.177081383911407,False
-X_zmve1y00--14,wrong_topic,He was suffering from a heart attack because of his health and vulgar content.,The tree ambulance will help a tree in a bad conditionand help it to grow again.,16.48663258038258,False
sktRu3sp97g--15,wrong_topic,Trump said that he is very irritating against the government's intelligence motivation.,The women of the village are working hard to contain the spread of COVID-19.,17.90722510001263,False
7byz3fdI-Ss--16,wrong_topic,We will have to wait for further updates.,Now lets see what happens.,16.597972057742172,False
809a3a5e02d1-119,wrong_topic,This was because the police did not know what to do.,Now your friend will ask you the same questions.,13.677231013954735,False
Rc99bcSdhak--14,wrong_topic,The process of evaporation moves from place to place is called.,She was treated like an animal.,13.870433016067496,False
v0g35qCOCwU--0,wrong_topic,Do all organisms also dissolve in water?,These days many couples propose in creative ways such as by giving flowers to each other.,10.400343178944432,False
N6jpL7uibFI_e2,wrong_topic,He was a gruesome man.,"After her trip to Venezuela, she felt inspired to learn Spanish.",5.357497457118364,False
MYGqMojGwBE--282,wrong_topic,I'll come to you.,"If you found this video useful, share it with all your friends and family",4.95479102519416,False
mjvqIq_fvRY--10,wrong_topic,"In 2017, they were hiding in the year 2021 as well as Pakistan’s government.",Pooja said she wanted to apply for a learner's license but could not due to financial difficulties.,11.852288168654242,False
lZarpnV0alw--12,wrong_topic,Hydroxychloroquine should be fried.,All her clothes were hand-me-downs.,10.184949514523794,False
mXq8axygjdE--28,wrong_topic,We have a picture of some animals living in a jungle and a jute plant that has an aeroplane.,He saw a deer and rode after it. It ran deep into the forest followed by the king. Soon the king lost his way.,14.277378970256102,False
IjeHLt1vNoM--3,wrong_topic,19 people will not be allowed to purchase food at the same time.,People consider pets their family but flights do not allow pets onboard.,21.371957507018877,True
6_yO8Lc8Hd4--16,wrong_topic,She then told her health that she would not be able to kidnap her.,"If it is good, only then it can be served. They must do this regularly.",14.321839083580478,False
HBQwzyxvkZA--237,wrong_topic,There's a picture of a boy.,This helps the rain water and snow to slide off easily.,10.832121588486872,False
CRJSZ2e7BU0--8,wrong_topic,"During the period period period, there were no guests which were all over the country.","The CM politely listened and after Abhijeet left, he wrote a letter to Prime Minister's Office.",14.295527175256762,False
K4eNr2k2Lls--19,wrong_topic,It was held on 10th February in Mumbai.,was held between 9th to 12th February 2020 in Hyderabad.,33.57720466937864,True
U5Tq9r7saZU--19,wrong_topic,The help of the smaller fish is bigger.,The trust were shocked that they were blacklisted without a discussion.,11.25000133682706,False
uYaUCNl1j10--3,wrong_topic,"Now in India, there is a lot of discrimination between Ratan Tata and the CRPF jawaans.","The Sports Authority of India (SAI) tweeted, ""Congratulations, Team India won a total of 9 medals.""",20.609691553927664,True
3gKelnCwuj8--0,wrong_topic,The Central Government has now filed a case in the Supreme Court against the Central Government.,"Today, the Supreme Court's CJI Ranjan Gogoi,",34.338463213887074,True
ZVE_KjrY_po--22,wrong_topic,"Now, look at the bushes.","For example look at film stars, cricketers, sportspersons, businessmen, etc.",10.340673983007175,True
i4j5Bj2NL1c--11,wrong_topic,Visitors all the women who want to change their skills.,"If you have used up your 15 GB free storage across Gmail, Google Drive and Google Photos",9.768592428469598,False
9b0136913690-57,wrong_topic,One day he went to school. He was very close to my friends.,Finish shaving at once! The Sultana exclaimed.,11.714580870666364,False
wwpptVjgAws--10,wrong_topic,I want you to go to school and try to do something.,he also teaches then to lightly place glasses on the table and other manners. The Deaf team has grown thanks to him.,9.76296870630224,False
gp0w_zrLgfw--13,wrong_topic,She said that her mother and child are unhappy with the child.,Zelensky said that the decision should be left on people to decide whether they want to be with Russia and Ukraine.,18.991484996823512,True
HBQwzyxvkZA--129,wrong_topic,Give your mother tongue in your class.,Several kinds of plants and animals live in the same habitat.,10.701321497980882,False
fqJW-F3WIYc--0,wrong_topic,"Recently, a Chinese government official went viral on social media.","ISH News has constantly been releasing about cyclones, heatwaves, pollution, etc.",15.194864970723279,False
l9bZYazJQ1w--7,zero,"Inorder to avoid arrest, the man was in touch with him.","On reaching home, his wife was shocked and he told her the whole tale.",16.292833593148455,False
9b0136913690-114,zero,"Inorder to avoid arrest, the man was in touch with him.",Why did the barber take so long to shave the sultan? 5,16.649790699347093,False
ZMsnY_khlNQ--12,zero,This is the sign for the first time.,"When she confronted the man, he said he had sent her a wrong QR code",9.950016741549993,False
809a3a5e02d1-67,zero,"Inorder to avoid arrest, the man was in touch with him.",Who agreed to help Hellen? Four.,11.530015399813097,False
DP1ly_MsHHQ--36,zero,"Inorder to avoid arrest, the man was in touch with him.",Raut said that Mumbai has always been a part of Maharashtra and will remain so.,14.831847585991623,False
dPuKX_lM4Zc--118,zero,"Inorder to avoid arrest, the man was in touch with his parents.",The second column tells us how they will look on one third term and the third column is about how they will look on one sixth turn.,10.805800757750323,False
wwpptVjgAws--20,zero,Let us study the manner of movement.,Another cafe in Delhi ‘Echoes Cafe’ is also run by the Deaf! It has a branch in Hyderabad and a total of 35 deaf people work there.,6.138529384119037,False
48couwymlMM--18,zero,This is the sign for the first time.,"When Roshan touched his face, the doctor started crying and became very emotional.",10.324121127663117,False
809a3a5e02d1-108,zero,There is a lot of uncertainty institute.,blank space has been provided for your answers.,11.202479875536445,False
4DhGy83DK_s--30,zero,"Inorder to avoid arrest, the man was in touch with him.",The MPs must talk and interview the local Kashmiris.,16.31974830081906,False
rZG7T9ujMEo--0,zero,"Inorder to avoid this, the lecture of the red cross was designed in red colour.","In 2022, ordering food at home through apps like Zomato and Swiggy has become a regular practice for almost everyone.",16.126115773404408,False
7byz3fdI-Ss--0,zero,"Inorder to avoid arrest, the man was in touch with him.",Jack Ma was born and raised in a very poor family.,14.726136096685494,False
eabe1f38221a-18,zero,"Inorder to avoid arrest, the man was in touch with him.","to bow and help her on her way? But no, I'm ashamed to say that when a lady frog comes by.",12.864600670172871,False
0kldzhToGLc--6,zero,"Inorder to avoid arrest, the man was in touch with him.","and if he wins the future elections in scotland, he will make Gay marriage illegal.",13.569742814455196,False
pMbMjjSj1fM--17,zero,There is a lot of uncertainty institute.,"due to strict lockdown rules imposed by the Kerala police, no one was allowed outside.",10.91874699528767,False
MYGqMojGwBE--267,zero,There is a lot of uncertainty institute.,just for you! Just to give you all the nutrition you need!,13.958104128696139,False
C-cgPb_N2dY--9,zero,"Inorder to avoid arrest, the man has been called for a long time.","The Indian Embassy in UAE,",11.907590281794894,False
ef52bca1a454-22,zero,There is a lot of uncertainty institute.,Does the little girl love her granny?,13.834903695903765,False
fulQKWknVhw--7,zero,"Inorder to avoid arrest, the man was in touch with him.",Let me now tell you about Queen Elizabeth II's life.,10.011810758494237,False
ijrjSBx7WTc--84,zero,"Inorder to avoid arrest, the man was in touch with him.",How would you look after it?,10.40991979941913,False
oAhfJ8yB1j0--10,zero,"Inorder to avoid arrest, the man was in touch with him.",and for his moral values.,14.316423043852112,False
Zc2bgIDZ-Ks--72,zero,"Inorder to avoid arrest, the man has been called for a long time.",But an old blanket was all that came out.,16.35469698733282,False
mjvqIq_fvRY--11,zero,This is the sign for the first time.,Pooja spoke about the hardships she faced including opposition from her family.,10.581734260298678,False
IoifXQnhN4E--4,zero,"Inorder to avoid arrest, the man was in touch with him.",During interrogation he confessed that he had submitted an application to the bank to secure a loan.,12.528556100048368,False
HBQwzyxvkZA--276,zero,There is a lot of uncertainty institute.,The speed of the deer helps them to run away from the predators.,11.780993049419285,False
o44YnPMhwPU--12,zero,"Inorder to avoid arrest, the man was in touch with him.",The MLA's brother then had the girl's uncle arrested.,18.903981540822155,False
myIXH3PjvoI--76,zero,"Inorder to avoid arrest, the man was in touch with him.",So the area of my shape is 10 square centimeters.,14.319631993240195,False
faZQNy4aErk--15,zero,This is the sign for the first time.,If a person did not have PAN card he could not file returns. That is not the case now.,10.02315936797249,False
Rc99bcSdhak--0,zero,"Inorder to avoid arrest, the man was in touch with him.",Many of you say that India is not a safe country as there are a lot of rapes.,14.708853405965122,False
0kldzhToGLc--2,zero,"Inorder to avoid arrest, the man was in touch with him.",the COVID-19 pandemic was caused due to same sex marriages.,14.414174419157977,False
5n_IGU5rYYk--30,zero,There is a lot of uncertainty institute.,She wrote a short note in his passport and told him to walk to Slovakia.,12.296359954160687,False
myIXH3PjvoI--89,zero,"Inorder to avoid arrest, the man was in touch with him.","If you draw like this, the area is still 10 square centimeters. Questions.",15.18367228750113,False
S9ymb66ZqqY--9,zero,There is a lot of uncertainty institute.,to get dry fruits from other countries. As the festival season like Navratri and Diwali is soon approaching,9.984504434406675,False
dPuKX_lM4Zc--54,zero,This is the first time a person has come up with a,Pass the pin through the holes and fix it in the stick.,16.8166186057617,False
oPITLi0VKh8--10,zero,There is a lot of uncertainty institute.,"Mufti was arrested under the Public Safety Act,",15.60091460031752,False
17OIKvJmrK8--4,zero,"Inorder to avoid arrest, the man was in touch with his parents.",Delhi Airport has said that they have two cargo terminals,18.201429908747595,False
yb7efY9x78U--12,zero,"Inorder to avoid arrest, the man was in touch with him.","These 500 rupees notes were worth ₹88,032.5 crores are missing.",13.510244508256289,False
zu_bd3r2GIA--9,zero,There is a lot of uncertainty institute.,Harry had a lot of health problems since long.,19.351367626392257,True
eabe1f38221a-5,zero,"Inorder to avoid arrest, the man was in touch with his parents.","When you have a holiday from school, what do you do? Would you behave a little like the frog in the following poem?",11.643020002179659,False
QiGhWfjM2FI--31,zero,"Inorder to avoid arrest, the man was in touch with him.",Finally Ajay’s bodyguards were able to move the man away and the car sped off.,16.264636451709148,True
fvHtYcL913U--3,zero,"Inorder to avoid arrest, the man has been called for a long time.",This account has over 2.5 million followers.,15.142841651031326,False
sktRu3sp97g--4,zero,"Inorder to avoid arrest, the man was in touch with him.",It is not the local police or village panchayat who are responsible for this.,15.316224945109338,False
BTqVQCBPUzg--97,zero,There is a lot of uncertainty institute.,Column 2 says Number of Children.,13.208829777592529,False
hYNyIXYmoYs--17,zero,"Inorder to avoid this, the lectures of the movie was in love with a new terrible telecast.","increase in tax, property, house rates will make real estate even more difficult to sell or purchase.",16.76358391794667,False
3Pk2c_Z4ahk--1,zero,There is a lot of uncertainty institute.,for meetings and future plans.,17.693749363385734,False
9xc24mAlprE--1,zero,There is a lot of uncertainty institute.,"and Mansukh Hiren’s death came out,",11.959241699174662,False
ZMsnY_khlNQ--7,zero,"Inorder to avoid arrest, the man was in touch with him.",The deal was then fixed and the man transferred a small amount of money into her account,18.252216529048802,True
fulQKWknVhw--42,zero,There is a lot of uncertainty institute.,do you think that we should mourn Queen's death? Let us know in the comments.,10.531225366392968,False
W4YzurwHpfw--6,zero,"Inorder to make ISL official, they are able to communicate with each other.","During the gunfight, two terrorists tried to escape.",15.869034710709693,False
glNqZ8w4iy8--9,zero,"Inorder to avoid arrest, the man was in touch with him.",it is very difficult to speak to people because of the loud music. No matter how loud you speak it is difficult.,9.19653293264464,False
o44YnPMhwPU--25,zero,"Inorder to avoid arrest, the man was in touch with him.",They were in the car when suddenly a truck rammed into their vehicle.,16.29919774573153,False
UBnqDwRds3A--2,zero,"Inorder to avoid arrest, the man was in touch with him.",The police took Raj Kundra to his Juhu residence.,15.259508783018102,False
wmTrG799MAo--19,zero,"Inorder to avoid arrest, the man has been called for a long time.",Biden said that Trump does not know how to treat allies,16.554397468105865,False
lPzmjeJmsXo--13,zero,"Inorder to avoid this, the lectures of the movie was in love with a new terrible telecast.",One groups of MLAs supported Gehlot while another supported Pilot.,16.649533346538348,False
ZCBew8Fv0qA--12,zero,"Inorder to avoid arrest, the man was in touch with him.",But why was the name changed? According to International rules,17.645625767204038,False
39at7Lxu6Yo--19,zero,"Inorder to avoid this, the lectures of the movie was in love with a new terrible telecast.",Many Investigating officers questioned Ratan Puri in the past about his alleged tax evasion & investigation is still going on.,14.666972190592043,False
EIwWHTO5rZw--8,zero,"Inorder to avoid arrest, the man was in touch with him.",The ABVP claimed that Members of left organizations tried to stop a Pooja from being organized.,10.993805547267527,False
MYGqMojGwBE--116,zero,This is the sign for the first time.,"So the next time you see forks and spoons on the side of your plate,",17.02449114068009,True
BTqVQCBPUzg--47,zero,This is the sign for the first time.,which other animals can be kept at home.,13.642256821331717,False
myIXH3PjvoI--93,zero,This is the first time a person has come up with a,Try some other ways yourself.,16.43689763957118,False
bU_v22EtHIU--1,zero,"Inorder to avoid arrest, the man was in touch with him.",Currently the currency used in El Salvador is the US Dollar.,14.385527382808474,False
uR-nzhB6D8g--2,zero,"Inorder to avoid arrest, the man was in touch with him.",The government has distributed food to them through the Ration systems.,14.21643335575293,False
OEM3CR-HYmk--15,zero,"Inorder to avoid arrest, the man was in touch with him.",These are the best as it would go inside the manhole with the instructions given by the operator,18.448105669752138,False
uR-nzhB6D8g--3,zero,"Inorder to avoid arrest, the man was in touch with him.",Many NGOs have distributed food as well because feeding the poor is priority.,12.896348016310307,False
NaXDBBT5pkw--6,zero,"Inorder to avoid arrest, the man has been called for a long time.",It is worth Rs 1.8 lakh crore,13.916654197216815,False
wefigjf46u4--2,zero,"Inorder to avoid arrest, the man was in touch with him.",The family forced the doctors to test the Deaf man for COVID-19.,14.695168365433386,True
MYGqMojGwBE--30,zero,This is because they are not able to understand,"And if it won't digest, then how will it come out of your body?",11.922343689885347,False
fYxijWb0b_s--9,zero,"Inorder to avoid arrest, the man was in touch with him.",It is a virtual reality space where people can play games with each other.,15.390329250244633,False
Rc99bcSdhak--16,zero,"Inorder to avoid arrest, the man was in touch with him.","When she could not take the torture any more, she escaped.",15.914055407413654,False
_IyhoG9jXuM--15,zero,"Inorder to avoid arrest, the man was in touch with him.",They were surprised at how she did not feel any pain. She was lucky to the have reach the hospital in time.,14.217277774112455,False
uYaUCNl1j10--12,zero,"Inorder to avoid arrest, the man was in touch with him.",SAI Twitter handle acknowledged the effort of the Indian team at this event.,15.325743211670858,False
o9DARfrZg2o--16,zero,There is a lot of uncertainty institute.,The Gujarat government also said that the two institutes,25.864268056715424,False
MYGqMojGwBE--42,zero,This is the sign for the first time.,and keep throwing ingredients into it while casually something or the other?,11.674530884774867,False
ixXF2UGOyoU--5,zero,There is a lot of uncertainty institute.,have left them to join the BJP.,13.828260494038613,False
BESRE5mtipE--0,zero,"Inorder to avoid arrest, the man was in touch with him.","Many people love their pet cats, dogs, parrots, etc.",13.276971328560425,False
8DmlFztO2XM--2,zero,"Inorder to avoid arrest, the man was in touch with him.","The IMD also alerted that parts of Puducherry and Andhra's Guntur,",14.33878377643387,False
jLwvQ4URDFY--1,zero,Let us study the manner of movement.,"Mumbai Police found a boat with 3 AK-47 rifles and bullets at Harihareshwar Beach in Raigad district, which is 190 km away from Mumbai.",5.938564591468262,False
5QMD024bDYs--15,zero,"Inorder to avoid arrest, the man was in touch with him.",I want to tell the country that we are withdrawing the laws as I want peace.,15.40048283530854,False
jLwvQ4URDFY--31,zero,"Inorder to avoid arrest, the calculation of the newly-construction of the New Year's Day.",Mumbai Police Commissioner Vivek Phansalkar said that three teams of the Crime Branch would be probing the matter.,15.702053025163512,False
aDwdB7xHAOE--1,zero,Let us study the manner of movement.,"on 1 January 2022, woke up to see herself listed for an “online auction” of Muslim women on an App.",8.609571274224896,False
wSEeoT9BqE0--13,zero,I am sure you all have experienced this,They thought it was better to buy a house.,10.47753036942707,False
d5Lx_5-UiHY--41,zero,There is a lot of uncertainty institute.,The first one is already marked. One.,21.071654555648678,False
BTqVQCBPUzg--18,zero,"Inorder to avoid arrest, the man was in touch with him.",Help Yamini complete the table.,11.531365996556302,False
faZQNy4aErk--62,zero,There is a lot of uncertainty institute.,This is to encourage foreign investors in India.,15.692925386354235,False
LvN9Dxq2iLY--88,zero,This is the sign for the first time.,will be there no more. Women's,12.458453932537413,False
HBQwzyxvkZA--256,zero,"Inorder to avoid arrest, the man has been called for a long time.",The surroundings change and we see different kinds of adaptations.,15.496330389351906,False
xFEQrtosric--18,zero,"Inorder to avoid arrest, the man was in touch with him.",Arun Jaitley was the President of DDCA for 14 years.,17.491172827633633,False
KmW8f1GVTYY--40,zero,"Inorder to avoid arrest, the man was in touch with his parents.","India too has taken a loan. It is similar to how we take loans for buying a house, mobile or vehicle.",14.238263432862652,False
nXA9Qpj2z7E--6,zero,There is a lot of uncertainty institute.,in exchange of the civilians in the aircraft.,14.89704391873365,False
kytITkHoyls--7,zero,"Inorder to avoid arrest, the man was in touch with him.",At around 4.00am the battery exploded. Shabbir was grievously injured while his grandmother sustained minor injuries.,11.638873680983638,False
ef52bca1a454-6,zero,There is a lot of uncertainty institute.,"Granny, Granny, please comb my hair.",9.510907783122171,False
iwYL-ivQm6o--19,zero,"Inorder to avoid arrest, the man was in touch with him.",after the Pulwama attack this was the first attack of this kind.,15.350110708972146,False
9b0136913690-41,zero,"Inorder to avoid arrest, the man was in touch with him.",He then began narrating another story which lasted half an hour.,17.047323135063692,False
K4eNr2k2Lls--1,zero,"Inorder to avoid arrest, the man has been called for a long time.",It was formerly known as Deaf Cricket Society (DCS) but was renamed to IDCA.,13.71600552976258,False
pMbMjjSj1fM--28,zero,"Inorder to avoid arrest, the man was in touch with him.",through the representatives of the villages.,15.468002108757005,False
MYGqMojGwBE--161,zero,There is a lot of uncertainty institute.,"but when you cut it into small pieces, how much time does it take?",13.649188880265337,False
mXq8axygjdE--32,zero,"Inorder to avoid arrest, the man was in touch with him.","Suddenly, he heard a voice cry out. Quick, hurry up!",14.749127787739416,False
4vfboqjtAXo_d,zero,"Inorder to avoid arrest, the man was in touch with his parents.","a liking for, an enjoyment of, or a habit of doing something.",14.651229548390225,False
HBQwzyxvkZA--261,zero,There is a lot of uncertainty institute.,Look at the picture of a lion and that of a deer. Figure 9.8,13.216419805496304,False
CAzt5cxtSjQ--23,zero,There is a lot of uncertainty institute.,Karnataka High court has decided to ban hijab.,10.561880269505993,False
d5Lx_5-UiHY--51,zero,There is a lot of uncertainty institute.,352 children from a school went on a camping trip.,10.986380486158396,False
klepEQSaeIk--9,zero,"Inorder to avoid arrest, the man was in touch with him.",The 2 doses of the vaccine reduces the severity of the infection.,14.774911573122127,False
48couwymlMM--10,zero,There is a lot of uncertainty institute.,The Doctor's name was Sanduk Ruit.,14.005218820368635,False
K4eNr2k2Lls--0,zero,"Inorder to avoid arrest, the man has been called for a long time.",IDCA is the Indian Deaf Cricket Association.,13.506659318295988,False
zu_bd3r2GIA--16,zero,"Inorder to avoid arrest, the man was in touch with him.","He believes that earlier he looked old, but then after drinking urine, he looked younger.",11.885723396526359,False
ef52bca1a454-76,zero,This is the first time a person has come up with a,Call out the picture and write his name.,17.72185167494546,False
ixXF2UGOyoU--2,zero,This is the sign for the first time.,Some members may be removed and a new person will be appointed.,5.6410514809622105,False
o44YnPMhwPU--37,zero,"Inorder to avoid arrest, the man was in touch with him.",Her mother said that the MLA was responsible for everything that happened to her family.,14.00272354893753,False
CRJSZ2e7BU0--12,zero,"Inorder to avoid arrest, the man was in touch with his parents.","Along with his mother, Abhijeet reached Delhi and so did CM Sarma.",20.58330833836603,False
91GVHgxW8RA--2,zero,This is the first time that it's very easy.,Shocking! Let me tell you.,8.925188033196306,False
gXa0qcoWrsQ--7,zero,"Inorder to avoid arrest, the man was in touch with his parents.","Whenever the metal detector went past his hips, it started beeping loudly.",19.345723788994786,False
m3Mmtpr-jjA--42,zero,"Inorder to avoid this, the lecture of the red cross was designed in red colour.",She said what about the various journalists that have attacked the BJP and have been arrested.,14.721633993034173,False
lcBujGRLwE0--29,zero,"Inorder to avoid arrest, the calculation of the newly-construction of the New Year's Day.","Therefore, after returning from China, President Muizzu asked India to withdraw all military troops from Maldives by 15th March 2024.",13.662066268561846,False
MYGqMojGwBE--205,zero,"Inorder to avoid arrest, the man was in touch with him.","By giving this break, you'll be able to find out that your body had no need for it",12.340632440514508,False
d5Lx_5-UiHY--22,zero,"Inorder to avoid arrest, the man was in touch with him.",A tank is full of 300 litres of water. How much water will be filled into?,16.172283660000375,False
9b0136913690-89,zero,This is the sign for the first time.,But the Barber did not hurry.,12.169126015050365,False
8E-llRXuhl0--5,zero,"Inorder to avoid arrest, the man was in touch with his parents.","MSRTC has 4,500 women conductors, but it does not have women bus drivers.",14.416159008082193,False
iGdg-iGlUFg--11,zero,"Inorder to avoid arrest, the man was in touch with his parents.","The 35-year-old has played tests matches, ODI and T20 matches",13.53720462543992,False
jMdxYlvrkbk--9,zero,"Inorder to avoid arrest, the man was in touch with his parents.",Earlier there was no bar on the age of a cricketer to play any form of international cricket.,14.848038603168135,False
vbq8QbOwOt4--15,zero,There is a lot of uncertainty institute.,This is why people decide not to have children.,12.7785721382504,False
m3Mmtpr-jjA--8,zero,This is because they are not able to understand,but his wife tore the papers.,22.16739620879967,False
o44YnPMhwPU--11,zero,"Inorder to avoid arrest, the man was in touch with him.",Her father then died while still in jail.,16.773149944447052,False
o9DARfrZg2o--12,zero,This is the sign for the first time.,But still children are malnourished.,12.29537177996577,False
rYcw__0tDhw--9,zero,"Inorder to avoid arrest, the man was in touch with his parents.",in 10 Chinese provinces. They were tested in veterinary hospitals.,14.653881652885373,False
eabe1f38221a-51,zero,There is a lot of uncertainty institute.,Refer to the poem and understand.,17.918237326299156,False
HBQwzyxvkZA--116,zero,"Inorder to avoid arrest, the man was in touch with him.",plants that live on the earth.,18.023255159519866,False
LvN9Dxq2iLY--139,zero,This is the sign for the first time.,to set up the factory.,16.17524391934957,False
8w6k4jEJJlU--19,zero,"Inorder to avoid arrest, the man was in touch with him.",Mr AS Narayanan said that there are very few interpreters and many do not know sign language.,12.816053337676465,False
Kq5HfchSWv8--7,zero,I am sure you all have experienced this.,This year the voter turnout had decreased.,17.100526630986657,False
NDYHcIF50eE--2,zero,There is a lot of uncertainty institute.,In 2021 there were several bizarre food preparations.,12.360293205310628,False
809a3a5e02d1-65,zero,There is a lot of uncertainty institute.,What kind of girl was she?,12.099528207714696,False
AVb1VABiJJ8--18,zero,"Inorder to avoid arrest, the man was in touch with his parents.",China had banned international Apps in China long back.,12.92174476682218,False
HBQwzyxvkZA--265,zero,"Inorder to avoid arrest, the man has been called for a long time.",Do the features of a line help it in any way to survive?,15.382071413369008,False
ijrjSBx7WTc--59,zero,There is a lot of uncertainty institute.,The baby was fast asleep.,13.608815179494549,False
IjeHLt1vNoM--13,zero,"Inorder to avoid arrest, the man was in touch with him.",However remember only pet dogs and cats will be allowed and they must be vaccinated.,12.880893350203367,False
BTqVQCBPUzg--122,zero,"Inorder to avoid arrest, the man was in touch with him.",and column 2 is about number of children. Column 1 things are...,13.352329281932034,False
NaXDBBT5pkw--25,zero,"Inorder to avoid arrest, the man was in touch with his parents.",In India more than 40 lakh people are employed in the IT Industry and India is the largest export business.,14.720544405893406,False
4DhGy83DK_s--8,zero,"Inorder to avoid arrest, the man was in touch with him.",Then they killed an apple trader,14.366497849963356,False
zu_bd3r2GIA--29,zero,"Inorder to avoid arrest, the man was in touch with him.",drinking your own urine can actually speed up the dehydration,12.8992529359384,False
xFEQrtosric--19,zero,"Inorder to avoid arrest, the man was in touch with him.",Jaitley was a politician as well as an avid cricket follower.,12.444877281456511,False
rYcw__0tDhw--11,zero,This is the sign for the first time.,"They were used to study flu,",10.419662544338989,False
DP1ly_MsHHQ--25,zero,"Inorder to avoid arrest, the man was in touch with him.","while the UP government brought down 11,000 loudspeakers then why not Maharashtra government.",12.012833414894121,False
myIXH3PjvoI--106,zero,There is a lot of uncertainty institute.,Two sides of a shape are drawn here.,14.68137483585273,False
KI0avgGkWiU--25,zero,"Inorder to avoid arrest, the man was in touch with him.",They thanked Dhoni for the free publicity.,14.670772834844941,False
-hZpPIT6N4U_d,zero,Let us study the manner of movement.,"to think carefully, especially about possibilities and opinions",8.549971073982821,False
myIXH3PjvoI--102,zero,Let us study the manner of movement.,Complete the shape so that it's area is,11.163297099169425,False
MYGqMojGwBE--46,zero,There is a lot of uncertainty institute.,and the ingredients should only be added when the fire is burning properly,11.605946651722633,False
3vCea9zWFek--10,zero,"Inorder to avoid arrest, the man was in touch with him.",Here are some of the rules that have to be followed:,15.80132048103835,False
MYGqMojGwBE--172,zero,This is the sign for the first time.,"And when I remember it, my meal is over already!",7.244757061220025,False
d5Lx_5-UiHY--100,zero,I have seen the movie with ISL interpretation in Sign Language.,"is equal to 614. Before telling his father,",15.817949883198265,False
iwYL-ivQm6o--5,zero,This is the sign for the first time.,The police then fired and a gunfire ensued.,13.64696994475127,False
Xmm9ZyMy12g--19,zero,"Inorder to avoid arrest, the man was in touch with him.",The Indian Navy currently have 4 German Submarines and 9 Russian Submarines.,12.919277893034936,False
hgaKby5Mha4--15,zero,"Inorder to avoid arrest, the man was in touch with him.",Rakhi and Adil had dated for 3 months before getting married in July 2022.,13.618673240606565,False
MnCcM6PZrug--9,zero,There is a lot of uncertainty institute.,The offer valid only for 1 day - 16th September 2022,11.233410605594257,False
bqE5C2tmc9c--9,zero,"Inorder to avoid arrest, the man was in touch with his parents.","The government is also planning to launch new Rs1, Rs 2, Rs 5 and Rs 10 coins.",13.672483447095567,False
OEM3CR-HYmk--0,zero,There is a lot of uncertainty institute.,"‘Manual Scavenging’ is a term mainly used in India,",12.662262211860478,False
faZQNy4aErk--82,zero,"Inorder to avoid arrest, the man was in touch with him.","Under the 'Khelo India' programme, they will develop the National Sports Education Board.",14.968578562555532,False
C-cgPb_N2dY--0,zero,"Inorder to avoid this, the lectures of the movie was in touch with his wife.",A team of 105 healthcare professionals from India landed in Abu Dhabi on 19th May,13.177933715775596,False
AVb1VABiJJ8--10,zero,"Inorder to avoid arrest, the man was in touch with him.","Since such Apps affect the Defence of India, the government needs to take urgent action.",13.521588440500693,False
Lt5GAA6MIuM--1,zero,There is a lot of uncertainty institute.,It said that workers in Indian factories supplying goods to famous chains such as,11.79239670815929,False
gp0w_zrLgfw--10,zero,"Inorder to avoid arrest, the man was in touch with him.",1. Russia has demanded that Ukraine must never join NATO.,15.609264846001475,False
eBj_HUu0CNw--29,zero,There is a lot of uncertainty institute.,He said that he will take full responsibility for this.,15.00698830136459,False
QiJgNpX3zN0--11,zero,"Inorder to avoid arrest, the man was in touch with him.",They protested and demanded that the oil packets be replaced with new oil packets.,15.453950131573743,False
faZQNy4aErk--32,zero,"Inorder to avoid arrest, the man was in touch with him.",2. You all know that you get 1.5 lakh benefits on Investments.,12.78640753362943,False
aDwdB7xHAOE--10,zero,"Inorder to avoid arrest, the man was in touch with him.",The Mumbai & Delhi police have now registered FIRs against the insulting App.,12.618569291808235,False
YsuSHJ3klEs--7,zero,"Inorder to avoid this, the lectures of the movie was in love with a new terrible telecast.",against the father of the bride under the Kerala Epidemic Diseases Ordinance 2020.,20.17001774048094,False
MYGqMojGwBE--217,zero,This is the sign for the first time.,"When you get back to work right after eating your food,",9.219547346210554,False
8DmlFztO2XM--0,zero,"Inorder to avoid arrest, the man was in touch with him.","The IMD, which is a weather surveillance organisation has informed that,",16.03197730710206,False
gp0w_zrLgfw--20,zero,"Inorder to avoid arrest, the man was in touch with his parents.",The fourth demand of Russia on the list is that Ukraine stops all military action and demilitarise the area.,14.8479224668188,False
MYGqMojGwBE--258,zero,This is the sign for the first time.,"When you serve food, don't mix more than 2-3 foods",9.556577316489925,False
40BjLI5XtJE--10,zero,"Inorder to avoid arrest, the man has been called for a long time.","Once a license is cancelled, drivers can appeal in a court but it is not an easy process.",14.743336885354294,False
fulQKWknVhw--12,zero,Let us know in the comments below the age of 10.,after which Elizabeth at the age of 27 was crowned as the Queen of UK on 2nd June 1953.,17.845514184217137,True
myIXH3PjvoI--122,zero,"Inorder to avoid arrest, the man was in touch with him.",Here is a rectangle of area 20 square centimeters.,12.184754670977007,False
jMdxYlvrkbk--7,zero,"Inorder to avoid arrest, the man was in touch with him.",All details about the player's exceptional qualities must be presented before the ICC.,12.033023396465405,False
-X_zmve1y00--14,zero,"Inorder to avoid arrest, the man was in touch with him.",The tree ambulance will help a tree in a bad conditionand help it to grow again.,12.331522956865753,False
sktRu3sp97g--15,zero,"Inorder to avoid arrest, the man was in touch with him.",The women of the village are working hard to contain the spread of COVID-19.,14.948162338282659,False
7byz3fdI-Ss--16,zero,you will be able to understand what is happening.,Now lets see what happens.,29.803746754684006,False
809a3a5e02d1-119,zero,There is a lot of uncertainty institute.,Now your friend will ask you the same questions.,14.266796966103747,False
Rc99bcSdhak--14,zero,There is a lot of uncertainty institute.,She was treated like an animal.,13.398571717307824,False
v0g35qCOCwU--0,zero,"Inorder to avoid arrest, the man was in touch with him.",These days many couples propose in creative ways such as by giving flowers to each other.,14.254377462863832,False
N6jpL7uibFI_e2,zero,"Inorder to avoid arrest, the man was in touch with him.","After her trip to Venezuela, she felt inspired to learn Spanish.",13.79809815119005,False
MYGqMojGwBE--282,zero,"Inorder to avoid arrest, the man has been called for a long time.","If you found this video useful, share it with all your friends and family",14.574425006623274,False
mjvqIq_fvRY--10,zero,"Inorder to avoid arrest, the man was in touch with his parents.",Pooja said she wanted to apply for a learner's license but could not due to financial difficulties.,13.29520462308366,False
lZarpnV0alw--12,zero,"Inorder to avoid arrest, the man was in touch with him.",All her clothes were hand-me-downs.,14.91419829352283,False
mXq8axygjdE--28,zero,"Inorder to avoid this, the lectures of the movie was in touch with his wife.",He saw a deer and rode after it. It ran deep into the forest followed by the king. Soon the king lost his way.,16.577438891186873,False
IjeHLt1vNoM--3,zero,"Inorder to avoid arrest, the man was in touch with him.",People consider pets their family but flights do not allow pets onboard.,14.205713980961331,False
6_yO8Lc8Hd4--16,zero,There is a lot of uncertainty institute.,"If it is good, only then it can be served. They must do this regularly.",13.74521499496573,False
HBQwzyxvkZA--237,zero,There is a lot of uncertainty institute.,This helps the rain water and snow to slide off easily.,16.106425494590727,False
CRJSZ2e7BU0--8,zero,"Inorder to avoid arrest, the calculation of the newly-construction of the New Year's Day.","The CM politely listened and after Abhijeet left, he wrote a letter to Prime Minister's Office.",16.07448781257861,False
K4eNr2k2Lls--19,zero,"Inorder to avoid arrest, the man was in touch with him.",was held between 9th to 12th February 2020 in Hyderabad.,14.416661783320622,False
U5Tq9r7saZU--19,zero,There is a lot of uncertainty institute.,The trust were shocked that they were blacklisted without a discussion.,13.272292459273002,False
uYaUCNl1j10--3,zero,"Inorder to avoid arrest, the man was in touch with his parents.","The Sports Authority of India (SAI) tweeted, ""Congratulations, Team India won a total of 9 medals.""",11.840764905345043,False
3gKelnCwuj8--0,zero,"Inorder to avoid arrest, the man was in touch with him.","Today, the Supreme Court's CJI Ranjan Gogoi,",15.841731028365375,False
ZVE_KjrY_po--22,zero,"Inorder to avoid arrest, the man was in touch with him.","For example look at film stars, cricketers, sportspersons, businessmen, etc.",11.496053939534038,False
i4j5Bj2NL1c--11,zero,"Inorder to avoid arrest, the man was in touch with his parents.","If you have used up your 15 GB free storage across Gmail, Google Drive and Google Photos",12.053823568224589,False
9b0136913690-57,zero,"Inorder to avoid arrest, the man was in touch with him.",Finish shaving at once! The Sultana exclaimed.,13.882116664335244,False
wwpptVjgAws--10,zero,"Inorder to avoid arrest, the man was in touch with him.",he also teaches then to lightly place glasses on the table and other manners. The Deaf team has grown thanks to him.,11.641587977037164,False
gp0w_zrLgfw--13,zero,"Inorder to avoid arrest, the man was in touch with his parents.",Zelensky said that the decision should be left on people to decide whether they want to be with Russia and Ukraine.,13.378377198860969,False
HBQwzyxvkZA--129,zero,"Inorder to avoid arrest, the man was in touch with him.",Several kinds of plants and animals live in the same habitat.,14.49434639529491,False
fqJW-F3WIYc--0,zero,"Inorder to avoid arrest, the man was in touch with his parents.","ISH News has constantly been releasing about cyclones, heatwaves, pollution, etc.",14.212435651888297,False
