uid,condition,n_tokens,ref_ll,n_content,content_ll
l9bZYazJQ1w--7,correct,20,-69.29000374302268,7,-44.50492352619767
9b0136913690-114,correct,19,-70.49472142755985,5,-56.93274834752083
ZMsnY_khlNQ--12,correct,21,-73.89866457134485,7,-50.38275442272425
809a3a5e02d1-67,correct,12,-54.594904124736786,4,-48.545254588127136
DP1ly_MsHHQ--36,correct,18,-80.98698527365923,7,-46.67884123325348
dPuKX_lM4Zc--118,correct,31,-134.74530654773116,13,-77.03856363520026
wwpptVjgAws--20,correct,40,-173.4501362554729,13,-124.42552688717842
48couwymlMM--18,correct,19,-64.97347215935588,8,-50.101396936923265
809a3a5e02d1-108,correct,11,-14.771952614188194,4,-10.294234380126
4DhGy83DK_s--30,correct,13,-42.51114709675312,5,-33.74368095397949
rZG7T9ujMEo--0,correct,28,-104.03357056900859,13,-76.51657507941127
7byz3fdI-Ss--0,correct,15,-25.256481673568487,6,-7.741216320544481
eabe1f38221a-18,correct,31,-139.77501671388745,9,-68.27268703654408
0kldzhToGLc--6,correct,22,-99.44028089940548,8,-81.13846945762634
pMbMjjSj1fM--17,correct,18,-53.6654344573617,10,-41.56678307056427
MYGqMojGwBE--267,correct,17,-71.82429398223758,3,-22.563772317022085
C-cgPb_N2dY--9,correct,12,-17.59739468526095,3,-10.078602175228298
ef52bca1a454-22,correct,12,-44.1235201433301,4,-31.29921567440033
fulQKWknVhw--7,correct,19,-23.757067314581946,7,-23.08969594282098
ijrjSBx7WTc--84,correct,8,-12.80822728574276,1,-1.7400463819503784
oAhfJ8yB1j0--10,correct,10,-41.87067601084709,2,-27.688184082508087
Zc2bgIDZ-Ks--72,correct,12,-33.18827670067549,3,-12.474089935421944
mjvqIq_fvRY--11,correct,19,-95.64876498095691,7,-77.76450520567596
IoifXQnhN4E--4,correct,24,-50.70076635509031,8,-30.464049779169727
HBQwzyxvkZA--276,correct,20,-85.2381214313209,6,-65.67842949554324
o44YnPMhwPU--12,correct,15,-48.21497769653797,5,-25.65126983821392
myIXH3PjvoI--76,correct,13,-52.78339010477066,4,-23.03782646358013
faZQNy4aErk--15,correct,23,-92.11420500278473,7,-48.57412377744913
Rc99bcSdhak--0,correct,21,-56.524561420083046,7,-32.17520286142826
0kldzhToGLc--2,correct,14,-55.933163691312075,6,-37.15149834752083
5n_IGU5rYYk--30,correct,22,-65.86390745081007,7,-47.14229474402964
myIXH3PjvoI--89,correct,19,-72.92078585922718,7,-48.32556810975075
S9ymb66ZqqY--9,correct,25,-124.55322724021971,12,-94.66522913612425
dPuKX_lM4Zc--54,correct,19,-73.26104895025492,6,-59.95214460045099
oPITLi0VKh8--10,correct,16,-37.23330436926335,6,-31.459865401498973
17OIKvJmrK8--4,correct,13,-56.89311275631189,6,-42.04173643141985
yb7efY9x78U--12,correct,23,-73.28705113008618,5,-22.015727546066046
zu_bd3r2GIA--9,correct,12,-37.02596881613135,6,-30.472856491804123
eabe1f38221a-5,correct,29,-86.9306402951479,8,-45.02882952988148
QiGhWfjM2FI--31,correct,24,-94.3453183285892,10,-81.29690430685878
fvHtYcL913U--3,correct,11,-25.21943830884993,3,-11.159344868734479
sktRu3sp97g--4,correct,20,-71.09746042528423,5,-36.96412803867133
BTqVQCBPUzg--97,correct,10,-30.329812593758106,4,-28.986120499670506
hYNyIXYmoYs--17,correct,24,-94.85777092399076,12,-83.1933620464988
3Pk2c_Z4ahk--1,correct,9,-16.940183270722628,3,-11.150745291262865
9xc24mAlprE--1,correct,16,-41.87344862672035,4,-26.1891520783538
ZMsnY_khlNQ--7,correct,21,-69.80238067777827,8,-38.496884998399764
fulQKWknVhw--42,correct,22,-61.1697865629103,7,-37.23713633115403
W4YzurwHpfw--6,correct,14,-24.062223475426435,6,-23.537037670612335
glNqZ8w4iy8--9,correct,25,-104.7384003251791,10,-61.59661740064621
o44YnPMhwPU--25,correct,18,-54.09966732375324,5,-29.09566534869373
UBnqDwRds3A--2,correct,13,-49.853827729821205,6,-44.36084660887718
wmTrG799MAo--19,correct,13,-58.256374944001436,6,-43.100937366485596
lPzmjeJmsXo--13,correct,20,-86.27973000332713,9,-83.85216799750924
ZCBew8Fv0qA--12,correct,12,-42.93817490339279,5,-20.554835334420204
39at7Lxu6Yo--19,correct,34,-112.40898082498461,13,-82.42181251849979
EIwWHTO5rZw--8,correct,26,-115.89610182819888,9,-99.34350714692846
MYGqMojGwBE--116,correct,20,-100.27142381668091,7,-67.25153434276581
BTqVQCBPUzg--47,correct,10,-27.356265552341938,4,-15.30865141749382
myIXH3PjvoI--93,correct,8,-39.59144198894501,4,-28.589210212230682
bU_v22EtHIU--1,correct,23,-78.26669035665691,6,-57.3661056663841
uR-nzhB6D8g--2,correct,15,-53.5187885761261,6,-38.53014123439789
OEM3CR-HYmk--15,correct,24,-103.66304364427924,7,-57.35189511999488
uR-nzhB6D8g--3,correct,18,-48.79012358933687,9,-33.03746931999922
NaXDBBT5pkw--6,correct,9,-14.276449500583112,4,-2.6462391102686524
wefigjf46u4--2,correct,14,-40.79550042748451,7,-32.91788578033447
MYGqMojGwBE--30,correct,19,-48.70086864568293,4,-20.692976104095578
fYxijWb0b_s--9,correct,17,-69.16068200394511,9,-52.35958456248045
Rc99bcSdhak--16,correct,15,-58.4451802149415,3,-23.01224075257778
_IyhoG9jXuM--15,correct,25,-105.56345965713263,7,-41.44450353085995
uYaUCNl1j10--12,correct,22,-70.26539771584794,8,-51.921506110113114
o9DARfrZg2o--16,correct,14,-30.188632141798735,5,-19.79410771653056
MYGqMojGwBE--42,correct,19,-82.12229250464588,7,-57.81677205953747
ixXF2UGOyoU--5,correct,9,-33.69316631183028,3,-19.87086981162429
BESRE5mtipE--0,correct,21,-45.35444679495413,8,-40.961527135339566
8DmlFztO2XM--2,correct,25,-64.61957768630236,6,-53.268876190297306
jLwvQ4URDFY--1,correct,43,-172.8643609508872,14,-116.40972474962473
5QMD024bDYs--15,correct,19,-62.82481221109629,7,-35.916843205690384
jLwvQ4URDFY--31,correct,33,-98.52799087832682,12,-80.91774386982433
aDwdB7xHAOE--1,correct,28,-133.81079807970673,10,-85.04185518901795
wSEeoT9BqE0--13,correct,11,-17.9529752060771,4,-11.539994210004807
d5Lx_5-UiHY--41,correct,11,-42.15133277326822,5,-38.031012661755085
BTqVQCBPUzg--18,correct,9,-44.936116471886635,4,-44.4151725769043
faZQNy4aErk--62,correct,12,-18.18556851707399,4,-11.85784406028688
LvN9Dxq2iLY--88,correct,10,-53.37371176481247,1,-13.64258199930191
HBQwzyxvkZA--256,correct,19,-74.83684097928926,6,-59.59766014665365
xFEQrtosric--18,correct,19,-37.548899238347076,5,-33.363711570738815
KmW8f1GVTYY--40,correct,27,-90.0650164783001,10,-50.727155305445194
nXA9Qpj2z7E--6,correct,12,-40.551239877939224,3,-21.663953840732574
kytITkHoyls--7,correct,39,-132.46423500962555,12,-118.72483927942812
ef52bca1a454-6,correct,15,-63.818102560937405,5,-56.08145819604397
iwYL-ivQm6o--19,correct,14,-58.76689854543656,5,-22.60877940338105
9b0136913690-41,correct,17,-68.43395192176104,7,-42.25194849818945
K4eNr2k2Lls--1,correct,29,-93.41732912883162,8,-68.98691440373659
pMbMjjSj1fM--28,correct,11,-33.50654574483633,3,-30.030771106481552
MYGqMojGwBE--161,correct,18,-57.17852160707116,6,-28.88027898594737
mXq8axygjdE--32,correct,24,-49.045928784878924,6,-30.832313486607745
4vfboqjtAXo_d,correct,18,-87.57682288438082,5,-43.88894176483154
HBQwzyxvkZA--261,correct,20,-71.41690964996815,5,-40.21024972200394
CAzt5cxtSjQ--23,correct,10,-33.0563729852438,6,-30.155416190624237
d5Lx_5-UiHY--51,correct,15,-74.61285544931889,5,-39.6504953019321
klepEQSaeIk--9,correct,18,-44.37666162382811,5,-26.59530897717923
48couwymlMM--10,correct,16,-60.97750224918127,4,-57.13798192888498
K4eNr2k2Lls--0,correct,11,-18.30044151819311,5,-16.79708345211111
zu_bd3r2GIA--16,correct,23,-79.44423023611307,8,-57.200173154473305
ef52bca1a454-76,correct,11,-41.245863258838654,4,-20.62371200323105
ixXF2UGOyoU--2,correct,14,-65.84067905694246,5,-37.36092758178711
o44YnPMhwPU--37,correct,17,-61.467030711472034,7,-36.150270998477936
CRJSZ2e7BU0--12,correct,22,-84.28302721306682,7,-60.11884285509586
91GVHgxW8RA--2,correct,8,-11.547482138499618,3,-10.486159104853868
gXa0qcoWrsQ--7,correct,22,-111.72102155536413,9,-96.35648288577795
m3Mmtpr-jjA--42,correct,20,-66.45167249441147,6,-31.12680270522833
lcBujGRLwE0--29,correct,35,-129.3556299386546,13,-107.05465286504477
MYGqMojGwBE--205,correct,23,-80.69769025593996,7,-36.5112789273262
d5Lx_5-UiHY--22,correct,24,-90.2008636589162,7,-41.824709102045745
9b0136913690-89,correct,12,-46.65707008354366,2,-28.33288607560098
8E-llRXuhl0--5,correct,24,-91.58553421124816,6,-63.15639480575919
iGdg-iGlUFg--11,correct,18,-52.039454761426896,7,-36.50933677284047
jMdxYlvrkbk--9,correct,20,-87.53659985214472,8,-55.33483666181564
vbq8QbOwOt4--15,correct,11,-30.613478264771402,3,-20.699545562267303
m3Mmtpr-jjA--8,correct,10,-38.74822849780321,3,-29.933899752795696
o44YnPMhwPU--11,correct,10,-33.459802240133286,5,-17.857244342565536
o9DARfrZg2o--12,correct,12,-32.4115189537406,3,-27.91159264743328
rYcw__0tDhw--9,correct,20,-69.89862233400345,5,-50.050965428352356
eabe1f38221a-51,correct,10,-23.15343229472637,3,-15.869308590888977
HBQwzyxvkZA--116,correct,8,-23.75066715478897,3,-13.909202575683594
LvN9Dxq2iLY--139,correct,7,-28.60451303422451,2,-21.070114135742188
8w6k4jEJJlU--19,correct,24,-74.89354876615107,9,-36.99212449230254
Kq5HfchSWv8--7,correct,14,-39.9082806147635,4,-33.08328074589372
NDYHcIF50eE--2,correct,16,-52.816332306712866,4,-38.3846644051373
809a3a5e02d1-65,correct,8,-28.57648006081581,2,-12.849095821380615
AVb1VABiJJ8--18,correct,12,-45.17851319909096,7,-35.77796250581741
HBQwzyxvkZA--265,correct,16,-72.9263649135828,5,-37.515676498413086
ijrjSBx7WTc--59,correct,9,-10.06365018710494,3,-7.725993301719427
IjeHLt1vNoM--13,correct,20,-69.83762008324265,7,-41.79600991681218
BTqVQCBPUzg--122,correct,17,-62.522673070430756,5,-39.30146765708923
NaXDBBT5pkw--25,correct,27,-81.6304259262979,9,-47.10410724580288
4DhGy83DK_s--8,correct,9,-54.81191146373749,3,-29.341598629951477
zu_bd3r2GIA--29,correct,18,-75.69207090139389,5,-53.84165632724762
xFEQrtosric--19,correct,19,-83.79345905035734,6,-66.99068582803011
rYcw__0tDhw--11,correct,8,-42.82205581665039,3,-29.720242500305176
DP1ly_MsHHQ--25,correct,21,-105.04383855243213,7,-56.61655621905811
myIXH3PjvoI--106,correct,12,-38.12917463295162,4,-22.41579649411142
KI0avgGkWiU--25,correct,11,-46.62164996564388,4,-40.2625806927681
-hZpPIT6N4U_d,correct,17,-38.616644851863384,5,-27.383719734847546
myIXH3PjvoI--102,correct,14,-45.07458716304973,4,-23.824247595388442
MYGqMojGwBE--46,correct,16,-66.85923227667809,5,-34.57436415553093
3vCea9zWFek--10,correct,13,-21.75923327356577,2,-5.835990130901337
MYGqMojGwBE--172,correct,13,-57.74355010688305,3,-32.09318494796753
d5Lx_5-UiHY--100,correct,14,-63.410133237950504,3,-18.118531428277493
iwYL-ivQm6o--5,correct,15,-45.37716024927795,4,-28.678750632330775
Xmm9ZyMy12g--19,correct,24,-106.89292931370437,7,-85.93544419668615
hgaKby5Mha4--15,correct,20,-56.80946243181825,7,-34.52002679184079
MnCcM6PZrug--9,correct,15,-69.63349578808993,5,-43.834178189747036
bqE5C2tmc9c--9,correct,22,-104.91845442354679,9,-69.62411089241505
OEM3CR-HYmk--0,correct,21,-107.06335366517305,6,-103.12595811486244
faZQNy4aErk--82,correct,20,-93.35089299455285,9,-80.71862155199051
C-cgPb_N2dY--0,correct,24,-70.446533174254,8,-47.560933963395655
AVb1VABiJJ8--10,correct,23,-79.16940928809345,10,-62.75043885409832
Lt5GAA6MIuM--1,correct,19,-80.14799563214183,8,-66.31257359310985
gp0w_zrLgfw--10,correct,12,-34.37874207645655,6,-27.08945083618164
eBj_HUu0CNw--29,correct,12,-35.31553540378809,4,-23.99608278274536
QiJgNpX3zN0--11,correct,21,-72.54623794090003,8,-56.56919788848609
faZQNy4aErk--32,correct,20,-64.28434957377613,5,-34.14776178263128
aDwdB7xHAOE--10,correct,17,-67.41960886493325,9,-52.61213682591915
YsuSHJ3klEs--7,correct,24,-83.90806697239168,8,-73.25033652712591
MYGqMojGwBE--217,correct,13,-49.33467650413513,6,-30.010077476501465
8DmlFztO2XM--0,correct,21,-43.9580416692188,5,-34.17604297341313
gp0w_zrLgfw--20,correct,28,-163.31087481230497,10,-112.1387512087822
MYGqMojGwBE--258,correct,15,-51.32945593446493,5,-27.606289230287075
40BjLI5XtJE--10,correct,22,-85.40085493028164,7,-50.91303153336048
fulQKWknVhw--12,correct,31,-104.15179180633277,7,-54.04965479671955
myIXH3PjvoI--122,correct,12,-40.06698942556977,4,-17.414246428757906
jMdxYlvrkbk--7,correct,22,-79.33844970911741,6,-57.430113680660725
-X_zmve1y00--14,correct,19,-97.04651573300362,8,-66.63166308403015
sktRu3sp97g--15,correct,16,-42.55930609256029,7,-34.07783192396164
7byz3fdI-Ss--16,correct,9,-6.593906622380018,4,-5.677852269262075
809a3a5e02d1-119,correct,11,-41.0668143928051,4,-20.71426111459732
Rc99bcSdhak--14,correct,8,-21.896831452846527,3,-12.704044759273529
v0g35qCOCwU--0,correct,25,-103.65694925561547,10,-66.3633995205164
N6jpL7uibFI_e2,correct,24,-73.87151213176548,6,-51.82798212952912
MYGqMojGwBE--282,correct,16,-33.256742626428604,6,-21.879092294722795
mjvqIq_fvRY--10,correct,25,-71.02610021829605,9,-58.70868103951216
lZarpnV0alw--12,correct,14,-61.844284559600055,2,-48.58415057789534
mXq8axygjdE--28,correct,32,-83.46234772354364,12,-56.34852044284344
IjeHLt1vNoM--3,correct,20,-87.34598753228784,8,-66.28108280524611
6_yO8Lc8Hd4--16,correct,21,-64.85754008218646,3,-25.124557469040155
HBQwzyxvkZA--237,correct,16,-64.82309050485492,7,-51.11926928535104
CRJSZ2e7BU0--8,correct,30,-99.56456178566441,10,-80.14279701700434
K4eNr2k2Lls--19,correct,14,-23.360397266224027,6,-9.533194845542312
U5Tq9r7saZU--19,correct,16,-61.11935457587242,5,-40.83204314112663
uYaUCNl1j10--3,correct,34,-73.8344910563901,11,-60.5583573943004
3gKelnCwuj8--0,correct,17,-17.14690788416192,6,-15.925457704346627
ZVE_KjrY_po--22,correct,21,-44.092914681881666,8,-34.94271128997207
i4j5Bj2NL1c--11,correct,28,-148.41104575805366,10,-98.51146051101387
9b0136913690-57,correct,20,-102.7988167218864,4,-79.72940414771438
wwpptVjgAws--10,correct,32,-157.48347612190992,11,-98.85992900002748
gp0w_zrLgfw--13,correct,28,-95.30408624885604,10,-60.04548106668517
HBQwzyxvkZA--129,correct,15,-28.288361435290426,6,-22.192197028081864
fqJW-F3WIYc--0,correct,21,-56.47329145204276,8,-44.176955605857074
xnY08sy7Sqk--6,correct,13,-46.489686228334904,4,-40.46869897842407
maCRL8WG0GQ--3,correct,10,-50.88127793651074,5,-23.793765443377197
xnY08sy7Sqk--3,correct,25,-103.18625210644677,9,-79.57234214665368
AVb1VABiJJ8--13,correct,16,-55.7409502286464,7,-49.10551099665463
HBQwzyxvkZA--331,correct,16,-38.94236348941922,4,-29.409079659730196
HBQwzyxvkZA--79,correct,24,-85.84286324586719,8,-50.45331034716219
0bk98uIiTS8--18,correct,15,-51.24041586369276,5,-34.63297066092491
OJxSniCPUpI--2,correct,15,-50.58547808974981,6,-46.93992044776678
m-w_78fDg9M--11,correct,28,-135.0368580892682,9,-102.13897082954645
mDUCHJerTtE--9,correct,14,-42.578403782099485,4,-31.95421352982521
BTqVQCBPUzg--94,correct,8,-40.946110129356384,2,-22.32432985305786
CAzt5cxtSjQ--13,correct,23,-108.71048231422901,11,-78.69288784265518
8DmlFztO2XM--1,correct,27,-74.29914833046496,10,-56.5018049236387
ZVE_KjrY_po--4,correct,16,-54.237483721226454,4,-46.743829395622015
9b0136913690-78,correct,20,-90.7856774404645,7,-45.91289222240448
5n_IGU5rYYk--24,correct,29,-133.4393453747034,11,-64.34876813367009
HBQwzyxvkZA--131,correct,18,-63.331465274095535,4,-56.749809108674526
lZarpnV0alw--2,correct,21,-101.56274607777596,7,-84.30105406045914
6_yO8Lc8Hd4--5,correct,25,-72.8438061401248,8,-33.03211684525013
u7wx4rUBg_k--5,correct,22,-87.21100228279829,7,-55.144581977277994
w_xCnJVyPYA_e1,correct,17,-59.894718281924725,5,-49.05969811230898
BTqVQCBPUzg--105,correct,15,-45.719999223947525,5,-36.54242353141308
d5Lx_5-UiHY--111,correct,11,-52.87996816635132,2,-21.01868772506714
HBQwzyxvkZA--330,correct,33,-96.04385272724903,10,-49.47232285825885
lcBujGRLwE0--38,correct,31,-103.62305461242795,9,-95.91249166801572
oPITLi0VKh8--1,correct,19,-54.55419071321376,7,-31.58472143416293
s_8IbRRsr0Q--0,correct,35,-139.54256631154567,9,-81.6938139917329
lZarpnV0alw--11,correct,18,-51.36261051148176,5,-30.69670968875289
NDYHcIF50eE--19,correct,9,-17.6824042648077,2,-8.385396249592304
fqJW-F3WIYc--5,correct,25,-81.14927338037523,8,-73.85333330903086
yb7efY9x78U--0,correct,33,-116.33593380637467,9,-62.49583123065531
fYxijWb0b_s--28,correct,16,-85.65006457269192,6,-78.50417739152908
HBQwzyxvkZA--140,correct,19,-76.07675910741091,6,-67.79468185454607
ojYFIliNLGI--2,correct,22,-102.64300428703427,11,-83.83571199327707
q4RnudGCU18--15,correct,20,-99.96020072698593,5,-74.84823536872864
xnY08sy7Sqk--12,correct,15,-66.87613740563393,5,-57.66216716170311
Zc2bgIDZ-Ks--57,correct,9,-15.127754658460617,4,-10.286872252821922
QiGhWfjM2FI--18,correct,23,-89.04928383231163,7,-52.91667863726616
nvfK4jQ7MH0--7,correct,16,-71.52396398037672,7,-46.15696144104004
OJxSniCPUpI--19,correct,17,-44.04037949629128,9,-32.78755711950362
mDUCHJerTtE--0,correct,14,-22.649694012477994,5,-13.179994095116854
dPuKX_lM4Zc--114,correct,8,-15.939457535743713,3,-14.466853439807892
pMbMjjSj1fM--24,correct,24,-131.62638293206692,5,-118.6365279853344
AZ2s4Adm9RU--25,correct,15,-60.94208510965109,5,-33.910987854003906
KmW8f1GVTYY--45,correct,20,-88.79059019032866,8,-84.56459349486977
faZQNy4aErk--59,correct,21,-82.84372425824404,6,-68.88891540467739
HBQwzyxvkZA--69,correct,20,-79.85962799191475,8,-48.95169657468796
9b0136913690-9,correct,11,-38.127544939517975,5,-29.129780173301697
ef52bca1a454-70,correct,8,-37.04212296009064,3,-25.226142406463623
wUH1dDbu9B4--3,correct,26,-160.976445838809,6,-150.250851534307
nvfK4jQ7MH0--1,correct,20,-27.171840338036418,4,-9.887178117409348
HBQwzyxvkZA--229,correct,17,-36.178343653678894,7,-23.588629014790058
HBQwzyxvkZA--76,correct,16,-39.9914310798049,5,-18.57289008051157
1xJ_dkBcAIU--6,correct,16,-65.36854236479849,7,-58.34809522982687
vyBaeFU8J_k--0,correct,13,-38.70271279849112,4,-37.89994688332081
lSLqIyupXrk--15,correct,15,-48.832151770591736,6,-31.795081436634064
HBQwzyxvkZA--280,correct,17,-76.97099152207375,6,-53.79991602897644
0bk98uIiTS8--29,correct,22,-64.3858660068363,6,-38.98170798830688
faZQNy4aErk--43,correct,41,-158.5280008201953,13,-125.98904843605123
XcXCB---N9M--37,correct,23,-72.70415358804166,7,-55.23155058734119
LvN9Dxq2iLY--137,correct,11,-30.52015213482082,4,-24.63944992236793
_r1S90f_nsM--6,correct,17,-42.258985340595245,6,-17.94394749403
8E-llRXuhl0--17,correct,20,-81.63085924601182,7,-58.93431436782703
ijrjSBx7WTc--68,correct,8,-18.114303823560476,3,-7.99730920791626
4DhGy83DK_s--26,correct,15,-38.86477629002184,4,-13.45117441099137
oPITLi0VKh8--17,correct,21,-101.62480068393052,6,-59.11209881491959
bOZ_Lap5FNA--17,correct,22,-73.68803432118148,8,-56.2310138149187
4DhGy83DK_s--3,correct,15,-54.81546671502292,4,-39.2153116222471
ZCBew8Fv0qA--22,correct,42,-159.3692628648132,12,-118.58442065119743
klepEQSaeIk--12,correct,16,-35.802275804802775,4,-16.52644102089107
lZarpnV0alw--9,correct,10,-47.58880811929703,5,-40.471749663352966
o9DARfrZg2o--6,correct,15,-44.73995612561703,3,-35.601014852523804
o9DARfrZg2o--3,correct,18,-66.97371404618025,5,-45.608165837824345
AVb1VABiJJ8--8,correct,8,-39.5059479624033,3,-23.58823038637638
ijrjSBx7WTc--42,correct,8,-30.344642609357834,2,-17.876946568489075
kES_ZNjFKz8--10,correct,17,-57.47999795526266,7,-47.6627663820982
ckGC5hUffDU--13,correct,9,-38.9561422765255,3,-29.660183668136597
fqJW-F3WIYc--16,correct,43,-166.56241823360324,13,-129.75199639424682
8E-llRXuhl0--21,correct,20,-94.59352964907885,9,-65.21153718978167
MYGqMojGwBE--277,correct,15,-73.62329755723476,6,-46.09743493795395
myIXH3PjvoI--48,correct,17,-53.01972142420709,3,-26.04091285727918
KHL0wkbu0-s--4,correct,16,-65.40535006299615,6,-35.67466062679887
jC6VuHNpTLM--8,correct,28,-71.73593359813094,10,-58.47030683979392
myIXH3PjvoI--52,correct,12,-34.33484561275691,3,-23.32954454701394
C-cgPb_N2dY--7,correct,18,-71.27844824641943,7,-57.19019468128681
myIXH3PjvoI--92,correct,13,-48.09678694605827,5,-31.841577872633934
6_yO8Lc8Hd4--11,correct,26,-86.73706517741084,8,-66.1120025627315
o44YnPMhwPU--26,correct,23,-102.33257628977299,9,-78.43473574519157
XcXCB---N9M--40,correct,28,-128.89823253452778,9,-83.02995862066746
HBQwzyxvkZA--326,correct,28,-136.8785459473729,9,-75.50316566228867
dkavvNigK7s--3,correct,16,-56.752671925351024,6,-49.3833504896611
LvN9Dxq2iLY--9,correct,14,-57.19006311148405,4,-38.91115524619818
QiJgNpX3zN0--2,correct,13,-26.279263199307024,3,-18.514551490545273
KI0avgGkWiU--14,correct,21,-74.33738262020051,9,-53.89267417602241
48couwymlMM--0,correct,21,-51.448548400076106,6,-46.597616591723636
XcXCB---N9M--25,correct,18,-85.89218298904598,7,-53.70170479826629
myIXH3PjvoI--39,correct,16,-52.107087020762265,5,-29.577000056393445
nvfK4jQ7MH0--26,correct,12,-34.252327878028154,3,-22.101389560848475
MYGqMojGwBE--103,correct,15,-64.80835655331612,5,-40.87438167631626
LvN9Dxq2iLY--24,correct,11,-55.13918463140726,3,-32.82159162312746
Sqa3ig2NN9Q--13,correct,17,-40.688940569758415,6,-30.713718831539154
809a3a5e02d1-86,correct,8,-36.58801746368408,2,-10.212241411209106
MYGqMojGwBE--62,correct,15,-37.64890241622925,4,-24.163942098617554
pMbMjjSj1fM--16,correct,23,-83.52672144956887,11,-66.34489685483277
mXq8axygjdE--66,correct,18,-20.08041002228856,4,-15.272396583110094
vbq8QbOwOt4--17,correct,20,-70.21523032337427,5,-57.08908339589834
dPuKX_lM4Zc--110,correct,27,-113.38915398903191,11,-85.02357932925224
eabe1f38221a-52,correct,15,-82.37772634625435,6,-59.20851469039917
LvN9Dxq2iLY--210,correct,18,-65.90800622408278,5,-45.52788731758483
0bk98uIiTS8--42,correct,22,-85.59466456249356,10,-70.53300784900784
faZQNy4aErk--40,correct,17,-50.127930372953415,7,-45.58891035616398
Kq5HfchSWv8--2,correct,9,-19.22206911072135,4,-14.54453656077385
ZMsnY_khlNQ--5,correct,21,-90.76929465588182,7,-80.00818894710392
80Cx4CH-AVI--4,correct,22,-92.84990792348981,8,-75.57520205155015
HBQwzyxvkZA--283,correct,23,-103.4130581766367,10,-73.03331984579563
Nv3WLYio7Lc--1,correct,20,-101.50738454982638,5,-93.24452401325107
KHL0wkbu0-s--24,correct,18,-27.653404634445906,9,-16.280105773359537
BO1ehFUMWEs--21,correct,27,-159.09998727217317,9,-139.23528089001775
QXsIVtanWdw--8,correct,16,-61.01973400823772,5,-43.468989891931415
jN2lbHzIneI--10,correct,16,-41.276501674205065,5,-17.62620233371854
_IyhoG9jXuM--10,correct,11,-46.96152030862868,4,-41.102538550272584
Kq5HfchSWv8--23,correct,17,-63.808442529290915,7,-41.57535628601909
LvN9Dxq2iLY--61,correct,18,-99.30496039800346,7,-73.46102937869728
T-5au9lZhYI--9,correct,11,-34.20690689980984,4,-26.817148491740227
mXq8axygjdE--81,correct,19,-26.169925155118108,6,-15.718956271186471
HBQwzyxvkZA--213,correct,23,-47.14630719157867,8,-35.90923292818479
fYxijWb0b_s--23,correct,9,-26.518991500139236,3,-8.038574516773224
a8zp7ivHwBU--8,correct,15,-43.956019923090935,7,-25.80728407204151
xnY08sy7Sqk--19,correct,14,-47.840488167479634,5,-36.44300049543381
9bqfEh7BD3c--14,correct,7,-20.99897338449955,3,-5.31701897084713
Zc2bgIDZ-Ks--48,correct,8,-19.348248720169067,3,-12.340769588947296
ZCBew8Fv0qA--4,correct,15,-47.5224500130862,5,-21.348760629072785
VwsRPJN7txM--8,correct,18,-89.87703648209572,9,-61.810164749622345
W4YzurwHpfw--17,correct,17,-62.29101078771055,8,-51.744236001744866
HBQwzyxvkZA--120,correct,11,-49.57828114833683,5,-39.373094610869884
T-5au9lZhYI--6,correct,14,-52.86522702127695,6,-35.06318128108978
5QMD024bDYs--23,correct,16,-58.01065220683813,7,-36.672807201743126
AVb1VABiJJ8--22,correct,20,-80.97342871874571,10,-70.14966370910406
QiJgNpX3zN0--9,correct,18,-84.16483208537102,7,-57.09019863605499
nXA9Qpj2z7E--16,correct,20,-94.74529828876257,6,-90.87405011057854
kytITkHoyls--2,correct,10,-36.38111903518438,3,-12.303946360945702
KmW8f1GVTYY--42,correct,23,-94.07120148092508,8,-61.54640594124794
m3Mmtpr-jjA--9,correct,19,-60.70020062569529,6,-40.422600218094885
o44YnPMhwPU--42,correct,11,-29.384083334356546,3,-14.084561228752136
BTqVQCBPUzg--96,correct,11,-66.36431807652116,4,-49.20495903491974
uYaUCNl1j10--0,correct,26,-72.16122355312109,10,-50.88034951686859
oAhfJ8yB1j0--1,correct,15,-63.266811706125736,4,-52.89979952573776
yb7efY9x78U--4,correct,15,-63.0026483098045,5,-40.21331210527569
K4eNr2k2Lls--29,correct,23,-51.860584119101986,6,-30.91622339352034
faZQNy4aErk--7,correct,16,-55.20067447423935,4,-32.85173684358597
XcXCB---N9M--14,correct,23,-91.2447799295187,7,-70.99641445279121
NaXDBBT5pkw--0,correct,20,-64.91359069943428,5,-40.01343002170324
rZG7T9ujMEo--3,correct,9,-21.570910692214966,2,-10.359192609786987
0bk98uIiTS8--24,correct,27,-102.5229178108275,8,-48.11790982633829
jN2lbHzIneI--8,correct,29,-114.22142832819372,11,-90.51699476037174
wSEeoT9BqE0--16,correct,27,-119.66279699653387,13,-89.5488715171814
wwpptVjgAws--2,correct,13,-37.1318892724812,4,-14.865339662879705
xnY08sy7Sqk--15,correct,9,-32.715149231255054,3,-20.517306327819824
eyqLkKS5Qkw--22,correct,16,-29.330161653459072,7,-22.193057481199503
Sqa3ig2NN9Q--1,correct,18,-76.24043946154416,5,-57.98382099159062
eabe1f38221a-65,correct,14,-47.38851069286466,4,-12.427511665970087
ozS8Mx8AdH8--2,correct,24,-91.19409871660173,10,-75.68730722926557
rZG7T9ujMEo--5,correct,24,-74.11023643612862,8,-46.794616267085075
cw1YIV30nQM--2,correct,10,-65.33357191085815,4,-50.38554525375366
MnCcM6PZrug--6,correct,39,-158.9960667565465,13,-129.40689256042242
MnCcM6PZrug--4,correct,23,-65.8052330724895,9,-53.01657497510314
K4eNr2k2Lls--16,correct,15,-57.052852645516396,10,-56.357357889413834
W4YzurwHpfw--14,correct,13,-35.776402436196804,4,-31.079439928755164
UBnqDwRds3A--18,correct,23,-103.73789720237255,10,-88.76345959305763
ZVE_KjrY_po--12,correct,19,-39.65746206045151,7,-22.048858173191547
IjeHLt1vNoM--6,correct,29,-122.03496998362243,11,-93.2937629353255
BESRE5mtipE--14,correct,11,-42.38837109878659,5,-26.392047319561243
9xc24mAlprE--12,correct,9,-21.685423009097576,5,-16.384586460888386
6U9AFGakrn0--1,correct,15,-58.97692736238241,5,-44.28032660484314
Lt5GAA6MIuM--14,correct,12,-47.1683199647814,5,-32.329154746606946
Zc2bgIDZ-Ks--76,correct,17,-37.52509652916342,3,-14.193439737893641
XcXCB---N9M--24,correct,17,-100.58648813515902,5,-69.0124020576477
9xc24mAlprE--9,correct,19,-46.14154284633696,6,-35.90531053580344
BESRE5mtipE--17,correct,20,-67.49424577504396,10,-57.72992445528507
MYGqMojGwBE--32,correct,14,-59.94243958592415,4,-50.902727633714676
Zc2bgIDZ-Ks--58,correct,37,-59.594107495388016,11,-34.232233786722645
zu_bd3r2GIA--5,correct,25,-111.29702175408602,4,-52.39473843574524
mjvqIq_fvRY--1,correct,18,-54.84877590276301,6,-39.63715293444693
NaXDBBT5pkw--1,correct,7,-13.410107780247927,2,-2.010086391121149
vyBaeFU8J_k--15,correct,28,-125.5321272648871,8,-102.22466662153602
vyBaeFU8J_k--21,correct,19,-80.8047865666449,8,-68.41029833629727
3Pk2c_Z4ahk--14,correct,12,-35.823981137014925,5,-25.242247209884226
ZVE_KjrY_po--23,correct,11,-49.62964379787445,3,-24.843147218227386
Lt5GAA6MIuM--11,correct,34,-139.51352362334728,15,-113.6362804248929
lPzmjeJmsXo--40,correct,12,-35.33362124860287,7,-22.71750508248806
lPzmjeJmsXo--11,correct,17,-89.86343031004071,6,-59.4991870932281
91GVHgxW8RA--18,correct,25,-81.2353894165717,8,-74.3721343553625
rZG7T9ujMEo--19,correct,21,-99.8841999117285,8,-73.41244864463806
36YV-IPiUXM--11,correct,31,-154.34506111219525,10,-129.37386709451675
Zc2bgIDZ-Ks--23,correct,30,-54.739993903785944,11,-42.42144436016679
3gKelnCwuj8--9,correct,17,-71.05865207873285,8,-63.57357926480472
BTqVQCBPUzg--53,correct,11,-60.423508644104004,5,-44.65483468770981
MYGqMojGwBE--86,correct,16,-61.19635385274887,6,-45.77064633369446
R6_v5nqXuGg--0,correct,23,-63.26153635233641,13,-63.21456031501293
lZarpnV0alw--4,correct,20,-123.54748197831213,6,-108.30701878108084
0kldzhToGLc--0,correct,21,-80.38489670446143,6,-73.0761401145719
Sqa3ig2NN9Q--8,correct,16,-35.1921131759882,4,-23.00015538185835
Rblg5TE6TI0--29,correct,28,-123.10044396668673,10,-85.5249218121171
nvfK4jQ7MH0--8,correct,21,-102.63521933741868,10,-83.1880550980568
fYxijWb0b_s--18,correct,15,-79.09476946294308,5,-61.36292099952698
HBQwzyxvkZA--267,correct,7,-32.24362540245056,2,-16.04726481437683
gp0w_zrLgfw--7,correct,29,-118.26033067703247,11,-64.70674838125706
3Pk2c_Z4ahk--20,correct,27,-100.01088008377701,8,-79.24512204620987
Zc2bgIDZ-Ks--39,correct,22,-39.62055704463273,7,-30.164017823524773
ZCBew8Fv0qA--7,correct,16,-74.39339792728424,4,-56.133150815963745
MYGqMojGwBE--26,correct,34,-167.34353082836606,7,-137.25491227209568
MYGqMojGwBE--36,correct,10,-40.38749635219574,4,-22.636722326278687
36YV-IPiUXM--17,correct,53,-247.91846364736557,14,-226.19808063283563
pMbMjjSj1fM--4,correct,18,-38.25058028846979,6,-30.114376585930586
809a3a5e02d1-27,correct,22,-134.81224991381168,6,-57.56274610757828
9xc24mAlprE--25,correct,14,-63.13875840604305,6,-43.71426510810852
0kldzhToGLc--9,correct,22,-90.65516097284853,9,-67.19066434539855
aDwdB7xHAOE--13,correct,17,-47.42619969998486,6,-37.90888955001719
wUH1dDbu9B4--18,correct,17,-73.25640324875712,7,-39.51474525779486
BO1ehFUMWEs--29,correct,34,-146.21384534984827,8,-92.89035445451736
mXq8axygjdE--48,correct,20,-49.890243634581566,7,-46.0729523897171
VwsRPJN7txM--7,correct,11,-32.44454234698787,5,-31.54327086964622
ZMsnY_khlNQ--6,correct,15,-72.74165257066488,6,-56.108181335031986
KHL0wkbu0-s--21,correct,12,-49.054481379687786,5,-26.71333272755146
mjvqIq_fvRY--15,correct,9,-30.44144193828106,5,-23.106435358524323
o44YnPMhwPU--6,correct,9,-48.10900741815567,4,-38.709094643592834
s_8IbRRsr0Q--11,correct,38,-152.75369365241204,11,-128.2090473073331
ZMsnY_khlNQ--4,correct,19,-52.51134303957224,8,-42.20923929288983
9b0136913690-50,correct,20,-77.2806487083435,6,-38.155244164168835
5QMD024bDYs--4,correct,19,-71.89374638721347,6,-45.8427917920053
MYGqMojGwBE--19,correct,10,-49.768135875463486,5,-48.62322400510311
UBnqDwRds3A--16,correct,21,-109.4968223720789,8,-56.170860543847084
q4RnudGCU18--23,correct,24,-86.28565639536828,8,-57.247507649473846
vyBaeFU8J_k--3,correct,14,-64.4608324021101,6,-39.17112836241722
jN2lbHzIneI--15,correct,23,-75.26441277842969,8,-46.66147320251912
W4YzurwHpfw--5,correct,13,-46.84691585600376,5,-37.196707516908646
3vCea9zWFek--3,correct,17,-36.83049330674112,5,-24.034027321264148
wwpptVjgAws--15,correct,47,-199.92954127816483,13,-161.8098605829291
DF4fto_X1Y4--13,correct,12,-28.52153579890728,4,-10.056316658854485
fulQKWknVhw--1,correct,21,-48.610483382828534,8,-42.183060307987034
hgaKby5Mha4--34,correct,21,-95.40507154166698,7,-75.93072783946991
48couwymlMM--15,correct,23,-68.68405821174383,7,-48.06113739311695
i4j5Bj2NL1c--3,correct,24,-97.3429311029613,11,-78.08562757074833
cw1YIV30nQM--6,correct,17,-73.29014927241951,7,-52.15121845994145
fqJW-F3WIYc--8,correct,12,-43.35398052725941,5,-31.50775540713221
HBQwzyxvkZA--316,correct,15,-53.477306202054024,6,-40.99551385641098
LvN9Dxq2iLY--200,correct,12,-77.82868283987045,5,-58.07684397697449
6MxCP_583q8_e4,correct,9,-52.963114224374294,4,-42.1848359555006
HBQwzyxvkZA--57,correct,21,-85.28760540299118,7,-60.08818772993982
yb7efY9x78U--15,correct,23,-81.66716949269176,7,-62.011504735797644
l9bZYazJQ1w--2,correct,9,-7.903998218476772,4,-6.441940099000931
3gKelnCwuj8--16,correct,16,-50.060047306120396,7,-36.34471744298935
lSLqIyupXrk--7,correct,11,-25.150599397718906,4,-15.900686383247375
HBQwzyxvkZA--230,correct,15,-40.31408332660794,5,-22.779422730207443
q4RnudGCU18--11,correct,10,-51.25919619202614,4,-37.37990754842758
AZ2s4Adm9RU--9,correct,14,-61.050614446401596,5,-37.716905385255814
MYGqMojGwBE--95,correct,18,-72.026587061584,9,-57.7696104682982
17OIKvJmrK8--11,correct,28,-122.26065958477557,9,-119.30823112465441
HBQwzyxvkZA--146,correct,20,-77.3361428976059,7,-63.483468145132065
HBQwzyxvkZA--77,correct,10,-28.706006780266762,3,-10.30365526676178
MYGqMojGwBE--235,correct,8,-33.00830382108688,3,-19.831578254699707
JqYder5vRP4--0,correct,11,-22.894034530967474,5,-15.874870266765356
eyqLkKS5Qkw--3,correct,16,-72.94534344226122,8,-57.81654050946236
48couwymlMM--24,correct,12,-32.85459650307894,5,-29.26926489174366
iGdg-iGlUFg--12,correct,19,-89.03081717900932,4,-61.31489574722946
K5lgB4YzOO0--4,correct,27,-118.09214566089213,9,-106.24669741280377
m3Mmtpr-jjA--34,correct,16,-28.615133692510426,9,-27.19907592702657
HBQwzyxvkZA--303,correct,16,-75.83641059882939,3,-51.022547259926796
Rblg5TE6TI0--19,correct,23,-122.56678511202335,12,-93.49709492176771
tDrI-9pSul0--6,correct,21,-84.94685912504792,9,-73.0146353840828
6_yO8Lc8Hd4--19,correct,11,-37.67197805643082,3,-12.722991466522217
faZQNy4aErk--51,correct,22,-68.43297227844596,8,-23.354699965566397
d5Lx_5-UiHY--85,correct,25,-94.73891924321651,10,-61.57285863161087
lSLqIyupXrk--2,correct,12,-38.28437877446413,6,-29.833546310663223
sktRu3sp97g--3,correct,15,-47.7547676935792,3,-10.757851004600525
MnCcM6PZrug--19,correct,36,-160.06937821395695,11,-113.97624404169619
DP1ly_MsHHQ--2,correct,20,-67.01942817494273,8,-35.36851413920522
mXq8axygjdE--65,correct,15,-42.845243602991104,5,-23.836187660694122
Rblg5TE6TI0--32,correct,12,-32.258454613387585,4,-21.688953138887882
4vfboqjtAXo_e3,correct,14,-53.319707710295916,4,-41.453479807823896
HBQwzyxvkZA--313,correct,21,-82.7389616817236,5,-66.33668699860573
vyBaeFU8J_k--5,correct,33,-130.76487171649933,8,-92.37256272882223
5QMD024bDYs--5,correct,15,-55.31154739111662,5,-34.73272463679314
3gKelnCwuj8--7,correct,16,-38.15733919572085,6,-26.189759234897792
ef52bca1a454-78,correct,16,-27.135760499164462,5,-18.640505073592067
4DhGy83DK_s--17,correct,28,-77.48312623728998,8,-39.772300756769255
mXq8axygjdE--64,correct,14,-53.6200003772974,5,-32.639281287789345
yAAWlkm-_KA--8,correct,24,-99.02139568328857,10,-61.99174873530865
BTqVQCBPUzg--81,correct,16,-82.22073291242123,7,-75.29314038157463
R6_v5nqXuGg--12,correct,22,-62.51156584080309,6,-40.459796010516584
iwYL-ivQm6o--7,correct,17,-54.197067776694894,6,-45.017048159614205
pMbMjjSj1fM--18,correct,14,-37.64265527296811,6,-36.25333578232676
aDwdB7xHAOE--2,correct,19,-71.03495781868696,4,-35.52448058128357
HBQwzyxvkZA--41,correct,15,-60.790601674467325,4,-30.355617705732584
LvN9Dxq2iLY--174,correct,20,-97.41442827880383,6,-87.55598776042461
faZQNy4aErk--55,correct,14,-46.74625441431999,7,-35.11191228032112
uY7i-Y8gxn8--5,correct,22,-66.25433534383774,6,-62.12676660716534
faZQNy4aErk--31,correct,18,-47.671367429196835,8,-30.973421946167946
HBQwzyxvkZA--130,correct,26,-71.874577306211,8,-60.34129273146391
5QMD024bDYs--16,correct,22,-83.10450264904648,8,-61.47238408122212
0bk98uIiTS8--41,correct,27,-104.54677154216915,11,-78.33521626982838
Kq5HfchSWv8--27,correct,18,-44.25000570528209,4,-35.17403485439718
kES_ZNjFKz8--15,correct,18,-65.0976994112134,4,-61.972957253456116
vZt56rnH8QQ--0,correct,16,-38.44185772910714,9,-21.88914803043008
n12WICGyBJ4--35,correct,15,-66.53879875689745,6,-48.80848067998886
MYGqMojGwBE--122,correct,10,-35.738744258880615,3,-17.247040033340454
lcBujGRLwE0--8,correct,29,-126.39830383658409,9,-75.0309671163559
ckGC5hUffDU--8,correct,18,-108.06602814793587,5,-97.76161321997643
jN2lbHzIneI--11,correct,38,-136.59026513248682,12,-112.49197131209075
MYGqMojGwBE--284,correct,16,-43.270968183875084,6,-28.60542345046997
aDwdB7xHAOE--6,correct,27,-114.09869841486216,9,-73.26042383164167
g4GfKC7z-2M--22,correct,19,-82.45140715688467,4,-55.919914454221725
XcXCB---N9M--6,correct,12,-28.336215294897556,5,-20.904041029512882
zu_bd3r2GIA--8,correct,16,-38.189863566309214,5,-23.55214238539338
u7wx4rUBg_k--8,correct,19,-79.79657200351357,9,-51.3509836345911
-X_zmve1y00--11,correct,14,-45.52394776046276,4,-20.22617992758751
DP1ly_MsHHQ--27,correct,34,-92.18597030849196,9,-68.99738984764554
MYGqMojGwBE--163,correct,13,-41.81844425201416,3,-23.498919665813446
HBQwzyxvkZA--191,correct,10,-20.169752650894225,3,-18.152905301190913
8E-llRXuhl0--14,correct,25,-104.72706298530102,8,-82.93031960725784
LvN9Dxq2iLY--130,correct,11,-39.42003098130226,4,-24.014190196990967
lcBujGRLwE0--12,correct,25,-116.18067871127278,8,-104.67213918361813
809a3a5e02d1-35,correct,17,-81.9990920200944,8,-64.47885170578957
myIXH3PjvoI--5,correct,25,-90.34761727415025,9,-63.16698989830911
ZCBew8Fv0qA--14,correct,15,-43.41116036940366,4,-20.34656794089824
jC6VuHNpTLM--22,correct,19,-61.73273560218513,6,-51.52395041845739
MYGqMojGwBE--241,correct,27,-108.3984114266932,6,-65.98533935472369
m-w_78fDg9M--7,correct,22,-96.68645410239697,7,-55.57739948481321
0kldzhToGLc--16,correct,15,-45.01451897621155,7,-27.665026545524597
vbq8QbOwOt4--0,correct,25,-98.14451378211379,13,-69.0908620916307
8w6k4jEJJlU--3,correct,11,-49.057241421192884,5,-36.684032898396254
eGkBCS1t9-E--16,correct,24,-86.88413032516837,8,-74.10534332320094
Rblg5TE6TI0--33,correct,26,-97.5381216481328,11,-76.42963867634535
0Z5d6D2vBbc--3,correct,12,-21.537955270148814,4,-16.64434336218983
ijrjSBx7WTc--53,correct,21,-34.161841705441475,5,-23.107528492808342
HBQwzyxvkZA--169,correct,17,-69.46841280162334,7,-50.164171040058136
LvN9Dxq2iLY--104,correct,7,-31.951661080121994,4,-26.11580538749695
vZt56rnH8QQ--9,correct,15,-52.1111786365509,7,-34.89384604990482
UBnqDwRds3A--12,correct,9,-49.63017529994249,2,-17.716958045959473
w_xCnJVyPYA_e3,correct,13,-29.59844385832548,3,-13.223527789115906
BESRE5mtipE--10,correct,14,-38.35186616331339,5,-16.30275572091341
eBj_HUu0CNw--7,correct,17,-37.500147216022015,6,-24.085852906107903
mXq8axygjdE--8,correct,9,-51.708221197128296,3,-32.076860547065735
jC6VuHNpTLM--10,correct,19,-90.90719366818666,8,-65.43465638160706
Rc99bcSdhak--15,correct,23,-82.58447984047234,8,-63.638708705082536
ef52bca1a454-75,correct,9,-27.802214808762074,5,-26.634411990642548
vbq8QbOwOt4--13,correct,23,-51.36113107501296,7,-51.15808190702228
vbq8QbOwOt4--5,correct,25,-100.00463838875294,5,-76.86194187402725
UBnqDwRds3A--15,correct,19,-85.52402825281024,6,-52.719868183135986
2B2z46vgaAA--19,correct,14,-48.629115637391806,5,-39.41335850954056
xnY08sy7Sqk--22,correct,21,-119.92823220789433,7,-102.49285604059696
lAFiWmUUHOg--15,correct,15,-55.894646195694804,5,-25.514513043686748
MYGqMojGwBE--65,correct,13,-30.178482301533222,6,-29.03302339464426
zu_bd3r2GIA--12,correct,17,-63.656470865011215,4,-41.94707986712456
9b0136913690-90,correct,15,-66.77039481699467,4,-45.086900129914284
fqJW-F3WIYc--18,correct,21,-95.82123454567045,9,-73.4762534564361
jLwvQ4URDFY--16,correct,9,-29.318183940835297,3,-14.594918859191239
BO1ehFUMWEs--37,correct,12,-44.96095747500658,3,-33.259128749370575
fYxijWb0b_s--5,correct,12,-49.618482172489166,4,-45.74672222137451
6_yO8Lc8Hd4--3,correct,36,-145.91470699198544,14,-110.52207225747406
17OIKvJmrK8--7,correct,16,-69.40030360221863,7,-45.96845795959234
iGdg-iGlUFg--7,correct,20,-69.64490063861012,8,-49.175027303397655
ZMsnY_khlNQ--11,correct,29,-103.80293352156878,8,-86.5026980638504
-X_zmve1y00--9,correct,17,-82.81301913037896,6,-46.98496809974313
fqJW-F3WIYc--11,correct,28,-85.48863112460822,7,-52.43916083034128
Lt5GAA6MIuM--27,correct,21,-75.11886957660317,7,-49.16747306287289
tDrI-9pSul0--9,correct,24,-78.44548458256759,8,-69.38688733824529
maCRL8WG0GQ--9,correct,18,-52.92751994263381,8,-34.75512716174126
HBQwzyxvkZA--179,correct,13,-42.67921055853367,4,-25.917153790593147
C6CIPVno_yQ--10,correct,22,-89.69178409129381,7,-42.40306258201599
dkavvNigK7s--13,correct,29,-134.1755780428648,12,-107.30162285268307
9bqfEh7BD3c--2,correct,27,-112.73475781455636,9,-74.64451579377055
spDHZsNp4RA_d,correct,22,-121.77927780151367,8,-103.02495169639587
KI0avgGkWiU--9,correct,23,-55.747409626841545,6,-43.50147508084774
jLwvQ4URDFY--27,correct,36,-130.13141770055518,10,-94.40953137446195
BO1ehFUMWEs--30,correct,37,-226.17397589981556,11,-145.22659182548523
lPzmjeJmsXo--31,correct,21,-78.11658500228077,7,-46.41916395816952
vyBaeFU8J_k--8,correct,11,-26.018132247030735,4,-15.720769211649895
BESRE5mtipE--19,correct,21,-71.71858035959303,8,-46.912200981751084
NDYHcIF50eE--0,correct,33,-100.63913188036531,15,-69.81724321004003
MYGqMojGwBE--109,correct,20,-119.51872023940086,9,-102.02437171339989
9b0136913690-8,correct,17,-50.32122313603759,4,-37.345561880618334
_T-35xhqSkE--11,correct,17,-70.8301108609885,3,-59.08431847207248
myIXH3PjvoI--37,correct,11,-29.34735826123506,3,-22.69721241760999
ozS8Mx8AdH8--13,correct,21,-68.52242697449401,6,-47.50541036995128
NDYHcIF50eE--3,correct,26,-93.08289911225438,12,-77.19961937144399
809a3a5e02d1-19,correct,16,-54.5178815163672,7,-34.342009991407394
rYcw__0tDhw--17,correct,21,-62.92226873897016,4,-27.702434027567506
HBQwzyxvkZA--311,correct,16,-37.43919680081308,4,-28.695476626977324
HBQwzyxvkZA--236,correct,14,-53.80114483833313,3,-32.04684615135193
wUH1dDbu9B4--29,correct,18,-80.88752689957619,8,-69.65640888363123
l9bZYazJQ1w--18,correct,23,-110.95888205990195,6,-75.1441936083138
faZQNy4aErk--76,correct,28,-65.44696113880491,6,-44.58842837851262
dkavvNigK7s--14,correct,17,-53.74663049355149,6,-28.59497283771634
YsuSHJ3klEs--14,correct,17,-35.70079456269741,6,-20.88667167723179
MYGqMojGwBE--38,correct,21,-100.21819042786956,6,-52.50069456920028
dPuKX_lM4Zc--107,correct,12,-40.77947837859392,3,-28.194685459136963
OJxSniCPUpI--9,correct,17,-37.22740329056978,4,-34.45655708014965
CRJSZ2e7BU0--10,correct,17,-61.752831660211086,7,-36.55563347786665
MYGqMojGwBE--128,correct,16,-61.87475025653839,5,-30.413683891296387
myIXH3PjvoI--47,correct,18,-73.2701378557831,4,-55.904669711366296
cw1YIV30nQM--22,correct,17,-63.39945154078305,4,-48.254927607253194
KmW8f1GVTYY--10,correct,13,-40.147175163030624,6,-34.639588356018066
ijrjSBx7WTc--67,correct,24,-94.13886679708958,7,-77.16931660473347
gXa0qcoWrsQ--4,correct,13,-20.355351199163124,3,-15.188918073428795
Zc2bgIDZ-Ks--45,correct,36,-54.48539349809289,12,-38.559927608817816
36YV-IPiUXM--10,correct,39,-170.90137705858797,11,-120.234534884803
36YV-IPiUXM--8,correct,32,-124.89268069993705,10,-102.59926139097661
HBQwzyxvkZA--320,correct,16,-80.58393435180187,5,-55.2703183144331
QiJgNpX3zN0--1,correct,12,-37.17596320062876,4,-30.59165893122554
U5Tq9r7saZU--15,correct,31,-113.35029403923545,13,-86.50658381043468
pMbMjjSj1fM--11,correct,16,-65.53709521889687,7,-45.798763692379
oPITLi0VKh8--20,correct,17,-48.3905813684687,4,-14.538018113933504
ci_iGsLDZ9w_e1,correct,18,-80.04361023008823,5,-71.81305578351021
NDYHcIF50eE--16,correct,32,-95.14816779503599,9,-72.1133878515102
KmW8f1GVTYY--15,correct,16,-67.76169523596764,6,-46.81777212023735
ci_iGsLDZ9w_d,correct,8,-53.938299745321274,3,-32.74966248869896
6OlSDCcwM10--25,correct,12,-47.940983071923256,3,-33.746139243245125
8w6k4jEJJlU--0,correct,20,-50.684479819610715,6,-30.94134528376162
myIXH3PjvoI--97,correct,17,-72.94134256243706,6,-56.287379294633865
9b0136913690-12,correct,8,-33.22824318706989,2,-19.041025161743164
91GVHgxW8RA--7,correct,33,-132.5984915816225,11,-108.93216571444646
eabe1f38221a-36,correct,10,-25.742438852787018,3,-11.821382761001587
6_yO8Lc8Hd4--2,correct,17,-82.34837763756514,7,-35.09018760919571
KmW8f1GVTYY--46,correct,12,-31.210504580289125,4,-24.49322334304452
9bqfEh7BD3c--13,correct,18,-69.56159304082394,5,-58.26846928149462
VwsRPJN7txM--9,correct,18,-55.57038966566324,6,-44.475635044276714
QXsIVtanWdw--5,correct,9,-14.411391578614712,3,-7.1792250126600266
S9ymb66ZqqY--8,correct,11,-45.177523612976074,5,-34.887043595314026
LvN9Dxq2iLY--33,correct,12,-42.45398974046111,5,-39.42637212201953
K4eNr2k2Lls--21,correct,21,-75.49318115785718,8,-69.67540745064616
wSEeoT9BqE0--21,correct,34,-120.72244678810239,9,-96.31454281136394
LvN9Dxq2iLY--12,correct,16,-63.29120256006718,4,-44.825416296720505
faZQNy4aErk--6,correct,14,-39.5471313893795,5,-30.175734668970108
WabgM-SmPzU_e1,correct,12,-43.11032024025917,4,-38.02552245557308
wmTrG799MAo--12,correct,17,-42.793025992810726,6,-13.73569106310606
i4j5Bj2NL1c--13,correct,14,-65.17666510795243,5,-55.801998670445755
nvfK4jQ7MH0--3,correct,22,-119.9065816886723,7,-111.49270151183009
ojYFIliNLGI--0,correct,23,-71.30800990847638,8,-50.34532824991038
HBQwzyxvkZA--203,correct,12,-55.402409084141254,6,-45.38951352238655
vZt56rnH8QQ--1,correct,11,-30.86753927730024,5,-28.606773138046265
NaXDBBT5pkw--17,correct,16,-55.21341402083635,5,-37.55300098657608
9bqfEh7BD3c--23,correct,20,-59.119173888117075,9,-36.475632298737764
eyqLkKS5Qkw--20,correct,12,-43.57969852536917,5,-35.291038513183594
vbq8QbOwOt4--14,correct,26,-89.04086912795901,13,-66.46920817345381
faZQNy4aErk--25,correct,13,-56.06659825099632,2,-48.84687837958336
s_8IbRRsr0Q--13,correct,12,-48.01152737624943,6,-36.56402610428631
lcBujGRLwE0--7,correct,25,-113.91847872408107,7,-70.76051733875647
CAzt5cxtSjQ--17,correct,15,-55.973369140177965,4,-28.963624391704798
m3Mmtpr-jjA--22,correct,9,-26.749230183660984,4,-19.921606481075287
9b0136913690-67,correct,8,-41.01985377073288,1,-9.773210525512695
HBQwzyxvkZA--34,correct,14,-64.41348411142826,5,-51.02213799953461
HBQwzyxvkZA--151,correct,15,-65.5395132638514,6,-56.4004148170352
ozS8Mx8AdH8--14,correct,25,-102.37441577389836,9,-80.82059206441045
AZ2s4Adm9RU--14,correct,14,-64.55756597220898,3,-36.731352880597115
KmW8f1GVTYY--48,correct,12,-49.29135758429766,6,-33.81512387096882
dPuKX_lM4Zc--103,correct,10,-25.996308505535126,3,-19.344756603240967
OEM3CR-HYmk--22,correct,16,-52.33945897221565,3,-37.013989612460136
lcBujGRLwE0--11,correct,28,-129.1927642133087,9,-122.59588108025491
d5Lx_5-UiHY--101,correct,8,-23.35555274784565,1,-8.217393331229687
vZt56rnH8QQ--8,correct,27,-83.03086734563112,12,-41.744990192353725
BO1ehFUMWEs--7,correct,18,-66.06456704437733,6,-53.30494183301926
HBQwzyxvkZA--99,correct,11,-24.342111652716994,5,-23.27018367871642
s_8IbRRsr0Q--22,correct,13,-63.485882975161076,5,-43.740051321685314
fvHtYcL913U--15,correct,13,-29.5919285453856,5,-15.753813624382019
sktRu3sp97g--2,correct,11,-37.51384638249874,6,-25.746485501527786
BO1ehFUMWEs--10,correct,27,-130.90539764845744,6,-107.10744628543034
lSLqIyupXrk--18,correct,23,-94.36068879067898,8,-73.81976618617773
xFEQrtosric--9,correct,9,-22.979727193713188,4,-19.18262466788292
ef52bca1a454-29,correct,10,-25.611487589776516,3,-16.96730826795101
q4RnudGCU18--28,correct,30,-153.25623631477356,14,-99.32892090082169
HBQwzyxvkZA--93,correct,15,-63.04900008440018,6,-41.58500552177429
ijrjSBx7WTc--51,correct,20,-33.824908841867,7,-27.952634808141738
U5Tq9r7saZU--13,correct,33,-135.88902232423425,11,-117.06253561750054
d5Lx_5-UiHY--73,correct,11,-21.874915532767773,3,-13.15578681230545
s_8IbRRsr0Q--25,correct,19,-61.109783217310905,7,-35.1361059397459
LvN9Dxq2iLY--17,correct,13,-42.91632553189993,3,-31.641420274972916
lcBujGRLwE0--19,correct,31,-160.5054696649313,12,-129.61789213120937
9bqfEh7BD3c--18,correct,12,-41.97993639856577,4,-22.857567489147186
iwYL-ivQm6o--16,correct,20,-70.37162889912724,5,-41.63130413368344
myIXH3PjvoI--115,correct,16,-71.6021316125989,7,-51.78243362903595
gXa0qcoWrsQ--23,correct,23,-60.40221867512446,6,-39.84685610036831
hYNyIXYmoYs--0,correct,14,-79.84254479408264,5,-68.16284608840942
40BjLI5XtJE--1,correct,12,-46.29893995076418,5,-29.37177813798189
Zc2bgIDZ-Ks--28,correct,16,-42.23404858633876,6,-41.38002937659621
vbq8QbOwOt4--18,correct,21,-65.29179814085364,8,-32.35765705630183
fulQKWknVhw--25,correct,23,-74.19859944237396,7,-39.7220963682048
n12WICGyBJ4--17,correct,11,-71.431216776371,5,-61.797474443912506
OEM3CR-HYmk--8,correct,9,-40.865678787231445,3,-15.132863759994507
6OlSDCcwM10--0,correct,14,-28.19483939744532,4,-6.8187315836548805
K4eNr2k2Lls--31,correct,18,-64.95462821982801,7,-35.49869044683874
8DmlFztO2XM--4,correct,22,-79.37329436838627,7,-60.71876306831837
gXa0qcoWrsQ--1,correct,29,-119.61198642104864,8,-99.97175970673561
6_yO8Lc8Hd4--18,correct,33,-93.63649662979878,7,-40.74471499049105
dPuKX_lM4Zc--81,correct,19,-57.289026498794556,6,-28.117546372115612
egjhIFJbR2I--1,correct,17,-42.03328482527286,5,-41.65406189579517
3vCea9zWFek--8,correct,15,-27.040856447885744,4,-17.115492735872976
2B2z46vgaAA--25,correct,9,-19.36685522645712,4,-18.124801754951477
QiGhWfjM2FI--29,correct,13,-66.62076316773891,6,-50.72930949926376
wefigjf46u4--7,correct,22,-86.49690869450569,9,-47.25042298436165
MYGqMojGwBE--188,correct,10,-26.978145400062203,4,-21.627035001292825
Kq5HfchSWv8--3,correct,10,-30.266978268511593,3,-17.549748782999814
5n_IGU5rYYk--31,correct,24,-91.0861584879458,11,-65.99654327705503
HBQwzyxvkZA--43,correct,13,-55.10438444465399,4,-26.40179719775915
7byz3fdI-Ss--10,correct,16,-29.33379896590486,5,-14.2250876002945
mjvqIq_fvRY--2,correct,20,-68.71395296230912,8,-39.32055588811636
Lt5GAA6MIuM--8,correct,19,-78.35024401545525,5,-44.102154701948166
uR-nzhB6D8g--11,correct,13,-47.08111131936312,5,-39.01377311348915
vyBaeFU8J_k--16,correct,25,-79.79132346622646,6,-33.74329942278564
myIXH3PjvoI--85,correct,21,-110.6267710160464,7,-86.1047221403569
gW1N-ttBBTo--2,correct,9,-18.82460992783308,2,-7.487799882888794
K4eNr2k2Lls--30,correct,29,-118.44366393983364,9,-107.43286913633347
s_8IbRRsr0Q--20,correct,21,-44.85124107636511,10,-40.01125684566796
rZG7T9ujMEo--13,correct,12,-44.50493981875479,4,-40.76918661408126
_IyhoG9jXuM--1,correct,17,-36.552140241721645,8,-29.61457666591741
6OlSDCcwM10--15,correct,18,-57.71387159451842,7,-51.935852283611894
OtlvzXZG_Uk_e1,correct,15,-77.18174692988396,4,-55.757945001125336
iwYL-ivQm6o--8,correct,9,-22.616272315382957,4,-10.04112458229065
Lt5GAA6MIuM--4,correct,25,-119.51597739756107,8,-93.02110479772091
mDUCHJerTtE--6,correct,23,-97.39026942849159,8,-77.07683765143156
BTqVQCBPUzg--107,correct,21,-91.20790791511536,8,-68.11988830566406
80Cx4CH-AVI--17,correct,8,-20.52682060794905,6,-9.995620199013501
0Z5d6D2vBbc--11,correct,35,-179.4508465535473,13,-137.44041258911602
BTqVQCBPUzg--110,correct,8,-43.33740532398224,3,-32.082277059555054
lZarpnV0alw--14,correct,11,-50.4993571639061,4,-28.411347150802612
mjvqIq_fvRY--22,correct,20,-87.77600102871656,9,-60.38429057598114
g4GfKC7z-2M--7,correct,20,-91.76133808493614,7,-76.5085503757
gp0w_zrLgfw--17,correct,29,-92.32049638475291,10,-61.212715287460014
UBnqDwRds3A--8,correct,25,-92.61588982213289,7,-46.94869363773614
MYGqMojGwBE--219,correct,10,-52.45297062397003,4,-26.09230327606201
809a3a5e02d1-116,correct,9,-24.554594948887825,3,-16.166522830724716
ckGC5hUffDU--5,correct,15,-37.40953554213047,5,-14.48687170445919
faZQNy4aErk--18,correct,23,-122.80687676370144,7,-122.58150599896908
uYaUCNl1j10--8,correct,25,-81.19521459192038,10,-56.77758179605007
jN2lbHzIneI--4,correct,31,-138.07596946507692,10,-118.79399262368679
LvN9Dxq2iLY--86,correct,12,-65.57205274701118,2,-46.179237723350525
Zc2bgIDZ-Ks--85,correct,25,-85.32664630562067,6,-60.12013599276543
m3Mmtpr-jjA--38,correct,26,-99.63272122154012,11,-91.27612943807617
q4RnudGCU18--13,correct,26,-84.05302442237735,9,-55.1137738712132
aDwdB7xHAOE--5,correct,15,-52.38746785372496,4,-46.92666634917259
s_8IbRRsr0Q--8,correct,8,-25.000853031873703,2,-14.267633438110352
C-cgPb_N2dY--3,correct,12,-23.91395448707044,6,-16.80027593486011
sktRu3sp97g--11,correct,19,-61.30384500697255,7,-47.1303522773087
4DhGy83DK_s--13,correct,17,-45.524999829009175,5,-35.03834557533264
MYGqMojGwBE--182,correct,18,-90.69363081455231,7,-56.010895133018494
l9bZYazJQ1w--16,correct,12,-56.679697558283806,5,-28.37384706735611
Xmm9ZyMy12g--8,correct,16,-54.422500520944595,4,-48.9644018933177
C6CIPVno_yQ--20,correct,22,-105.03429056983441,9,-89.65752183366567
DF4fto_X1Y4--2,correct,14,-41.477201187983155,5,-30.990109572187066
HBQwzyxvkZA--100,correct,12,-25.923957565799356,2,-6.253875996917486
dkavvNigK7s--30,correct,14,-56.66497919335961,6,-41.91843483224511
4DhGy83DK_s--35,correct,28,-70.37983610213269,6,-25.989640852087177
ZVE_KjrY_po--8,correct,23,-73.32207135576755,9,-51.06442913133651
lPzmjeJmsXo--14,correct,27,-110.17375929025002,10,-85.98101220396347
d5Lx_5-UiHY--36,correct,12,-52.10288763046265,4,-17.693886041641235
xFEQrtosric--2,correct,26,-112.03078930079937,9,-105.1830990947783
MYGqMojGwBE--215,correct,15,-59.36259268224239,6,-27.21879433095455
6_yO8Lc8Hd4--6,correct,29,-99.37650722637773,10,-82.52707837149501
vbq8QbOwOt4--1,correct,16,-42.383094197139144,6,-18.457176104187965
5n_IGU5rYYk--2,correct,20,-64.26814052299596,8,-48.95409285114147
ZMsnY_khlNQ--15,correct,9,-23.907252207398415,2,-9.117486476898193
myIXH3PjvoI--4,correct,14,-31.02598435431719,6,-18.34598545730114
q4RnudGCU18--26,correct,28,-98.38885631226003,10,-83.09469494782388
HBQwzyxvkZA--165,correct,12,-41.81729617295787,4,-38.33776321588084
o9DARfrZg2o--1,correct,21,-68.93738609179854,8,-47.49018260836601
uR-nzhB6D8g--1,correct,16,-28.054931182414293,6,-13.834642723202705
RIwfym39VVM_e3,correct,21,-107.02364717423916,6,-72.62788120657206
wwpptVjgAws--0,correct,29,-55.15265663759783,13,-46.04821424977854
9b0136913690-52,correct,14,-71.5310865715146,3,-36.89247493445873
Lt5GAA6MIuM--17,correct,22,-94.7680014334619,10,-74.80499217286706
klepEQSaeIk--1,correct,36,-127.34781651105732,11,-91.5870836591348
Lt5GAA6MIuM--28,correct,13,-48.45276018418372,4,-34.43791410513222
ef52bca1a454-8,correct,13,-56.22785270214081,6,-32.71785855293274
jLwvQ4URDFY--14,correct,34,-114.98574924934655,10,-90.18115828651935
LvN9Dxq2iLY--82,correct,14,-47.894795678555965,4,-29.9987912774086
iwYL-ivQm6o--11,correct,14,-42.61174435913563,4,-22.738049149513245
9b0136913690-59,correct,16,-87.48328859359026,4,-82.14410495758057
KmW8f1GVTYY--33,correct,13,-44.21992841362953,5,-38.93793359398842
NDYHcIF50eE--11,correct,20,-72.85840240865946,3,-48.51610544323921
MYGqMojGwBE--279,correct,9,-22.61158518306911,5,-21.687187952920794
tDrI-9pSul0--10,correct,29,-193.20405131578445,10,-175.77608728408813
5n_IGU5rYYk--32,correct,31,-99.46356238191947,7,-34.40933230286464
ijrjSBx7WTc--23,correct,26,-98.41405856609344,9,-60.09886895120144
a8zp7ivHwBU--4,correct,18,-48.69766518473625,6,-42.83409406244755
9bqfEh7BD3c--24,correct,18,-82.40714246872813,5,-68.20883035007864
U5Tq9r7saZU--29,correct,21,-76.8021923750639,11,-59.30461799353361
wSEeoT9BqE0--14,correct,27,-100.55814922600985,8,-78.23057106137276
QiGhWfjM2FI--9,correct,24,-59.07304789684713,11,-50.29954776726663
809a3a5e02d1-64,correct,14,-63.57002640888095,4,-46.60948309674859
ckGC5hUffDU--6,correct,26,-98.95174237014726,6,-71.07150657707825
o44YnPMhwPU--36,correct,22,-60.48731932789087,11,-51.335200786590576
HBQwzyxvkZA--193,correct,9,-19.138537295162678,4,-15.077734775841236
Kq5HfchSWv8--36,correct,16,-39.556940112262964,4,-21.82100633904338
ZCBew8Fv0qA--3,correct,13,-39.508883792907,3,-21.602607239037752
91GVHgxW8RA--33,correct,22,-58.73759588971734,6,-25.728702023625374
MYGqMojGwBE--211,correct,13,-63.50091052055359,7,-45.07256889343262
hgaKby5Mha4--28,correct,25,-106.85174196399748,8,-50.816423961892724
-X_zmve1y00--1,correct,12,-23.624994046986103,3,-13.959573663771152
hgaKby5Mha4--1,correct,23,-75.84575425088406,8,-56.02858956903219
BO1ehFUMWEs--1,correct,21,-112.57469958811998,6,-96.54113298654556
OEM3CR-HYmk--3,correct,12,-58.528392255306244,3,-31.500426471233368
R6_v5nqXuGg--5,correct,18,-43.89038857072592,6,-35.04934361949563
rZG7T9ujMEo--2,correct,14,-79.74931195750833,6,-65.6611168384552
HBQwzyxvkZA--143,correct,9,-17.033177482895553,4,-15.257205694913864
HBQwzyxvkZA--319,correct,22,-110.39006964117289,7,-83.83613085746765
3vCea9zWFek--39,correct,23,-98.934590280056,9,-64.90510234236717
tDrI-9pSul0--11,correct,12,-52.05067602545023,6,-44.51924678683281
kxz4AA9lNmY_e4,correct,17,-65.23428976535797,4,-56.54598788917065
zu_bd3r2GIA--28,correct,14,-53.510729348286986,5,-46.787388330325484
Xmm9ZyMy12g--13,correct,22,-97.41837084293365,6,-73.64185120165348
NTc0m4Q1-xU--0,correct,17,-59.44952476024628,7,-45.11297035217285
9xc24mAlprE--14,correct,23,-64.63510881736875,9,-50.434109166264534
Rc99bcSdhak--5,correct,37,-141.476172786206,11,-112.55479726940393
HBQwzyxvkZA--286,correct,24,-124.38482375815511,10,-87.4097327888012
Zc2bgIDZ-Ks--79,correct,15,-37.62896497931797,4,-20.228337515261956
wefigjf46u4--10,correct,8,-37.15255343914032,2,-15.16916286945343
wSEeoT9BqE0--2,correct,20,-32.45882943389006,7,-27.45347867277451
o9DARfrZg2o--0,correct,21,-69.15101351216435,7,-65.44526009634137
DP1ly_MsHHQ--15,correct,30,-92.05940701416694,7,-64.37203310034238
C-cgPb_N2dY--16,correct,21,-58.930327309761196,7,-32.026715403888375
6U9AFGakrn0--5,correct,14,-34.14844123274088,4,-13.594608306884766
0kldzhToGLc--15,correct,10,-25.1320169121027,3,-10.384198799729347
oyWhLo5brto--1,correct,21,-62.052471466362476,9,-34.8593877106905
bqE5C2tmc9c--13,correct,14,-44.61023214459419,6,-29.96364465355873
ijrjSBx7WTc--32,correct,21,-41.167287830263376,7,-32.453611586242914
MYGqMojGwBE--149,correct,17,-60.17584868147969,3,-33.041762072592974
n12WICGyBJ4--43,correct,17,-64.54779997654259,6,-61.48405417613685
Zc2bgIDZ-Ks--43,correct,19,-85.17534866929054,4,-38.30633607506752
IjeHLt1vNoM--9,correct,20,-88.37299418449402,6,-53.311808586120605
rYcw__0tDhw--1,correct,33,-82.59504706901498,8,-61.15581999463029
Sqa3ig2NN9Q--4,correct,14,-75.20290908962488,5,-63.874502547085285
IjeHLt1vNoM--17,correct,15,-52.67984411865473,5,-28.590878047049046
9b0136913690-70,correct,12,-56.26340814679861,3,-34.1127245426178
Kq5HfchSWv8--28,correct,15,-31.988642794429325,4,-20.180959840654396
ojYFIliNLGI--9,correct,16,-50.49126745760441,6,-26.794743537902832
m3Mmtpr-jjA--30,correct,23,-67.08659851923585,9,-54.06012775376439
6u-ZspWSpwE--14,correct,17,-70.46538336575031,6,-52.91129321604967
HBQwzyxvkZA--111,correct,13,-60.7736988812685,5,-46.242637634277344
xFJw5GMtlCk--4,correct,8,-23.606031194329262,1,-1.1694319248199463
U5Tq9r7saZU--18,correct,18,-61.313072342425585,5,-49.4075049944222
QiJgNpX3zN0--17,correct,11,-52.39806575328112,4,-35.86883112043142
9bqfEh7BD3c--9,correct,19,-64.29817654937506,7,-50.04037498682737
5n_IGU5rYYk--17,correct,31,-97.97898507490754,11,-61.48901220783591
kES_ZNjFKz8--18,correct,12,-28.42682345956564,4,-16.134794242680073
nvfK4jQ7MH0--19,correct,12,-36.585248559713364,3,-24.375296242535114
LvN9Dxq2iLY--71,correct,26,-71.22399216610938,6,-33.858668443746865
aDwdB7xHAOE--8,correct,19,-78.04788130521774,9,-55.42055405676365
HBQwzyxvkZA--1,correct,10,-25.488500050269067,2,-9.86068110819906
gW1N-ttBBTo--6,correct,30,-117.7401265008375,9,-97.80202849954367
ef52bca1a454-57,correct,17,-32.69791676104069,5,-11.35340827703476
_r1S90f_nsM--13,correct,13,-48.605741545557976,4,-15.861891716718674
Xmm9ZyMy12g--12,correct,16,-31.886161843314767,3,-20.81852938234806
fulQKWknVhw--29,correct,34,-139.71101205796003,12,-115.64586643874645
BTqVQCBPUzg--116,correct,10,-50.40846574213356,2,-22.86679422762245
Zc2bgIDZ-Ks--9,correct,16,-20.468812345527112,4,-6.929882480762899
eBj_HUu0CNw--22,correct,13,-44.26958642527461,5,-32.113990534096956
K4eNr2k2Lls--33,correct,29,-123.40864386409521,10,-110.30877149105072
jMdxYlvrkbk--10,correct,24,-99.23432717099786,9,-80.11073633655906
jLwvQ4URDFY--3,correct,28,-115.63660228997469,14,-90.31747101992369
R6_v5nqXuGg--14,correct,18,-83.17736637592316,7,-71.63221788406372
Sqa3ig2NN9Q--25,correct,20,-111.26621786877513,3,-74.13406502082944
gW1N-ttBBTo--10,correct,37,-135.55988657660782,12,-109.55450330115855
cw1YIV30nQM--20,correct,21,-99.59209617972374,7,-68.0134437084198
BESRE5mtipE--1,correct,20,-58.050577856600285,5,-41.048905059695244
KHL0wkbu0-s--8,correct,24,-85.84460983425379,9,-56.84602132439613
eGkBCS1t9-E--20,correct,22,-77.46338557451963,5,-57.47105270624161
EIwWHTO5rZw--14,correct,13,-29.94202644377947,4,-8.826126515865326
eBj_HUu0CNw--24,correct,17,-64.60399994254112,6,-42.01142239570618
gXa0qcoWrsQ--12,correct,21,-63.2352589679067,6,-49.0849492115085
80Cx4CH-AVI--8,correct,21,-97.33105806261301,6,-75.24601993709803
ckGC5hUffDU--2,correct,19,-76.75734182819724,5,-75.41281807422638
K5lgB4YzOO0--6,correct,19,-51.65558125684038,5,-35.41857225308195
-X_zmve1y00--12,correct,18,-60.07176852598786,8,-46.83461394906044
xFEQrtosric--7,correct,25,-74.89287727873307,10,-69.55184732179623
HBQwzyxvkZA--121,correct,22,-86.00237700343132,7,-62.57664503157139
bOZ_Lap5FNA--11,correct,19,-62.50112458318472,9,-40.69412702322006
rYcw__0tDhw--2,correct,21,-90.75024243816733,8,-58.85116454958916
xFJw5GMtlCk--10,correct,24,-74.88930010108743,7,-50.874532295856625
9b0136913690-106,correct,8,-25.22172635793686,3,-16.242203414440155
rZG7T9ujMEo--21,correct,9,-20.852935038506985,2,-9.773298025131226
mXq8axygjdE--51,correct,36,-32.748720198404044,15,-20.87568888021633
m-w_78fDg9M--18,correct,17,-62.174902997910976,4,-38.568672589957714
XcXCB---N9M--3,correct,20,-97.6539001390338,6,-62.08013079315424
K4eNr2k2Lls--2,correct,16,-29.975472149439156,6,-25.64938896149397
BTqVQCBPUzg--154,correct,8,-29.625717390328646,3,-21.94627546146512
Zc2bgIDZ-Ks--60,correct,17,-16.071470993105322,6,-11.546230709645897
gW1N-ttBBTo--7,correct,28,-134.09129762277007,10,-122.53607387840748
0bk98uIiTS8--32,correct,30,-99.12016642862,12,-90.63148800306953
BTqVQCBPUzg--148,correct,12,-70.84512892365456,6,-53.24414682388306
lAFiWmUUHOg--25,correct,27,-90.94147313776193,6,-63.7321805471438
bGqx2eKgdB0_e4,correct,10,-41.45724896341562,3,-33.65878748893738
ZVE_KjrY_po--21,correct,8,-35.63892287015915,2,-20.487706124782562
BTqVQCBPUzg--34,correct,13,-51.05425791442394,4,-37.77797628939152
XcXCB---N9M--20,correct,30,-129.14887774921954,8,-89.01809692569077
o9DARfrZg2o--9,correct,13,-22.151695041917264,3,-8.623369336128235
HBQwzyxvkZA--228,correct,13,-48.282719030976295,4,-38.61306408047676
80Cx4CH-AVI--2,correct,29,-89.944510884583,11,-71.64961272478104
Zc2bgIDZ-Ks--12,correct,11,-28.397906713187695,3,-5.532817766070366
vbq8QbOwOt4--7,correct,17,-38.938802510499954,6,-26.2320727519691
HBQwzyxvkZA--291,correct,31,-114.91766986902803,9,-85.15407408773899
i4j5Bj2NL1c--9,correct,19,-68.92582686245441,6,-44.42289416491985
5QMD024bDYs--8,correct,21,-63.4595814072527,6,-49.114728549961
faZQNy4aErk--44,correct,24,-126.7843745984137,9,-112.11156740784645
oPITLi0VKh8--18,correct,13,-44.844594452530146,5,-33.16437133401632
Xmm9ZyMy12g--14,correct,16,-49.79312436282635,5,-23.262468814849854
-X_zmve1y00--29,correct,11,-40.35248623788357,4,-36.70551189780235
HBQwzyxvkZA--278,correct,12,-54.58458945155144,5,-32.16081357002258
OEM3CR-HYmk--2,correct,13,-51.656947799026966,4,-41.43783540278673
1xJ_dkBcAIU--20,correct,20,-80.5285483263433,6,-61.321497831493616
IoifXQnhN4E--5,correct,9,-31.951632058247924,5,-23.345705872401595
jMdxYlvrkbk--6,correct,15,-69.44478169828653,5,-30.525675654411316
q4RnudGCU18--5,correct,22,-72.5614343304187,6,-53.37649399973452
lcBujGRLwE0--30,correct,25,-87.00047058798373,9,-64.56814778223634
egjhIFJbR2I--8,correct,16,-63.09414480626583,5,-43.460607044398785
oAhfJ8yB1j0--5,correct,27,-83.10449992120266,10,-74.64201559126377
klepEQSaeIk--15,correct,11,-27.847111843526363,6,-16.757750034332275
Rc99bcSdhak--27,correct,30,-123.11517219804227,10,-86.20211929641664
iwYL-ivQm6o--3,correct,29,-110.57744896411896,9,-77.64611847698689
MYGqMojGwBE--248,correct,24,-98.90793839097023,8,-69.76439642906189
mjvqIq_fvRY--12,correct,23,-79.36587978154421,6,-59.351733319461346
s_8IbRRsr0Q--1,correct,28,-111.92404274642467,8,-67.91514906287193
6OlSDCcwM10--2,correct,7,-16.806298399344087,2,-7.237288856878877
m3Mmtpr-jjA--44,correct,24,-94.74661909369752,6,-59.58826360432431
9b0136913690-31,correct,17,-64.16487342119217,5,-34.55443672835827
HBQwzyxvkZA--207,correct,13,-47.6522156894207,4,-32.66095119714737
Nv3WLYio7Lc--9,correct,17,-85.31112070381641,5,-62.306226789951324
Nv3WLYio7Lc--14,correct,11,-39.75135629577562,5,-27.580451174173504
hYNyIXYmoYs--2,correct,19,-42.46453313436359,8,-27.350873722694814
ef52bca1a454-69,correct,9,-36.46953313052654,3,-17.307971954345703
HBQwzyxvkZA--90,correct,11,-66.30109032988548,4,-41.3464375436306
C6CIPVno_yQ--21,correct,22,-91.87831122800708,8,-62.28367317840457
LvN9Dxq2iLY--26,correct,22,-163.6563292592764,7,-158.04328775405884
HBQwzyxvkZA--318,correct,18,-74.89537566900253,8,-57.4418665766716
zu_bd3r2GIA--30,correct,18,-52.129817582666874,7,-35.39954945445061
oAhfJ8yB1j0--3,correct,23,-91.81935818493366,6,-88.15782874822617
5n_IGU5rYYk--6,correct,17,-39.16060509905219,6,-21.409328922629356
nvfK4jQ7MH0--27,correct,17,-56.097163947764784,7,-45.770466479007155
kytITkHoyls--15,correct,21,-66.16349666938186,5,-40.348093915730715
dPuKX_lM4Zc--120,correct,31,-152.66151739284396,13,-86.5644854158163
5n_IGU5rYYk--3,correct,21,-69.73533910699189,7,-54.438388677313924
dPuKX_lM4Zc--129,correct,23,-89.60837582871318,9,-51.10633331537247
9xc24mAlprE--26,correct,18,-95.953359387815,5,-84.9690966680646
oyWhLo5brto--5,correct,21,-69.33400500193238,5,-37.268712658435106
ojYFIliNLGI--16,correct,37,-170.8631313070655,13,-132.3878477215767
LvN9Dxq2iLY--124,correct,18,-69.87495513958856,4,-31.122235558461398
lcBujGRLwE0--4,correct,34,-83.56142837018706,12,-65.8294527924154
wwpptVjgAws--7,correct,39,-190.91199762374163,10,-153.23584764450788
Kq5HfchSWv8--18,correct,16,-38.959867771714926,4,-18.88925765827298
mjvqIq_fvRY--6,correct,27,-103.24019653350115,10,-80.17941894382238
Nv3WLYio7Lc--13,correct,30,-112.7670269086957,7,-67.45148812234402
6_yO8Lc8Hd4--7,correct,14,-48.36013039946556,6,-40.783681094646454
0Z5d6D2vBbc--6,correct,17,-63.82416455447674,8,-43.58592055737972
80Cx4CH-AVI--11,correct,28,-99.58034120500088,9,-58.134092167019844
xFJw5GMtlCk--5,correct,24,-72.77891819737852,10,-34.94301348738372
9b0136913690-80,correct,17,-87.66001111268997,4,-34.023383140563965
AVb1VABiJJ8--9,correct,19,-66.64701019227505,7,-36.05465739220381
xFEQrtosric--4,correct,14,-40.91702372394502,4,-27.048731591552496
iGdg-iGlUFg--2,correct,42,-186.53480623662472,12,-136.18202784657478
wUH1dDbu9B4--26,correct,23,-123.99686070531607,6,-118.94466381520033
LvN9Dxq2iLY--101,correct,14,-59.516467213630676,4,-36.8541616499424
HBQwzyxvkZA--67,correct,9,-30.610479444265366,2,-13.084472462534904
QiGhWfjM2FI--1,correct,19,-68.40752428025007,9,-48.925070114433765
LvN9Dxq2iLY--168,correct,9,-18.809350922703743,4,-12.374982178211212
MYGqMojGwBE--2,correct,18,-67.66136932000518,8,-42.25925623998046
mjvqIq_fvRY--18,correct,14,-57.06668233126402,7,-41.284572809934616
m-w_78fDg9M--3,correct,17,-86.84811741858721,7,-66.3104956150055
8E-llRXuhl0--22,correct,20,-87.78670855797827,7,-76.33845757879317
lPzmjeJmsXo--2,correct,32,-85.57087543141097,13,-64.67340208869427
rYcw__0tDhw--10,correct,22,-114.36432553292252,6,-76.43604404316284
mXq8axygjdE--62,correct,9,-27.531128615140915,3,-13.523385405540466
AZ2s4Adm9RU--1,correct,28,-56.58885848894715,7,-13.12118849530816
CRJSZ2e7BU0--4,correct,25,-92.26748699927703,10,-68.06892628455535
HBQwzyxvkZA--272,correct,14,-73.7697076946497,5,-44.82473486661911
kES_ZNjFKz8--16,correct,21,-87.32889996166341,8,-77.33191448147409
MYGqMojGwBE--206,correct,13,-47.40885806083679,6,-34.45792472362518
glNqZ8w4iy8--5,correct,11,-16.6585593551863,3,-9.400726790772751
Rblg5TE6TI0--30,correct,34,-122.39862939761952,12,-85.53211322473362
809a3a5e02d1-77,correct,11,-44.85892727226019,4,-36.640853732824326
lSLqIyupXrk--5,correct,17,-89.6363186929375,7,-78.98067538626492
eabe1f38221a-48,correct,10,-30.891940984874964,3,-24.17175080254674
jLwvQ4URDFY--5,correct,11,-33.17753665149212,4,-24.329174667596817
m3Mmtpr-jjA--2,correct,11,-36.33876556903124,4,-34.71376830339432
HBQwzyxvkZA--155,correct,22,-74.39556605857797,7,-54.254551579477265
K5lgB4YzOO0--12,correct,15,-40.31513885036111,6,-34.303353890776634
Rblg5TE6TI0--1,correct,23,-60.6664709970355,7,-32.86866473034024
dkavvNigK7s--27,correct,27,-113.19045766163617,12,-98.87013534922153
NaXDBBT5pkw--3,correct,11,-9.459077921696007,4,-4.159648452885449
LvN9Dxq2iLY--164,correct,20,-70.55253943800926,8,-47.35342198610306
vZt56rnH8QQ--3,correct,11,-25.0813648737967,5,-24.6194283105433
mXq8axygjdE--67,correct,12,-42.208062526071444,4,-18.481418367708102
7byz3fdI-Ss--7,correct,18,-30.217724833637476,7,-23.03410129621625
dkavvNigK7s--9,correct,17,-70.93613542616367,6,-61.72708386182785
g4GfKC7z-2M--9,correct,19,-79.66600032150745,5,-73.37204261124134
6OlSDCcwM10--20,correct,16,-56.349300380796194,8,-50.372063640505075
KI0avgGkWiU--1,correct,23,-90.79679733514786,7,-62.668232396245
iwYL-ivQm6o--0,correct,7,-4.964205697178841,3,-1.7525167167186737
OEM3CR-HYmk--19,correct,18,-66.61307595297694,4,-51.478250708431005
6OlSDCcwM10--11,correct,17,-56.9966296851635,11,-40.78346203267574
e4rWudmfrfY--0,correct,9,-35.15599473938346,1,-11.747176170349121
o44YnPMhwPU--1,correct,11,-11.94721101410687,3,-8.954059915617108
l9bZYazJQ1w--7,wrong_length,20,-100.05723431427032,7,-62.201250397600234
9b0136913690-114,wrong_length,19,-92.94806914031506,5,-65.63482742011547
ZMsnY_khlNQ--12,wrong_length,21,-86.13313426077366,7,-51.2016836553812
809a3a5e02d1-67,wrong_length,12,-71.26883797347546,4,-59.42306423187256
DP1ly_MsHHQ--36,wrong_length,18,-94.64950686320662,7,-52.003671169281006
dPuKX_lM4Zc--118,wrong_length,31,-179.45366248302162,13,-115.60271422378719
wwpptVjgAws--20,wrong_length,40,-198.8238702006638,13,-144.0675562173128
48couwymlMM--18,wrong_length,19,-101.91309571638703,8,-75.68401795998216
809a3a5e02d1-108,wrong_length,11,-48.95457020401955,4,-30.808276146650314
4DhGy83DK_s--30,wrong_length,13,-71.01492626965046,5,-53.495200395584106
rZG7T9ujMEo--0,wrong_length,28,-128.05575761804357,13,-91.59369215229526
7byz3fdI-Ss--0,wrong_length,15,-51.392723893746734,6,-36.11505328677595
eabe1f38221a-18,wrong_length,31,-167.22563934512436,9,-84.37401464767754
0kldzhToGLc--6,wrong_length,22,-113.99879350140691,8,-90.38632795587182
pMbMjjSj1fM--17,wrong_length,18,-101.49506621807814,10,-80.47324615716934
MYGqMojGwBE--267,wrong_length,17,-100.66715241968632,3,-33.2794881016016
C-cgPb_N2dY--9,wrong_length,12,-45.02190264686942,3,-33.845234002918005
ef52bca1a454-22,wrong_length,12,-61.47113159298897,4,-44.42523968219757
fulQKWknVhw--7,wrong_length,19,-62.13251478783786,7,-51.740352584049106
ijrjSBx7WTc--84,wrong_length,8,-40.578038200736046,1,-7.485939025878906
oAhfJ8yB1j0--10,wrong_length,10,-45.23789343237877,2,-24.17417773604393
Zc2bgIDZ-Ks--72,wrong_length,12,-78.68874765187502,3,-29.54981243610382
mjvqIq_fvRY--11,wrong_length,19,-104.86476395279169,7,-86.45494130253792
IoifXQnhN4E--4,wrong_length,24,-99.88199391285889,8,-67.17798904399388
HBQwzyxvkZA--276,wrong_length,20,-86.89994937926531,6,-72.51706087589264
o44YnPMhwPU--12,wrong_length,15,-75.8311181589961,5,-52.703339628875256
myIXH3PjvoI--76,wrong_length,13,-73.61572527885437,4,-35.11511451005936
faZQNy4aErk--15,wrong_length,23,-125.74824500083923,7,-60.72270846366882
Rc99bcSdhak--0,wrong_length,21,-95.67273253202438,7,-57.15752670168877
0kldzhToGLc--2,wrong_length,14,-73.34251514077187,6,-50.870742827653885
5n_IGU5rYYk--30,wrong_length,22,-81.48488981812261,7,-58.23861204995774
myIXH3PjvoI--89,wrong_length,19,-95.0275661572814,7,-58.063793793320656
S9ymb66ZqqY--9,wrong_length,25,-149.14126192219555,12,-115.3796667624265
dPuKX_lM4Zc--54,wrong_length,19,-86.56172093003988,6,-68.12732873857021
oPITLi0VKh8--10,wrong_length,16,-55.64587746374309,6,-52.52222992293537
17OIKvJmrK8--4,wrong_length,13,-71.67866039276123,6,-60.7794383764267
yb7efY9x78U--12,wrong_length,23,-128.33643175661564,5,-47.56627854704857
zu_bd3r2GIA--9,wrong_length,12,-59.83554646372795,6,-47.78282141685486
eabe1f38221a-5,wrong_length,29,-144.83820628374815,8,-73.55528730154037
QiGhWfjM2FI--31,wrong_length,24,-125.03321348130703,10,-105.40207321941853
fvHtYcL913U--3,wrong_length,11,-47.315359686501324,3,-21.55939980316907
sktRu3sp97g--4,wrong_length,20,-78.74937287997454,5,-36.05593195091933
BTqVQCBPUzg--97,wrong_length,10,-38.553663567174226,4,-37.75569433020428
hYNyIXYmoYs--17,wrong_length,24,-119.42071052454412,12,-105.42682020179927
3Pk2c_Z4ahk--1,wrong_length,9,-46.3386422470212,3,-29.400958187878132
9xc24mAlprE--1,wrong_length,16,-56.0793969319202,4,-40.6611817763187
ZMsnY_khlNQ--7,wrong_length,21,-88.35742269456387,8,-49.72694359719753
fulQKWknVhw--42,wrong_length,22,-89.24043801799417,7,-55.048676922917366
W4YzurwHpfw--6,wrong_length,14,-66.9765600413084,6,-66.25010341405869
glNqZ8w4iy8--9,wrong_length,25,-131.84342008829117,10,-77.80551826953888
o44YnPMhwPU--25,wrong_length,18,-97.17192118708044,5,-49.4572909893468
UBnqDwRds3A--2,wrong_length,13,-57.54378917813301,6,-41.57662731409073
wmTrG799MAo--19,wrong_length,13,-77.30414864420891,6,-61.68710279464722
lPzmjeJmsXo--13,wrong_length,20,-99.44847190752625,9,-98.88945213332772
ZCBew8Fv0qA--12,wrong_length,12,-56.665455646812916,5,-35.586154878139496
39at7Lxu6Yo--19,wrong_length,34,-153.16066890582442,13,-121.54049624875188
EIwWHTO5rZw--8,wrong_length,26,-159.19564477354288,9,-133.5529972910881
MYGqMojGwBE--116,wrong_length,20,-92.33301930129528,7,-62.28220237791538
BTqVQCBPUzg--47,wrong_length,10,-33.22912083566189,4,-20.24356484413147
myIXH3PjvoI--93,wrong_length,8,-40.5759781897068,4,-30.566547229886055
bU_v22EtHIU--1,wrong_length,23,-103.69172784499824,6,-75.67663538269699
uR-nzhB6D8g--2,wrong_length,15,-84.43064180016518,6,-72.08559972047806
OEM3CR-HYmk--15,wrong_length,24,-117.62014373019338,7,-70.55860145762563
uR-nzhB6D8g--3,wrong_length,18,-91.1818355768919,9,-65.95810562372208
NaXDBBT5pkw--6,wrong_length,9,-37.243916273117065,4,-19.066215872764587
wefigjf46u4--2,wrong_length,14,-76.14914682507515,7,-61.667478799819946
MYGqMojGwBE--30,wrong_length,19,-69.54447023384273,4,-27.87045489065349
fYxijWb0b_s--9,wrong_length,17,-80.37337798625231,9,-59.94660893827677
Rc99bcSdhak--16,wrong_length,15,-62.163276355713606,3,-24.036415170878172
_IyhoG9jXuM--15,wrong_length,25,-119.1412789747119,7,-59.39656576514244
uYaUCNl1j10--12,wrong_length,22,-92.65864148363471,8,-75.87221660837531
o9DARfrZg2o--16,wrong_length,14,-61.4723571613431,5,-41.76721227914095
MYGqMojGwBE--42,wrong_length,19,-96.49583728937432,7,-69.61184830544516
ixXF2UGOyoU--5,wrong_length,9,-41.374179773032665,3,-27.099217742681503
BESRE5mtipE--0,wrong_length,21,-69.2774151370395,8,-64.08974383329041
8DmlFztO2XM--2,wrong_length,25,-117.65932154841721,6,-97.90647308528423
jLwvQ4URDFY--1,wrong_length,43,-220.49827223271132,14,-162.55700244009495
5QMD024bDYs--15,wrong_length,19,-105.82141158729792,7,-62.499012008309364
jLwvQ4URDFY--31,wrong_length,33,-132.79171426594257,12,-116.42593829706311
aDwdB7xHAOE--1,wrong_length,28,-153.16085474425927,10,-94.00545710185543
wSEeoT9BqE0--13,wrong_length,11,-44.9278012663126,4,-29.603961944580078
d5Lx_5-UiHY--41,wrong_length,11,-62.924045868217945,5,-55.812120623886585
BTqVQCBPUzg--18,wrong_length,9,-57.930360555648804,4,-56.08426380157471
faZQNy4aErk--62,wrong_length,12,-44.34275636449456,4,-28.222238954156637
LvN9Dxq2iLY--88,wrong_length,10,-58.37719768285751,1,-13.338927209377289
HBQwzyxvkZA--256,wrong_length,19,-81.92273945733905,6,-70.6632274389267
xFEQrtosric--18,wrong_length,19,-65.07235385465901,5,-45.511916205170564
KmW8f1GVTYY--40,wrong_length,27,-116.47708945721388,10,-76.33561917953193
nXA9Qpj2z7E--6,wrong_length,12,-41.598015397787094,3,-27.66012381762266
kytITkHoyls--7,wrong_length,39,-172.11210037767887,12,-147.45746568590403
ef52bca1a454-6,wrong_length,15,-66.26420372724533,5,-57.109906017780304
iwYL-ivQm6o--19,wrong_length,14,-80.13840915262699,5,-33.52395498752594
9b0136913690-41,wrong_length,17,-88.0295096039772,7,-62.97521834820509
K4eNr2k2Lls--1,wrong_length,29,-145.38995156716555,8,-117.9832829637453
pMbMjjSj1fM--28,wrong_length,11,-37.88178366422653,3,-34.85538890957832
MYGqMojGwBE--161,wrong_length,18,-69.43104399554431,6,-37.95464533381164
mXq8axygjdE--32,wrong_length,24,-94.70490369334584,6,-56.24788779154187
4vfboqjtAXo_d,wrong_length,18,-108.68252372741699,5,-55.13334083557129
HBQwzyxvkZA--261,wrong_length,20,-97.0551289319992,5,-47.7340692281723
CAzt5cxtSjQ--23,wrong_length,10,-60.786455791443586,6,-57.231117725372314
d5Lx_5-UiHY--51,wrong_length,15,-88.72708072140813,5,-47.473016541451216
klepEQSaeIk--9,wrong_length,18,-87.80912782624364,5,-56.64385926350951
48couwymlMM--10,wrong_length,16,-72.22899993881583,4,-65.86012962087989
K4eNr2k2Lls--0,wrong_length,11,-55.90745712816715,5,-49.61635388433933
zu_bd3r2GIA--16,wrong_length,23,-112.06615622341633,8,-75.90233133733273
ef52bca1a454-76,wrong_length,11,-50.80630165338516,4,-33.93485736846924
ixXF2UGOyoU--2,wrong_length,14,-73.69444262981415,5,-46.99014115333557
o44YnPMhwPU--37,wrong_length,17,-77.29782814532518,7,-46.54173123091459
CRJSZ2e7BU0--12,wrong_length,22,-97.90479928813875,7,-74.53556413203478
91GVHgxW8RA--2,wrong_length,8,-30.832023441791534,3,-22.984535694122314
gXa0qcoWrsQ--7,wrong_length,22,-104.7503657490015,9,-89.8120487332344
m3Mmtpr-jjA--42,wrong_length,20,-95.74069184809923,6,-48.828360356390476
lcBujGRLwE0--29,wrong_length,35,-161.34381839470007,13,-132.7677311806474
MYGqMojGwBE--205,wrong_length,23,-118.80068212747574,7,-53.157979875802994
d5Lx_5-UiHY--22,wrong_length,24,-117.89217033050954,7,-71.26148997806013
9b0136913690-89,wrong_length,12,-53.584363244473934,2,-33.92338655889034
8E-llRXuhl0--5,wrong_length,24,-129.1462646164,6,-81.34167720749974
iGdg-iGlUFg--11,wrong_length,18,-87.61374889453873,7,-75.89137570699677
jMdxYlvrkbk--9,wrong_length,20,-121.02756223082542,8,-81.91200172901154
vbq8QbOwOt4--15,wrong_length,11,-40.91745571419597,3,-25.44991397857666
m3Mmtpr-jjA--8,wrong_length,10,-49.57121533900499,3,-33.02785885334015
o44YnPMhwPU--11,wrong_length,10,-54.934524312615395,5,-35.74972665309906
o9DARfrZg2o--12,wrong_length,12,-35.20282447338104,3,-29.223407305777073
rYcw__0tDhw--9,wrong_length,20,-112.52403083443642,5,-73.53792005777359
eabe1f38221a-51,wrong_length,10,-48.617208048701286,3,-33.65075397491455
HBQwzyxvkZA--116,wrong_length,8,-48.458913803100586,3,-34.632569313049316
LvN9Dxq2iLY--139,wrong_length,7,-23.473277693614364,2,-14.7415292263031
8w6k4jEJJlU--19,wrong_length,24,-83.96054548025131,9,-46.85490506142378
Kq5HfchSWv8--7,wrong_length,14,-33.321867746300995,4,-24.711621743626893
NDYHcIF50eE--2,wrong_length,16,-73.35365860164165,4,-48.48807919025421
809a3a5e02d1-65,wrong_length,8,-60.64456111192703,2,-22.202978134155273
AVb1VABiJJ8--18,wrong_length,12,-78.31695640459657,7,-70.17793747782707
HBQwzyxvkZA--265,wrong_length,16,-84.14540353417397,5,-43.79413551092148
ijrjSBx7WTc--59,wrong_length,9,-29.957191536203027,3,-27.492308298125863
IjeHLt1vNoM--13,wrong_length,20,-96.88160063326359,7,-59.89305938780308
BTqVQCBPUzg--122,wrong_length,17,-95.95524578541517,5,-50.22840341925621
NaXDBBT5pkw--25,wrong_length,27,-152.04963667690754,9,-81.26198630034924
4DhGy83DK_s--8,wrong_length,9,-63.08816587924957,3,-31.899471879005432
zu_bd3r2GIA--29,wrong_length,18,-90.21043464541435,5,-66.36437985301018
xFEQrtosric--19,wrong_length,19,-99.22878835350275,6,-72.12525900453329
rYcw__0tDhw--11,wrong_length,8,-49.64485418796539,3,-34.11887168884277
DP1ly_MsHHQ--25,wrong_length,21,-120.05528036528267,7,-63.58625762932934
myIXH3PjvoI--106,wrong_length,12,-37.80699475295842,4,-21.536730768159032
KI0avgGkWiU--25,wrong_length,11,-52.78463922441006,4,-47.93313825875521
-hZpPIT6N4U_d,wrong_length,17,-66.59071806073189,5,-42.528494626283646
myIXH3PjvoI--102,wrong_length,14,-70.2461712770164,4,-41.999341648072004
MYGqMojGwBE--46,wrong_length,16,-69.06892943382263,5,-36.55668330192566
3vCea9zWFek--10,wrong_length,13,-61.2368980050087,2,-23.81167459487915
MYGqMojGwBE--172,wrong_length,13,-65.48141462355852,3,-36.60526895523071
d5Lx_5-UiHY--100,wrong_length,14,-76.55037686601281,3,-23.17632270976901
iwYL-ivQm6o--5,wrong_length,15,-65.4103530421853,4,-42.26022255420685
Xmm9ZyMy12g--19,wrong_length,24,-138.1480073966086,7,-108.39139739051461
hgaKby5Mha4--15,wrong_length,20,-122.6313409768045,7,-65.3495038561523
MnCcM6PZrug--9,wrong_length,15,-88.45055448799394,5,-49.46956872730516
bqE5C2tmc9c--9,wrong_length,22,-88.52693842351437,9,-60.539471447467804
OEM3CR-HYmk--0,wrong_length,21,-131.33059000968933,6,-120.91048169136047
faZQNy4aErk--82,wrong_length,20,-125.97669211775064,9,-107.58680386841297
C-cgPb_N2dY--0,wrong_length,24,-112.48209267202765,8,-66.54594813007861
AVb1VABiJJ8--10,wrong_length,23,-89.19972723349929,10,-74.57504611089826
Lt5GAA6MIuM--1,wrong_length,19,-103.89296779409051,8,-79.50059536099434
gp0w_zrLgfw--10,wrong_length,12,-82.6122415997088,6,-57.45936390757561
eBj_HUu0CNw--29,wrong_length,12,-35.7933156080544,4,-18.77574348449707
QiJgNpX3zN0--11,wrong_length,21,-109.21690237522125,8,-87.01803687214851
faZQNy4aErk--32,wrong_length,20,-95.74523118138313,5,-41.95372073352337
aDwdB7xHAOE--10,wrong_length,17,-94.80663269758224,9,-79.07454513013363
YsuSHJ3klEs--7,wrong_length,24,-105.38651492702775,8,-89.20275706681423
MYGqMojGwBE--217,wrong_length,13,-83.39899650216103,6,-49.38073718547821
8DmlFztO2XM--0,wrong_length,21,-97.85116560012102,5,-68.4797672778368
gp0w_zrLgfw--20,wrong_length,28,-167.79524493217468,10,-117.55202426016331
MYGqMojGwBE--258,wrong_length,15,-74.66370908543468,5,-41.511459749192
40BjLI5XtJE--10,wrong_length,22,-112.22343393787742,7,-59.57434352859855
fulQKWknVhw--12,wrong_length,31,-163.92838214570656,7,-77.53100513294339
myIXH3PjvoI--122,wrong_length,12,-62.07548763602972,4,-34.62358742952347
jMdxYlvrkbk--7,wrong_length,22,-103.96218739449978,6,-73.4733245819807
-X_zmve1y00--14,wrong_length,19,-145.52241061627865,8,-90.86454486846924
sktRu3sp97g--15,wrong_length,16,-66.44735889136791,7,-41.97650298476219
7byz3fdI-Ss--16,wrong_length,9,-17.504660438746214,4,-15.73296183720231
809a3a5e02d1-119,wrong_length,11,-47.23361819982529,4,-32.28011751174927
Rc99bcSdhak--14,wrong_length,8,-31.932582475245,3,-15.126232922077179
v0g35qCOCwU--0,wrong_length,25,-119.89573313295841,10,-85.90534099191427
N6jpL7uibFI_e2,wrong_length,24,-92.16928334487602,6,-58.35799166513607
MYGqMojGwBE--282,wrong_length,16,-68.58233177661896,6,-39.85066479444504
mjvqIq_fvRY--10,wrong_length,25,-121.88254261761904,9,-99.83850483596325
lZarpnV0alw--12,wrong_length,14,-85.78118918091059,2,-60.97116968780756
mXq8axygjdE--28,wrong_length,32,-191.98576229065657,12,-135.060181081295
IjeHLt1vNoM--3,wrong_length,20,-95.75825972110033,8,-74.17693401873112
6_yO8Lc8Hd4--16,wrong_length,21,-84.0552607178688,3,-25.107592448592186
HBQwzyxvkZA--237,wrong_length,16,-80.2558111101389,7,-66.17125299572945
CRJSZ2e7BU0--8,wrong_length,30,-117.59899960830808,10,-99.83949922397733
K4eNr2k2Lls--19,wrong_length,14,-76.92332246899605,6,-51.1437229514122
U5Tq9r7saZU--19,wrong_length,16,-85.04803323745728,5,-54.29362642765045
uYaUCNl1j10--3,wrong_length,34,-128.92666848562658,11,-111.8670032452792
3gKelnCwuj8--0,wrong_length,17,-48.471026569604874,6,-45.83896812796593
ZVE_KjrY_po--22,wrong_length,21,-86.163768902421,8,-74.91377821564674
i4j5Bj2NL1c--11,wrong_length,28,-196.70750891417265,10,-141.4569617435336
9b0136913690-57,wrong_length,20,-108.899558365345,4,-87.2430648803711
wwpptVjgAws--10,wrong_length,32,-156.56528124492615,11,-103.64856241177768
gp0w_zrLgfw--13,wrong_length,28,-105.14250265515875,10,-78.30243942223024
HBQwzyxvkZA--129,wrong_length,15,-54.03998597338796,6,-45.55592443048954
fqJW-F3WIYc--0,wrong_length,21,-81.76542735053226,8,-66.14305782271549
xnY08sy7Sqk--6,wrong_length,13,-63.27650486677885,4,-55.369247525930405
maCRL8WG0GQ--3,wrong_length,10,-62.77971339225769,5,-29.123284578323364
xnY08sy7Sqk--3,wrong_length,25,-131.25310773169622,9,-105.33715229993686
AVb1VABiJJ8--13,wrong_length,16,-95.39751747902483,7,-83.01171872671694
HBQwzyxvkZA--331,wrong_length,16,-69.07870538905263,4,-54.827073503285646
HBQwzyxvkZA--79,wrong_length,24,-113.41967038810253,8,-71.25197365134954
0bk98uIiTS8--18,wrong_length,15,-72.58278328180313,5,-46.67273849248886
OJxSniCPUpI--2,wrong_length,15,-61.238229528069496,6,-53.22013069689274
m-w_78fDg9M--11,wrong_length,28,-169.13360826391727,9,-115.49223868269473
mDUCHJerTtE--9,wrong_length,14,-90.29395844787359,4,-49.029857873916626
BTqVQCBPUzg--94,wrong_length,8,-48.55491578578949,2,-21.753007411956787
CAzt5cxtSjQ--13,wrong_length,23,-141.25018689781427,11,-101.17627590894699
8DmlFztO2XM--1,wrong_length,27,-121.1509425942786,10,-92.19833838241175
ZVE_KjrY_po--4,wrong_length,16,-75.93964632693678,4,-61.15079572144896
9b0136913690-78,wrong_length,20,-116.30048449337482,7,-65.77969443798065
5n_IGU5rYYk--24,wrong_length,29,-183.8367376178503,11,-95.24123191833496
HBQwzyxvkZA--131,wrong_length,18,-91.8385755866766,4,-81.15585100650787
lZarpnV0alw--2,wrong_length,21,-121.31874814303592,7,-97.6997258332558
6_yO8Lc8Hd4--5,wrong_length,25,-113.41891182214022,8,-65.65423606336117
u7wx4rUBg_k--5,wrong_length,22,-113.80230917036533,7,-76.76962321996689
w_xCnJVyPYA_e1,wrong_length,17,-72.14755548723042,5,-61.98625008948147
BTqVQCBPUzg--105,wrong_length,15,-54.87700252607465,5,-40.36754156276584
d5Lx_5-UiHY--111,wrong_length,11,-57.72967827320099,2,-22.619232416152954
HBQwzyxvkZA--330,wrong_length,33,-156.776951844804,10,-95.32418825756758
lcBujGRLwE0--38,wrong_length,31,-136.75644508376718,9,-118.79485050216317
oPITLi0VKh8--1,wrong_length,19,-78.1920628871303,7,-47.48019083100371
s_8IbRRsr0Q--0,wrong_length,35,-175.41320204362273,9,-104.74303077533841
lZarpnV0alw--11,wrong_length,18,-86.26476960629225,5,-41.14721319079399
NDYHcIF50eE--19,wrong_length,9,-34.562418296933174,2,-16.98575620353222
fqJW-F3WIYc--5,wrong_length,25,-109.32802626187913,8,-96.32204554672353
yb7efY9x78U--0,wrong_length,33,-161.4865958332084,9,-82.08412998309359
fYxijWb0b_s--28,wrong_length,16,-95.14704164862633,6,-84.72234880924225
HBQwzyxvkZA--140,wrong_length,19,-82.66415284574032,6,-71.5980799049139
ojYFIliNLGI--2,wrong_length,22,-115.25174409896135,11,-84.57923050224781
q4RnudGCU18--15,wrong_length,20,-114.54250836744905,5,-84.73302030935884
xnY08sy7Sqk--12,wrong_length,15,-74.99133448302746,5,-64.4323924779892
Zc2bgIDZ-Ks--57,wrong_length,9,-32.56625139713287,4,-27.22754693031311
QiGhWfjM2FI--18,wrong_length,23,-107.22964389622211,7,-62.066288001835346
nvfK4jQ7MH0--7,wrong_length,16,-111.09386792220175,7,-79.27457547187805
OJxSniCPUpI--19,wrong_length,17,-71.93765388429165,9,-55.65962238609791
mDUCHJerTtE--0,wrong_length,14,-58.9285349175334,5,-43.240199729800224
dPuKX_lM4Zc--114,wrong_length,8,-37.09199073910713,3,-32.66028514504433
pMbMjjSj1fM--24,wrong_length,24,-160.64803408831358,5,-146.9009362757206
AZ2s4Adm9RU--25,wrong_length,15,-73.6729426831007,5,-39.25713014602661
KmW8f1GVTYY--45,wrong_length,20,-111.12653815746307,8,-103.3598210811615
faZQNy4aErk--59,wrong_length,21,-93.53273791074753,6,-69.53170096874237
HBQwzyxvkZA--69,wrong_length,20,-133.11300683021545,8,-82.74405986070633
9b0136913690-9,wrong_length,11,-39.46474614739418,5,-27.652475714683533
ef52bca1a454-70,wrong_length,8,-49.1089004650712,3,-31.361952543258667
wUH1dDbu9B4--3,wrong_length,26,-174.85758297145367,6,-159.4940366446972
nvfK4jQ7MH0--1,wrong_length,20,-67.23393408767879,4,-26.528871117159724
HBQwzyxvkZA--229,wrong_length,17,-67.52219163626432,7,-54.75358906388283
HBQwzyxvkZA--76,wrong_length,16,-53.9137958958745,5,-31.81595253944397
1xJ_dkBcAIU--6,wrong_length,16,-119.21637936681509,7,-96.9639184102416
vyBaeFU8J_k--0,wrong_length,13,-92.25057524442673,4,-73.55817544460297
lSLqIyupXrk--15,wrong_length,15,-61.83628959953785,6,-49.58894157409668
HBQwzyxvkZA--280,wrong_length,17,-96.15009665861726,6,-66.74509000778198
0bk98uIiTS8--29,wrong_length,22,-96.48744763061404,6,-50.195131968706846
faZQNy4aErk--43,wrong_length,41,-198.71981272101402,13,-157.43194676749408
XcXCB---N9M--37,wrong_length,23,-117.41700488701463,7,-78.12413650378585
LvN9Dxq2iLY--137,wrong_length,11,-48.28388344310224,4,-36.0486167576164
_r1S90f_nsM--6,wrong_length,17,-72.18315275432542,6,-37.27946750866249
8E-llRXuhl0--17,wrong_length,20,-112.3224066880066,7,-78.27951362845488
ijrjSBx7WTc--68,wrong_length,8,-47.12774932384491,3,-25.46087121963501
4DhGy83DK_s--26,wrong_length,15,-59.096941286697984,4,-30.90536885894835
oPITLi0VKh8--17,wrong_length,21,-105.87294141203165,6,-66.82927725464106
bOZ_Lap5FNA--17,wrong_length,22,-103.00333904335275,8,-78.64215254643932
4DhGy83DK_s--3,wrong_length,15,-57.94833765923977,4,-44.61707625538111
ZCBew8Fv0qA--22,wrong_length,42,-229.73129556328058,12,-174.42276037484407
klepEQSaeIk--12,wrong_length,16,-48.71595950704068,4,-20.782886217348278
lZarpnV0alw--9,wrong_length,10,-64.73013991117477,5,-58.366627514362335
o9DARfrZg2o--6,wrong_length,15,-56.3040347546339,3,-44.869040951132774
o9DARfrZg2o--3,wrong_length,18,-90.46697414666414,5,-62.06746870279312
AVb1VABiJJ8--8,wrong_length,8,-40.466881930828094,3,-20.537632167339325
ijrjSBx7WTc--42,wrong_length,8,-41.18427690863609,2,-22.469958543777466
kES_ZNjFKz8--10,wrong_length,17,-87.16889731958508,7,-71.73053070902824
ckGC5hUffDU--13,wrong_length,9,-48.06960065662861,3,-29.227600052952766
fqJW-F3WIYc--16,wrong_length,43,-241.49112726002932,13,-200.938577324152
8E-llRXuhl0--21,wrong_length,20,-105.40277054905891,9,-80.90799345821142
MYGqMojGwBE--277,wrong_length,15,-112.96291494369507,6,-55.620959997177124
myIXH3PjvoI--48,wrong_length,17,-80.17702424153686,3,-42.84882381185889
KHL0wkbu0-s--4,wrong_length,16,-89.75642658770084,6,-61.06536090373993
jC6VuHNpTLM--8,wrong_length,28,-95.71930286148563,10,-75.49170550564304
myIXH3PjvoI--52,wrong_length,12,-31.064889326691628,3,-25.66172757744789
C-cgPb_N2dY--7,wrong_length,18,-82.25123588368297,7,-70.60810089111328
myIXH3PjvoI--92,wrong_length,13,-59.16012106090784,5,-35.52224639058113
6_yO8Lc8Hd4--11,wrong_length,26,-106.01656180154532,8,-72.5571959791705
o44YnPMhwPU--26,wrong_length,23,-114.21010717749596,9,-88.73523376882076
XcXCB---N9M--40,wrong_length,28,-142.46994975209236,9,-87.40042093396187
HBQwzyxvkZA--326,wrong_length,28,-154.08878031745553,9,-88.95447054505348
dkavvNigK7s--3,wrong_length,16,-55.1947363615036,6,-44.98803403228521
LvN9Dxq2iLY--9,wrong_length,14,-56.50242558121681,4,-37.40117588639259
QiJgNpX3zN0--2,wrong_length,13,-72.54774904251099,3,-33.92526841163635
KI0avgGkWiU--14,wrong_length,21,-86.80633664131165,9,-66.75775936990976
48couwymlMM--0,wrong_length,21,-95.3062697108835,6,-85.94524401985109
XcXCB---N9M--25,wrong_length,18,-120.38121554255486,7,-80.5419939160347
myIXH3PjvoI--39,wrong_length,16,-43.14850663440302,5,-27.63624656992033
nvfK4jQ7MH0--26,wrong_length,12,-42.90765551477671,3,-24.75472478568554
MYGqMojGwBE--103,wrong_length,15,-78.11994004249573,5,-38.693233251571655
LvN9Dxq2iLY--24,wrong_length,11,-79.88899099826813,3,-38.365331530570984
Sqa3ig2NN9Q--13,wrong_length,17,-67.30322161316872,6,-46.048896580934525
809a3a5e02d1-86,wrong_length,8,-66.06902807950974,2,-22.641566455364227
MYGqMojGwBE--62,wrong_length,15,-53.18670769035816,4,-38.3268188983202
pMbMjjSj1fM--16,wrong_length,23,-100.73407823685557,11,-87.6213200436905
mXq8axygjdE--66,wrong_length,18,-63.65557165443897,4,-52.11072175204754
vbq8QbOwOt4--17,wrong_length,20,-106.71714860759676,5,-76.08570510707796
dPuKX_lM4Zc--110,wrong_length,27,-132.1828662941698,11,-107.4732654094696
eabe1f38221a-52,wrong_length,15,-97.51366314291954,6,-76.73504483699799
LvN9Dxq2iLY--210,wrong_length,18,-86.98818647861481,5,-60.28742830455303
0bk98uIiTS8--42,wrong_length,22,-108.42748827114701,10,-91.7126145735383
faZQNy4aErk--40,wrong_length,17,-103.44996389746666,7,-79.57967782020569
Kq5HfchSWv8--2,wrong_length,9,-38.3691047616303,4,-25.014947086572647
ZMsnY_khlNQ--5,wrong_length,21,-120.42915132269263,7,-106.29076744616032
80Cx4CH-AVI--4,wrong_length,22,-108.47975628077984,8,-90.14663878083229
HBQwzyxvkZA--283,wrong_length,23,-129.94599576294422,10,-92.8755534440279
Nv3WLYio7Lc--1,wrong_length,20,-110.23286486417055,5,-95.70933829247952
KHL0wkbu0-s--24,wrong_length,18,-54.927640710026026,9,-43.26821158453822
BO1ehFUMWEs--21,wrong_length,27,-187.91185434535146,9,-152.35945277661085
QXsIVtanWdw--8,wrong_length,16,-83.17097021639347,5,-57.4953400939703
jN2lbHzIneI--10,wrong_length,16,-44.92349361628294,5,-21.7263420894742
_IyhoG9jXuM--10,wrong_length,11,-55.45635302364826,4,-46.43088448047638
Kq5HfchSWv8--23,wrong_length,17,-77.38372997194529,7,-50.35430755466223
LvN9Dxq2iLY--61,wrong_length,18,-107.09535937639885,7,-76.75059192511253
T-5au9lZhYI--9,wrong_length,11,-41.14040129631758,4,-35.051371827721596
mXq8axygjdE--81,wrong_length,19,-59.500867784023285,6,-39.03121402859688
HBQwzyxvkZA--213,wrong_length,23,-62.25814355886541,8,-43.900375082856044
fYxijWb0b_s--23,wrong_length,9,-28.526902332901955,3,-13.048135578632355
a8zp7ivHwBU--8,wrong_length,15,-69.92043364048004,7,-48.15307205915451
xnY08sy7Sqk--19,wrong_length,14,-69.34650373458862,5,-52.44726848602295
9bqfEh7BD3c--14,wrong_length,7,-48.08703577518463,3,-21.16443920135498
Zc2bgIDZ-Ks--48,wrong_length,8,-44.75882202386856,3,-30.634138643741608
ZCBew8Fv0qA--4,wrong_length,15,-74.05299758166075,5,-43.734839364886284
VwsRPJN7txM--8,wrong_length,18,-107.96839796751738,9,-72.97336459159851
W4YzurwHpfw--17,wrong_length,17,-91.24022184032947,8,-75.18957178015262
HBQwzyxvkZA--120,wrong_length,11,-63.84468773007393,5,-45.38332559168339
T-5au9lZhYI--6,wrong_length,14,-69.953051334247,6,-55.34132933616638
5QMD024bDYs--23,wrong_length,16,-67.24145223200321,7,-44.94675266742706
AVb1VABiJJ8--22,wrong_length,20,-133.51721051335335,10,-105.47176185250282
QiJgNpX3zN0--9,wrong_length,18,-106.61197936534882,7,-74.90886092185974
nXA9Qpj2z7E--16,wrong_length,20,-114.90510214865208,6,-108.74650293588638
kytITkHoyls--2,wrong_length,10,-47.71789839118719,3,-24.20971693098545
KmW8f1GVTYY--42,wrong_length,23,-118.76945463940501,8,-80.13054692745209
m3Mmtpr-jjA--9,wrong_length,19,-91.32633867114782,6,-63.163668781518936
o44YnPMhwPU--42,wrong_length,11,-38.076285030692816,3,-21.19412624835968
BTqVQCBPUzg--96,wrong_length,11,-89.27311647683382,4,-64.38752245903015
uYaUCNl1j10--0,wrong_length,26,-144.17994318157434,10,-98.58932501077652
oAhfJ8yB1j0--1,wrong_length,15,-85.21002553403378,4,-73.03836761415005
yb7efY9x78U--4,wrong_length,15,-81.3564759939909,5,-51.88642405718565
K4eNr2k2Lls--29,wrong_length,23,-86.04978023283184,6,-59.21287247352302
faZQNy4aErk--7,wrong_length,16,-72.94507913291454,4,-33.17724587023258
XcXCB---N9M--14,wrong_length,23,-102.49487992189825,7,-69.85689986310899
NaXDBBT5pkw--0,wrong_length,20,-116.81995557621121,5,-81.51851104572415
rZG7T9ujMEo--3,wrong_length,9,-46.34109175205231,2,-15.664613246917725
0bk98uIiTS8--24,wrong_length,27,-138.29032153636217,8,-70.62637832015753
jN2lbHzIneI--8,wrong_length,29,-129.43402213975787,11,-113.18781077489257
wSEeoT9BqE0--16,wrong_length,27,-147.13491800054908,13,-115.43171644210815
wwpptVjgAws--2,wrong_length,13,-43.13490056619048,4,-16.010900873690844
xnY08sy7Sqk--15,wrong_length,9,-60.75262899696827,3,-25.50907278060913
eyqLkKS5Qkw--22,wrong_length,16,-70.75130404531956,7,-53.53862312436104
Sqa3ig2NN9Q--1,wrong_length,18,-113.58955465629697,5,-80.2323297150433
eabe1f38221a-65,wrong_length,14,-63.40382140874863,4,-22.543472945690155
ozS8Mx8AdH8--2,wrong_length,24,-102.59085437655449,10,-87.2476149648428
rZG7T9ujMEo--5,wrong_length,24,-136.78349809348583,8,-87.15271174907684
cw1YIV30nQM--2,wrong_length,10,-61.29283845424652,4,-46.76665806770325
MnCcM6PZrug--6,wrong_length,39,-170.8095967862755,13,-140.95161730982363
MnCcM6PZrug--4,wrong_length,23,-111.95828062668443,9,-92.57545398548245
K4eNr2k2Lls--16,wrong_length,15,-95.55327655375004,10,-92.15386403352022
W4YzurwHpfw--14,wrong_length,13,-63.05402209237218,4,-56.54272232204676
UBnqDwRds3A--18,wrong_length,23,-123.52468080073595,10,-112.5791252553463
ZVE_KjrY_po--12,wrong_length,19,-78.12805950641632,7,-40.57058793306351
IjeHLt1vNoM--6,wrong_length,29,-157.6131451204419,11,-128.69167344272137
BESRE5mtipE--14,wrong_length,11,-54.349304150789976,5,-39.94899156689644
9xc24mAlprE--12,wrong_length,9,-67.2857483625412,5,-50.47218191623688
6U9AFGakrn0--1,wrong_length,15,-74.40171443670988,5,-57.31282004714012
Lt5GAA6MIuM--14,wrong_length,12,-48.08119601383805,5,-34.8178914822638
Zc2bgIDZ-Ks--76,wrong_length,17,-59.39721026830375,3,-24.907885167747736
XcXCB---N9M--24,wrong_length,17,-117.1517473012209,5,-82.97060281038284
9xc24mAlprE--9,wrong_length,19,-68.99017021805048,6,-52.57121951878071
BESRE5mtipE--17,wrong_length,20,-98.2660135999322,10,-79.68694377690554
MYGqMojGwBE--32,wrong_length,14,-80.7688655257225,4,-63.38883823156357
Zc2bgIDZ-Ks--58,wrong_length,37,-130.04280924052,11,-77.9933639317751
zu_bd3r2GIA--5,wrong_length,25,-124.23261831700802,4,-57.30006515979767
mjvqIq_fvRY--1,wrong_length,18,-63.676587637513876,6,-44.240158911794424
NaXDBBT5pkw--1,wrong_length,7,-30.276802154257894,2,-2.549413414672017
vyBaeFU8J_k--15,wrong_length,28,-160.80720825120807,8,-138.04058767482638
vyBaeFU8J_k--21,wrong_length,19,-87.36492798477411,8,-71.66866890341043
3Pk2c_Z4ahk--14,wrong_length,12,-64.41433255560696,5,-48.06598328240216
ZVE_KjrY_po--23,wrong_length,11,-54.3655931353569,3,-23.52345234155655
Lt5GAA6MIuM--11,wrong_length,34,-155.46951328776777,15,-130.96329408697784
lPzmjeJmsXo--40,wrong_length,12,-54.26431580632925,7,-38.59550225734711
lPzmjeJmsXo--11,wrong_length,17,-103.34944818168879,6,-75.24595256149769
91GVHgxW8RA--18,wrong_length,25,-115.78102923743427,8,-108.049057809636
rZG7T9ujMEo--19,wrong_length,21,-136.3891102746129,8,-101.50437355041504
36YV-IPiUXM--11,wrong_length,31,-165.2022480070591,10,-140.1524994969368
Zc2bgIDZ-Ks--23,wrong_length,30,-152.3828990906477,11,-111.15523651242256
3gKelnCwuj8--9,wrong_length,17,-81.57971837744117,8,-77.5708772316575
BTqVQCBPUzg--53,wrong_length,11,-66.86701476573944,5,-55.237863302230835
MYGqMojGwBE--86,wrong_length,16,-73.06594767794013,6,-52.75790658220649
R6_v5nqXuGg--0,wrong_length,23,-104.20728680863976,13,-104.15654526650906
lZarpnV0alw--4,wrong_length,20,-130.79310219734907,6,-116.30131587386131
0kldzhToGLc--0,wrong_length,21,-111.058826982975,6,-102.68304306268692
Sqa3ig2NN9Q--8,wrong_length,16,-48.299073696136475,4,-27.958282604813576
Rblg5TE6TI0--29,wrong_length,28,-144.0563085898757,10,-97.86782751977444
nvfK4jQ7MH0--8,wrong_length,21,-113.30744893103838,10,-92.52800688147545
fYxijWb0b_s--18,wrong_length,15,-87.49119704961777,5,-67.45200085639954
HBQwzyxvkZA--267,wrong_length,7,-44.09622883796692,2,-18.986196517944336
gp0w_zrLgfw--7,wrong_length,29,-166.0623632967472,11,-111.33395052701235
3Pk2c_Z4ahk--20,wrong_length,27,-131.85176688805223,8,-111.50975361093879
Zc2bgIDZ-Ks--39,wrong_length,22,-86.12016206234694,7,-68.59904173016548
ZCBew8Fv0qA--7,wrong_length,16,-94.84771966934204,4,-79.28473830223083
MYGqMojGwBE--26,wrong_length,34,-183.44311870075762,7,-155.3254669904709
MYGqMojGwBE--36,wrong_length,10,-67.10384178161621,4,-32.94172763824463
36YV-IPiUXM--17,wrong_length,53,-286.1873173750937,14,-246.0425915978849
pMbMjjSj1fM--4,wrong_length,18,-97.2172362934798,6,-86.9138397499919
809a3a5e02d1-27,wrong_length,22,-138.0779402628541,6,-65.86969704180956
9xc24mAlprE--25,wrong_length,14,-85.22645998001099,6,-56.449618101119995
0kldzhToGLc--9,wrong_length,22,-86.56102916784585,9,-64.98921617306769
aDwdB7xHAOE--13,wrong_length,17,-74.24894066248089,6,-57.39171709958464
wUH1dDbu9B4--18,wrong_length,17,-86.19256180524826,7,-45.830825984478
BO1ehFUMWEs--29,wrong_length,34,-204.7739563435316,8,-129.57798621058464
mXq8axygjdE--48,wrong_length,20,-98.62927550077438,7,-92.98662179708481
VwsRPJN7txM--7,wrong_length,11,-46.65934735746123,5,-43.845239805290475
ZMsnY_khlNQ--6,wrong_length,15,-78.76924895495176,6,-55.591204062104225
KHL0wkbu0-s--21,wrong_length,12,-56.55730075389147,5,-37.83449333906174
mjvqIq_fvRY--15,wrong_length,9,-43.09591840207577,5,-35.223905086517334
o44YnPMhwPU--6,wrong_length,9,-57.962951600551605,4,-47.514425456523895
s_8IbRRsr0Q--11,wrong_length,38,-171.40275325113907,11,-138.9434367963113
ZMsnY_khlNQ--4,wrong_length,19,-75.52846069866791,8,-60.89869787031785
9b0136913690-50,wrong_length,20,-92.8445952013135,6,-54.7419575676322
5QMD024bDYs--4,wrong_length,19,-98.34984205290675,6,-60.79359379783273
MYGqMojGwBE--19,wrong_length,10,-66.8329216837883,5,-57.81683748960495
UBnqDwRds3A--16,wrong_length,21,-131.62559334933758,8,-72.8055412620306
q4RnudGCU18--23,wrong_length,24,-112.61101899296045,8,-70.84270322695374
vyBaeFU8J_k--3,wrong_length,14,-100.98223954439163,6,-59.94732403755188
jN2lbHzIneI--15,wrong_length,23,-109.89921906962991,8,-67.97025163471699
W4YzurwHpfw--5,wrong_length,13,-69.42375510931015,5,-58.124893486499786
3vCea9zWFek--3,wrong_length,17,-92.70567543059587,5,-58.57524932920933
wwpptVjgAws--15,wrong_length,47,-226.79235953092575,13,-184.58108258247375
DF4fto_X1Y4--13,wrong_length,12,-49.97056971490383,4,-21.987936705350876
fulQKWknVhw--1,wrong_length,21,-94.90751594753237,8,-76.44753389508696
hgaKby5Mha4--34,wrong_length,21,-116.3564547970891,7,-87.67447912693024
48couwymlMM--15,wrong_length,23,-110.96991873160005,7,-74.71744359657168
i4j5Bj2NL1c--3,wrong_length,24,-150.30766463652253,11,-125.4335297383368
cw1YIV30nQM--6,wrong_length,17,-94.58718267083168,7,-63.107996970415115
fqJW-F3WIYc--8,wrong_length,12,-56.09941940754652,5,-42.74764425307512
HBQwzyxvkZA--316,wrong_length,15,-66.15621848590672,6,-51.32699395157397
LvN9Dxq2iLY--200,wrong_length,12,-74.51036955416203,5,-57.019960448145866
6MxCP_583q8_e4,wrong_length,9,-43.67636972665787,4,-33.67334045469761
HBQwzyxvkZA--57,wrong_length,21,-116.92318036872894,7,-75.89261090476066
yb7efY9x78U--15,wrong_length,23,-118.43514704890549,7,-97.99925401806831
l9bZYazJQ1w--2,wrong_length,9,-34.11242724210024,4,-27.821979105472565
3gKelnCwuj8--16,wrong_length,16,-70.57806561887264,7,-60.206370413303375
lSLqIyupXrk--7,wrong_length,11,-47.74991559237242,4,-31.724696330726147
HBQwzyxvkZA--230,wrong_length,15,-62.888166427612305,5,-34.29805016517639
q4RnudGCU18--11,wrong_length,10,-55.34419667720795,4,-39.46812206506729
AZ2s4Adm9RU--9,wrong_length,14,-73.11930340528488,5,-38.058605670928955
MYGqMojGwBE--95,wrong_length,18,-73.03182447515428,9,-57.6128416582942
17OIKvJmrK8--11,wrong_length,28,-129.18262748979032,9,-123.86040644906461
HBQwzyxvkZA--146,wrong_length,20,-96.68811621144414,7,-75.26184710860252
HBQwzyxvkZA--77,wrong_length,10,-43.78485034033656,3,-17.51426124572754
MYGqMojGwBE--235,wrong_length,8,-54.06461715698242,3,-27.12256622314453
JqYder5vRP4--0,wrong_length,11,-45.52496619778685,5,-34.19557424145751
eyqLkKS5Qkw--3,wrong_length,16,-90.75771149992943,8,-76.41441959142685
48couwymlMM--24,wrong_length,12,-64.22773492336273,5,-53.89183168113232
iGdg-iGlUFg--12,wrong_length,19,-96.37243943288922,4,-68.33001405373216
K5lgB4YzOO0--4,wrong_length,27,-149.20809943974018,9,-133.0627416074276
m3Mmtpr-jjA--34,wrong_length,16,-66.13212554715574,9,-61.32289426587522
HBQwzyxvkZA--303,wrong_length,16,-73.41449112165719,3,-53.79349493980408
Rblg5TE6TI0--19,wrong_length,23,-154.05240884423256,12,-124.6815745383501
tDrI-9pSul0--6,wrong_length,21,-105.13233385235071,9,-88.7571237757802
6_yO8Lc8Hd4--19,wrong_length,11,-44.98730784654617,3,-11.05144602060318
faZQNy4aErk--51,wrong_length,22,-138.54297948628664,8,-60.04106967151165
d5Lx_5-UiHY--85,wrong_length,25,-138.75359270721674,10,-98.95837111771107
lSLqIyupXrk--2,wrong_length,12,-57.18820297718048,6,-40.53554725646973
sktRu3sp97g--3,wrong_length,15,-66.77161382138729,3,-23.15823745727539
MnCcM6PZrug--19,wrong_length,36,-159.04748683795333,11,-103.82359724119306
DP1ly_MsHHQ--2,wrong_length,20,-102.39481032267213,8,-61.64407068863511
mXq8axygjdE--65,wrong_length,15,-71.45755763351917,5,-48.82240369170904
Rblg5TE6TI0--32,wrong_length,12,-54.14455745369196,4,-40.751133523881435
4vfboqjtAXo_e3,wrong_length,14,-76.54715560749173,4,-55.307327289134264
HBQwzyxvkZA--313,wrong_length,21,-96.83269529789686,5,-73.32638143002987
vyBaeFU8J_k--5,wrong_length,33,-189.7272857800126,8,-125.18968769907951
5QMD024bDYs--5,wrong_length,15,-55.827555019408464,5,-41.09841890260577
3gKelnCwuj8--7,wrong_length,16,-56.94870153069496,6,-41.481211729347706
ef52bca1a454-78,wrong_length,16,-49.010655254125595,5,-28.830890335142612
4DhGy83DK_s--17,wrong_length,28,-105.37708779482637,8,-64.13532350386959
mXq8axygjdE--64,wrong_length,14,-95.05593687295914,5,-58.992226883769035
yAAWlkm-_KA--8,wrong_length,24,-114.56762204319239,10,-75.39519691467285
BTqVQCBPUzg--81,wrong_length,16,-85.94293246418238,7,-81.68509802222252
R6_v5nqXuGg--12,wrong_length,22,-75.04714195616543,6,-49.0023756865412
iwYL-ivQm6o--7,wrong_length,17,-93.27366640139371,6,-70.35178639460355
pMbMjjSj1fM--18,wrong_length,14,-44.338714733719826,6,-41.35009007900953
aDwdB7xHAOE--2,wrong_length,19,-93.64341577887535,4,-36.89896520972252
HBQwzyxvkZA--41,wrong_length,15,-81.37111146375537,4,-47.774644285440445
LvN9Dxq2iLY--174,wrong_length,20,-117.28227096796036,6,-108.04096099734306
faZQNy4aErk--55,wrong_length,14,-60.890332259237766,7,-45.57980990409851
uY7i-Y8gxn8--5,wrong_length,22,-137.4919477328658,6,-109.52037248760462
faZQNy4aErk--31,wrong_length,18,-109.78791365772486,8,-74.08783197402954
HBQwzyxvkZA--130,wrong_length,26,-116.15305549651384,8,-98.72869934141636
5QMD024bDYs--16,wrong_length,22,-99.09738356759772,8,-77.40352858742699
0bk98uIiTS8--41,wrong_length,27,-134.59965972974896,11,-95.01092546060681
Kq5HfchSWv8--27,wrong_length,18,-97.62023322284222,4,-78.38093607127666
kES_ZNjFKz8--15,wrong_length,18,-105.06593996286392,4,-94.589415371418
vZt56rnH8QQ--0,wrong_length,16,-103.58285023272038,9,-76.40548349916935
n12WICGyBJ4--35,wrong_length,15,-100.39407283067703,6,-78.18831890821457
MYGqMojGwBE--122,wrong_length,10,-50.2453653216362,3,-28.945614993572235
lcBujGRLwE0--8,wrong_length,29,-134.95606019347906,9,-84.20858824253082
ckGC5hUffDU--8,wrong_length,18,-114.14249347895384,5,-100.3961057588458
jN2lbHzIneI--11,wrong_length,38,-172.7171205356717,12,-131.0854688361287
MYGqMojGwBE--284,wrong_length,16,-80.17213605344296,6,-42.475600242614746
aDwdB7xHAOE--6,wrong_length,27,-143.87894005328417,9,-112.26364947855473
g4GfKC7z-2M--22,wrong_length,19,-106.06185887753963,4,-73.36321690678596
XcXCB---N9M--6,wrong_length,12,-37.60114784538746,5,-30.305847458541393
zu_bd3r2GIA--8,wrong_length,16,-53.66712103039026,5,-36.10134356468916
u7wx4rUBg_k--8,wrong_length,19,-114.24004955589771,9,-75.31725545227528
-X_zmve1y00--11,wrong_length,14,-54.06479401886463,4,-26.07802325487137
DP1ly_MsHHQ--27,wrong_length,34,-113.39699817553628,9,-76.10745677456725
MYGqMojGwBE--163,wrong_length,13,-67.733482837677,3,-27.372926235198975
HBQwzyxvkZA--191,wrong_length,10,-45.47567676752806,3,-34.38314759731293
8E-llRXuhl0--14,wrong_length,25,-124.35488691926003,8,-81.26308519393206
LvN9Dxq2iLY--130,wrong_length,11,-51.95322123169899,4,-31.29297161102295
lcBujGRLwE0--12,wrong_length,25,-111.90435399115086,8,-102.582424223423
809a3a5e02d1-35,wrong_length,17,-106.1131481230259,8,-84.48603177070618
myIXH3PjvoI--5,wrong_length,25,-94.65336915105581,9,-65.3508091494441
ZCBew8Fv0qA--14,wrong_length,15,-66.9410612359643,4,-36.402707159519196
jC6VuHNpTLM--22,wrong_length,19,-86.68106100708246,6,-74.80133366584778
MYGqMojGwBE--241,wrong_length,27,-107.21458773314953,6,-64.11786738038063
m-w_78fDg9M--7,wrong_length,22,-123.29870957881212,7,-72.90054887533188
0kldzhToGLc--16,wrong_length,15,-65.95210754871368,7,-45.50799386203289
vbq8QbOwOt4--0,wrong_length,25,-150.6929869800806,13,-108.9251226335764
8w6k4jEJJlU--3,wrong_length,11,-75.89030455052853,5,-61.04257582128048
eGkBCS1t9-E--16,wrong_length,24,-122.77064920961857,8,-101.63124293088913
Rblg5TE6TI0--33,wrong_length,26,-128.79073516838253,11,-106.39385313354433
0Z5d6D2vBbc--3,wrong_length,12,-50.59977710992098,4,-35.958699844777584
ijrjSBx7WTc--53,wrong_length,21,-99.27760857529938,5,-70.68427556939423
HBQwzyxvkZA--169,wrong_length,17,-66.5789013877511,7,-49.12930516153574
LvN9Dxq2iLY--104,wrong_length,7,-36.55292970687151,4,-31.785590171813965
vZt56rnH8QQ--9,wrong_length,15,-68.64900694787502,7,-50.61377300322056
UBnqDwRds3A--12,wrong_length,9,-57.81190741062164,2,-19.49341583251953
w_xCnJVyPYA_e3,wrong_length,13,-56.49547070637345,3,-26.430654767900705
BESRE5mtipE--10,wrong_length,14,-50.98116559535265,5,-28.43404371291399
eBj_HUu0CNw--7,wrong_length,17,-75.05801467923447,6,-55.68989895610139
mXq8axygjdE--8,wrong_length,9,-73.99430990219116,3,-52.12415361404419
jC6VuHNpTLM--10,wrong_length,19,-95.68404485285282,8,-76.36369156837463
Rc99bcSdhak--15,wrong_length,23,-112.25071566645056,8,-82.04166600201279
ef52bca1a454-75,wrong_length,9,-37.369129329919815,5,-33.49128520488739
vbq8QbOwOt4--13,wrong_length,23,-68.49190762545913,7,-67.89471420552582
vbq8QbOwOt4--5,wrong_length,25,-128.5707433745265,5,-97.87241589277983
UBnqDwRds3A--15,wrong_length,19,-129.21697586774826,6,-75.09874773025513
2B2z46vgaAA--19,wrong_length,14,-69.47667887993157,5,-45.19651987589896
xnY08sy7Sqk--22,wrong_length,21,-119.25244380906224,7,-105.7472683377564
lAFiWmUUHOg--15,wrong_length,15,-75.79969530832022,5,-47.87170665990561
MYGqMojGwBE--65,wrong_length,13,-60.200697630643845,6,-55.88110277056694
zu_bd3r2GIA--12,wrong_length,17,-76.96269965171814,4,-53.714643478393555
9b0136913690-90,wrong_length,15,-77.36514829099178,4,-46.06358979642391
fqJW-F3WIYc--18,wrong_length,21,-105.70344419404864,9,-76.37593440338969
jLwvQ4URDFY--16,wrong_length,9,-48.791290141642094,3,-27.329205371439457
BO1ehFUMWEs--37,wrong_length,12,-59.38289827108383,3,-28.736903131008148
fYxijWb0b_s--5,wrong_length,12,-48.37632301449776,4,-46.98849904537201
6_yO8Lc8Hd4--3,wrong_length,36,-204.03215834498405,14,-153.20925630629063
17OIKvJmrK8--7,wrong_length,16,-95.36135543882847,7,-51.749234318733215
iGdg-iGlUFg--7,wrong_length,20,-71.07800772041082,8,-57.717209219932556
ZMsnY_khlNQ--11,wrong_length,29,-132.67791306972504,8,-104.5952784344554
-X_zmve1y00--9,wrong_length,17,-97.31008003652096,6,-60.43034265935421
fqJW-F3WIYc--11,wrong_length,28,-105.1756942756474,7,-67.08044258877635
Lt5GAA6MIuM--27,wrong_length,21,-86.73259947448969,7,-56.49463239312172
tDrI-9pSul0--9,wrong_length,24,-112.07950766384602,8,-100.25002591311932
maCRL8WG0GQ--9,wrong_length,18,-102.18704691529274,8,-76.13041132688522
HBQwzyxvkZA--179,wrong_length,13,-62.08116294443607,4,-37.385975793004036
C6CIPVno_yQ--10,wrong_length,22,-130.07001128047705,7,-79.69965815544128
dkavvNigK7s--13,wrong_length,29,-153.67201182246208,12,-119.78265364468098
9bqfEh7BD3c--2,wrong_length,27,-157.82003477960825,9,-112.89112688601017
spDHZsNp4RA_d,wrong_length,22,-136.77625527977943,8,-114.29122081398964
KI0avgGkWiU--9,wrong_length,23,-64.18998446129262,6,-49.9237405564636
jLwvQ4URDFY--27,wrong_length,36,-180.67315593361855,10,-121.95326771587133
BO1ehFUMWEs--30,wrong_length,37,-225.31509848311543,11,-150.2185295857489
lPzmjeJmsXo--31,wrong_length,21,-108.2351050414145,7,-74.13594959676266
vyBaeFU8J_k--8,wrong_length,11,-56.75074205547571,4,-29.979140430688858
BESRE5mtipE--19,wrong_length,21,-84.74623009935021,8,-59.10351415351033
NDYHcIF50eE--0,wrong_length,33,-136.7627438828349,15,-103.47147691994905
MYGqMojGwBE--109,wrong_length,20,-138.04032349586487,9,-120.61458373069763
9b0136913690-8,wrong_length,17,-74.91864445875399,4,-51.50342878769152
_T-35xhqSkE--11,wrong_length,17,-86.83746195212007,3,-68.45737123861909
myIXH3PjvoI--37,wrong_length,11,-50.407664800062776,3,-34.137440824881196
ozS8Mx8AdH8--13,wrong_length,21,-95.79485161509365,6,-74.22165319230407
NDYHcIF50eE--3,wrong_length,26,-124.09371155500412,12,-100.60514217615128
809a3a5e02d1-19,wrong_length,16,-96.46145877242088,7,-68.22261619567871
rYcw__0tDhw--17,wrong_length,21,-96.1358861811459,4,-31.142276640981436
HBQwzyxvkZA--311,wrong_length,16,-48.1390021443367,4,-38.25037661194801
HBQwzyxvkZA--236,wrong_length,14,-64.70904608815908,3,-40.15879726409912
wUH1dDbu9B4--29,wrong_length,18,-94.85389280319214,8,-73.75689049065113
l9bZYazJQ1w--18,wrong_length,23,-122.37421876285225,6,-82.5996859902516
faZQNy4aErk--76,wrong_length,28,-85.09442127798684,6,-47.226654964732006
dkavvNigK7s--14,wrong_length,17,-89.08522122353315,6,-57.137112978845835
YsuSHJ3klEs--14,wrong_length,17,-64.84314346313477,6,-36.705003544688225
MYGqMojGwBE--38,wrong_length,21,-107.67747357301414,6,-60.1105870436877
dPuKX_lM4Zc--107,wrong_length,12,-59.886115819215775,3,-41.80260610580444
OJxSniCPUpI--9,wrong_length,17,-83.06385307013988,4,-72.95037370920181
CRJSZ2e7BU0--10,wrong_length,17,-76.83009990677238,7,-46.72165247425437
MYGqMojGwBE--128,wrong_length,16,-72.92824238538742,5,-36.444851875305176
myIXH3PjvoI--47,wrong_length,18,-73.12769983150065,4,-57.395075837150216
cw1YIV30nQM--22,wrong_length,17,-86.47331635467708,4,-57.52845208905637
KmW8f1GVTYY--10,wrong_length,13,-67.47607297077775,6,-54.212370216846466
ijrjSBx7WTc--67,wrong_length,24,-124.44639590382576,7,-100.89365480840206
gXa0qcoWrsQ--4,wrong_length,13,-43.01224284525961,3,-36.1012669717893
Zc2bgIDZ-Ks--45,wrong_length,36,-163.63219296955504,12,-119.97635582857765
36YV-IPiUXM--10,wrong_length,39,-186.79212599992752,11,-127.99717156589031
36YV-IPiUXM--8,wrong_length,32,-156.74960821913555,10,-128.74776586936787
HBQwzyxvkZA--320,wrong_length,16,-86.36224041879177,5,-62.099511951208115
QiJgNpX3zN0--1,wrong_length,12,-50.06558676250279,4,-43.845877634361386
U5Tq9r7saZU--15,wrong_length,31,-146.24079833296128,13,-109.7986709785182
pMbMjjSj1fM--11,wrong_length,16,-92.64958229660988,7,-71.59877508878708
oPITLi0VKh8--20,wrong_length,17,-67.54159818217158,4,-30.963988941162825
ci_iGsLDZ9w_e1,wrong_length,18,-77.94669060409069,5,-70.60025277733803
NDYHcIF50eE--16,wrong_length,32,-133.65716578252614,9,-100.12893582321703
KmW8f1GVTYY--15,wrong_length,16,-89.18527708947659,6,-63.2113898396492
ci_iGsLDZ9w_d,wrong_length,8,-71.4811418056488,3,-42.218409299850464
6OlSDCcwM10--25,wrong_length,12,-48.84655621647835,3,-33.538487523794174
8w6k4jEJJlU--0,wrong_length,20,-77.1627829708159,6,-53.939748756587505
myIXH3PjvoI--97,wrong_length,17,-76.43134440481663,6,-51.054296776652336
9b0136913690-12,wrong_length,8,-41.435427099466324,2,-24.90538215637207
91GVHgxW8RA--7,wrong_length,33,-189.58864601887763,11,-152.42147764004767
eabe1f38221a-36,wrong_length,10,-46.395024716854095,3,-25.360121607780457
6_yO8Lc8Hd4--2,wrong_length,17,-85.40687339007854,7,-56.45550873875618
KmW8f1GVTYY--46,wrong_length,12,-61.16002941504121,4,-39.9756300188601
9bqfEh7BD3c--13,wrong_length,18,-78.40057000145316,5,-71.56954427435994
VwsRPJN7txM--9,wrong_length,18,-76.54834178742021,6,-62.264372318051755
QXsIVtanWdw--5,wrong_length,9,-35.724798150360584,3,-25.034106075763702
S9ymb66ZqqY--8,wrong_length,11,-74.2381546497345,5,-53.476292848587036
LvN9Dxq2iLY--33,wrong_length,12,-77.16046953201294,5,-67.15062826871872
K4eNr2k2Lls--21,wrong_length,21,-97.5833070576191,8,-91.86547452956438
wSEeoT9BqE0--21,wrong_length,34,-124.7111094519496,9,-99.81744866073132
LvN9Dxq2iLY--12,wrong_length,16,-96.4577126801014,4,-57.76837834715843
faZQNy4aErk--6,wrong_length,14,-61.281442046165466,5,-38.33777739107609
WabgM-SmPzU_e1,wrong_length,12,-43.804514817893505,4,-35.45600029081106
wmTrG799MAo--12,wrong_length,17,-76.55022125691175,6,-39.26437681168318
i4j5Bj2NL1c--13,wrong_length,14,-99.70048627909273,5,-87.31861898954958
nvfK4jQ7MH0--3,wrong_length,22,-128.86651077866554,7,-113.8505175113678
ojYFIliNLGI--0,wrong_length,23,-75.13741864054464,8,-57.816513849189505
HBQwzyxvkZA--203,wrong_length,12,-57.14058371260762,6,-51.8607859313488
vZt56rnH8QQ--1,wrong_length,11,-45.67414814606309,5,-40.90911269187927
NaXDBBT5pkw--17,wrong_length,16,-67.10546965524554,5,-48.55671037361026
9bqfEh7BD3c--23,wrong_length,20,-89.7852890342474,9,-64.82183520495892
eyqLkKS5Qkw--20,wrong_length,12,-68.89091849327087,5,-51.36925423145294
vbq8QbOwOt4--14,wrong_length,26,-121.74020751565695,13,-88.01272501051426
faZQNy4aErk--25,wrong_length,13,-81.07239640504122,2,-63.67401432991028
s_8IbRRsr0Q--13,wrong_length,12,-71.16142404079437,6,-58.50773787498474
lcBujGRLwE0--7,wrong_length,25,-127.86371364444494,7,-86.85277356952429
CAzt5cxtSjQ--17,wrong_length,15,-64.45874184370041,4,-32.362947061657906
m3Mmtpr-jjA--22,wrong_length,9,-53.61213359236717,4,-37.47849079966545
9b0136913690-67,wrong_length,8,-54.889745727181435,1,-9.277424812316895
HBQwzyxvkZA--34,wrong_length,14,-64.64624048769474,5,-53.42616319656372
HBQwzyxvkZA--151,wrong_length,15,-94.12562648952007,6,-81.50689867138863
ozS8Mx8AdH8--14,wrong_length,25,-131.83008925057948,9,-101.03260342217982
AZ2s4Adm9RU--14,wrong_length,14,-93.78262776043266,3,-56.04411746561527
KmW8f1GVTYY--48,wrong_length,12,-49.967541351914406,6,-36.65761785209179
dPuKX_lM4Zc--103,wrong_length,10,-38.37342657893896,3,-29.118945121765137
OEM3CR-HYmk--22,wrong_length,16,-51.34842421114445,3,-38.343854367733
lcBujGRLwE0--11,wrong_length,28,-152.4798288140446,9,-143.11193570680916
d5Lx_5-UiHY--101,wrong_length,8,-37.40217000246048,1,-9.192846119403839
vZt56rnH8QQ--8,wrong_length,27,-156.00419591646641,12,-92.43486192356795
BO1ehFUMWEs--7,wrong_length,18,-86.03615852445364,6,-70.44537198543549
HBQwzyxvkZA--99,wrong_length,11,-35.94776578620076,5,-34.45240928605199
s_8IbRRsr0Q--22,wrong_length,13,-63.91355540975928,5,-42.64366013929248
fvHtYcL913U--15,wrong_length,13,-58.56283009983599,5,-36.636794567108154
sktRu3sp97g--2,wrong_length,11,-47.58329788967967,6,-35.83054221794009
BO1ehFUMWEs--10,wrong_length,27,-151.19028068054467,6,-113.41940011549741
lSLqIyupXrk--18,wrong_length,23,-104.9868591427803,8,-84.50207728147507
xFEQrtosric--9,wrong_length,9,-44.15838318504393,4,-31.57056997716427
ef52bca1a454-29,wrong_length,10,-45.6522286683321,3,-23.25521732866764
q4RnudGCU18--28,wrong_length,30,-163.5439191609621,14,-105.27301383018494
HBQwzyxvkZA--93,wrong_length,15,-76.35716616362333,6,-51.01934838294983
ijrjSBx7WTc--51,wrong_length,20,-77.31840318068862,7,-66.69828962907195
U5Tq9r7saZU--13,wrong_length,33,-165.80688480194658,11,-142.65657213237137
d5Lx_5-UiHY--73,wrong_length,11,-48.885509826242924,3,-21.63623285293579
s_8IbRRsr0Q--25,wrong_length,19,-77.29632762819529,7,-55.30013811588287
LvN9Dxq2iLY--17,wrong_length,13,-61.47869549691677,3,-39.244193613529205
lcBujGRLwE0--19,wrong_length,31,-171.35519863665104,12,-143.5196801573038
9bqfEh7BD3c--18,wrong_length,12,-72.85422790050507,4,-50.065399169921875
iwYL-ivQm6o--16,wrong_length,20,-85.68068008869886,5,-51.58487629145384
myIXH3PjvoI--115,wrong_length,16,-94.33354593068361,7,-73.49333429336548
gXa0qcoWrsQ--23,wrong_length,23,-93.820364648127,6,-63.956919753574766
hYNyIXYmoYs--0,wrong_length,14,-82.27523200958967,5,-71.04338586330414
40BjLI5XtJE--1,wrong_length,12,-62.25260132551193,5,-37.46928471326828
Zc2bgIDZ-Ks--28,wrong_length,16,-56.963626683689654,6,-55.414780379273
vbq8QbOwOt4--18,wrong_length,21,-83.01288793236017,8,-39.544237822294235
fulQKWknVhw--25,wrong_length,23,-114.22860260307789,7,-58.95875757187605
n12WICGyBJ4--17,wrong_length,11,-67.7810520902276,5,-63.20122716575861
OEM3CR-HYmk--8,wrong_length,9,-49.07993030548096,3,-16.410903930664062
6OlSDCcwM10--0,wrong_length,14,-61.585148848593235,4,-30.619165763258934
K4eNr2k2Lls--31,wrong_length,18,-110.37483137845993,7,-72.12302678823471
8DmlFztO2XM--4,wrong_length,22,-107.54608414508402,7,-83.40020474232733
gXa0qcoWrsQ--1,wrong_length,29,-151.1776691749692,8,-126.84364691376686
6_yO8Lc8Hd4--18,wrong_length,33,-116.22193255601451,7,-62.52094173198566
dPuKX_lM4Zc--81,wrong_length,19,-106.90506255626678,6,-52.72517541795969
egjhIFJbR2I--1,wrong_length,17,-67.74195119086653,5,-66.3654819438234
3vCea9zWFek--8,wrong_length,15,-43.652362211141735,4,-31.924239399377257
2B2z46vgaAA--25,wrong_length,9,-44.79273121803999,4,-34.97169487178326
QiGhWfjM2FI--29,wrong_length,13,-71.92318946123123,6,-51.68207651376724
wefigjf46u4--7,wrong_length,22,-130.68997877836227,9,-79.10590875148773
MYGqMojGwBE--188,wrong_length,10,-43.65009160339832,4,-32.49936045706272
Kq5HfchSWv8--3,wrong_length,10,-49.7328686863184,3,-22.743070498108864
5n_IGU5rYYk--31,wrong_length,24,-131.4013538993895,11,-84.64915138855577
HBQwzyxvkZA--43,wrong_length,13,-67.03566282615066,4,-29.965464275330305
7byz3fdI-Ss--10,wrong_length,16,-79.01072441413999,5,-44.84693304821849
mjvqIq_fvRY--2,wrong_length,20,-95.22539445012808,8,-53.67576126009226
Lt5GAA6MIuM--8,wrong_length,19,-104.68115106225014,5,-53.22888574004173
uR-nzhB6D8g--11,wrong_length,13,-77.5053709000349,5,-62.62628452479839
vyBaeFU8J_k--16,wrong_length,25,-126.55918106343597,6,-50.490205279551446
myIXH3PjvoI--85,wrong_length,21,-125.18728906661272,7,-103.62891418486834
gW1N-ttBBTo--2,wrong_length,9,-41.98204889893532,2,-13.478501319885254
K4eNr2k2Lls--30,wrong_length,29,-174.28703874722123,9,-138.03872694820166
s_8IbRRsr0Q--20,wrong_length,21,-104.88625790178776,10,-86.35883957892656
rZG7T9ujMEo--13,wrong_length,12,-51.25733924843371,4,-47.05647978372872
_IyhoG9jXuM--1,wrong_length,17,-76.73388208192773,8,-62.487691504182294
6OlSDCcwM10--15,wrong_length,18,-95.51003616303205,7,-85.7541588023305
OtlvzXZG_Uk_e1,wrong_length,15,-89.11719793081284,4,-65.38826256990433
iwYL-ivQm6o--8,wrong_length,9,-36.501271948218346,4,-22.57726063579321
Lt5GAA6MIuM--4,wrong_length,25,-153.22058192454278,8,-119.1936335619539
mDUCHJerTtE--6,wrong_length,23,-122.87943940609694,8,-103.96138698607683
BTqVQCBPUzg--107,wrong_length,21,-131.3358405828476,8,-81.83339083194733
80Cx4CH-AVI--17,wrong_length,8,-50.867271684110165,6,-33.190447591245174
0Z5d6D2vBbc--11,wrong_length,35,-225.5412239804864,13,-181.9174798876047
BTqVQCBPUzg--110,wrong_length,8,-56.01643925905228,3,-36.75183153152466
lZarpnV0alw--14,wrong_length,11,-68.20600390434265,4,-32.14228439331055
mjvqIq_fvRY--22,wrong_length,20,-101.37229675799608,9,-71.14038332551718
g4GfKC7z-2M--7,wrong_length,20,-110.744314186275,7,-92.68037584424019
gp0w_zrLgfw--17,wrong_length,29,-119.23345773806795,10,-85.55615438660607
UBnqDwRds3A--8,wrong_length,25,-113.98648068215698,7,-65.52864171471447
MYGqMojGwBE--219,wrong_length,10,-70.44911193847656,4,-33.73906946182251
809a3a5e02d1-116,wrong_length,9,-30.10732601583004,3,-22.60244370251894
ckGC5hUffDU--5,wrong_length,15,-61.54956270009279,5,-33.289970092475414
faZQNy4aErk--18,wrong_length,23,-154.34171697497368,7,-146.60120460391045
uYaUCNl1j10--8,wrong_length,25,-93.07350197806954,10,-63.58523503318429
jN2lbHzIneI--4,wrong_length,31,-162.25515918433666,10,-146.11424098163843
LvN9Dxq2iLY--86,wrong_length,12,-87.19491843879223,2,-54.840838238596916
Zc2bgIDZ-Ks--85,wrong_length,25,-126.02881046384573,6,-93.32940910756588
m3Mmtpr-jjA--38,wrong_length,26,-122.35823189280927,11,-110.61800100281835
q4RnudGCU18--13,wrong_length,26,-108.6837197765708,9,-75.88276714086533
aDwdB7xHAOE--5,wrong_length,15,-57.52972073107958,4,-46.93310339003801
s_8IbRRsr0Q--8,wrong_length,8,-33.968476846814156,2,-19.115132331848145
C-cgPb_N2dY--3,wrong_length,12,-40.38599881529808,6,-27.614042580127716
sktRu3sp97g--11,wrong_length,19,-75.4855962768197,7,-63.77887234836817
4DhGy83DK_s--13,wrong_length,17,-64.96414410835132,5,-49.88324947655201
MYGqMojGwBE--182,wrong_length,18,-106.40033876895905,7,-62.41484087705612
l9bZYazJQ1w--16,wrong_length,12,-67.66413430124521,5,-39.93176418542862
Xmm9ZyMy12g--8,wrong_length,16,-66.86022733151913,4,-57.44551455974579
C6CIPVno_yQ--20,wrong_length,22,-108.09296540310606,9,-93.51586009096354
DF4fto_X1Y4--2,wrong_length,14,-72.26579694449902,5,-49.179490596055984
HBQwzyxvkZA--100,wrong_length,12,-38.53303533047438,2,-11.630239963531494
dkavvNigK7s--30,wrong_length,14,-62.50722577795386,6,-52.962299544364214
4DhGy83DK_s--35,wrong_length,28,-112.37474379886407,6,-46.54584055033047
ZVE_KjrY_po--8,wrong_length,23,-123.55642999638803,9,-93.08825960685499
lPzmjeJmsXo--14,wrong_length,27,-159.57377335429192,10,-125.64167480170727
d5Lx_5-UiHY--36,wrong_length,12,-56.929391622543335,4,-28.490352630615234
xFEQrtosric--2,wrong_length,26,-133.94690534472466,9,-119.07682213559747
MYGqMojGwBE--215,wrong_length,15,-96.24961066246033,6,-39.983341455459595
6_yO8Lc8Hd4--6,wrong_length,29,-130.52797241788357,10,-105.33404513727874
vbq8QbOwOt4--1,wrong_length,16,-91.37544331327081,6,-49.568565130233765
5n_IGU5rYYk--2,wrong_length,20,-83.20716269314289,8,-70.73580959439278
ZMsnY_khlNQ--15,wrong_length,9,-51.612017661333084,2,-17.400568962097168
myIXH3PjvoI--4,wrong_length,14,-54.004082553088665,6,-40.56926566362381
q4RnudGCU18--26,wrong_length,28,-126.95333648473024,10,-109.02496567368507
HBQwzyxvkZA--165,wrong_length,12,-55.27729469630867,4,-43.087559760548174
o9DARfrZg2o--1,wrong_length,21,-116.49501024931669,8,-88.51762783527374
uR-nzhB6D8g--1,wrong_length,16,-48.90064354799688,6,-36.773566180840135
RIwfym39VVM_e3,wrong_length,21,-116.60415051877499,6,-67.00128644704819
wwpptVjgAws--0,wrong_length,29,-118.49421238829382,13,-94.27739167143591
9b0136913690-52,wrong_length,14,-80.4297594577074,3,-38.245630383491516
Lt5GAA6MIuM--17,wrong_length,22,-125.36533758789301,10,-103.2508509978652
klepEQSaeIk--1,wrong_length,36,-174.4534182138741,11,-107.47105126827955
Lt5GAA6MIuM--28,wrong_length,13,-62.80706976912916,4,-37.87967990897596
ef52bca1a454-8,wrong_length,13,-72.11966043710709,6,-42.87569880485535
jLwvQ4URDFY--14,wrong_length,34,-161.17055919207633,10,-116.96569120697677
LvN9Dxq2iLY--82,wrong_length,14,-57.54160189628601,4,-33.7520809173584
iwYL-ivQm6o--11,wrong_length,14,-63.06487614661455,4,-34.60788536071777
9b0136913690-59,wrong_length,16,-91.77023264672607,4,-88.73189162369817
KmW8f1GVTYY--33,wrong_length,13,-68.02222661674023,5,-59.0490937680006
NDYHcIF50eE--11,wrong_length,20,-89.85716651752591,3,-51.50889991596341
MYGqMojGwBE--279,wrong_length,9,-37.104302920401096,5,-32.638165809214115
tDrI-9pSul0--10,wrong_length,29,-215.63410269841552,10,-195.2451629638672
5n_IGU5rYYk--32,wrong_length,31,-141.62313023023307,7,-55.04118859581649
ijrjSBx7WTc--23,wrong_length,26,-144.71291902288795,9,-103.04769996926188
a8zp7ivHwBU--4,wrong_length,18,-91.24170259386301,6,-78.79529348015785
9bqfEh7BD3c--24,wrong_length,18,-89.49181919172406,5,-72.80788189545274
U5Tq9r7saZU--29,wrong_length,21,-99.56513491272926,11,-78.92201074957848
wSEeoT9BqE0--14,wrong_length,27,-153.7271942794323,8,-130.31304160505533
QiGhWfjM2FI--9,wrong_length,24,-105.04051623493433,11,-92.0011882558465
809a3a5e02d1-64,wrong_length,14,-71.82578339450993,4,-53.626671098405495
ckGC5hUffDU--6,wrong_length,26,-119.23357345722616,6,-82.76485460996628
o44YnPMhwPU--36,wrong_length,22,-98.93407218530774,11,-85.43784229829907
HBQwzyxvkZA--193,wrong_length,9,-41.08068885654211,4,-33.745340168476105
Kq5HfchSWv8--36,wrong_length,16,-75.92410922050476,4,-44.3200750797987
ZCBew8Fv0qA--3,wrong_length,13,-55.850169599056244,3,-38.15898898243904
91GVHgxW8RA--33,wrong_length,22,-98.21876107901335,6,-42.96562149375677
MYGqMojGwBE--211,wrong_length,13,-82.44210135936737,7,-53.08365535736084
hgaKby5Mha4--28,wrong_length,25,-122.16041397489607,8,-67.03449940122664
-X_zmve1y00--1,wrong_length,12,-39.1060315258801,3,-24.44109045341611
hgaKby5Mha4--1,wrong_length,23,-92.22629266232252,8,-70.59764891862869
BO1ehFUMWEs--1,wrong_length,21,-108.41980607807636,6,-91.53514420986176
OEM3CR-HYmk--3,wrong_length,12,-58.261202067136765,3,-33.85841029882431
R6_v5nqXuGg--5,wrong_length,18,-82.52516909316182,6,-62.945071656256914
rZG7T9ujMEo--2,wrong_length,14,-85.61112770438194,6,-67.71968452632427
HBQwzyxvkZA--143,wrong_length,9,-27.84583178907633,4,-23.989894799888134
HBQwzyxvkZA--319,wrong_length,22,-120.11235646158457,7,-92.82786910235882
3vCea9zWFek--39,wrong_length,23,-125.22730958461761,9,-79.43700969219208
tDrI-9pSul0--11,wrong_length,12,-61.93941132724285,6,-47.61392402648926
kxz4AA9lNmY_e4,wrong_length,17,-85.16289942152798,4,-73.41701433248818
zu_bd3r2GIA--28,wrong_length,14,-76.9615916768089,5,-69.86327834520489
Xmm9ZyMy12g--13,wrong_length,22,-127.35341054946184,6,-103.88121125102043
NTc0m4Q1-xU--0,wrong_length,17,-78.3145921304822,7,-58.89471414685249
9xc24mAlprE--14,wrong_length,23,-97.16316769272089,9,-82.40214539319277
Rc99bcSdhak--5,wrong_length,37,-182.09368356317282,11,-135.82526964694262
HBQwzyxvkZA--286,wrong_length,24,-121.9874757528305,10,-88.4028428196907
Zc2bgIDZ-Ks--79,wrong_length,15,-61.768849620595574,4,-38.82831855304539
wefigjf46u4--10,wrong_length,8,-45.3156972527504,2,-27.35495090484619
wSEeoT9BqE0--2,wrong_length,20,-69.18831874220632,7,-58.00192010193132
o9DARfrZg2o--0,wrong_length,21,-147.53905379772186,7,-115.95464169979095
DP1ly_MsHHQ--15,wrong_length,30,-125.04988821223378,7,-95.54986536875367
C-cgPb_N2dY--16,wrong_length,21,-87.68437987938523,7,-45.65235524624586
6U9AFGakrn0--5,wrong_length,14,-52.24606212973595,4,-26.193683624267578
0kldzhToGLc--15,wrong_length,10,-29.351978719234467,3,-15.51643568277359
oyWhLo5brto--1,wrong_length,21,-130.90961077064276,9,-82.0739466920495
bqE5C2tmc9c--13,wrong_length,14,-88.09279583394527,6,-59.17418432235718
ijrjSBx7WTc--32,wrong_length,21,-78.54854078032076,7,-65.869863698259
MYGqMojGwBE--149,wrong_length,17,-85.64815855771303,3,-43.404980666935444
n12WICGyBJ4--43,wrong_length,17,-83.42094510281458,6,-70.90633180225268
Zc2bgIDZ-Ks--43,wrong_length,19,-101.56095575541258,4,-39.94566410034895
IjeHLt1vNoM--9,wrong_length,20,-110.25349410250783,6,-70.03530168533325
rYcw__0tDhw--1,wrong_length,33,-95.50146515481174,8,-77.86355890147388
Sqa3ig2NN9Q--4,wrong_length,14,-103.91219702363014,5,-85.03714922070503
IjeHLt1vNoM--17,wrong_length,15,-74.40665534883738,5,-52.17466025054455
9b0136913690-70,wrong_length,12,-54.66107662022114,3,-32.20899844169617
Kq5HfchSWv8--28,wrong_length,15,-65.31955967843533,4,-29.402523279190063
ojYFIliNLGI--9,wrong_length,16,-77.11951407790184,6,-53.37768852710724
m3Mmtpr-jjA--30,wrong_length,23,-91.86854862421751,9,-68.57951290160418
6u-ZspWSpwE--14,wrong_length,17,-98.64969885349274,6,-69.87230736017227
HBQwzyxvkZA--111,wrong_length,13,-83.82055330276489,5,-62.433558225631714
xFJw5GMtlCk--4,wrong_length,8,-34.687380120158195,1,-12.60084792971611
U5Tq9r7saZU--18,wrong_length,18,-77.81854521669447,5,-55.914178961887956
QiJgNpX3zN0--17,wrong_length,11,-62.80514853447676,4,-46.68593806773424
9bqfEh7BD3c--9,wrong_length,19,-80.55837718211114,7,-55.477317184209824
5n_IGU5rYYk--17,wrong_length,31,-117.6705599189736,11,-74.68585087219253
kES_ZNjFKz8--18,wrong_length,12,-54.75431437790394,4,-37.02521675825119
nvfK4jQ7MH0--19,wrong_length,12,-58.14267364144325,3,-38.34884539246559
LvN9Dxq2iLY--71,wrong_length,26,-119.88709308952093,6,-63.955645337700844
aDwdB7xHAOE--8,wrong_length,19,-78.19920109957457,9,-65.96471029520035
HBQwzyxvkZA--1,wrong_length,10,-30.652482672594488,2,-10.548508523963392
gW1N-ttBBTo--6,wrong_length,30,-142.78793321549892,9,-121.09163987636566
ef52bca1a454-57,wrong_length,17,-62.978869281709194,5,-25.809258937835693
_r1S90f_nsM--13,wrong_length,13,-52.1380023509264,4,-23.66827118396759
Xmm9ZyMy12g--12,wrong_length,16,-76.16620876640081,3,-28.211375676095486
fulQKWknVhw--29,wrong_length,34,-153.53582747280598,12,-128.95258586108685
BTqVQCBPUzg--116,wrong_length,10,-43.10360749810934,2,-19.683988355100155
Zc2bgIDZ-Ks--9,wrong_length,16,-58.94664039625786,4,-36.583119170507416
eBj_HUu0CNw--22,wrong_length,13,-65.85407445579767,5,-47.80046771466732
K4eNr2k2Lls--33,wrong_length,29,-140.9926359653473,10,-125.56024116277695
jMdxYlvrkbk--10,wrong_length,24,-124.37569108232856,9,-101.8109360896051
jLwvQ4URDFY--3,wrong_length,28,-132.6974213924259,14,-106.55317223630846
R6_v5nqXuGg--14,wrong_length,18,-95.84770347177982,7,-82.62624728679657
Sqa3ig2NN9Q--25,wrong_length,20,-111.1890689060092,3,-70.74156761914492
gW1N-ttBBTo--10,wrong_length,37,-162.67792224884033,12,-131.27349716424942
cw1YIV30nQM--20,wrong_length,21,-104.7271479293704,7,-64.58687087893486
BESRE5mtipE--1,wrong_length,20,-71.96143805608153,5,-49.31293151155114
KHL0wkbu0-s--8,wrong_length,24,-124.5024998113513,9,-82.32633972167969
eGkBCS1t9-E--20,wrong_length,22,-101.73942433297634,5,-78.58715157210827
EIwWHTO5rZw--14,wrong_length,13,-50.440857619047165,4,-23.78274631500244
eBj_HUu0CNw--24,wrong_length,17,-79.75972001999617,6,-48.07119959592819
gXa0qcoWrsQ--12,wrong_length,21,-105.7590494081378,6,-72.01176846772432
80Cx4CH-AVI--8,wrong_length,21,-115.18422261625528,6,-92.65273594856262
ckGC5hUffDU--2,wrong_length,19,-96.6989640854299,5,-94.30144080147147
K5lgB4YzOO0--6,wrong_length,19,-82.6354668661952,5,-57.38412570953369
-X_zmve1y00--12,wrong_length,18,-97.76755480095744,8,-79.65160106122494
xFEQrtosric--7,wrong_length,25,-111.67775746947154,10,-105.50945788389072
HBQwzyxvkZA--121,wrong_length,22,-96.37623769044876,7,-70.25385954976082
bOZ_Lap5FNA--11,wrong_length,19,-99.52773012965918,9,-67.57686565071344
rYcw__0tDhw--2,wrong_length,21,-89.5517582707107,8,-66.35628235340118
xFJw5GMtlCk--10,wrong_length,24,-86.02923699840903,7,-56.06691409647465
9b0136913690-106,wrong_length,8,-29.582988642156124,3,-19.595683619379997
rZG7T9ujMEo--21,wrong_length,9,-35.446033507585526,2,-17.49430751800537
mXq8axygjdE--51,wrong_length,36,-153.78129808604717,15,-119.80994103103876
m-w_78fDg9M--18,wrong_length,17,-94.08952777087688,4,-52.29871644824743
XcXCB---N9M--3,wrong_length,20,-109.2027372084558,6,-71.61737748607993
K4eNr2k2Lls--2,wrong_length,16,-76.74347204342484,6,-56.46574968472123
BTqVQCBPUzg--154,wrong_length,8,-39.34970806352794,3,-26.777989817783237
Zc2bgIDZ-Ks--60,wrong_length,17,-60.92898284457624,6,-45.613196125254035
gW1N-ttBBTo--7,wrong_length,28,-160.14281277358532,10,-143.0489257723093
0bk98uIiTS8--32,wrong_length,30,-128.41622966900468,12,-108.02929777279496
BTqVQCBPUzg--148,wrong_length,12,-80.29402603209019,6,-51.429737225174904
lAFiWmUUHOg--25,wrong_length,27,-122.21943774144165,6,-90.01870418409817
bGqx2eKgdB0_e4,wrong_length,10,-67.97629952430725,3,-45.99340295791626
ZVE_KjrY_po--21,wrong_length,8,-48.039058566093445,2,-24.247445940971375
BTqVQCBPUzg--34,wrong_length,13,-44.47384973615408,4,-34.12826081365347
XcXCB---N9M--20,wrong_length,30,-151.08110367506742,8,-105.59644770622253
o9DARfrZg2o--9,wrong_length,13,-56.8852763697505,3,-20.19334602355957
HBQwzyxvkZA--228,wrong_length,13,-52.76357899606228,4,-42.93664954602718
80Cx4CH-AVI--2,wrong_length,29,-144.03875745087862,11,-119.54546905308962
Zc2bgIDZ-Ks--12,wrong_length,11,-52.593311101198196,3,-18.08554580807686
vbq8QbOwOt4--7,wrong_length,17,-69.92337711900473,6,-44.63904342055321
HBQwzyxvkZA--291,wrong_length,31,-148.16788081545383,9,-112.49808049574494
i4j5Bj2NL1c--9,wrong_length,19,-91.3843243047595,6,-56.827391877770424
5QMD024bDYs--8,wrong_length,21,-86.19938142318279,6,-72.8948670597747
faZQNy4aErk--44,wrong_length,24,-157.85620789974928,9,-126.54481754079461
oPITLi0VKh8--18,wrong_length,13,-68.76137237995863,5,-46.464823454618454
Xmm9ZyMy12g--14,wrong_length,16,-85.48020707070827,5,-44.81397724151611
-X_zmve1y00--29,wrong_length,11,-56.243734546005726,4,-50.47437132894993
HBQwzyxvkZA--278,wrong_length,12,-72.0042032301426,5,-45.14075994491577
OEM3CR-HYmk--2,wrong_length,13,-69.67459134757519,4,-55.786079689860344
1xJ_dkBcAIU--20,wrong_length,20,-97.45431606844068,6,-76.10465983301401
IoifXQnhN4E--5,wrong_length,9,-48.65368904173374,5,-38.35514749586582
jMdxYlvrkbk--6,wrong_length,15,-85.22178155183792,5,-40.519629061222076
q4RnudGCU18--5,wrong_length,22,-108.39320611208677,6,-75.53738088160753
lcBujGRLwE0--30,wrong_length,25,-122.64246134273708,9,-86.36990715377033
egjhIFJbR2I--8,wrong_length,16,-80.58650022745132,5,-50.82335203886032
oAhfJ8yB1j0--5,wrong_length,27,-116.25095522031188,10,-108.61244106665254
klepEQSaeIk--15,wrong_length,11,-44.5927225984633,6,-42.490347269922495
Rc99bcSdhak--27,wrong_length,30,-137.6868448201567,10,-89.69041129387915
iwYL-ivQm6o--3,wrong_length,29,-140.18287620693445,9,-94.58358115702868
MYGqMojGwBE--248,wrong_length,24,-144.22788003087044,8,-84.3678050339222
mjvqIq_fvRY--12,wrong_length,23,-99.23596580512822,6,-67.13085103221238
s_8IbRRsr0Q--1,wrong_length,28,-137.92548819817603,8,-89.74602220393717
6OlSDCcwM10--2,wrong_length,7,-28.78644147515297,2,-16.54474639892578
m3Mmtpr-jjA--44,wrong_length,24,-102.12714759353548,6,-63.092496016062796
9b0136913690-31,wrong_length,17,-85.72008011490107,5,-50.78930179774761
HBQwzyxvkZA--207,wrong_length,13,-72.37751737236977,4,-47.95446217060089
Nv3WLYio7Lc--9,wrong_length,17,-89.29984798282385,5,-68.71988578885794
Nv3WLYio7Lc--14,wrong_length,11,-61.748138546943665,5,-47.759185433387756
hYNyIXYmoYs--2,wrong_length,19,-78.13349583372474,8,-57.279439236968756
ef52bca1a454-69,wrong_length,9,-49.330305993556976,3,-20.745383739471436
HBQwzyxvkZA--90,wrong_length,11,-67.57250069081783,4,-41.260076746344566
C6CIPVno_yQ--21,wrong_length,22,-92.43909049779177,8,-69.33494628220797
LvN9Dxq2iLY--26,wrong_length,22,-167.1967475861311,7,-161.8684993982315
HBQwzyxvkZA--318,wrong_length,18,-105.66730178892612,8,-77.82106077671051
zu_bd3r2GIA--30,wrong_length,18,-83.37456368282437,7,-53.82978459447622
oAhfJ8yB1j0--3,wrong_length,23,-106.60602188110352,6,-100.20370662212372
5n_IGU5rYYk--6,wrong_length,17,-67.67986736446619,6,-36.75428441166878
nvfK4jQ7MH0--27,wrong_length,17,-91.60606317222118,7,-72.54628264904022
kytITkHoyls--15,wrong_length,21,-93.01123410090804,5,-53.11660270020366
dPuKX_lM4Zc--120,wrong_length,31,-181.79459173977375,13,-114.46661245822906
5n_IGU5rYYk--3,wrong_length,21,-74.80023934319615,7,-62.988991774618626
dPuKX_lM4Zc--129,wrong_length,23,-112.56772847473621,9,-67.79476109147072
9xc24mAlprE--26,wrong_length,18,-103.5272718120832,5,-100.28578122449107
oyWhLo5brto--5,wrong_length,21,-79.45122019946575,5,-46.44588998705149
ojYFIliNLGI--16,wrong_length,37,-237.13601732999086,13,-184.48831650614738
LvN9Dxq2iLY--124,wrong_length,18,-70.40293740032939,4,-29.44636065996019
lcBujGRLwE0--4,wrong_length,34,-103.55851182437618,12,-78.59267090357025
wwpptVjgAws--7,wrong_length,39,-231.43293188512325,10,-178.41518361866474
Kq5HfchSWv8--18,wrong_length,16,-70.63482446968555,4,-31.0988654717803
mjvqIq_fvRY--6,wrong_length,27,-157.52269385010004,10,-128.1170403510332
Nv3WLYio7Lc--13,wrong_length,30,-135.3087983056903,7,-75.71606205031276
6_yO8Lc8Hd4--7,wrong_length,14,-63.01948310434818,6,-49.46617355942726
0Z5d6D2vBbc--6,wrong_length,17,-86.80567890405655,8,-65.22524644434452
80Cx4CH-AVI--11,wrong_length,28,-114.94220775924623,9,-73.23506713286042
xFJw5GMtlCk--5,wrong_length,24,-110.83157838322222,10,-54.75662329234183
9b0136913690-80,wrong_length,17,-100.4438294544816,4,-40.62913465499878
AVb1VABiJJ8--9,wrong_length,19,-81.62731222063303,7,-58.5706245303154
xFEQrtosric--4,wrong_length,14,-66.06754264980555,4,-32.51742538809776
iGdg-iGlUFg--2,wrong_length,42,-222.49132810533047,12,-161.12706232070923
wUH1dDbu9B4--26,wrong_length,23,-172.98594084382057,6,-166.77610697597265
LvN9Dxq2iLY--101,wrong_length,14,-71.93450200557709,4,-49.37418615818024
HBQwzyxvkZA--67,wrong_length,9,-34.83500313013792,2,-16.26345055550337
QiGhWfjM2FI--1,wrong_length,19,-120.15895994752645,9,-91.48622856289148
LvN9Dxq2iLY--168,wrong_length,9,-44.01902536302805,4,-35.30092906951904
MYGqMojGwBE--2,wrong_length,18,-106.71290408447385,8,-68.9571788199246
mjvqIq_fvRY--18,wrong_length,14,-81.85636981390417,7,-67.19756945036352
m-w_78fDg9M--3,wrong_length,17,-91.51301269233227,7,-73.94817528128624
8E-llRXuhl0--22,wrong_length,20,-99.05163695290685,7,-86.44045193120837
lPzmjeJmsXo--2,wrong_length,32,-133.71298535447568,13,-116.21828519087285
rYcw__0tDhw--10,wrong_length,22,-140.9723639888689,6,-105.4936891598627
mXq8axygjdE--62,wrong_length,9,-37.37215197831392,3,-24.197049170732498
AZ2s4Adm9RU--1,wrong_length,28,-99.08369430154562,7,-35.691694654524326
CRJSZ2e7BU0--4,wrong_length,25,-132.67242557555437,10,-101.11715179681778
HBQwzyxvkZA--272,wrong_length,14,-82.08638704568148,5,-48.59085655212402
kES_ZNjFKz8--16,wrong_length,21,-101.2754885830218,8,-89.71057151781861
MYGqMojGwBE--206,wrong_length,13,-63.46455688029528,6,-50.701504588127136
glNqZ8w4iy8--5,wrong_length,11,-37.45369077520445,3,-16.336400486994535
Rblg5TE6TI0--30,wrong_length,34,-182.168336592149,12,-130.08383991522714
809a3a5e02d1-77,wrong_length,11,-50.829002901911736,4,-41.574060797691345
lSLqIyupXrk--5,wrong_length,17,-102.65270054340363,7,-88.10214993357658
eabe1f38221a-48,wrong_length,10,-43.951392110437155,3,-35.02576395496726
jLwvQ4URDFY--5,wrong_length,11,-37.997859835624695,4,-30.805437564849854
m3Mmtpr-jjA--2,wrong_length,11,-48.056689485907555,4,-45.91743539273739
HBQwzyxvkZA--155,wrong_length,22,-121.24760229885578,7,-97.97627294063568
K5lgB4YzOO0--12,wrong_length,15,-48.14743980020285,6,-39.935228019952774
Rblg5TE6TI0--1,wrong_length,23,-87.39438596740365,7,-48.09414131566882
dkavvNigK7s--27,wrong_length,27,-130.24460326135159,12,-115.4018212929368
NaXDBBT5pkw--3,wrong_length,11,-42.859806943684816,4,-31.448414757847786
LvN9Dxq2iLY--164,wrong_length,20,-101.83212704956532,8,-74.31701345741749
vZt56rnH8QQ--3,wrong_length,11,-61.19331700541079,5,-53.3798962328583
mXq8axygjdE--67,wrong_length,12,-56.200281746685505,4,-29.54956813901663
7byz3fdI-Ss--7,wrong_length,18,-63.10805171728134,7,-56.40968598425388
dkavvNigK7s--9,wrong_length,17,-91.77755405195057,6,-70.77951170690358
g4GfKC7z-2M--9,wrong_length,19,-116.03033000230789,5,-110.08613985776901
6OlSDCcwM10--20,wrong_length,16,-84.55129054002464,8,-70.4390170108527
KI0avgGkWiU--1,wrong_length,23,-118.50861082598567,7,-78.5506122931838
iwYL-ivQm6o--0,wrong_length,7,-43.492411732673645,3,-25.747857451438904
OEM3CR-HYmk--19,wrong_length,18,-69.18633465468884,4,-60.14883451163769
6OlSDCcwM10--11,wrong_length,17,-80.66017761081457,11,-63.32591784000397
e4rWudmfrfY--0,wrong_length,9,-62.43373930454254,1,-12.10849666595459
o44YnPMhwPU--1,wrong_length,11,-46.790380638092756,3,-38.3213577978313
l9bZYazJQ1w--7,wrong_topic,20,-99.16073128394783,7,-58.54954125545919
9b0136913690-114,wrong_topic,19,-98.76774194091558,5,-63.950447879731655
ZMsnY_khlNQ--12,wrong_topic,21,-108.74347750842571,7,-60.15320436656475
809a3a5e02d1-67,wrong_topic,12,-72.52521041035652,4,-63.416664123535156
DP1ly_MsHHQ--36,wrong_topic,18,-94.97427216544747,7,-59.46788954734802
dPuKX_lM4Zc--118,wrong_topic,31,-150.2060318812728,13,-80.76951030641794
wwpptVjgAws--20,wrong_topic,40,-216.46053381823003,13,-157.24238049983978
48couwymlMM--18,wrong_topic,19,-73.61852689832449,8,-59.218248039484024
809a3a5e02d1-108,wrong_topic,11,-16.735234037041664,4,-10.838521927595139
4DhGy83DK_s--30,wrong_topic,13,-70.10997012257576,5,-53.17490601539612
rZG7T9ujMEo--0,wrong_topic,28,-147.95860116090626,13,-113.69790368434042
7byz3fdI-Ss--0,wrong_topic,15,-47.511974677443504,6,-31.88478597998619
eabe1f38221a-18,wrong_topic,31,-164.4220889210701,9,-82.8932663872838
0kldzhToGLc--6,wrong_topic,22,-121.6072282269597,8,-93.24692615866661
pMbMjjSj1fM--17,wrong_topic,18,-68.17709227651358,10,-54.13069528341293
MYGqMojGwBE--267,wrong_topic,17,-88.1127658188343,3,-29.244496934115887
C-cgPb_N2dY--9,wrong_topic,12,-33.27287342667114,3,-23.150777961011045
ef52bca1a454-22,wrong_topic,12,-56.02632202208042,4,-36.83277654647827
fulQKWknVhw--7,wrong_topic,19,-58.6638580840081,7,-46.846796398982406
ijrjSBx7WTc--84,wrong_topic,8,-22.560221254825592,1,-3.179196357727051
oAhfJ8yB1j0--10,wrong_topic,10,-52.17459690570831,2,-30.017914652824402
Zc2bgIDZ-Ks--72,wrong_topic,12,-60.11009579896927,3,-21.04306960105896
mjvqIq_fvRY--11,wrong_topic,19,-99.83973322808743,7,-79.64145462960005
IoifXQnhN4E--4,wrong_topic,24,-100.47583689168096,8,-66.42589219287038
HBQwzyxvkZA--276,wrong_topic,20,-84.56101724505424,6,-66.30765083432198
o44YnPMhwPU--12,wrong_topic,15,-75.11913844943047,5,-52.578976072371006
myIXH3PjvoI--76,wrong_topic,13,-41.93711582571268,4,-18.493294209241867
faZQNy4aErk--15,wrong_topic,23,-110.98079138249159,7,-48.33798290789127
Rc99bcSdhak--0,wrong_topic,21,-90.48672163486481,7,-60.38903126120567
0kldzhToGLc--2,wrong_topic,14,-54.91828113049269,6,-35.13469449430704
5n_IGU5rYYk--30,wrong_topic,22,-106.38421512208879,7,-67.85853219591081
myIXH3PjvoI--89,wrong_topic,19,-72.70793233811855,7,-48.977205008268356
S9ymb66ZqqY--9,wrong_topic,25,-139.0793692842126,12,-104.21477458626032
dPuKX_lM4Zc--54,wrong_topic,19,-88.36898515373468,6,-71.41831877827644
oPITLi0VKh8--10,wrong_topic,16,-48.28394727804698,6,-46.017987687373534
17OIKvJmrK8--4,wrong_topic,13,-80.20465391129255,6,-65.63336881250143
yb7efY9x78U--12,wrong_topic,23,-117.85395580530167,5,-33.676942482590675
zu_bd3r2GIA--9,wrong_topic,12,-59.78602793067694,6,-45.122740387916565
eabe1f38221a-5,wrong_topic,29,-125.93663751333952,8,-57.73396408557892
QiGhWfjM2FI--31,wrong_topic,24,-116.76935391663574,10,-104.85085240169428
fvHtYcL913U--3,wrong_topic,11,-38.48546260595322,3,-12.277268402278423
sktRu3sp97g--4,wrong_topic,20,-72.63606857706327,5,-33.94189636607189
BTqVQCBPUzg--97,wrong_topic,10,-54.483009587973356,4,-46.07614801451564
hYNyIXYmoYs--17,wrong_topic,24,-111.90167137980461,12,-100.78016514331102
3Pk2c_Z4ahk--1,wrong_topic,9,-34.85075180232525,3,-24.94193823635578
9xc24mAlprE--1,wrong_topic,16,-68.42161659151316,4,-50.70169238001108
ZMsnY_khlNQ--7,wrong_topic,21,-99.49532740563154,8,-51.75463021546602
fulQKWknVhw--42,wrong_topic,22,-89.17113585025072,7,-50.15772981196642
W4YzurwHpfw--6,wrong_topic,14,-53.79818707704544,6,-53.34028108417988
glNqZ8w4iy8--9,wrong_topic,25,-125.19088859856129,10,-77.73586195707321
o44YnPMhwPU--25,wrong_topic,18,-94.39235262293369,5,-52.511846718378365
UBnqDwRds3A--2,wrong_topic,13,-46.98067880421877,6,-39.46479773521423
wmTrG799MAo--19,wrong_topic,13,-65.10099449381232,6,-47.93828910589218
lPzmjeJmsXo--13,wrong_topic,20,-90.79905292578042,9,-90.54462690837681
ZCBew8Fv0qA--12,wrong_topic,12,-60.53808331489563,5,-41.643201649188995
39at7Lxu6Yo--19,wrong_topic,34,-155.99771190807223,13,-117.60084016621113
EIwWHTO5rZw--8,wrong_topic,26,-152.67198752611876,9,-129.51969039067626
MYGqMojGwBE--116,wrong_topic,20,-82.20003682374954,7,-58.3943253159523
BTqVQCBPUzg--47,wrong_topic,10,-35.9760852381587,4,-22.33104595541954
myIXH3PjvoI--93,wrong_topic,8,-43.633090764284134,4,-32.439582109451294
bU_v22EtHIU--1,wrong_topic,23,-87.86139807873406,6,-65.80810297303833
uR-nzhB6D8g--2,wrong_topic,15,-60.39468528330326,6,-46.93842577934265
OEM3CR-HYmk--15,wrong_topic,24,-96.90317570790648,7,-56.4200680218637
uR-nzhB6D8g--3,wrong_topic,18,-80.506916731596,9,-59.71717616915703
NaXDBBT5pkw--6,wrong_topic,9,-28.350355871021748,4,-5.863798774778843
wefigjf46u4--2,wrong_topic,14,-74.7467791736126,7,-65.06579852104187
MYGqMojGwBE--30,wrong_topic,19,-65.36493502743542,4,-26.164726139977574
fYxijWb0b_s--9,wrong_topic,17,-73.99976317584515,9,-61.197514213621616
Rc99bcSdhak--16,wrong_topic,15,-60.15435756277293,3,-25.568060020916164
_IyhoG9jXuM--15,wrong_topic,25,-126.07205564528704,7,-52.409776389598846
uYaUCNl1j10--12,wrong_topic,22,-96.45131960592698,8,-76.0739986532135
o9DARfrZg2o--16,wrong_topic,14,-44.14982413314283,5,-30.53181545995176
MYGqMojGwBE--42,wrong_topic,19,-87.92041075555608,7,-65.49613010091707
ixXF2UGOyoU--5,wrong_topic,9,-45.021299719810486,3,-25.704694151878357
BESRE5mtipE--0,wrong_topic,21,-57.51630852930248,8,-53.387464268133044
8DmlFztO2XM--2,wrong_topic,25,-108.67166746454313,6,-85.85158709483221
jLwvQ4URDFY--1,wrong_topic,43,-200.4514713101089,14,-148.08166546747088
5QMD024bDYs--15,wrong_topic,19,-92.72697138041258,7,-55.4664725959301
jLwvQ4URDFY--31,wrong_topic,33,-135.9899589177221,12,-120.2608995642513
aDwdB7xHAOE--1,wrong_topic,28,-158.69948744028807,10,-91.18606486171484
wSEeoT9BqE0--13,wrong_topic,11,-25.92815527319908,4,-18.16507989168167
d5Lx_5-UiHY--41,wrong_topic,11,-36.24077647924423,5,-33.23422567546368
BTqVQCBPUzg--18,wrong_topic,9,-60.10417020320892,4,-57.17878460884094
faZQNy4aErk--62,wrong_topic,12,-34.7688406817615,4,-22.870731238275766
LvN9Dxq2iLY--88,wrong_topic,10,-57.552745789289474,1,-16.25222036242485
HBQwzyxvkZA--256,wrong_topic,19,-84.02295302599669,6,-68.9559834599495
xFEQrtosric--18,wrong_topic,19,-71.69337474259373,5,-56.056968171920744
KmW8f1GVTYY--40,wrong_topic,27,-144.52213119342923,10,-90.05416308902204
nXA9Qpj2z7E--6,wrong_topic,12,-46.078944485634565,3,-22.602031003683805
kytITkHoyls--7,wrong_topic,39,-218.9256836688146,12,-186.15843384619802
ef52bca1a454-6,wrong_topic,15,-66.88584093004465,5,-58.36457799375057
iwYL-ivQm6o--19,wrong_topic,14,-63.76412697136402,5,-24.094302140176296
9b0136913690-41,wrong_topic,17,-79.6905497405678,7,-53.03553579561412
K4eNr2k2Lls--1,wrong_topic,29,-129.23706939723343,8,-97.02480413671583
pMbMjjSj1fM--28,wrong_topic,11,-35.770102612674236,3,-31.533876858651638
MYGqMojGwBE--161,wrong_topic,18,-85.69204099476337,6,-42.54226157069206
mXq8axygjdE--32,wrong_topic,24,-98.05877030268312,6,-67.77827674895525
4vfboqjtAXo_d,wrong_topic,18,-75.60648163035512,5,-42.38306510448456
HBQwzyxvkZA--261,wrong_topic,20,-73.88748347386718,5,-40.81176269054413
CAzt5cxtSjQ--23,wrong_topic,10,-49.15166928619146,6,-46.595991373062134
d5Lx_5-UiHY--51,wrong_topic,15,-78.59564006701112,5,-43.51349562034011
klepEQSaeIk--9,wrong_topic,18,-61.27734831231646,5,-39.89247447508387
48couwymlMM--10,wrong_topic,16,-72.5803218409419,4,-67.53347324579954
K4eNr2k2Lls--0,wrong_topic,11,-51.87857665121555,5,-45.430012956261635
zu_bd3r2GIA--16,wrong_topic,23,-103.33709124475718,8,-77.68590933084488
ef52bca1a454-76,wrong_topic,11,-40.09694145619869,4,-20.892174944281578
ixXF2UGOyoU--2,wrong_topic,14,-67.69303840398788,5,-40.79544252157211
o44YnPMhwPU--37,wrong_topic,17,-79.38069393485785,7,-50.53917419910431
CRJSZ2e7BU0--12,wrong_topic,22,-111.95181545615196,7,-78.83061200380325
91GVHgxW8RA--2,wrong_topic,8,-14.708891930058599,3,-12.463385932147503
gXa0qcoWrsQ--7,wrong_topic,22,-120.52235347405076,9,-104.85595888271928
m3Mmtpr-jjA--42,wrong_topic,20,-81.3036277052015,6,-40.67073400132358
lcBujGRLwE0--29,wrong_topic,35,-150.96222395682707,13,-125.7997996606864
MYGqMojGwBE--205,wrong_topic,23,-91.72056175395846,7,-37.882338136434555
d5Lx_5-UiHY--22,wrong_topic,24,-97.04345078766346,7,-47.218948751688
9b0136913690-89,wrong_topic,12,-47.23482057079673,2,-30.454778399318457
8E-llRXuhl0--5,wrong_topic,24,-118.32568975165486,6,-74.31364483758807
iGdg-iGlUFg--11,wrong_topic,18,-72.1328437733464,7,-57.13179592369124
jMdxYlvrkbk--9,wrong_topic,20,-90.11673425137997,8,-53.547160029411316
vbq8QbOwOt4--15,wrong_topic,11,-45.98166899383068,3,-21.682665586471558
m3Mmtpr-jjA--8,wrong_topic,10,-56.27201436460018,3,-29.100474625825882
o44YnPMhwPU--11,wrong_topic,10,-35.359673857688904,5,-24.787277102470398
o9DARfrZg2o--12,wrong_topic,12,-36.87834472954273,3,-29.467548206448555
rYcw__0tDhw--9,wrong_topic,20,-90.75571577250957,5,-70.36598893254995
eabe1f38221a-51,wrong_topic,10,-37.36145216971636,3,-26.51724123954773
HBQwzyxvkZA--116,wrong_topic,8,-38.887203961610794,3,-29.153839111328125
LvN9Dxq2iLY--139,wrong_topic,7,-24.957204967737198,2,-17.966891646385193
8w6k4jEJJlU--19,wrong_topic,24,-79.56995336338878,9,-40.238735403865576
Kq5HfchSWv8--7,wrong_topic,14,-43.82495411904529,4,-31.673746284563094
NDYHcIF50eE--2,wrong_topic,16,-67.3686664570123,4,-47.997650200501084
809a3a5e02d1-65,wrong_topic,8,-43.71386760473251,2,-14.883556842803955
AVb1VABiJJ8--18,wrong_topic,12,-82.21853202208877,7,-72.02415323257446
HBQwzyxvkZA--265,wrong_topic,16,-81.13849697634578,5,-46.408587004989386
ijrjSBx7WTc--59,wrong_topic,9,-23.658210694789886,3,-17.21301794052124
IjeHLt1vNoM--13,wrong_topic,20,-77.54492546617985,7,-46.592063188552856
BTqVQCBPUzg--122,wrong_topic,17,-90.51796858012676,5,-51.05194425582886
NaXDBBT5pkw--25,wrong_topic,27,-115.23756782710552,9,-68.8372715562582
4DhGy83DK_s--8,wrong_topic,9,-60.55377125740051,3,-35.37313199043274
zu_bd3r2GIA--29,wrong_topic,18,-101.6028361916542,5,-69.41070038080215
xFEQrtosric--19,wrong_topic,19,-86.3277582838491,6,-71.9818298383907
rYcw__0tDhw--11,wrong_topic,8,-53.35249042510986,3,-37.9268913269043
DP1ly_MsHHQ--25,wrong_topic,21,-98.04100661177654,7,-51.5444356148364
myIXH3PjvoI--106,wrong_topic,12,-61.167958887293935,4,-42.887479992583394
KI0avgGkWiU--25,wrong_topic,11,-51.07576496899128,4,-47.138070557266474
-hZpPIT6N4U_d,wrong_topic,17,-42.34319824539125,5,-31.484409933909774
myIXH3PjvoI--102,wrong_topic,14,-64.84171235072426,4,-39.91794043290429
MYGqMojGwBE--46,wrong_topic,16,-75.46995298564434,5,-30.384416446089745
3vCea9zWFek--10,wrong_topic,13,-56.59123214893043,2,-22.095149993896484
MYGqMojGwBE--172,wrong_topic,13,-71.5075422078371,3,-33.043421268463135
d5Lx_5-UiHY--100,wrong_topic,14,-75.96677098423243,3,-25.25518921762705
iwYL-ivQm6o--5,wrong_topic,15,-40.558562042191625,4,-26.734083959832788
Xmm9ZyMy12g--19,wrong_topic,24,-131.39821523427963,7,-101.879289008677
hgaKby5Mha4--15,wrong_topic,20,-92.85849079489708,7,-57.51676134765148
MnCcM6PZrug--9,wrong_topic,15,-100.5730619779788,5,-61.66613963758573
bqE5C2tmc9c--9,wrong_topic,22,-87.46307823061943,9,-59.17177391052246
OEM3CR-HYmk--0,wrong_topic,21,-124.11015540361404,6,-114.9934618473053
faZQNy4aErk--82,wrong_topic,20,-106.91420787572861,9,-95.0485747307539
C-cgPb_N2dY--0,wrong_topic,24,-108.07039409829304,8,-64.28938647313043
AVb1VABiJJ8--10,wrong_topic,23,-99.96505179442465,10,-79.69393580779433
Lt5GAA6MIuM--1,wrong_topic,19,-95.55007395893335,8,-74.6288341730833
gp0w_zrLgfw--10,wrong_topic,12,-67.17132019996643,6,-46.12930104136467
eBj_HUu0CNw--29,wrong_topic,12,-47.63962509483099,4,-23.377203226089478
QiJgNpX3zN0--11,wrong_topic,21,-107.68000219389796,8,-87.03875349834561
faZQNy4aErk--32,wrong_topic,20,-86.56989654526114,5,-38.488451074808836
aDwdB7xHAOE--10,wrong_topic,17,-95.67323261499405,9,-74.10654440522194
YsuSHJ3klEs--7,wrong_topic,24,-106.79784861579537,8,-94.23332814499736
MYGqMojGwBE--217,wrong_topic,13,-56.9144761711359,6,-35.24527931213379
8DmlFztO2XM--0,wrong_topic,21,-67.38316027075052,5,-52.723112888634205
gp0w_zrLgfw--20,wrong_topic,28,-172.19033743441105,10,-125.49961368739605
MYGqMojGwBE--258,wrong_topic,15,-75.3909534290433,5,-38.293107874691486
40BjLI5XtJE--10,wrong_topic,22,-103.50949574261904,7,-53.715295135974884
fulQKWknVhw--12,wrong_topic,31,-151.82380657549948,7,-70.56982619687915
myIXH3PjvoI--122,wrong_topic,12,-55.38732208311558,4,-32.29861678183079
jMdxYlvrkbk--7,wrong_topic,22,-97.39202838391066,6,-72.54451561719179
-X_zmve1y00--14,wrong_topic,19,-134.1826038658619,8,-90.36091136932373
sktRu3sp97g--15,wrong_topic,16,-52.83601513504982,7,-38.61785472929478
7byz3fdI-Ss--16,wrong_topic,9,-5.619307342916727,4,-5.138631258159876
809a3a5e02d1-119,wrong_topic,11,-49.365914575755596,4,-23.039581656455994
Rc99bcSdhak--14,wrong_topic,8,-37.602527655661106,3,-17.227408796548843
v0g35qCOCwU--0,wrong_topic,25,-118.72693589702249,10,-83.88025591522455
N6jpL7uibFI_e2,wrong_topic,24,-85.67541531682946,6,-60.8770113310311
MYGqMojGwBE--282,wrong_topic,16,-65.79641787707806,6,-38.86817109584808
mjvqIq_fvRY--10,wrong_topic,25,-107.53144070878625,9,-87.28305380046368
lZarpnV0alw--12,wrong_topic,14,-56.494466753676534,2,-40.32988462038338
mXq8axygjdE--28,wrong_topic,32,-148.8359272480011,12,-109.82658499479294
IjeHLt1vNoM--3,wrong_topic,20,-97.3825528039597,8,-78.00493402406573
6_yO8Lc8Hd4--16,wrong_topic,21,-66.05417269468307,3,-25.1451862975955
HBQwzyxvkZA--237,wrong_topic,16,-73.07381498813629,7,-59.62849561870098
CRJSZ2e7BU0--8,wrong_topic,30,-114.6066379211843,10,-90.64574323222041
K4eNr2k2Lls--19,wrong_topic,14,-49.6510907234624,6,-33.54271182883531
U5Tq9r7saZU--19,wrong_topic,16,-83.17671344429255,5,-57.21383022516966
uYaUCNl1j10--3,wrong_topic,34,-128.84120472054929,11,-111.60568946879357
3gKelnCwuj8--0,wrong_topic,17,-45.334161477163434,6,-41.234845688566566
ZVE_KjrY_po--22,wrong_topic,21,-87.37579639256,8,-75.35553263127804
i4j5Bj2NL1c--11,wrong_topic,28,-161.1590198725462,10,-114.9279343932867
9b0136913690-57,wrong_topic,20,-100.22320592403412,4,-77.30660951137543
wwpptVjgAws--10,wrong_topic,32,-153.97487087920308,11,-100.8083331771195
gp0w_zrLgfw--13,wrong_topic,28,-110.13485936261714,10,-70.23520937748253
HBQwzyxvkZA--129,wrong_topic,15,-56.46795110963285,6,-48.473162457346916
fqJW-F3WIYc--0,wrong_topic,21,-78.61101713799872,8,-64.24320521974005
xnY08sy7Sqk--6,wrong_topic,13,-67.26874122023582,4,-59.04149641096592
maCRL8WG0GQ--3,wrong_topic,10,-53.66655497252941,5,-19.05028347671032
xnY08sy7Sqk--3,wrong_topic,25,-128.92936625890434,9,-105.38161626271904
AVb1VABiJJ8--13,wrong_topic,16,-81.40523067396134,7,-73.45731629710644
HBQwzyxvkZA--331,wrong_topic,16,-57.55527391657233,4,-45.406700041145086
HBQwzyxvkZA--79,wrong_topic,24,-98.29408002644777,8,-56.95159438252449
0bk98uIiTS8--18,wrong_topic,15,-57.058887511491776,5,-46.283852100372314
OJxSniCPUpI--2,wrong_topic,15,-60.533876813948154,6,-56.192453660070896
m-w_78fDg9M--11,wrong_topic,28,-158.1670944467187,9,-99.49531600624323
mDUCHJerTtE--9,wrong_topic,14,-75.78364843130112,4,-38.68585282564163
BTqVQCBPUzg--94,wrong_topic,8,-47.7784007191658,2,-24.315592288970947
CAzt5cxtSjQ--13,wrong_topic,23,-114.11462917178869,11,-79.94001714885235
8DmlFztO2XM--1,wrong_topic,27,-117.58747333474457,10,-89.5339025799185
ZVE_KjrY_po--4,wrong_topic,16,-75.23072504065931,4,-59.64125104807317
9b0136913690-78,wrong_topic,20,-118.87107020616531,7,-60.637809664011
5n_IGU5rYYk--24,wrong_topic,29,-164.99419884383678,11,-68.81706405431032
HBQwzyxvkZA--131,wrong_topic,18,-73.17650229483843,4,-58.57213907688856
lZarpnV0alw--2,wrong_topic,21,-106.42660721763968,7,-88.14140727743506
6_yO8Lc8Hd4--5,wrong_topic,25,-104.94230350852013,8,-62.46661080420017
u7wx4rUBg_k--5,wrong_topic,22,-94.20612202957273,7,-64.26217632368207
w_xCnJVyPYA_e1,wrong_topic,17,-87.548335371539,5,-70.1530225854367
BTqVQCBPUzg--105,wrong_topic,15,-54.06807343661785,5,-38.65323103964329
d5Lx_5-UiHY--111,wrong_topic,11,-62.09020721912384,2,-19.860640048980713
HBQwzyxvkZA--330,wrong_topic,33,-142.0095645468682,10,-85.41830032877624
lcBujGRLwE0--38,wrong_topic,31,-120.45528882741928,9,-99.07693135738373
oPITLi0VKh8--1,wrong_topic,19,-76.40815697633661,7,-53.239289209479466
s_8IbRRsr0Q--0,wrong_topic,35,-134.45384897384793,9,-79.51809667143971
lZarpnV0alw--11,wrong_topic,18,-89.03893330320716,5,-37.232588078826666
NDYHcIF50eE--19,wrong_topic,9,-28.60490095615387,2,-13.938327074050903
fqJW-F3WIYc--5,wrong_topic,25,-99.23814621008933,8,-84.44392722286284
yb7efY9x78U--0,wrong_topic,33,-147.389021205483,9,-77.82647242653184
fYxijWb0b_s--28,wrong_topic,16,-95.9330461025238,6,-86.83056616783142
HBQwzyxvkZA--140,wrong_topic,19,-96.57294952869415,6,-84.13130378723145
ojYFIliNLGI--2,wrong_topic,22,-108.53351167589426,11,-84.28184572607279
q4RnudGCU18--15,wrong_topic,20,-96.76570397056639,5,-75.46771675534546
xnY08sy7Sqk--12,wrong_topic,15,-57.13704309798777,5,-49.98960425890982
Zc2bgIDZ-Ks--57,wrong_topic,9,-21.119529008865356,4,-15.795561909675598
QiGhWfjM2FI--18,wrong_topic,23,-99.8845177218318,7,-61.19650395214558
nvfK4jQ7MH0--7,wrong_topic,16,-96.0306656435132,7,-71.39170145988464
OJxSniCPUpI--19,wrong_topic,17,-61.70358867943287,9,-47.925560696050525
mDUCHJerTtE--0,wrong_topic,14,-56.69757982343435,5,-37.10420560836792
dPuKX_lM4Zc--114,wrong_topic,8,-18.81119668483734,3,-15.316775500774384
pMbMjjSj1fM--24,wrong_topic,24,-165.26786056160927,5,-141.4644069969654
AZ2s4Adm9RU--25,wrong_topic,15,-56.789711594581604,5,-34.20156913995743
KmW8f1GVTYY--45,wrong_topic,20,-95.64353822171688,8,-88.8784240335226
faZQNy4aErk--59,wrong_topic,21,-111.73040154576302,6,-88.23777920007706
HBQwzyxvkZA--69,wrong_topic,20,-116.1920273900032,8,-69.42875212430954
9b0136913690-9,wrong_topic,11,-39.90606649965048,5,-28.69368863105774
ef52bca1a454-70,wrong_topic,8,-42.17479556798935,3,-27.33122181892395
wUH1dDbu9B4--3,wrong_topic,26,-152.18086966872215,6,-141.82191828638315
nvfK4jQ7MH0--1,wrong_topic,20,-51.886149767786264,4,-14.134936783462763
HBQwzyxvkZA--229,wrong_topic,17,-55.60468388348818,7,-42.90865907073021
HBQwzyxvkZA--76,wrong_topic,16,-75.0212092101574,5,-41.778184324502945
1xJ_dkBcAIU--6,wrong_topic,16,-113.45856275130063,7,-98.11798371840268
vyBaeFU8J_k--0,wrong_topic,13,-61.63888281583786,4,-48.274514734745026
lSLqIyupXrk--15,wrong_topic,15,-46.869503527879715,6,-37.81433382630348
HBQwzyxvkZA--280,wrong_topic,17,-89.64199236035347,6,-63.311591148376465
0bk98uIiTS8--29,wrong_topic,22,-86.82016684859991,6,-39.09413369745016
faZQNy4aErk--43,wrong_topic,41,-188.07372997212224,13,-146.73257016646676
XcXCB---N9M--37,wrong_topic,23,-110.10178769752383,7,-69.0883999876678
LvN9Dxq2iLY--137,wrong_topic,11,-53.34648150205612,4,-38.06039430946112
_r1S90f_nsM--6,wrong_topic,17,-71.87627771124244,6,-33.34955858811736
8E-llRXuhl0--17,wrong_topic,20,-103.34859352861531,7,-72.67400598083623
ijrjSBx7WTc--68,wrong_topic,8,-37.67021679878235,3,-18.578477382659912
4DhGy83DK_s--26,wrong_topic,15,-48.109092984348536,4,-17.752197299152613
oPITLi0VKh8--17,wrong_topic,21,-94.47197702713311,6,-63.440837698057294
bOZ_Lap5FNA--17,wrong_topic,22,-87.07138826674782,8,-67.74557564384304
4DhGy83DK_s--3,wrong_topic,15,-73.64372366666794,4,-52.38858209550381
ZCBew8Fv0qA--22,wrong_topic,42,-210.8848265223205,12,-149.20515574514866
klepEQSaeIk--12,wrong_topic,16,-34.98366075474769,4,-12.816002477891743
lZarpnV0alw--9,wrong_topic,10,-55.4944067299366,5,-49.846780091524124
o9DARfrZg2o--6,wrong_topic,15,-57.30106642842293,3,-46.437821730971336
o9DARfrZg2o--3,wrong_topic,18,-88.31306697428226,5,-63.55263428390026
AVb1VABiJJ8--8,wrong_topic,8,-40.466881930828094,3,-20.537632167339325
ijrjSBx7WTc--42,wrong_topic,8,-48.37686347961426,2,-23.285685777664185
kES_ZNjFKz8--10,wrong_topic,17,-76.33710252121091,7,-64.95447814464569
ckGC5hUffDU--13,wrong_topic,9,-43.559190303087234,3,-30.86733654141426
fqJW-F3WIYc--16,wrong_topic,43,-224.77265542652458,13,-175.46808408852667
8E-llRXuhl0--21,wrong_topic,20,-102.20387272909284,9,-80.18197609856725
MYGqMojGwBE--277,wrong_topic,15,-102.41569662094116,6,-49.75216317176819
myIXH3PjvoI--48,wrong_topic,17,-91.86810653284192,3,-38.31149511411786
KHL0wkbu0-s--4,wrong_topic,16,-87.90777865052223,6,-47.36875268816948
jC6VuHNpTLM--8,wrong_topic,28,-112.2011364325881,10,-93.3202097043395
myIXH3PjvoI--52,wrong_topic,12,-47.74500638246536,3,-34.65113238990307
C-cgPb_N2dY--7,wrong_topic,18,-90.65235984325409,7,-73.62661120295525
myIXH3PjvoI--92,wrong_topic,13,-39.85625388287008,5,-27.388484686613083
6_yO8Lc8Hd4--11,wrong_topic,26,-113.23394487705082,8,-84.62275827582926
o44YnPMhwPU--26,wrong_topic,23,-108.50818198360503,9,-80.65927414782345
XcXCB---N9M--40,wrong_topic,28,-159.90027855988592,9,-99.54308771248907
HBQwzyxvkZA--326,wrong_topic,28,-153.74638365209103,9,-91.12337858974934
dkavvNigK7s--3,wrong_topic,16,-73.69433094188571,6,-50.34180026873946
LvN9Dxq2iLY--9,wrong_topic,14,-70.98267385363579,4,-45.310160368680954
QiJgNpX3zN0--2,wrong_topic,13,-55.77709671109915,3,-24.94412112236023
KI0avgGkWiU--14,wrong_topic,21,-84.35826053097844,9,-65.54338790103793
48couwymlMM--0,wrong_topic,21,-67.77480183867738,6,-59.23313271207735
XcXCB---N9M--25,wrong_topic,18,-97.48163441941142,7,-70.76533315703273
myIXH3PjvoI--39,wrong_topic,16,-54.86581868468784,5,-34.96953519224189
nvfK4jQ7MH0--26,wrong_topic,12,-41.894599199295044,3,-27.497975528240204
MYGqMojGwBE--103,wrong_topic,15,-75.96557869762182,5,-36.109722040593624
LvN9Dxq2iLY--24,wrong_topic,11,-69.50834847986698,3,-38.11856424808502
Sqa3ig2NN9Q--13,wrong_topic,17,-69.64865852892399,6,-50.97897431254387
809a3a5e02d1-86,wrong_topic,8,-39.30118548870087,2,-12.950495600700378
MYGqMojGwBE--62,wrong_topic,15,-53.404834896326065,4,-32.460257202386856
pMbMjjSj1fM--16,wrong_topic,23,-111.8704268168658,11,-98.86923578567803
mXq8axygjdE--66,wrong_topic,18,-59.01877420116216,4,-45.85249121207744
vbq8QbOwOt4--17,wrong_topic,20,-93.69598554074764,5,-69.83085750043392
dPuKX_lM4Zc--110,wrong_topic,27,-124.98133272037376,11,-101.22355818748474
eabe1f38221a-52,wrong_topic,15,-83.96064703166485,6,-63.09557217359543
LvN9Dxq2iLY--210,wrong_topic,18,-78.54215100221336,5,-57.237749172374606
0bk98uIiTS8--42,wrong_topic,22,-112.31896098703146,10,-86.07721453905106
faZQNy4aErk--40,wrong_topic,17,-66.20948386192322,7,-44.476465314626694
Kq5HfchSWv8--2,wrong_topic,9,-38.049970312044024,4,-31.92251968383789
ZMsnY_khlNQ--5,wrong_topic,21,-135.19643421843648,7,-120.52514882385731
80Cx4CH-AVI--4,wrong_topic,22,-112.59943786263466,8,-98.75979068875313
HBQwzyxvkZA--283,wrong_topic,23,-95.78867663443089,10,-70.73112280666828
Nv3WLYio7Lc--1,wrong_topic,20,-111.29962522909045,5,-101.81858495995402
KHL0wkbu0-s--24,wrong_topic,18,-40.975482270121574,9,-30.324663005769253
BO1ehFUMWEs--21,wrong_topic,27,-177.61805450730026,9,-151.50118882022798
QXsIVtanWdw--8,wrong_topic,16,-78.33354556560516,5,-51.075286865234375
jN2lbHzIneI--10,wrong_topic,16,-55.13772363588214,5,-30.273500744253397
_IyhoG9jXuM--10,wrong_topic,11,-55.1377512216568,4,-46.62689965963364
Kq5HfchSWv8--23,wrong_topic,17,-62.969443475827575,7,-41.142108580097556
LvN9Dxq2iLY--61,wrong_topic,18,-117.18710729246959,7,-89.11036655073985
T-5au9lZhYI--9,wrong_topic,11,-42.125210754573345,4,-30.725698821246624
mXq8axygjdE--81,wrong_topic,19,-47.91933327913284,6,-32.04925013333559
HBQwzyxvkZA--213,wrong_topic,23,-74.0839807332959,8,-52.133314126869664
fYxijWb0b_s--23,wrong_topic,9,-35.54758235067129,3,-15.330328166484833
a8zp7ivHwBU--8,wrong_topic,15,-79.24223218858242,7,-45.01885099709034
xnY08sy7Sqk--19,wrong_topic,14,-59.66513084247708,5,-47.49746131896973
9bqfEh7BD3c--14,wrong_topic,7,-40.20929652452469,3,-19.540173053741455
Zc2bgIDZ-Ks--48,wrong_topic,8,-35.229960732162,3,-24.16604796051979
ZCBew8Fv0qA--4,wrong_topic,15,-69.57173871994019,5,-39.88347665965557
VwsRPJN7txM--8,wrong_topic,18,-105.0411833897233,9,-68.80988603830338
W4YzurwHpfw--17,wrong_topic,17,-80.88877723552287,8,-72.35098133422434
HBQwzyxvkZA--120,wrong_topic,11,-54.74226526543498,5,-39.59150230512023
T-5au9lZhYI--6,wrong_topic,14,-58.16599578410387,6,-41.67308297753334
5QMD024bDYs--23,wrong_topic,16,-64.06346693634987,7,-43.324147284030914
AVb1VABiJJ8--22,wrong_topic,20,-119.8328255712986,10,-88.8603378534317
QiJgNpX3zN0--9,wrong_topic,18,-100.51527202129364,7,-66.72676801681519
nXA9Qpj2z7E--16,wrong_topic,20,-101.26516038924456,6,-95.04944624006748
kytITkHoyls--2,wrong_topic,10,-63.44049793481827,3,-32.66552992165089
KmW8f1GVTYY--42,wrong_topic,23,-116.65338337421417,8,-79.36971372365952
m3Mmtpr-jjA--9,wrong_topic,19,-73.7144161593169,6,-51.40091962181032
o44YnPMhwPU--42,wrong_topic,11,-40.18402852863073,3,-23.320762760937214
BTqVQCBPUzg--96,wrong_topic,11,-75.73128901794553,4,-54.94649565219879
uYaUCNl1j10--0,wrong_topic,26,-126.78976236283779,10,-84.50540341436863
oAhfJ8yB1j0--1,wrong_topic,15,-60.445656172931194,4,-52.09861522912979
yb7efY9x78U--4,wrong_topic,15,-56.448791548609734,5,-36.478014677762985
K4eNr2k2Lls--29,wrong_topic,23,-71.49671322759241,6,-49.870829871855676
faZQNy4aErk--7,wrong_topic,16,-88.58873627893627,4,-32.063441975042224
XcXCB---N9M--14,wrong_topic,23,-106.00972889922559,7,-69.14027137123048
NaXDBBT5pkw--0,wrong_topic,20,-100.79736296785995,5,-66.32454828871414
rZG7T9ujMEo--3,wrong_topic,9,-38.69766926765442,2,-9.550907135009766
0bk98uIiTS8--24,wrong_topic,27,-114.10962590202689,8,-60.958792958408594
jN2lbHzIneI--8,wrong_topic,29,-128.2843736591749,11,-104.89617237774655
wSEeoT9BqE0--16,wrong_topic,27,-144.21226400882006,13,-119.38797640800476
wwpptVjgAws--2,wrong_topic,13,-34.51744034141302,4,-11.44643697887659
xnY08sy7Sqk--15,wrong_topic,9,-45.98743653297424,3,-20.180506229400635
eyqLkKS5Qkw--22,wrong_topic,16,-51.90412775054574,7,-46.560872469097376
Sqa3ig2NN9Q--1,wrong_topic,18,-97.77807564847171,5,-72.8277687560767
eabe1f38221a-65,wrong_topic,14,-69.01725563406944,4,-27.792773723602295
ozS8Mx8AdH8--2,wrong_topic,24,-120.4013825878501,10,-96.36099448055029
rZG7T9ujMEo--5,wrong_topic,24,-101.36331744492054,8,-65.40095701813698
cw1YIV30nQM--2,wrong_topic,10,-60.209983207285404,4,-39.35961604118347
MnCcM6PZrug--6,wrong_topic,39,-166.55243557319045,13,-133.37685193493962
MnCcM6PZrug--4,wrong_topic,23,-101.54096393473446,9,-82.5168979857117
K4eNr2k2Lls--16,wrong_topic,15,-74.17372373864055,10,-72.61956091597676
W4YzurwHpfw--14,wrong_topic,13,-62.052924579009414,4,-55.80848158709705
UBnqDwRds3A--18,wrong_topic,23,-111.80777921527624,10,-95.73757795244455
ZVE_KjrY_po--12,wrong_topic,19,-74.37179684266448,7,-42.687353771179914
IjeHLt1vNoM--6,wrong_topic,29,-139.87159200757742,11,-112.18133242428303
BESRE5mtipE--14,wrong_topic,11,-53.55381970666349,5,-35.27439429424703
9xc24mAlprE--12,wrong_topic,9,-25.888232005760074,5,-19.872624656185508
6U9AFGakrn0--1,wrong_topic,15,-60.63674087077379,5,-43.46719527244568
Lt5GAA6MIuM--14,wrong_topic,12,-49.0520093254745,5,-35.79847094044089
Zc2bgIDZ-Ks--76,wrong_topic,17,-56.800169422640465,3,-23.149372882558964
XcXCB---N9M--24,wrong_topic,17,-104.89733281731606,5,-82.07812908291817
9xc24mAlprE--9,wrong_topic,19,-56.58378170244396,6,-43.502556858584285
BESRE5mtipE--17,wrong_topic,20,-104.626848757267,10,-75.00770622491837
MYGqMojGwBE--32,wrong_topic,14,-63.932010769844055,4,-52.21759235858917
Zc2bgIDZ-Ks--58,wrong_topic,37,-121.74973126873374,11,-76.50315045937896
zu_bd3r2GIA--5,wrong_topic,25,-117.55259262770414,4,-54.97866499423981
mjvqIq_fvRY--1,wrong_topic,18,-69.49524368532002,6,-49.05924387462437
NaXDBBT5pkw--1,wrong_topic,7,-9.670439151115716,2,-0.27591865975409746
vyBaeFU8J_k--15,wrong_topic,28,-147.6955658607185,8,-120.2683121971786
vyBaeFU8J_k--21,wrong_topic,19,-74.73930510878563,8,-63.70615839213133
3Pk2c_Z4ahk--14,wrong_topic,12,-63.5547519531101,5,-46.6989968623966
ZVE_KjrY_po--23,wrong_topic,11,-53.123030073940754,3,-24.318906985223293
Lt5GAA6MIuM--11,wrong_topic,34,-188.04810095205903,15,-140.02425999566913
lPzmjeJmsXo--40,wrong_topic,12,-51.411030776798725,7,-33.52362358570099
lPzmjeJmsXo--11,wrong_topic,17,-91.74210746586323,6,-63.179397739470005
91GVHgxW8RA--18,wrong_topic,25,-121.38227779930457,8,-112.97740300511941
rZG7T9ujMEo--19,wrong_topic,21,-109.8342190682888,8,-77.1628600358963
36YV-IPiUXM--11,wrong_topic,31,-164.15344095230103,10,-139.630627065897
Zc2bgIDZ-Ks--23,wrong_topic,30,-139.4062725380063,11,-104.39985558390617
3gKelnCwuj8--9,wrong_topic,17,-68.34412576630712,8,-60.497598472982645
BTqVQCBPUzg--53,wrong_topic,11,-55.77552571892738,5,-37.48279523849487
MYGqMojGwBE--86,wrong_topic,16,-74.29830639343709,6,-49.20816944818944
R6_v5nqXuGg--0,wrong_topic,23,-105.09082691371441,13,-104.59682224690914
lZarpnV0alw--4,wrong_topic,20,-109.78427198156714,6,-98.32784707471728
0kldzhToGLc--0,wrong_topic,21,-112.25130271306261,6,-102.83563923230395
Sqa3ig2NN9Q--8,wrong_topic,16,-61.45303499698639,4,-41.347935140132904
Rblg5TE6TI0--29,wrong_topic,28,-151.25872358307242,10,-91.89109257236123
nvfK4jQ7MH0--8,wrong_topic,21,-123.531449444592,10,-99.89423909783363
fYxijWb0b_s--18,wrong_topic,15,-85.67761218547821,5,-63.67570233345032
HBQwzyxvkZA--267,wrong_topic,7,-46.76353979110718,2,-20.838346481323242
gp0w_zrLgfw--7,wrong_topic,29,-130.9007203131914,11,-75.18237172067165
3Pk2c_Z4ahk--20,wrong_topic,27,-110.492030443158,8,-89.69736939063296
Zc2bgIDZ-Ks--39,wrong_topic,22,-84.2000292390585,7,-64.67983947694302
ZCBew8Fv0qA--7,wrong_topic,16,-101.36073929071426,4,-80.21997582912445
MYGqMojGwBE--26,wrong_topic,34,-178.6807959228754,7,-145.06957864761353
MYGqMojGwBE--36,wrong_topic,10,-45.25671601295471,4,-29.258290767669678
36YV-IPiUXM--17,wrong_topic,53,-305.4625072814524,14,-258.93636724725366
pMbMjjSj1fM--4,wrong_topic,18,-88.56986431591213,6,-80.97414087690413
809a3a5e02d1-27,wrong_topic,22,-126.47087312489748,6,-64.98068125545979
9xc24mAlprE--25,wrong_topic,14,-80.39805345237255,6,-61.929574966430664
0kldzhToGLc--9,wrong_topic,22,-90.09075263142586,9,-62.14603869616985
aDwdB7xHAOE--13,wrong_topic,17,-59.766060368623585,6,-44.137774841394275
wUH1dDbu9B4--18,wrong_topic,17,-89.44494792073965,7,-48.9622637629509
BO1ehFUMWEs--29,wrong_topic,34,-158.6377387009561,8,-94.50827468559146
mXq8axygjdE--48,wrong_topic,20,-118.98597877472639,7,-104.6545957326889
VwsRPJN7txM--7,wrong_topic,11,-42.79502597358078,5,-40.42895945068449
ZMsnY_khlNQ--6,wrong_topic,15,-76.03138771653175,6,-56.20020879805088
KHL0wkbu0-s--21,wrong_topic,12,-69.06069634854794,5,-42.66934660077095
mjvqIq_fvRY--15,wrong_topic,9,-39.77207137644291,5,-33.97728490829468
o44YnPMhwPU--6,wrong_topic,9,-43.345920726656914,4,-30.763359665870667
s_8IbRRsr0Q--11,wrong_topic,38,-159.08093080949038,11,-134.23413325380534
ZMsnY_khlNQ--4,wrong_topic,19,-65.24684099107981,8,-51.605566926300526
9b0136913690-50,wrong_topic,20,-79.92502687126398,6,-46.73542322218418
5QMD024bDYs--4,wrong_topic,19,-82.08460861630738,6,-51.4763689879328
MYGqMojGwBE--19,wrong_topic,10,-60.646976709365845,5,-52.468982577323914
UBnqDwRds3A--16,wrong_topic,21,-122.64065766334534,8,-70.50370478630066
q4RnudGCU18--23,wrong_topic,24,-109.21595256589353,8,-66.54211190156639
vyBaeFU8J_k--3,wrong_topic,14,-82.59805884957314,6,-51.41396355628967
jN2lbHzIneI--15,wrong_topic,23,-112.88453364744782,8,-72.60567544773221
W4YzurwHpfw--5,wrong_topic,13,-56.24633415788412,5,-43.530167266726494
3vCea9zWFek--3,wrong_topic,17,-63.40993793308735,5,-34.42781826108694
wwpptVjgAws--15,wrong_topic,47,-234.06756889354438,13,-193.0769485635683
DF4fto_X1Y4--13,wrong_topic,12,-37.08042635768652,4,-17.46224808692932
fulQKWknVhw--1,wrong_topic,21,-65.99726093932986,8,-52.688435819000006
hgaKby5Mha4--34,wrong_topic,21,-112.4231211990118,7,-90.95650315284729
48couwymlMM--15,wrong_topic,23,-95.12719782534987,7,-61.47230699751526
i4j5Bj2NL1c--3,wrong_topic,24,-108.10470673441887,11,-90.72604942321777
cw1YIV30nQM--6,wrong_topic,17,-86.69350384920835,7,-63.34341490268707
fqJW-F3WIYc--8,wrong_topic,12,-49.72986201941967,5,-38.56924419105053
HBQwzyxvkZA--316,wrong_topic,15,-57.27738548070192,6,-44.62979104369879
LvN9Dxq2iLY--200,wrong_topic,12,-64.92961467802525,5,-49.59079100191593
6MxCP_583q8_e4,wrong_topic,9,-66.85273379459977,4,-47.45342153683305
HBQwzyxvkZA--57,wrong_topic,21,-112.87947755120695,7,-76.07960769347847
yb7efY9x78U--15,wrong_topic,23,-97.71435372484848,7,-78.98105440288782
l9bZYazJQ1w--2,wrong_topic,9,-24.584053695201874,4,-15.639499366283417
3gKelnCwuj8--16,wrong_topic,16,-85.64296706020832,7,-68.59479743242264
lSLqIyupXrk--7,wrong_topic,11,-42.8916215673089,4,-28.25101999938488
HBQwzyxvkZA--230,wrong_topic,15,-50.10566280782223,5,-23.161280930042267
q4RnudGCU18--11,wrong_topic,10,-47.343311592936516,4,-28.977227926254272
AZ2s4Adm9RU--9,wrong_topic,14,-68.12910041213036,5,-38.17121258378029
MYGqMojGwBE--95,wrong_topic,18,-73.14705954305828,9,-58.72976880148053
17OIKvJmrK8--11,wrong_topic,28,-144.98524600081146,9,-135.91825228743255
HBQwzyxvkZA--146,wrong_topic,20,-76.90339344739914,7,-56.14722576737404
HBQwzyxvkZA--77,wrong_topic,10,-50.794852286577225,3,-15.258253693580627
MYGqMojGwBE--235,wrong_topic,8,-58.11964535713196,3,-24.317891120910645
JqYder5vRP4--0,wrong_topic,11,-57.83914755098522,5,-44.26549051515758
eyqLkKS5Qkw--3,wrong_topic,16,-87.90685168653727,8,-69.53444689512253
48couwymlMM--24,wrong_topic,12,-45.8164122030139,5,-37.48219006508589
iGdg-iGlUFg--12,wrong_topic,19,-85.44320291420445,4,-60.46572157135233
K5lgB4YzOO0--4,wrong_topic,27,-143.72478111088276,9,-122.81408286839724
m3Mmtpr-jjA--34,wrong_topic,16,-70.96787151088938,9,-63.0277872919105
HBQwzyxvkZA--303,wrong_topic,16,-80.40120492875576,3,-57.68176946043968
Rblg5TE6TI0--19,wrong_topic,23,-151.8653837069869,12,-117.34696398675442
tDrI-9pSul0--6,wrong_topic,21,-105.0453571677208,9,-89.06910925358534
6_yO8Lc8Hd4--19,wrong_topic,11,-36.86697709560394,3,-12.7886061668396
faZQNy4aErk--51,wrong_topic,22,-110.63262902200222,8,-37.75374527275562
d5Lx_5-UiHY--85,wrong_topic,25,-100.4571084678173,10,-71.84716418385506
lSLqIyupXrk--2,wrong_topic,12,-46.95121708512306,6,-39.345022201538086
sktRu3sp97g--3,wrong_topic,15,-51.33932975679636,3,-17.528108954429626
MnCcM6PZrug--19,wrong_topic,36,-163.97168671898544,11,-114.03461923263967
DP1ly_MsHHQ--2,wrong_topic,20,-103.14119033701718,8,-59.328678699210286
mXq8axygjdE--65,wrong_topic,15,-68.63903938233852,5,-45.485403046011925
Rblg5TE6TI0--32,wrong_topic,12,-47.09823429584503,4,-35.646104499697685
4vfboqjtAXo_e3,wrong_topic,14,-60.276592660695314,4,-47.86636730656028
HBQwzyxvkZA--313,wrong_topic,21,-89.12738400697708,5,-70.07438564300537
vyBaeFU8J_k--5,wrong_topic,33,-136.4795323284343,8,-92.33651515562087
5QMD024bDYs--5,wrong_topic,15,-61.08997320011258,5,-41.0775724388659
3gKelnCwuj8--7,wrong_topic,16,-63.76747380197048,6,-47.93798314779997
ef52bca1a454-78,wrong_topic,16,-44.22351527959108,5,-27.131346315145493
4DhGy83DK_s--17,wrong_topic,28,-101.06068709178362,8,-66.0923449738184
mXq8axygjdE--64,wrong_topic,14,-51.3333934545517,5,-31.482765808701515
yAAWlkm-_KA--8,wrong_topic,24,-99.4899234175682,10,-68.13325220346451
BTqVQCBPUzg--81,wrong_topic,16,-69.66256577894092,7,-66.00977106764913
R6_v5nqXuGg--12,wrong_topic,22,-61.610092064365745,6,-35.223102835938334
iwYL-ivQm6o--7,wrong_topic,17,-86.40030194446445,6,-65.36919356510043
pMbMjjSj1fM--18,wrong_topic,14,-53.59882593713701,6,-45.51502199284732
aDwdB7xHAOE--2,wrong_topic,19,-82.44970277696848,4,-33.76112788915634
HBQwzyxvkZA--41,wrong_topic,15,-75.82946139574051,4,-42.068606808781624
LvN9Dxq2iLY--174,wrong_topic,20,-102.31384867429733,6,-93.79160234332085
faZQNy4aErk--55,wrong_topic,14,-65.88095733523369,7,-58.323182463645935
uY7i-Y8gxn8--5,wrong_topic,22,-113.96238522045314,6,-97.79251305572689
faZQNy4aErk--31,wrong_topic,18,-68.5090067088604,8,-43.89188373088837
HBQwzyxvkZA--130,wrong_topic,26,-119.56318099051714,8,-98.70299395918846
5QMD024bDYs--16,wrong_topic,22,-101.65283922851086,8,-78.93104402720928
0bk98uIiTS8--41,wrong_topic,27,-133.907782564871,11,-102.84504074882716
Kq5HfchSWv8--27,wrong_topic,18,-64.795270383358,4,-51.42897017300129
kES_ZNjFKz8--15,wrong_topic,18,-106.31237959861755,4,-97.77056956291199
vZt56rnH8QQ--0,wrong_topic,16,-73.58272299170494,9,-46.23937031626701
n12WICGyBJ4--35,wrong_topic,15,-96.65689724683762,6,-73.28739047050476
MYGqMojGwBE--122,wrong_topic,10,-48.962968587875366,3,-24.784754514694214
lcBujGRLwE0--8,wrong_topic,29,-143.42985770106316,9,-86.31227973103523
ckGC5hUffDU--8,wrong_topic,18,-121.17590836808085,5,-110.03190479800105
jN2lbHzIneI--11,wrong_topic,38,-174.02223887108266,12,-134.31353946961462
MYGqMojGwBE--284,wrong_topic,16,-84.83247394114733,6,-40.52765369415283
aDwdB7xHAOE--6,wrong_topic,27,-136.51148143038154,9,-93.01634000614285
g4GfKC7z-2M--22,wrong_topic,19,-101.5328586474061,4,-67.83563540875912
XcXCB---N9M--6,wrong_topic,12,-35.40467585995793,5,-31.373849220573902
zu_bd3r2GIA--8,wrong_topic,16,-53.73827327787876,5,-31.791666746139526
u7wx4rUBg_k--8,wrong_topic,19,-117.81636709719896,9,-75.56547977030277
-X_zmve1y00--11,wrong_topic,14,-50.19177186489105,4,-21.978095769882202
DP1ly_MsHHQ--27,wrong_topic,34,-110.99472213443369,9,-69.13243841286749
MYGqMojGwBE--163,wrong_topic,13,-75.75680509209633,3,-42.92801561951637
HBQwzyxvkZA--191,wrong_topic,10,-45.325277142226696,3,-30.650521159172058
8E-llRXuhl0--14,wrong_topic,25,-113.85101455822587,8,-77.7078819014132
LvN9Dxq2iLY--130,wrong_topic,11,-57.150502040982246,4,-34.16047525405884
lcBujGRLwE0--12,wrong_topic,25,-110.17167737986892,8,-98.99584522750229
809a3a5e02d1-35,wrong_topic,17,-91.84025894105434,8,-75.4522191286087
myIXH3PjvoI--5,wrong_topic,25,-91.52923209965229,9,-61.92373998463154
ZCBew8Fv0qA--14,wrong_topic,15,-68.33340940158814,4,-34.65817772876471
jC6VuHNpTLM--22,wrong_topic,19,-78.2939925044775,6,-70.63266921788454
MYGqMojGwBE--241,wrong_topic,27,-110.30287051945925,6,-66.40276342630386
m-w_78fDg9M--7,wrong_topic,22,-120.45483905822039,7,-67.74452324211597
0kldzhToGLc--16,wrong_topic,15,-73.34715499728918,7,-47.487068966031075
vbq8QbOwOt4--0,wrong_topic,25,-139.60148386657238,13,-101.56924414634705
8w6k4jEJJlU--3,wrong_topic,11,-79.66091890190728,5,-62.01339788292535
eGkBCS1t9-E--16,wrong_topic,24,-127.31498658657074,8,-106.25921595096588
Rblg5TE6TI0--33,wrong_topic,26,-132.2505825906992,11,-104.3782821521163
0Z5d6D2vBbc--3,wrong_topic,12,-44.73939549177885,4,-30.71708309277892
ijrjSBx7WTc--53,wrong_topic,21,-89.97542795538902,5,-72.83813343942165
HBQwzyxvkZA--169,wrong_topic,17,-80.1521954163909,7,-59.25334395468235
LvN9Dxq2iLY--104,wrong_topic,7,-28.677927181124687,4,-26.2409451007843
vZt56rnH8QQ--9,wrong_topic,15,-64.54372553527355,7,-47.064037173986435
UBnqDwRds3A--12,wrong_topic,9,-50.727775782346725,2,-17.551671981811523
w_xCnJVyPYA_e3,wrong_topic,13,-24.090430319309235,3,-9.854607328772545
BESRE5mtipE--10,wrong_topic,14,-52.23460773564875,5,-26.515941778197885
eBj_HUu0CNw--7,wrong_topic,17,-64.43223883956671,6,-42.13859488070011
mXq8axygjdE--8,wrong_topic,9,-58.415223121643066,3,-41.719537138938904
jC6VuHNpTLM--10,wrong_topic,19,-104.7360110282898,8,-79.19024610519409
Rc99bcSdhak--15,wrong_topic,23,-107.63749668793753,8,-70.18224467011169
ef52bca1a454-75,wrong_topic,9,-28.357171844691038,5,-26.601222813129425
vbq8QbOwOt4--13,wrong_topic,23,-67.10182107565925,7,-66.52245808718726
vbq8QbOwOt4--5,wrong_topic,25,-106.84576173126698,5,-76.91965813934803
UBnqDwRds3A--15,wrong_topic,19,-122.05045767873526,6,-78.07440376281738
2B2z46vgaAA--19,wrong_topic,14,-56.02435344457626,5,-36.54030418395996
xnY08sy7Sqk--22,wrong_topic,21,-135.77781864255667,7,-118.66765113919973
lAFiWmUUHOg--15,wrong_topic,15,-83.33530944213271,5,-48.83813827857375
MYGqMojGwBE--65,wrong_topic,13,-53.82550532044843,6,-51.271521870512515
zu_bd3r2GIA--12,wrong_topic,17,-74.55086556822062,4,-47.63421989232302
9b0136913690-90,wrong_topic,15,-75.88477792590857,4,-49.027347676455975
fqJW-F3WIYc--18,wrong_topic,21,-107.51817919313908,9,-78.58388731628656
jLwvQ4URDFY--16,wrong_topic,9,-51.146339658647776,3,-29.29249930754304
BO1ehFUMWEs--37,wrong_topic,12,-57.785253550857306,3,-34.83506629988551
fYxijWb0b_s--5,wrong_topic,12,-53.168014988303185,4,-51.113295793533325
6_yO8Lc8Hd4--3,wrong_topic,36,-197.00423077493906,14,-153.46986363828182
17OIKvJmrK8--7,wrong_topic,16,-86.30309590697289,7,-54.70117449760437
iGdg-iGlUFg--7,wrong_topic,20,-84.94920448213816,8,-61.381236761808395
ZMsnY_khlNQ--11,wrong_topic,29,-101.39112365758047,8,-88.2208045697771
-X_zmve1y00--9,wrong_topic,17,-100.8439199924469,6,-64.38413846492767
fqJW-F3WIYc--11,wrong_topic,28,-96.92900125868618,7,-53.91965931095183
Lt5GAA6MIuM--27,wrong_topic,21,-85.9770189076662,7,-53.49464000761509
tDrI-9pSul0--9,wrong_topic,24,-100.26396617712453,8,-86.34851436736062
maCRL8WG0GQ--9,wrong_topic,18,-95.6521749459207,8,-61.27079305052757
HBQwzyxvkZA--179,wrong_topic,13,-67.28270643949509,4,-45.80031391978264
C6CIPVno_yQ--10,wrong_topic,22,-112.9395742341876,7,-73.45620000362396
dkavvNigK7s--13,wrong_topic,29,-141.73585087060928,12,-114.4824783205986
9bqfEh7BD3c--2,wrong_topic,27,-133.02213849127293,9,-94.55943298339844
spDHZsNp4RA_d,wrong_topic,22,-137.22347593307495,8,-120.99878883361816
KI0avgGkWiU--9,wrong_topic,23,-81.64492892101407,6,-58.675619442015886
jLwvQ4URDFY--27,wrong_topic,36,-178.16292384639382,10,-129.3691539131105
BO1ehFUMWEs--30,wrong_topic,37,-222.3697167262435,11,-146.9323291182518
lPzmjeJmsXo--31,wrong_topic,21,-104.21905473433435,7,-67.14065483771265
vyBaeFU8J_k--8,wrong_topic,11,-41.77817061543465,4,-26.230984210968018
BESRE5mtipE--19,wrong_topic,21,-77.795789077878,8,-53.21325699985027
NDYHcIF50eE--0,wrong_topic,33,-123.37878989428282,15,-96.12731069326401
MYGqMojGwBE--109,wrong_topic,20,-119.55534529685974,9,-101.50236678123474
9b0136913690-8,wrong_topic,17,-60.05914660403505,4,-46.812693944666535
_T-35xhqSkE--11,wrong_topic,17,-87.38226478546858,3,-71.1827950105071
myIXH3PjvoI--37,wrong_topic,11,-38.09351572394371,3,-30.075613260269165
ozS8Mx8AdH8--13,wrong_topic,21,-88.26859117252752,6,-60.18813211424276
NDYHcIF50eE--3,wrong_topic,26,-103.63345060497522,12,-82.12602913379669
809a3a5e02d1-19,wrong_topic,16,-68.06266394257545,7,-46.970093846321106
rYcw__0tDhw--17,wrong_topic,21,-86.273284079507,4,-31.740714075043797
HBQwzyxvkZA--311,wrong_topic,16,-50.8719731234014,4,-42.047076251357794
HBQwzyxvkZA--236,wrong_topic,14,-55.40061341226101,3,-35.9350711107254
wUH1dDbu9B4--29,wrong_topic,18,-99.71238732337952,8,-72.19713062047958
l9bZYazJQ1w--18,wrong_topic,23,-104.00069844909012,6,-68.8370981682092
faZQNy4aErk--76,wrong_topic,28,-90.35006098879967,6,-56.792207088903524
dkavvNigK7s--14,wrong_topic,17,-82.56742995232344,6,-47.431734561920166
YsuSHJ3klEs--14,wrong_topic,17,-86.91139107197523,6,-38.91004315018654
MYGqMojGwBE--38,wrong_topic,21,-86.16638783365488,6,-46.29087111353874
dPuKX_lM4Zc--107,wrong_topic,12,-43.38213021308184,3,-28.07195234298706
OJxSniCPUpI--9,wrong_topic,17,-78.3205551803112,4,-70.11932483315468
CRJSZ2e7BU0--10,wrong_topic,17,-93.33864226937294,7,-61.80652238428593
MYGqMojGwBE--128,wrong_topic,16,-63.8704754114151,5,-37.08189296722412
myIXH3PjvoI--47,wrong_topic,18,-80.99283894803375,4,-58.857857315801084
cw1YIV30nQM--22,wrong_topic,17,-77.44972905702889,4,-56.47823955304921
KmW8f1GVTYY--10,wrong_topic,13,-64.61715427041054,6,-51.723648369312286
ijrjSBx7WTc--67,wrong_topic,24,-120.07059485837817,7,-97.31862149015069
gXa0qcoWrsQ--4,wrong_topic,13,-48.139161713421345,3,-41.26029548794031
Zc2bgIDZ-Ks--45,wrong_topic,36,-162.7408335879445,12,-123.81860415264964
36YV-IPiUXM--10,wrong_topic,39,-213.9833106356673,11,-138.59879753319547
36YV-IPiUXM--8,wrong_topic,32,-141.54695247439668,10,-115.26748143462464
HBQwzyxvkZA--320,wrong_topic,16,-87.62601527571678,5,-61.01775489002466
QiJgNpX3zN0--1,wrong_topic,12,-43.650909423828125,4,-37.56469088047743
U5Tq9r7saZU--15,wrong_topic,31,-128.20031589164864,13,-97.78257334872615
pMbMjjSj1fM--11,wrong_topic,16,-111.20512153208256,7,-88.83330072462559
oPITLi0VKh8--20,wrong_topic,17,-67.49026446207426,4,-32.37319324328564
ci_iGsLDZ9w_e1,wrong_topic,18,-95.0573407933116,5,-77.2763792052865
NDYHcIF50eE--16,wrong_topic,32,-141.69009318668395,9,-106.94644173700362
KmW8f1GVTYY--15,wrong_topic,16,-91.72901320829988,6,-65.82555697858334
ci_iGsLDZ9w_d,wrong_topic,8,-57.41815662384033,3,-36.45085096359253
6OlSDCcwM10--25,wrong_topic,12,-41.22082640230656,3,-28.068077191710472
8w6k4jEJJlU--0,wrong_topic,20,-79.12341702915728,6,-56.268286895006895
myIXH3PjvoI--97,wrong_topic,17,-81.01873703300953,6,-63.157646022737026
9b0136913690-12,wrong_topic,8,-41.1091194152832,2,-23.749512672424316
91GVHgxW8RA--7,wrong_topic,33,-232.68994455225766,11,-187.6153669822961
eabe1f38221a-36,wrong_topic,10,-42.90363609790802,3,-14.63620126247406
6_yO8Lc8Hd4--2,wrong_topic,17,-81.08108457177877,7,-44.16913539171219
KmW8f1GVTYY--46,wrong_topic,12,-46.29830031096935,4,-32.728724822402
9bqfEh7BD3c--13,wrong_topic,18,-72.17445681244135,5,-63.72806307673454
VwsRPJN7txM--9,wrong_topic,18,-57.28990677557886,6,-40.47012641839683
QXsIVtanWdw--5,wrong_topic,9,-23.851805739104748,3,-13.314739689230919
S9ymb66ZqqY--8,wrong_topic,11,-43.1934172809124,5,-26.023236006498337
LvN9Dxq2iLY--33,wrong_topic,12,-48.91099850833416,5,-45.52733105421066
K4eNr2k2Lls--21,wrong_topic,21,-100.01442044228315,8,-93.59181024879217
wSEeoT9BqE0--21,wrong_topic,34,-133.42058992385864,9,-105.05041774362326
LvN9Dxq2iLY--12,wrong_topic,16,-71.38985472917557,4,-46.34890766441822
faZQNy4aErk--6,wrong_topic,14,-58.9197216629982,5,-29.821437492966652
WabgM-SmPzU_e1,wrong_topic,12,-30.350498540326953,4,-21.366805030032992
wmTrG799MAo--12,wrong_topic,17,-53.361420130357146,6,-21.797851046547294
i4j5Bj2NL1c--13,wrong_topic,14,-84.36615940427873,5,-75.77836448571179
nvfK4jQ7MH0--3,wrong_topic,22,-119.77245808392763,7,-104.59531646966934
ojYFIliNLGI--0,wrong_topic,23,-59.34855656162836,8,-41.8002137823496
HBQwzyxvkZA--203,wrong_topic,12,-47.84686762094498,6,-40.35254555940628
vZt56rnH8QQ--1,wrong_topic,11,-30.912196150049567,5,-29.7206449508667
NaXDBBT5pkw--17,wrong_topic,16,-63.916048400104046,5,-45.872796289622784
9bqfEh7BD3c--23,wrong_topic,20,-86.09956317581236,9,-55.10104032792151
eyqLkKS5Qkw--20,wrong_topic,12,-60.91064757108688,5,-45.95565587282181
vbq8QbOwOt4--14,wrong_topic,26,-125.34434348344803,13,-86.55667895078659
faZQNy4aErk--25,wrong_topic,13,-79.78111481666565,2,-57.501274824142456
s_8IbRRsr0Q--13,wrong_topic,12,-57.855204382911325,6,-47.94095722772181
lcBujGRLwE0--7,wrong_topic,25,-136.162468791008,7,-89.27493369579315
CAzt5cxtSjQ--17,wrong_topic,15,-61.7702643238008,4,-26.269448529928923
m3Mmtpr-jjA--22,wrong_topic,9,-37.219079434871674,4,-31.10821545124054
9b0136913690-67,wrong_topic,8,-50.743457198143005,1,-8.235058784484863
HBQwzyxvkZA--34,wrong_topic,14,-69.65625159442425,5,-53.92165279388428
HBQwzyxvkZA--151,wrong_topic,15,-76.72791073843837,6,-62.23132983222604
ozS8Mx8AdH8--14,wrong_topic,25,-105.56858209520578,9,-76.24401695281267
AZ2s4Adm9RU--14,wrong_topic,14,-84.64977090060711,3,-47.08301317691803
KmW8f1GVTYY--48,wrong_topic,12,-58.28284228220582,6,-42.00630550086498
dPuKX_lM4Zc--103,wrong_topic,10,-34.24031689018011,3,-25.363739013671875
OEM3CR-HYmk--22,wrong_topic,16,-65.34217691421509,3,-46.17391902208328
lcBujGRLwE0--11,wrong_topic,28,-135.2128587178886,9,-120.32303830981255
d5Lx_5-UiHY--101,wrong_topic,8,-31.22550641745329,1,-13.511185646057129
vZt56rnH8QQ--8,wrong_topic,27,-151.71557570807636,12,-83.30116642080247
BO1ehFUMWEs--7,wrong_topic,18,-96.42778623849154,6,-81.60019540786743
HBQwzyxvkZA--99,wrong_topic,11,-46.03382386639714,5,-32.67844907939434
s_8IbRRsr0Q--22,wrong_topic,13,-68.4852675050497,5,-45.78252378851175
fvHtYcL913U--15,wrong_topic,13,-43.60786369070411,5,-29.227634251117706
sktRu3sp97g--2,wrong_topic,11,-53.31083237566054,6,-36.97890045680106
BO1ehFUMWEs--10,wrong_topic,27,-153.4706047102809,6,-114.32416954636574
lSLqIyupXrk--18,wrong_topic,23,-105.50242283940315,8,-79.5659157037735
xFEQrtosric--9,wrong_topic,9,-30.457861375063658,4,-25.630717787891626
ef52bca1a454-29,wrong_topic,10,-49.65588749945164,3,-22.961718425154686
q4RnudGCU18--28,wrong_topic,30,-159.66581872105598,14,-99.61697076261044
HBQwzyxvkZA--93,wrong_topic,15,-70.43176384270191,6,-38.27995276451111
ijrjSBx7WTc--51,wrong_topic,20,-64.20237721502781,7,-57.31103104352951
U5Tq9r7saZU--13,wrong_topic,33,-170.7957558715716,11,-139.9664933057502
d5Lx_5-UiHY--73,wrong_topic,11,-45.964325584471226,3,-21.545883417129517
s_8IbRRsr0Q--25,wrong_topic,19,-86.08951433002949,7,-51.71877062320709
LvN9Dxq2iLY--17,wrong_topic,13,-58.334591161459684,3,-31.44572313129902
lcBujGRLwE0--19,wrong_topic,31,-158.81729710660875,12,-131.04764880798757
9bqfEh7BD3c--18,wrong_topic,12,-63.38198870420456,4,-46.34199237823486
iwYL-ivQm6o--16,wrong_topic,20,-68.41104401275516,5,-30.17226066067815
myIXH3PjvoI--115,wrong_topic,16,-70.40731200575829,7,-50.59290200471878
gXa0qcoWrsQ--23,wrong_topic,23,-100.72117248130962,6,-72.44901697291061
hYNyIXYmoYs--0,wrong_topic,14,-80.52761661633849,5,-72.70515942573547
40BjLI5XtJE--1,wrong_topic,12,-65.71487694978714,5,-36.64983922243118
Zc2bgIDZ-Ks--28,wrong_topic,16,-57.910568160237744,6,-56.58775093895383
vbq8QbOwOt4--18,wrong_topic,21,-88.2880916967988,8,-40.731467984616756
fulQKWknVhw--25,wrong_topic,23,-118.44584333896637,7,-59.908433981239796
n12WICGyBJ4--17,wrong_topic,11,-80.20574009418488,5,-70.9861718416214
OEM3CR-HYmk--8,wrong_topic,9,-49.62252503633499,3,-13.080799758434296
6OlSDCcwM10--0,wrong_topic,14,-49.500484589487314,4,-20.73946512117982
K4eNr2k2Lls--31,wrong_topic,18,-93.45799381285906,7,-64.37376982718706
8DmlFztO2XM--4,wrong_topic,22,-102.69448153674603,7,-76.72948279976845
gXa0qcoWrsQ--1,wrong_topic,29,-175.2017118781805,8,-148.63605503737926
6_yO8Lc8Hd4--18,wrong_topic,33,-133.43651735503227,7,-70.67675414402038
dPuKX_lM4Zc--81,wrong_topic,19,-78.524877615273,6,-41.51340536773205
egjhIFJbR2I--1,wrong_topic,17,-68.44921388942748,5,-66.62425133306533
3vCea9zWFek--8,wrong_topic,15,-45.24263852927834,4,-30.792921968735754
2B2z46vgaAA--25,wrong_topic,9,-37.6064678132534,4,-32.94969469308853
QiGhWfjM2FI--29,wrong_topic,13,-64.02510152757168,6,-47.9878126680851
wefigjf46u4--7,wrong_topic,22,-112.64762466400862,9,-69.27085584402084
MYGqMojGwBE--188,wrong_topic,10,-41.3967492794618,4,-33.002957872115076
Kq5HfchSWv8--3,wrong_topic,10,-44.81470175087452,3,-21.450421661138535
5n_IGU5rYYk--31,wrong_topic,24,-104.09814001433551,11,-71.90035380236804
HBQwzyxvkZA--43,wrong_topic,13,-71.7597279548645,4,-36.3377690911293
7byz3fdI-Ss--10,wrong_topic,16,-80.80226623965427,5,-45.21536010457203
mjvqIq_fvRY--2,wrong_topic,20,-73.33464412903413,8,-41.75035407533869
Lt5GAA6MIuM--8,wrong_topic,19,-91.89290110766888,5,-48.66917599737644
uR-nzhB6D8g--11,wrong_topic,13,-72.27727460861206,5,-59.400548458099365
vyBaeFU8J_k--16,wrong_topic,25,-105.52635110728443,6,-42.70654091797769
myIXH3PjvoI--85,wrong_topic,21,-84.06141719967127,7,-70.84450086206198
gW1N-ttBBTo--2,wrong_topic,9,-35.57625064253807,2,-16.077731132507324
K4eNr2k2Lls--30,wrong_topic,29,-140.24656365439296,9,-110.859060395509
s_8IbRRsr0Q--20,wrong_topic,21,-94.11208933591843,10,-82.36236687004566
rZG7T9ujMEo--13,wrong_topic,12,-50.713129431940615,4,-49.74299065116793
_IyhoG9jXuM--1,wrong_topic,17,-61.525708766654134,8,-54.19113007374108
6OlSDCcwM10--15,wrong_topic,18,-84.03143126145005,7,-75.81762801483274
OtlvzXZG_Uk_e1,wrong_topic,15,-70.38588136434555,4,-54.99831587076187
iwYL-ivQm6o--8,wrong_topic,9,-32.22742363810539,4,-18.7925099208951
Lt5GAA6MIuM--4,wrong_topic,25,-150.06388651393354,8,-109.47318892739713
mDUCHJerTtE--6,wrong_topic,23,-97.14064687862992,8,-77.9785297550261
BTqVQCBPUzg--107,wrong_topic,21,-115.13563422113657,8,-73.4333979934454
80Cx4CH-AVI--17,wrong_topic,8,-35.16479284316301,6,-23.86307556182146
0Z5d6D2vBbc--11,wrong_topic,35,-194.9253593366593,13,-154.6209180187434
BTqVQCBPUzg--110,wrong_topic,8,-41.7245507389307,3,-32.87055587768555
lZarpnV0alw--14,wrong_topic,11,-67.17530465126038,4,-32.059553384780884
mjvqIq_fvRY--22,wrong_topic,20,-105.72672755271196,9,-73.40519601106644
g4GfKC7z-2M--7,wrong_topic,20,-120.82484643161297,7,-98.8987497985363
gp0w_zrLgfw--17,wrong_topic,29,-109.24050096445717,10,-70.40252059721388
UBnqDwRds3A--8,wrong_topic,25,-106.61068768997211,7,-56.06598811794538
MYGqMojGwBE--219,wrong_topic,10,-66.55001378059387,4,-35.09566783905029
809a3a5e02d1-116,wrong_topic,9,-30.56843850761652,3,-20.97967030853033
ckGC5hUffDU--5,wrong_topic,15,-57.912213653326035,5,-27.587056823074818
faZQNy4aErk--18,wrong_topic,23,-143.1660474166274,7,-138.4289048537612
uYaUCNl1j10--8,wrong_topic,25,-88.17573631927371,10,-58.025243412703276
jN2lbHzIneI--4,wrong_topic,31,-151.96014454588294,10,-136.56673066318035
LvN9Dxq2iLY--86,wrong_topic,12,-85.84029394388199,2,-59.19879376888275
Zc2bgIDZ-Ks--85,wrong_topic,25,-120.17884776741266,6,-87.73583781719208
m3Mmtpr-jjA--38,wrong_topic,26,-109.17867327434942,11,-97.20747812418267
q4RnudGCU18--13,wrong_topic,26,-131.36875556968153,9,-96.14240438304842
aDwdB7xHAOE--5,wrong_topic,15,-72.31133630871773,4,-64.22209998965263
s_8IbRRsr0Q--8,wrong_topic,8,-36.265348702669144,2,-20.73984146118164
C-cgPb_N2dY--3,wrong_topic,12,-37.3510629683733,6,-29.144275978207588
sktRu3sp97g--11,wrong_topic,19,-84.81632609665394,7,-65.06567274034023
4DhGy83DK_s--13,wrong_topic,17,-58.94523098599166,5,-47.76348102092743
MYGqMojGwBE--182,wrong_topic,18,-100.1689582169056,7,-59.54508337378502
l9bZYazJQ1w--16,wrong_topic,12,-64.36518803238869,5,-34.71085335314274
Xmm9ZyMy12g--8,wrong_topic,16,-73.18721382319927,4,-60.86473326385021
C6CIPVno_yQ--20,wrong_topic,22,-118.95003009797074,9,-97.86659695953131
DF4fto_X1Y4--2,wrong_topic,14,-46.49189919233322,5,-33.849335342645645
HBQwzyxvkZA--100,wrong_topic,12,-19.648180099204183,2,-2.23257414996624
dkavvNigK7s--30,wrong_topic,14,-64.37543815746903,6,-54.30792250111699
4DhGy83DK_s--35,wrong_topic,28,-89.80610832566163,6,-39.7835988047882
ZVE_KjrY_po--8,wrong_topic,23,-98.41130476957187,9,-80.0902977338992
lPzmjeJmsXo--14,wrong_topic,27,-147.33553078211844,10,-116.8460078407079
d5Lx_5-UiHY--36,wrong_topic,12,-30.25834420323372,4,-12.073352932929993
xFEQrtosric--2,wrong_topic,26,-148.97460263967514,9,-134.99706841260195
MYGqMojGwBE--215,wrong_topic,15,-86.30154719948769,6,-39.79639711976051
6_yO8Lc8Hd4--6,wrong_topic,29,-140.93161788303405,10,-112.31790982652456
vbq8QbOwOt4--1,wrong_topic,16,-62.134954918175936,6,-35.755416344851255
5n_IGU5rYYk--2,wrong_topic,20,-62.76364579424262,8,-53.079759266227484
ZMsnY_khlNQ--15,wrong_topic,9,-47.07959024608135,2,-17.770779609680176
myIXH3PjvoI--4,wrong_topic,14,-32.9615406319499,6,-17.24555580317974
q4RnudGCU18--26,wrong_topic,28,-109.93981571495533,10,-89.09830401837826
HBQwzyxvkZA--165,wrong_topic,12,-52.446944690309465,4,-43.4175960784778
o9DARfrZg2o--1,wrong_topic,21,-93.83773743733764,8,-67.60564790666103
uR-nzhB6D8g--1,wrong_topic,16,-67.18671476095915,6,-39.1795055270195
RIwfym39VVM_e3,wrong_topic,21,-97.7164580449462,6,-59.06695956736803
wwpptVjgAws--0,wrong_topic,29,-121.86021159286611,13,-91.80051262374036
9b0136913690-52,wrong_topic,14,-70.53653075546026,3,-35.676174342632294
Lt5GAA6MIuM--17,wrong_topic,22,-113.25222784280777,10,-93.50539702177048
klepEQSaeIk--1,wrong_topic,36,-164.2304087281227,11,-96.30770847201347
Lt5GAA6MIuM--28,wrong_topic,13,-56.64722718670964,4,-36.54465772584081
ef52bca1a454-8,wrong_topic,13,-75.31117697805166,6,-46.68338304758072
jLwvQ4URDFY--14,wrong_topic,34,-152.4108599893516,10,-113.1912449322408
LvN9Dxq2iLY--82,wrong_topic,14,-60.84400497376919,4,-35.80144016444683
iwYL-ivQm6o--11,wrong_topic,14,-49.42827585339546,4,-23.830601692199707
9b0136913690-59,wrong_topic,16,-93.41001075692475,4,-85.79298556037247
KmW8f1GVTYY--33,wrong_topic,13,-73.53942818939686,5,-68.128996104002
NDYHcIF50eE--11,wrong_topic,20,-99.76084768772125,3,-60.55872082710266
MYGqMojGwBE--279,wrong_topic,9,-34.09638636931777,5,-28.836267288774252
tDrI-9pSul0--10,wrong_topic,29,-216.1053342819214,10,-196.58649039268494
5n_IGU5rYYk--32,wrong_topic,31,-122.93308480177075,7,-44.49121967423707
ijrjSBx7WTc--23,wrong_topic,26,-105.361188814044,9,-67.60617183148861
a8zp7ivHwBU--4,wrong_topic,18,-83.57079558074474,6,-71.7675788551569
9bqfEh7BD3c--24,wrong_topic,18,-92.8769404925406,5,-78.7134381569922
U5Tq9r7saZU--29,wrong_topic,21,-99.74208721891046,11,-80.47217333316803
wSEeoT9BqE0--14,wrong_topic,27,-135.01743794605136,8,-107.63774586841464
QiGhWfjM2FI--9,wrong_topic,24,-70.81350425910205,11,-63.05549149494618
809a3a5e02d1-64,wrong_topic,14,-68.09094546549022,4,-47.71750388853252
ckGC5hUffDU--6,wrong_topic,26,-110.75777811079752,6,-80.45592958002817
o44YnPMhwPU--36,wrong_topic,22,-98.12219332158566,11,-79.06065078824759
HBQwzyxvkZA--193,wrong_topic,9,-34.364131201058626,4,-26.708568442612886
Kq5HfchSWv8--36,wrong_topic,16,-75.32349133491516,4,-44.72339203953743
ZCBew8Fv0qA--3,wrong_topic,13,-52.18106767907739,3,-28.013589199632406
91GVHgxW8RA--33,wrong_topic,22,-58.35561900213361,6,-24.360976306721568
MYGqMojGwBE--211,wrong_topic,13,-76.73976111412048,7,-45.61588478088379
hgaKby5Mha4--28,wrong_topic,25,-109.5283730099909,8,-60.3110603610985
-X_zmve1y00--1,wrong_topic,12,-31.98976618051529,3,-24.09262253344059
hgaKby5Mha4--1,wrong_topic,23,-75.51901487261057,8,-56.969648621976376
BO1ehFUMWEs--1,wrong_topic,21,-113.59784823656082,6,-97.20131742954254
OEM3CR-HYmk--3,wrong_topic,12,-59.007440850138664,3,-36.94769507646561
R6_v5nqXuGg--5,wrong_topic,18,-80.4294218160212,6,-59.3420765735209
rZG7T9ujMEo--2,wrong_topic,14,-94.00770059227943,6,-72.98666381835938
HBQwzyxvkZA--143,wrong_topic,9,-27.593994688242674,4,-25.68920175731182
HBQwzyxvkZA--319,wrong_topic,22,-116.40959291160107,7,-82.41962039470673
3vCea9zWFek--39,wrong_topic,23,-114.09528626874089,9,-68.75511741638184
tDrI-9pSul0--11,wrong_topic,12,-58.406859897077084,6,-46.35610473155975
kxz4AA9lNmY_e4,wrong_topic,17,-84.05703717004508,4,-69.92694729100913
zu_bd3r2GIA--28,wrong_topic,14,-79.56101773306727,5,-65.68635557219386
Xmm9ZyMy12g--13,wrong_topic,22,-139.5277105420828,6,-108.12261725962162
NTc0m4Q1-xU--0,wrong_topic,17,-75.04428844898939,7,-53.919545114040375
9xc24mAlprE--14,wrong_topic,23,-100.73308447003365,9,-76.23887979984283
Rc99bcSdhak--5,wrong_topic,37,-160.57758634537458,11,-123.20316657423973
HBQwzyxvkZA--286,wrong_topic,24,-121.23333312571049,10,-84.0315583050251
Zc2bgIDZ-Ks--79,wrong_topic,15,-47.1645128633827,4,-24.24349950067699
wefigjf46u4--10,wrong_topic,8,-30.18132810294628,2,-17.301124095916748
wSEeoT9BqE0--2,wrong_topic,20,-27.94523811992258,7,-25.21314763184637
o9DARfrZg2o--0,wrong_topic,21,-130.35924357175827,7,-101.09943681955338
DP1ly_MsHHQ--15,wrong_topic,30,-116.72561301710084,7,-91.58268066914752
C-cgPb_N2dY--16,wrong_topic,21,-73.29896998498589,7,-46.95333016011864
6U9AFGakrn0--5,wrong_topic,14,-52.67158257961273,4,-29.017391800880432
0kldzhToGLc--15,wrong_topic,10,-24.311768636107445,3,-9.869132429361343
oyWhLo5brto--1,wrong_topic,21,-96.92163633555174,9,-59.42211063951254
bqE5C2tmc9c--13,wrong_topic,14,-88.59089875221252,6,-52.01390743255615
ijrjSBx7WTc--32,wrong_topic,21,-96.4114984255284,7,-82.02300351671875
MYGqMojGwBE--149,wrong_topic,17,-72.2903974018991,3,-38.21601712331176
n12WICGyBJ4--43,wrong_topic,17,-63.805905719753355,6,-58.10491481190547
Zc2bgIDZ-Ks--43,wrong_topic,19,-97.56628054752946,4,-36.93276173248887
IjeHLt1vNoM--9,wrong_topic,20,-123.70779866725206,6,-80.44618441164494
rYcw__0tDhw--1,wrong_topic,33,-122.31139677786268,8,-93.20046531432308
Sqa3ig2NN9Q--4,wrong_topic,14,-96.80939990282059,5,-80.01469004154205
IjeHLt1vNoM--17,wrong_topic,15,-57.68196411430836,5,-35.98155169188976
9b0136913690-70,wrong_topic,12,-49.75008614361286,3,-30.733856588602066
Kq5HfchSWv8--28,wrong_topic,15,-45.80464284657501,4,-16.560275876661763
ojYFIliNLGI--9,wrong_topic,16,-58.11484403908253,6,-35.180096700787544
m3Mmtpr-jjA--30,wrong_topic,23,-77.0011144168675,9,-54.70279646292329
6u-ZspWSpwE--14,wrong_topic,17,-71.47101812064648,6,-54.25709294527769
HBQwzyxvkZA--111,wrong_topic,13,-64.1592178940773,5,-48.45597767829895
xFJw5GMtlCk--4,wrong_topic,8,-32.90521293878555,1,-7.678078293800354
U5Tq9r7saZU--18,wrong_topic,18,-71.38685525208712,5,-57.400881096720695
QiJgNpX3zN0--17,wrong_topic,11,-55.25092967879027,4,-41.24653199315071
9bqfEh7BD3c--9,wrong_topic,19,-81.7302312515676,7,-57.67251769825816
5n_IGU5rYYk--17,wrong_topic,31,-135.85845176456496,11,-93.75413316069171
kES_ZNjFKz8--18,wrong_topic,12,-36.127647696761414,4,-20.866343877045438
nvfK4jQ7MH0--19,wrong_topic,12,-57.070887476205826,3,-34.20319440960884
LvN9Dxq2iLY--71,wrong_topic,26,-62.503007324645296,6,-32.525399344274774
aDwdB7xHAOE--8,wrong_topic,19,-84.0319412201643,9,-64.8536910712719
HBQwzyxvkZA--1,wrong_topic,10,-46.41321298480034,2,-15.395161241292953
gW1N-ttBBTo--6,wrong_topic,30,-143.09841391257942,9,-110.53793612681329
ef52bca1a454-57,wrong_topic,17,-56.89720539748669,5,-22.492542266845703
_r1S90f_nsM--13,wrong_topic,13,-55.90436462312937,4,-15.760155409574509
Xmm9ZyMy12g--12,wrong_topic,16,-56.01756635308266,3,-22.811796873807907
fulQKWknVhw--29,wrong_topic,34,-139.27607542835176,12,-110.09771850518882
BTqVQCBPUzg--116,wrong_topic,10,-39.27795438375324,2,-18.132425784133375
Zc2bgIDZ-Ks--9,wrong_topic,16,-46.67046202014899,4,-25.094232656469103
eBj_HUu0CNw--22,wrong_topic,13,-51.36480878293514,5,-35.81152656674385
K4eNr2k2Lls--33,wrong_topic,29,-119.29621170088649,10,-102.04882483184338
jMdxYlvrkbk--10,wrong_topic,24,-119.05263677611947,9,-101.20277004316449
jLwvQ4URDFY--3,wrong_topic,28,-139.4265133216977,14,-114.17185565084219
R6_v5nqXuGg--14,wrong_topic,18,-87.61011079698801,7,-74.49495726823807
Sqa3ig2NN9Q--25,wrong_topic,20,-128.27576038241386,3,-79.51874646544456
gW1N-ttBBTo--10,wrong_topic,37,-171.77380820270628,12,-137.66525803413242
cw1YIV30nQM--20,wrong_topic,21,-119.36391317099333,7,-64.86839430779219
BESRE5mtipE--1,wrong_topic,20,-71.86642101407051,5,-49.84659677743912
KHL0wkbu0-s--8,wrong_topic,24,-109.9802625477314,9,-76.90557625889778
eGkBCS1t9-E--20,wrong_topic,22,-94.6560220271349,5,-71.3093162626028
EIwWHTO5rZw--14,wrong_topic,13,-39.39386983215809,4,-13.306853294372559
eBj_HUu0CNw--24,wrong_topic,17,-80.61840721964836,6,-50.27123141288757
gXa0qcoWrsQ--12,wrong_topic,21,-90.4284728448838,6,-70.09344882331789
80Cx4CH-AVI--8,wrong_topic,21,-101.20795103907585,6,-84.83220136165619
ckGC5hUffDU--2,wrong_topic,19,-86.02832562848926,5,-85.1605313681066
K5lgB4YzOO0--6,wrong_topic,19,-80.18596678017639,5,-54.43403282552026
-X_zmve1y00--12,wrong_topic,18,-65.90022034943104,8,-56.167601227760315
xFEQrtosric--7,wrong_topic,25,-103.65921744005755,10,-97.35027561383322
HBQwzyxvkZA--121,wrong_topic,22,-107.84234607964754,7,-74.45788794755936
bOZ_Lap5FNA--11,wrong_topic,19,-96.11313359811902,9,-65.78119413927197
rYcw__0tDhw--2,wrong_topic,21,-82.57499493844807,8,-55.409551383927464
xFJw5GMtlCk--10,wrong_topic,24,-82.74358544871211,7,-55.4218144826591
9b0136913690-106,wrong_topic,8,-28.22150020301342,3,-18.361617758870125
rZG7T9ujMEo--21,wrong_topic,9,-40.67658220976591,2,-18.370802402496338
mXq8axygjdE--51,wrong_topic,36,-85.32283361908048,15,-61.268909758888185
m-w_78fDg9M--18,wrong_topic,17,-86.2119451444596,4,-48.32223837263882
XcXCB---N9M--3,wrong_topic,20,-106.96760637685657,6,-69.85499626398087
K4eNr2k2Lls--2,wrong_topic,16,-57.48899917397648,6,-41.342628792859614
BTqVQCBPUzg--154,wrong_topic,8,-29.81200134381652,3,-24.053141366690397
Zc2bgIDZ-Ks--60,wrong_topic,17,-40.30721966933925,6,-27.426464274642058
gW1N-ttBBTo--7,wrong_topic,28,-169.61383479833603,10,-147.5650385916233
0bk98uIiTS8--32,wrong_topic,30,-128.3445257092826,12,-114.38225175393745
BTqVQCBPUzg--148,wrong_topic,12,-78.09834085498005,6,-46.80872999224812
lAFiWmUUHOg--25,wrong_topic,27,-115.47730845073238,6,-75.6729003326036
bGqx2eKgdB0_e4,wrong_topic,10,-60.88446080684662,3,-38.83268213272095
ZVE_KjrY_po--21,wrong_topic,8,-37.24041718989611,2,-20.878356456756592
BTqVQCBPUzg--34,wrong_topic,13,-50.05990128964186,4,-36.81765183061361
XcXCB---N9M--20,wrong_topic,30,-133.29563292115927,8,-97.8471212387085
o9DARfrZg2o--9,wrong_topic,13,-58.280299320816994,3,-21.835018396377563
HBQwzyxvkZA--228,wrong_topic,13,-54.7189776301384,4,-43.90871611237526
80Cx4CH-AVI--2,wrong_topic,29,-140.49488320946693,11,-111.56368389725685
Zc2bgIDZ-Ks--12,wrong_topic,11,-62.15322778373957,3,-16.713049218058586
vbq8QbOwOt4--7,wrong_topic,17,-43.683223467320204,6,-22.332755744457245
HBQwzyxvkZA--291,wrong_topic,31,-138.16124701872468,9,-106.19774110987782
i4j5Bj2NL1c--9,wrong_topic,19,-88.6925733461976,6,-63.451450511813164
5QMD024bDYs--8,wrong_topic,21,-84.8165057064034,6,-63.883755205664784
faZQNy4aErk--44,wrong_topic,24,-129.8099608272314,9,-106.57469256222248
oPITLi0VKh8--18,wrong_topic,13,-40.6019468982704,5,-27.36194370733574
Xmm9ZyMy12g--14,wrong_topic,16,-65.42244340479374,5,-36.05300188064575
-X_zmve1y00--29,wrong_topic,11,-52.87310603260994,4,-46.26720979809761
HBQwzyxvkZA--278,wrong_topic,12,-55.42546106874943,5,-32.49946999549866
OEM3CR-HYmk--2,wrong_topic,13,-52.92334455996752,4,-44.58927006274462
1xJ_dkBcAIU--20,wrong_topic,20,-90.63715140521526,6,-66.47027312964201
IoifXQnhN4E--5,wrong_topic,9,-41.08291592821479,5,-31.79117813333869
jMdxYlvrkbk--6,wrong_topic,15,-93.10925479047,5,-50.823718905448914
q4RnudGCU18--5,wrong_topic,22,-100.91787375509739,6,-71.12794973701239
lcBujGRLwE0--30,wrong_topic,25,-99.83406618214212,9,-62.8380389472004
egjhIFJbR2I--8,wrong_topic,16,-62.33872597664595,5,-34.9475504308939
oAhfJ8yB1j0--5,wrong_topic,27,-117.20753658562899,10,-111.39371560513973
klepEQSaeIk--15,wrong_topic,11,-30.45027931034565,6,-28.46126799285412
Rc99bcSdhak--27,wrong_topic,30,-151.1828427799046,10,-102.46213536709547
iwYL-ivQm6o--3,wrong_topic,29,-123.19742467999458,9,-91.40419202297926
MYGqMojGwBE--248,wrong_topic,24,-120.4119106978178,8,-80.76830495893955
mjvqIq_fvRY--12,wrong_topic,23,-107.34022663533688,6,-71.67699854075909
s_8IbRRsr0Q--1,wrong_topic,28,-116.62461931910366,8,-64.90364006813616
6OlSDCcwM10--2,wrong_topic,7,-24.680742025375366,2,-15.569439470767975
m3Mmtpr-jjA--44,wrong_topic,24,-104.68471086653881,6,-61.99386233719997
9b0136913690-31,wrong_topic,17,-75.1789081543684,5,-39.38944264501333
HBQwzyxvkZA--207,wrong_topic,13,-51.22401684522629,4,-36.42886584997177
Nv3WLYio7Lc--9,wrong_topic,17,-77.29281903803349,5,-61.036466881632805
Nv3WLYio7Lc--14,wrong_topic,11,-53.780736932531,5,-41.39453555084765
hYNyIXYmoYs--2,wrong_topic,19,-48.44508699234575,8,-33.799334614537656
ef52bca1a454-69,wrong_topic,9,-40.39191285520792,3,-15.785552501678467
HBQwzyxvkZA--90,wrong_topic,11,-67.32985782623291,4,-41.3521945476532
C6CIPVno_yQ--21,wrong_topic,22,-95.15202284604311,8,-72.53472465276718
LvN9Dxq2iLY--26,wrong_topic,22,-169.76801285147667,7,-163.86992198228836
HBQwzyxvkZA--318,wrong_topic,18,-113.94484484987333,8,-85.86136879073456
zu_bd3r2GIA--30,wrong_topic,18,-76.21113789826632,7,-50.38413293659687
oAhfJ8yB1j0--3,wrong_topic,23,-130.05738013237715,6,-118.22442446649075
5n_IGU5rYYk--6,wrong_topic,17,-74.1274201348424,6,-44.72691708803177
nvfK4jQ7MH0--27,wrong_topic,17,-64.90577736496925,7,-46.15007892251015
kytITkHoyls--15,wrong_topic,21,-89.81490245088935,5,-56.671570271253586
dPuKX_lM4Zc--120,wrong_topic,31,-152.32923988811672,13,-96.29794859699905
5n_IGU5rYYk--3,wrong_topic,21,-68.09141804184765,7,-57.96545937564224
dPuKX_lM4Zc--129,wrong_topic,23,-125.72125142067671,9,-77.1219652146101
9xc24mAlprE--26,wrong_topic,18,-104.12647220678627,5,-98.0615358222276
oyWhLo5brto--5,wrong_topic,21,-81.34642599895597,5,-37.404620449990034
ojYFIliNLGI--16,wrong_topic,37,-210.51704926788807,13,-163.66715043783188
LvN9Dxq2iLY--124,wrong_topic,18,-84.14936035498977,4,-36.115407317876816
lcBujGRLwE0--4,wrong_topic,34,-112.31588467420079,12,-93.40580626041628
wwpptVjgAws--7,wrong_topic,39,-210.49362586438656,10,-172.38571473956108
Kq5HfchSWv8--18,wrong_topic,16,-60.48144293949008,4,-26.558166097849607
mjvqIq_fvRY--6,wrong_topic,27,-154.32898558676243,10,-126.84213474392891
Nv3WLYio7Lc--13,wrong_topic,30,-135.32255389727652,7,-83.01280713267624
6_yO8Lc8Hd4--7,wrong_topic,14,-72.62834404408932,6,-55.87367570400238
0Z5d6D2vBbc--6,wrong_topic,17,-83.85626503825188,8,-62.36431756615639
80Cx4CH-AVI--11,wrong_topic,28,-121.51756811328232,9,-68.04531172476709
xFJw5GMtlCk--5,wrong_topic,24,-110.4875729829073,10,-58.040807873010635
9b0136913690-80,wrong_topic,17,-106.1261931732297,4,-31.837685108184814
AVb1VABiJJ8--9,wrong_topic,19,-91.20623005926609,7,-61.11888402700424
xFEQrtosric--4,wrong_topic,14,-58.52630294859409,4,-30.418230138719082
iGdg-iGlUFg--2,wrong_topic,42,-222.18354650586843,12,-151.0061315894127
wUH1dDbu9B4--26,wrong_topic,23,-172.76196211576462,6,-168.76551016420126
LvN9Dxq2iLY--101,wrong_topic,14,-64.99082328379154,4,-41.28953643143177
HBQwzyxvkZA--67,wrong_topic,9,-37.610027303919196,2,-18.422333113849163
QiGhWfjM2FI--1,wrong_topic,19,-77.1042013540864,9,-60.627003848552704
LvN9Dxq2iLY--168,wrong_topic,9,-29.560782708227634,4,-22.809074103832245
MYGqMojGwBE--2,wrong_topic,18,-107.40184134244919,8,-66.72203201055527
mjvqIq_fvRY--18,wrong_topic,14,-68.93192458897829,7,-58.791466757655144
m-w_78fDg9M--3,wrong_topic,17,-89.09904061257839,7,-70.8930728957057
8E-llRXuhl0--22,wrong_topic,20,-107.01107393577695,7,-95.6102254204452
lPzmjeJmsXo--2,wrong_topic,32,-121.36355449818075,13,-104.1913830395788
rYcw__0tDhw--10,wrong_topic,22,-121.53681169135962,6,-85.5785906581441
mXq8axygjdE--62,wrong_topic,9,-43.129440024495125,3,-30.060094952583313
AZ2s4Adm9RU--1,wrong_topic,28,-82.36851366609335,7,-20.192723214626312
CRJSZ2e7BU0--4,wrong_topic,25,-109.0617068912834,10,-82.48654829524457
HBQwzyxvkZA--272,wrong_topic,14,-80.57028987258673,5,-50.608414590358734
kES_ZNjFKz8--16,wrong_topic,21,-106.32019838085398,8,-96.15619011363015
MYGqMojGwBE--206,wrong_topic,13,-51.463478073477745,6,-36.916065096855164
glNqZ8w4iy8--5,wrong_topic,11,-25.791965728625655,3,-13.694882107898593
Rblg5TE6TI0--30,wrong_topic,34,-171.6364937182516,12,-124.16721809469163
809a3a5e02d1-77,wrong_topic,11,-55.155263900756836,4,-47.20564776659012
lSLqIyupXrk--5,wrong_topic,17,-105.8955689072609,7,-93.57286335527897
eabe1f38221a-48,wrong_topic,10,-52.34037393331528,3,-35.53793638944626
jLwvQ4URDFY--5,wrong_topic,11,-36.85352110862732,4,-27.62947314977646
m3Mmtpr-jjA--2,wrong_topic,11,-44.98372720181942,4,-42.08447204530239
HBQwzyxvkZA--155,wrong_topic,22,-108.41557053476572,7,-84.49758677184582
K5lgB4YzOO0--12,wrong_topic,15,-62.75855961162597,6,-50.589912444353104
Rblg5TE6TI0--1,wrong_topic,23,-93.75191507861018,7,-46.60342155396938
dkavvNigK7s--27,wrong_topic,27,-113.31861214712262,12,-100.36971839889884
NaXDBBT5pkw--3,wrong_topic,11,-36.835071966052055,4,-27.8171818703413
LvN9Dxq2iLY--164,wrong_topic,20,-84.31421506404877,8,-59.354505479335785
vZt56rnH8QQ--3,wrong_topic,11,-52.612875916063786,5,-50.92913768440485
mXq8axygjdE--67,wrong_topic,12,-55.84067717380822,4,-30.996294839307666
7byz3fdI-Ss--7,wrong_topic,18,-66.53382261842489,7,-58.82531287521124
dkavvNigK7s--9,wrong_topic,17,-84.94563266634941,6,-68.94944508373737
g4GfKC7z-2M--9,wrong_topic,19,-115.03956747055054,5,-105.2942031621933
6OlSDCcwM10--20,wrong_topic,16,-73.21346805617213,8,-65.30140325799584
KI0avgGkWiU--1,wrong_topic,23,-143.02122684195638,7,-92.6185550428927
iwYL-ivQm6o--0,wrong_topic,7,-41.88732425868511,3,-25.60770933330059
OEM3CR-HYmk--19,wrong_topic,18,-83.23811613023281,4,-61.914830192923546
6OlSDCcwM10--11,wrong_topic,17,-84.90028296411037,11,-66.49484342336655
e4rWudmfrfY--0,wrong_topic,9,-49.940867483615875,1,-11.369445472955704
o44YnPMhwPU--1,wrong_topic,11,-18.28831008868292,3,-14.509216189850122
l9bZYazJQ1w--7,cross_domain,20,-87.76513510104269,7,-53.204916066490114
9b0136913690-114,cross_domain,19,-93.39215378463268,5,-59.47559730708599
ZMsnY_khlNQ--12,cross_domain,21,-80.09003573469818,7,-48.59145271591842
809a3a5e02d1-67,cross_domain,12,-72.06627434492111,4,-62.353487491607666
DP1ly_MsHHQ--36,cross_domain,18,-101.91760379076004,7,-62.088290214538574
dPuKX_lM4Zc--118,cross_domain,31,-173.1922065578401,13,-105.2580284960568
wwpptVjgAws--20,cross_domain,40,-226.80278220027685,13,-166.30826142430305
48couwymlMM--18,cross_domain,19,-83.05237871967256,8,-69.18010332249105
809a3a5e02d1-108,cross_domain,11,-25.018121987581253,4,-17.091471791267395
4DhGy83DK_s--30,cross_domain,13,-62.046996496617794,5,-47.32433897256851
rZG7T9ujMEo--0,cross_domain,28,-161.70086251944304,13,-120.40137497335672
7byz3fdI-Ss--0,cross_domain,15,-61.34314173460007,6,-43.95986473560333
eabe1f38221a-18,cross_domain,31,-173.95362640544772,9,-92.59441215917468
0kldzhToGLc--6,cross_domain,22,-122.43249854072928,8,-90.0720340423286
pMbMjjSj1fM--17,cross_domain,18,-84.94742108881474,10,-69.48379001021385
MYGqMojGwBE--267,cross_domain,17,-95.23083082772791,3,-28.95403649099171
C-cgPb_N2dY--9,cross_domain,12,-40.39105613157153,3,-28.717492889612913
ef52bca1a454-22,cross_domain,12,-51.95675232261419,4,-37.08891546726227
fulQKWknVhw--7,cross_domain,19,-56.32702811202034,7,-47.60695073893294
ijrjSBx7WTc--84,cross_domain,8,-29.362587422132492,1,-3.8770008087158203
oAhfJ8yB1j0--10,cross_domain,10,-42.770657293498516,2,-23.22825065255165
Zc2bgIDZ-Ks--72,cross_domain,12,-53.464466989040375,3,-18.305744171142578
mjvqIq_fvRY--11,cross_domain,19,-111.75535171478987,7,-84.68502007424831
IoifXQnhN4E--4,cross_domain,24,-105.62151006539352,8,-70.7118033200968
HBQwzyxvkZA--276,cross_domain,20,-86.09563235938549,6,-66.75227190554142
o44YnPMhwPU--12,cross_domain,15,-79.32208137214184,5,-57.63845939934254
myIXH3PjvoI--76,cross_domain,13,-64.0424240604043,4,-29.83553034067154
faZQNy4aErk--15,cross_domain,23,-108.40817429870367,7,-56.924688182771206
Rc99bcSdhak--0,cross_domain,21,-88.94718965142965,7,-62.16832494735718
0kldzhToGLc--2,cross_domain,14,-70.52449686080217,6,-49.989390313625336
5n_IGU5rYYk--30,cross_domain,22,-103.33174888824578,7,-68.19026432966348
myIXH3PjvoI--89,cross_domain,19,-84.71720417588949,7,-59.00656545162201
S9ymb66ZqqY--9,cross_domain,25,-157.003676969558,12,-126.57017295435071
dPuKX_lM4Zc--54,cross_domain,19,-75.51885773986578,6,-62.69021540135145
oPITLi0VKh8--10,cross_domain,16,-61.52416656818241,6,-56.880818410776556
17OIKvJmrK8--4,cross_domain,13,-72.99053065851331,6,-63.71970992162824
yb7efY9x78U--12,cross_domain,23,-104.51459494233131,5,-35.98755072802305
zu_bd3r2GIA--9,cross_domain,12,-63.413839250802994,6,-49.793363839387894
eabe1f38221a-5,cross_domain,29,-136.18083576858044,8,-64.99381756782532
QiGhWfjM2FI--31,cross_domain,24,-94.08474946662318,10,-86.51364065601956
fvHtYcL913U--3,cross_domain,11,-51.30927452817559,3,-24.987651500850916
sktRu3sp97g--4,cross_domain,20,-88.87469263724051,5,-46.379064354812726
BTqVQCBPUzg--97,cross_domain,10,-40.56958334892988,4,-39.77787596732378
hYNyIXYmoYs--17,cross_domain,24,-127.68316835910082,12,-113.44973826408386
3Pk2c_Z4ahk--1,cross_domain,9,-38.688033137470484,3,-27.56051767244935
9xc24mAlprE--1,cross_domain,16,-58.164956172928214,4,-41.964864334091544
ZMsnY_khlNQ--7,cross_domain,21,-100.09160087443888,8,-61.066142266616225
fulQKWknVhw--42,cross_domain,22,-84.78767982125282,7,-55.49281042814255
W4YzurwHpfw--6,cross_domain,14,-64.87724085897207,6,-63.45666491985321
glNqZ8w4iy8--9,cross_domain,25,-105.48756627738476,10,-60.5186932682991
o44YnPMhwPU--25,cross_domain,18,-84.9781515696086,5,-52.13951776409522
UBnqDwRds3A--2,cross_domain,13,-56.80233742296696,6,-49.19915199279785
wmTrG799MAo--19,cross_domain,13,-75.99371695518494,6,-62.02183294296265
lPzmjeJmsXo--13,cross_domain,20,-110.63013965263963,9,-110.23022485151887
ZCBew8Fv0qA--12,cross_domain,12,-67.42033457756042,5,-41.884852170944214
39at7Lxu6Yo--19,cross_domain,34,-158.26637304201722,13,-123.38101184740663
EIwWHTO5rZw--8,cross_domain,26,-152.30241291970015,9,-130.47906535863876
MYGqMojGwBE--116,cross_domain,20,-90.90639288723469,7,-63.6891493499279
BTqVQCBPUzg--47,cross_domain,10,-45.956203423440456,4,-27.428531408309937
myIXH3PjvoI--93,cross_domain,8,-42.636813908815384,4,-30.705384522676468
bU_v22EtHIU--1,cross_domain,23,-95.24246227415279,6,-65.81732190819457
uR-nzhB6D8g--2,cross_domain,15,-73.31491114199162,6,-57.60408961772919
OEM3CR-HYmk--15,cross_domain,24,-115.56854083924554,7,-68.45328727154993
uR-nzhB6D8g--3,cross_domain,18,-73.20820155739784,9,-55.16377828270197
NaXDBBT5pkw--6,cross_domain,9,-48.92255139350891,4,-28.094668865203857
wefigjf46u4--2,cross_domain,14,-88.95191802084446,7,-70.9379997253418
MYGqMojGwBE--30,cross_domain,19,-67.07070738822222,4,-32.276622235774994
fYxijWb0b_s--9,cross_domain,17,-62.39681989699602,9,-51.61942817270756
Rc99bcSdhak--16,cross_domain,15,-67.84086121618748,3,-24.079094156622887
_IyhoG9jXuM--15,cross_domain,25,-138.15287668257952,7,-53.17792692780495
uYaUCNl1j10--12,cross_domain,22,-100.1744983191602,8,-86.03386536194012
o9DARfrZg2o--16,cross_domain,14,-56.10882767289877,5,-40.64935763925314
MYGqMojGwBE--42,cross_domain,19,-87.51385734975338,7,-62.257479786872864
ixXF2UGOyoU--5,cross_domain,9,-43.3271808847785,3,-23.92914852499962
BESRE5mtipE--0,cross_domain,21,-83.31776711065322,8,-76.47591265756637
8DmlFztO2XM--2,cross_domain,25,-123.7747865319252,6,-97.39835724234581
jLwvQ4URDFY--1,cross_domain,43,-221.520314745605,14,-160.5418146699667
5QMD024bDYs--15,cross_domain,19,-92.4521468989551,7,-63.75763310492039
jLwvQ4URDFY--31,cross_domain,33,-131.9212793202605,12,-118.21102620079182
aDwdB7xHAOE--1,cross_domain,28,-167.00399044528604,10,-102.45354317501187
wSEeoT9BqE0--13,cross_domain,11,-25.353170171380043,4,-16.58586236834526
d5Lx_5-UiHY--41,cross_domain,11,-47.146287970244884,5,-44.388538867235184
BTqVQCBPUzg--18,cross_domain,9,-61.9134416282177,4,-55.20834967494011
faZQNy4aErk--62,cross_domain,12,-30.504325833171606,4,-21.329223688691854
LvN9Dxq2iLY--88,cross_domain,10,-52.94210460782051,1,-14.793854504823685
HBQwzyxvkZA--256,cross_domain,19,-72.16631597280502,6,-58.009048007428646
xFEQrtosric--18,cross_domain,19,-76.49263082072139,5,-50.053889986127615
KmW8f1GVTYY--40,cross_domain,27,-122.22285798564553,10,-86.94414303638041
nXA9Qpj2z7E--6,cross_domain,12,-46.37887575477362,3,-26.624497577548027
kytITkHoyls--7,cross_domain,39,-181.1312866806984,12,-160.50285889208317
ef52bca1a454-6,cross_domain,15,-66.23858962208033,5,-59.40209036320448
iwYL-ivQm6o--19,cross_domain,14,-83.37232115864754,5,-34.05867254734039
9b0136913690-41,cross_domain,17,-68.10178785026073,7,-51.308245941996574
K4eNr2k2Lls--1,cross_domain,29,-137.90164264012128,8,-112.50107308942825
pMbMjjSj1fM--28,cross_domain,11,-48.47638612985611,3,-36.64006036520004
MYGqMojGwBE--161,cross_domain,18,-72.09514993801713,6,-31.337210852652788
mXq8axygjdE--32,cross_domain,24,-75.58295725891367,6,-52.12423580745235
4vfboqjtAXo_d,cross_domain,18,-97.87802666425705,5,-51.89969989657402
HBQwzyxvkZA--261,cross_domain,20,-74.36132443137467,5,-39.24129343032837
CAzt5cxtSjQ--23,cross_domain,10,-50.688328325748444,6,-46.520551919937134
d5Lx_5-UiHY--51,cross_domain,15,-84.70076566934586,5,-43.95082628726959
klepEQSaeIk--9,cross_domain,18,-71.46029780292884,5,-50.78580198669806
48couwymlMM--10,cross_domain,16,-77.2612648755312,4,-74.84834425151348
K4eNr2k2Lls--0,cross_domain,11,-43.69771584868431,5,-40.59844529628754
zu_bd3r2GIA--16,cross_domain,23,-103.08701316267252,8,-74.6753408908844
ef52bca1a454-76,cross_domain,11,-44.10028933733702,4,-29.145414650440216
ixXF2UGOyoU--2,cross_domain,14,-78.2416195422411,5,-44.60446214675903
o44YnPMhwPU--37,cross_domain,17,-85.29869226366282,7,-58.993634670972824
CRJSZ2e7BU0--12,cross_domain,22,-104.04596821032465,7,-80.2121602948755
91GVHgxW8RA--2,cross_domain,8,-28.814708292484283,3,-23.077999591827393
gXa0qcoWrsQ--7,cross_domain,22,-131.98011549562216,9,-110.92835395038128
m3Mmtpr-jjA--42,cross_domain,20,-89.06541452556849,6,-46.455111995339394
lcBujGRLwE0--29,cross_domain,35,-163.4277001041919,13,-136.7786535937339
MYGqMojGwBE--205,cross_domain,23,-95.11056078597903,7,-45.317588210105896
d5Lx_5-UiHY--22,cross_domain,24,-97.58546346670482,7,-48.10171287751291
9b0136913690-89,cross_domain,12,-44.0616109916009,2,-30.329044923186302
8E-llRXuhl0--5,cross_domain,24,-116.55654465034604,6,-78.14796559140086
iGdg-iGlUFg--11,cross_domain,18,-89.59867931995541,7,-74.7131049791351
jMdxYlvrkbk--9,cross_domain,20,-107.78544479608536,8,-73.40795016288757
vbq8QbOwOt4--15,cross_domain,11,-43.37493585050106,3,-19.85538285970688
m3Mmtpr-jjA--8,cross_domain,10,-52.54719700664282,3,-35.99783658981323
o44YnPMhwPU--11,cross_domain,10,-63.24450684338808,5,-41.94434470683336
o9DARfrZg2o--12,cross_domain,12,-41.025150038301945,3,-32.77214650809765
rYcw__0tDhw--9,cross_domain,20,-92.2115989588201,5,-66.68845864012837
eabe1f38221a-51,cross_domain,10,-36.832561537623405,3,-28.205597519874573
HBQwzyxvkZA--116,cross_domain,8,-31.248911499977112,3,-24.75431990623474
LvN9Dxq2iLY--139,cross_domain,7,-23.909213960170746,2,-14.81805944442749
8w6k4jEJJlU--19,cross_domain,24,-91.95191350206733,9,-47.06628464534879
Kq5HfchSWv8--7,cross_domain,14,-35.98871673364192,4,-27.405403544194996
NDYHcIF50eE--2,cross_domain,16,-66.14852730929852,4,-42.085234478116035
809a3a5e02d1-65,cross_domain,8,-48.871237605810165,2,-16.29094696044922
AVb1VABiJJ8--18,cross_domain,12,-74.77120567858219,7,-66.81411409378052
HBQwzyxvkZA--265,cross_domain,16,-89.51895659044385,5,-45.64319287613034
ijrjSBx7WTc--59,cross_domain,9,-27.38378952536732,3,-20.412675217725337
IjeHLt1vNoM--13,cross_domain,20,-83.4869832098484,7,-54.01528427749872
BTqVQCBPUzg--122,cross_domain,17,-64.52237519621849,5,-40.54575055837631
NaXDBBT5pkw--25,cross_domain,27,-164.55283104628325,9,-87.08219044655561
4DhGy83DK_s--8,cross_domain,9,-48.453700348734856,3,-25.688916012644768
zu_bd3r2GIA--29,cross_domain,18,-89.03195306658745,5,-63.45797011256218
xFEQrtosric--19,cross_domain,19,-92.75676496699452,6,-68.5984120555222
rYcw__0tDhw--11,cross_domain,8,-42.92089891433716,3,-33.393351554870605
DP1ly_MsHHQ--25,cross_domain,21,-121.83861197158694,7,-58.21648946031928
myIXH3PjvoI--106,cross_domain,12,-61.757771745324135,4,-45.40307429432869
KI0avgGkWiU--25,cross_domain,11,-59.54390507936478,4,-55.23280596733093
-hZpPIT6N4U_d,cross_domain,17,-71.88561263680458,5,-47.69001689553261
myIXH3PjvoI--102,cross_domain,14,-59.77093477215385,4,-34.639540743490215
MYGqMojGwBE--46,cross_domain,16,-73.01061069965363,5,-32.51604329049587
3vCea9zWFek--10,cross_domain,13,-48.84513892233372,2,-22.042680740356445
MYGqMojGwBE--172,cross_domain,13,-52.89043107628822,3,-27.44511842727661
d5Lx_5-UiHY--100,cross_domain,14,-78.86734936386347,3,-25.353347398340702
iwYL-ivQm6o--5,cross_domain,15,-49.75721513479948,4,-35.88901560008526
Xmm9ZyMy12g--19,cross_domain,24,-148.79288206249475,7,-111.34501348435879
hgaKby5Mha4--15,cross_domain,20,-114.46057429164648,7,-65.19947880879045
MnCcM6PZrug--9,cross_domain,15,-88.98414330650121,5,-54.558928777463734
bqE5C2tmc9c--9,cross_domain,22,-83.87374668568373,9,-65.7939979955554
OEM3CR-HYmk--0,cross_domain,21,-129.1739925146103,6,-118.6629204750061
faZQNy4aErk--82,cross_domain,20,-130.7674254477024,9,-118.76845797896385
C-cgPb_N2dY--0,cross_domain,24,-121.09967304719612,8,-72.06549097551033
AVb1VABiJJ8--10,cross_domain,23,-97.85337125509977,10,-79.39378641545773
Lt5GAA6MIuM--1,cross_domain,19,-106.65019420534372,8,-81.84095164388418
gp0w_zrLgfw--10,cross_domain,12,-72.65296296402812,6,-55.41821050643921
eBj_HUu0CNw--29,cross_domain,12,-48.338981829583645,4,-27.099218368530273
QiJgNpX3zN0--11,cross_domain,21,-94.435124412179,8,-74.54957849532366
faZQNy4aErk--32,cross_domain,20,-80.90841377526522,5,-39.71912372112274
aDwdB7xHAOE--10,cross_domain,17,-91.6362827271223,9,-76.65672707557678
YsuSHJ3klEs--7,cross_domain,24,-112.50503015937284,8,-91.65627410681918
MYGqMojGwBE--217,cross_domain,13,-52.549266040325165,6,-29.808458983898163
8DmlFztO2XM--0,cross_domain,21,-72.84989411011338,5,-50.70102060213685
gp0w_zrLgfw--20,cross_domain,28,-178.80744361132383,10,-137.00437125563622
MYGqMojGwBE--258,cross_domain,15,-77.88253786973655,5,-46.64840772561729
40BjLI5XtJE--10,cross_domain,22,-107.69617080315948,7,-56.40867196395993
fulQKWknVhw--12,cross_domain,31,-141.44608574640006,7,-70.63879394158721
myIXH3PjvoI--122,cross_domain,12,-55.02763418108225,4,-32.28206413984299
jMdxYlvrkbk--7,cross_domain,22,-89.46896451711655,6,-64.98558983206749
-X_zmve1y00--14,cross_domain,19,-120.9665803834796,8,-85.52016401290894
sktRu3sp97g--15,cross_domain,16,-66.05314311385155,7,-51.523014813661575
7byz3fdI-Ss--16,cross_domain,9,-21.736019667237997,4,-20.039016764611006
809a3a5e02d1-119,cross_domain,11,-32.822954669594765,4,-17.496766105294228
Rc99bcSdhak--14,cross_domain,8,-34.89287155121565,3,-18.09518176317215
v0g35qCOCwU--0,cross_domain,25,-118.94923825841397,10,-86.13192572444677
N6jpL7uibFI_e2,cross_domain,24,-84.15104577038437,6,-61.876444899477065
MYGqMojGwBE--282,cross_domain,16,-68.46642971038818,6,-36.74988341331482
mjvqIq_fvRY--10,cross_domain,25,-110.44297990947962,9,-86.18882229179144
lZarpnV0alw--12,cross_domain,14,-73.34670411003754,2,-53.43844748986885
mXq8axygjdE--28,cross_domain,32,-185.6602539718151,12,-133.47114646434784
IjeHLt1vNoM--3,cross_domain,20,-111.3017130419612,8,-85.38439477980137
6_yO8Lc8Hd4--16,cross_domain,21,-67.01489062514156,3,-22.054862610064447
HBQwzyxvkZA--237,cross_domain,16,-63.29042528569698,7,-51.233395993709564
CRJSZ2e7BU0--8,cross_domain,30,-145.35922787711024,10,-110.11272168532014
K4eNr2k2Lls--19,cross_domain,14,-79.14218980073929,6,-52.284771621227264
U5Tq9r7saZU--19,cross_domain,16,-75.28044310212135,5,-51.01889285445213
uYaUCNl1j10--3,cross_domain,34,-116.22882198542356,11,-95.42909307777882
3gKelnCwuj8--0,cross_domain,17,-61.52779305540025,6,-56.979025011882186
ZVE_KjrY_po--22,cross_domain,21,-76.74176218360662,8,-62.97235032171011
i4j5Bj2NL1c--11,cross_domain,28,-164.34136102721095,10,-123.54281423613429
9b0136913690-57,cross_domain,20,-97.121847063303,4,-75.27555790543556
wwpptVjgAws--10,cross_domain,32,-179.3808274678886,11,-123.82920810207725
gp0w_zrLgfw--13,cross_domain,28,-126.8943495824933,10,-91.13289808481932
HBQwzyxvkZA--129,cross_domain,15,-63.20771536231041,6,-51.02451831102371
fqJW-F3WIYc--0,cross_domain,21,-86.01586081460118,8,-73.53963162377477
xnY08sy7Sqk--6,cross_domain,13,-64.48057816922665,4,-56.49209660291672
maCRL8WG0GQ--3,cross_domain,10,-76.0378668308258,5,-41.78680729866028
xnY08sy7Sqk--3,cross_domain,25,-139.76284267101437,9,-110.71935321483761
AVb1VABiJJ8--13,cross_domain,16,-92.99067006260157,7,-84.83061594516039
HBQwzyxvkZA--331,cross_domain,16,-51.232849271036685,4,-40.37247993145138
HBQwzyxvkZA--79,cross_domain,24,-93.98731210455298,8,-59.48049683496356
0bk98uIiTS8--18,cross_domain,15,-63.88336382806301,5,-49.27011150121689
OJxSniCPUpI--2,cross_domain,15,-68.2978600859642,6,-58.989204823970795
m-w_78fDg9M--11,cross_domain,28,-162.35721136257052,9,-102.19232870265841
mDUCHJerTtE--9,cross_domain,14,-78.06905148923397,4,-45.20886254310608
BTqVQCBPUzg--94,cross_domain,8,-42.37926995754242,2,-21.46298599243164
CAzt5cxtSjQ--13,cross_domain,23,-147.77890813350677,11,-102.35780902206898
8DmlFztO2XM--1,cross_domain,27,-119.47591920476407,10,-90.16838097851723
ZVE_KjrY_po--4,cross_domain,16,-85.29674291610718,4,-67.78026456385851
9b0136913690-78,cross_domain,20,-105.23683359473944,7,-60.016088008880615
5n_IGU5rYYk--24,cross_domain,29,-180.6341070299968,11,-88.35312447976321
HBQwzyxvkZA--131,cross_domain,18,-73.1265287026763,4,-63.95147866010666
lZarpnV0alw--2,cross_domain,21,-104.78869181498885,7,-84.5831492729485
6_yO8Lc8Hd4--5,cross_domain,25,-114.10837277770042,8,-65.37879385054111
u7wx4rUBg_k--5,cross_domain,22,-122.2402438595891,7,-83.99412424117327
w_xCnJVyPYA_e1,cross_domain,17,-69.66743653826416,5,-55.09367357008159
BTqVQCBPUzg--105,cross_domain,15,-51.54991213232279,5,-39.21913070231676
d5Lx_5-UiHY--111,cross_domain,11,-69.87944912910461,2,-23.162966012954712
HBQwzyxvkZA--330,cross_domain,33,-144.1992833642289,10,-91.94408977311105
lcBujGRLwE0--38,cross_domain,31,-128.93508925661445,9,-110.00966849550605
oPITLi0VKh8--1,cross_domain,19,-67.72773672128096,7,-47.5787375443615
s_8IbRRsr0Q--0,cross_domain,35,-158.96608658321202,9,-89.50760682858527
lZarpnV0alw--11,cross_domain,18,-81.09727596864104,5,-41.29397578164935
NDYHcIF50eE--19,cross_domain,9,-25.603042863309383,2,-14.387023828923702
fqJW-F3WIYc--5,cross_domain,25,-123.9491328112781,8,-108.72044291719794
yb7efY9x78U--0,cross_domain,33,-157.58933083713055,9,-88.34060332924128
fYxijWb0b_s--28,cross_domain,16,-87.66677124798298,6,-81.2335352897644
HBQwzyxvkZA--140,cross_domain,19,-83.8793965652585,6,-78.5256082341075
ojYFIliNLGI--2,cross_domain,22,-120.74532739073038,11,-91.41823495179415
q4RnudGCU18--15,cross_domain,20,-104.77544920146465,5,-75.29658417403698
xnY08sy7Sqk--12,cross_domain,15,-81.02924579381943,5,-73.46194982528687
Zc2bgIDZ-Ks--57,cross_domain,9,-21.85895325988531,4,-13.992457196116447
QiGhWfjM2FI--18,cross_domain,23,-111.29488609731197,7,-75.35900869965553
nvfK4jQ7MH0--7,cross_domain,16,-97.16149658709764,7,-67.11768543720245
OJxSniCPUpI--19,cross_domain,17,-84.58543501421809,9,-64.3710169903934
mDUCHJerTtE--0,cross_domain,14,-48.21953547745943,5,-36.242990881204605
dPuKX_lM4Zc--114,cross_domain,8,-42.4014677554369,3,-33.58802290260792
pMbMjjSj1fM--24,cross_domain,24,-150.98986206948757,5,-134.58088977634907
AZ2s4Adm9RU--25,cross_domain,15,-62.85794125497341,5,-39.1138910651207
KmW8f1GVTYY--45,cross_domain,20,-91.74144787527621,8,-88.52780888415873
faZQNy4aErk--59,cross_domain,21,-108.04862010478973,6,-84.01699537783861
HBQwzyxvkZA--69,cross_domain,20,-99.74153345823288,8,-57.86729472875595
9b0136913690-9,cross_domain,11,-37.34899980574846,5,-26.81333041191101
ef52bca1a454-70,cross_domain,8,-43.87864915654063,3,-32.748618364334106
wUH1dDbu9B4--3,cross_domain,26,-153.28933897987008,6,-139.11678121238947
nvfK4jQ7MH0--1,cross_domain,20,-56.39226341992617,4,-25.65187830477953
HBQwzyxvkZA--229,cross_domain,17,-39.13510040938854,7,-28.347624242305756
HBQwzyxvkZA--76,cross_domain,16,-65.15763161331415,5,-35.754101514816284
1xJ_dkBcAIU--6,cross_domain,16,-101.35177224874496,7,-85.99880522489548
vyBaeFU8J_k--0,cross_domain,13,-88.92716830968857,4,-67.73085588216782
lSLqIyupXrk--15,cross_domain,15,-80.20837186649442,6,-61.57944130897522
HBQwzyxvkZA--280,cross_domain,17,-88.41268206946552,6,-67.68177914619446
0bk98uIiTS8--29,cross_domain,22,-99.44593167304993,6,-55.66598288714886
faZQNy4aErk--43,cross_domain,41,-194.46432413626462,13,-151.9459078507498
XcXCB---N9M--37,cross_domain,23,-109.78770834952593,7,-75.47670874744654
LvN9Dxq2iLY--137,cross_domain,11,-43.17724128253758,4,-30.691134767606854
_r1S90f_nsM--6,cross_domain,17,-91.29108579456806,6,-53.80546136200428
8E-llRXuhl0--17,cross_domain,20,-102.06257677823305,7,-76.13310710340738
ijrjSBx7WTc--68,cross_domain,8,-32.501338839530945,3,-20.694549322128296
4DhGy83DK_s--26,cross_domain,15,-67.04817373305559,4,-36.49547404795885
oPITLi0VKh8--17,cross_domain,21,-98.8554444052279,6,-70.14628989621997
bOZ_Lap5FNA--17,cross_domain,22,-101.61948054283857,8,-81.2598244920373
4DhGy83DK_s--3,cross_domain,15,-63.09373910725117,4,-45.40412096679211
ZCBew8Fv0qA--22,cross_domain,42,-214.4082475528121,12,-158.5728110820055
klepEQSaeIk--12,cross_domain,16,-47.31244923034683,4,-23.066618940327317
lZarpnV0alw--9,cross_domain,10,-73.30653142929077,5,-62.16889762878418
o9DARfrZg2o--6,cross_domain,15,-60.758470080792904,3,-51.469377249479294
o9DARfrZg2o--3,cross_domain,18,-83.80603411048651,5,-59.28607448935509
AVb1VABiJJ8--8,cross_domain,8,-47.02194710075855,3,-29.622528985142708
ijrjSBx7WTc--42,cross_domain,8,-34.89944916963577,2,-19.151619255542755
kES_ZNjFKz8--10,cross_domain,17,-90.91989277303219,7,-65.72623479366302
ckGC5hUffDU--13,cross_domain,9,-52.05189526081085,3,-31.52081286907196
fqJW-F3WIYc--16,cross_domain,43,-206.70014357194304,13,-169.64417860284448
8E-llRXuhl0--21,cross_domain,20,-111.56049541011453,9,-86.41859669610858
MYGqMojGwBE--277,cross_domain,15,-83.57227098941803,6,-48.731640338897705
myIXH3PjvoI--48,cross_domain,17,-70.84656349755824,3,-29.69303140975535
KHL0wkbu0-s--4,cross_domain,16,-93.14849007129669,6,-56.5204154253006
jC6VuHNpTLM--8,cross_domain,28,-105.39798773848452,10,-88.89072133623995
myIXH3PjvoI--52,cross_domain,12,-28.57263354305178,3,-21.034459218382835
C-cgPb_N2dY--7,cross_domain,18,-111.61333672702312,7,-91.12424425780773
myIXH3PjvoI--92,cross_domain,13,-52.294412430375814,5,-32.09629498049617
6_yO8Lc8Hd4--11,cross_domain,26,-117.44027251191437,8,-82.34959601052105
o44YnPMhwPU--26,cross_domain,23,-110.97888392955065,9,-88.05648146569729
XcXCB---N9M--40,cross_domain,28,-156.74335008114576,9,-98.05386658012867
HBQwzyxvkZA--326,cross_domain,28,-150.71772297285497,9,-85.55036455392838
dkavvNigK7s--3,cross_domain,16,-73.07429134845734,6,-59.449116103351116
LvN9Dxq2iLY--9,cross_domain,14,-58.790033608675,4,-42.558650240302086
QiJgNpX3zN0--2,cross_domain,13,-61.821797385811806,3,-31.47186727821827
KI0avgGkWiU--14,cross_domain,21,-96.90087431482971,9,-68.45052148215473
48couwymlMM--0,cross_domain,21,-92.1588916182518,6,-80.91280809044838
XcXCB---N9M--25,cross_domain,18,-100.30515735596418,7,-65.8268833681941
myIXH3PjvoI--39,cross_domain,16,-74.01143769174814,5,-44.319489285349846
nvfK4jQ7MH0--26,cross_domain,12,-40.77697468549013,3,-29.097226820886135
MYGqMojGwBE--103,cross_domain,15,-83.91358995437622,5,-48.42718482017517
LvN9Dxq2iLY--24,cross_domain,11,-62.84285944700241,3,-33.00909274816513
Sqa3ig2NN9Q--13,cross_domain,17,-51.971803575754166,6,-36.761395648121834
809a3a5e02d1-86,cross_domain,8,-55.26048618555069,2,-19.99862366914749
MYGqMojGwBE--62,cross_domain,15,-50.34440666437149,4,-32.00336092710495
pMbMjjSj1fM--16,cross_domain,23,-117.54065571259707,11,-101.83266469743103
mXq8axygjdE--66,cross_domain,18,-47.67718497663736,4,-43.41916815191507
vbq8QbOwOt4--17,cross_domain,20,-102.2247049305588,5,-70.29426665045321
dPuKX_lM4Zc--110,cross_domain,27,-145.24027119390666,11,-109.56929343938828
eabe1f38221a-52,cross_domain,15,-90.37666842341423,6,-64.04455918073654
LvN9Dxq2iLY--210,cross_domain,18,-70.45778372325003,5,-47.378497341647744
0bk98uIiTS8--42,cross_domain,22,-113.28607926517725,10,-92.3697657585144
faZQNy4aErk--40,cross_domain,17,-91.12488968670368,7,-72.11118219792843
Kq5HfchSWv8--2,cross_domain,9,-34.945920586586,4,-26.17071557044983
ZMsnY_khlNQ--5,cross_domain,21,-117.77904825657606,7,-107.084697291255
80Cx4CH-AVI--4,cross_domain,22,-107.94611990451813,8,-89.43799294531345
HBQwzyxvkZA--283,cross_domain,23,-111.920085683465,10,-74.38956536352634
Nv3WLYio7Lc--1,cross_domain,20,-116.84546205028892,5,-105.17306621745229
KHL0wkbu0-s--24,cross_domain,18,-69.19777566194534,9,-47.118973195552826
BO1ehFUMWEs--21,cross_domain,27,-176.47190590202808,9,-145.10879658162594
QXsIVtanWdw--8,cross_domain,16,-99.82054574228823,5,-73.55012915469706
jN2lbHzIneI--10,cross_domain,16,-58.3263578210026,5,-35.51126963086426
_IyhoG9jXuM--10,cross_domain,11,-53.78086845763028,4,-47.36346113868058
Kq5HfchSWv8--23,cross_domain,17,-71.9383284598589,7,-45.41314750909805
LvN9Dxq2iLY--61,cross_domain,18,-109.48093442711979,7,-84.86856663320214
T-5au9lZhYI--9,cross_domain,11,-47.91947463154793,4,-39.59645061939955
mXq8axygjdE--81,cross_domain,19,-66.6920538842678,6,-44.60776415467262
HBQwzyxvkZA--213,cross_domain,23,-58.45910252351314,8,-47.1720999898389
fYxijWb0b_s--23,cross_domain,9,-32.54230511188507,3,-14.437520205974579
a8zp7ivHwBU--8,cross_domain,15,-70.01804616302252,7,-49.08634835481644
xnY08sy7Sqk--19,cross_domain,14,-58.8146793320775,5,-46.28137296438217
9bqfEh7BD3c--14,cross_domain,7,-39.2341787815094,3,-17.152731895446777
Zc2bgIDZ-Ks--48,cross_domain,8,-34.09210968017578,3,-24.744544506072998
ZCBew8Fv0qA--4,cross_domain,15,-68.84360893070698,5,-41.42056277394295
VwsRPJN7txM--8,cross_domain,18,-105.05462569743395,9,-73.50767230987549
W4YzurwHpfw--17,cross_domain,17,-79.70705695543438,8,-67.42134530935436
HBQwzyxvkZA--120,cross_domain,11,-55.86394078284502,5,-41.32115229219198
T-5au9lZhYI--6,cross_domain,14,-66.58404515683651,6,-50.08524543046951
5QMD024bDYs--23,cross_domain,16,-79.91147608309984,7,-50.02836036682129
AVb1VABiJJ8--22,cross_domain,20,-94.33180297911167,10,-81.98153267800808
QiJgNpX3zN0--9,cross_domain,18,-103.66479451954365,7,-74.87905061244965
nXA9Qpj2z7E--16,cross_domain,20,-125.53057217597961,6,-112.30743598937988
kytITkHoyls--2,cross_domain,10,-51.0360799646005,3,-28.80206786748022
KmW8f1GVTYY--42,cross_domain,23,-128.36518658697605,8,-92.80310428142548
m3Mmtpr-jjA--9,cross_domain,19,-74.92537832260132,6,-55.28860028088093
o44YnPMhwPU--42,cross_domain,11,-41.94981329143047,3,-26.438848912715912
BTqVQCBPUzg--96,cross_domain,11,-70.6328809261322,4,-54.16042339801788
uYaUCNl1j10--0,cross_domain,26,-120.01305667310953,10,-88.9920184314251
oAhfJ8yB1j0--1,cross_domain,15,-78.25862178206444,4,-67.97099959850311
yb7efY9x78U--4,cross_domain,15,-63.25871629267931,5,-46.04063409566879
K4eNr2k2Lls--29,cross_domain,23,-88.80617515835911,6,-54.98505946341902
faZQNy4aErk--7,cross_domain,16,-78.72230491042137,4,-39.404661387205124
XcXCB---N9M--14,cross_domain,23,-93.76449725776911,7,-61.41193787008524
NaXDBBT5pkw--0,cross_domain,20,-112.4455969426781,5,-73.1285585258156
rZG7T9ujMEo--3,cross_domain,9,-28.406685173511505,2,-9.399339437484741
0bk98uIiTS8--24,cross_domain,27,-126.41962514817715,8,-63.72800913080573
jN2lbHzIneI--8,cross_domain,29,-143.1745116186794,11,-110.10457411385141
wSEeoT9BqE0--16,cross_domain,27,-156.09898267313838,13,-114.35891950130463
wwpptVjgAws--2,cross_domain,13,-41.558144968003035,4,-15.273214902728796
xnY08sy7Sqk--15,cross_domain,9,-39.744544044137,3,-24.06351089477539
eyqLkKS5Qkw--22,cross_domain,16,-70.06138470768929,7,-63.416081711649895
Sqa3ig2NN9Q--1,cross_domain,18,-120.4872133010067,5,-80.97903363639489
eabe1f38221a-65,cross_domain,14,-70.9931627959013,4,-32.095412731170654
ozS8Mx8AdH8--2,cross_domain,24,-106.05467404425144,10,-85.63248597830534
rZG7T9ujMEo--5,cross_domain,24,-106.53583178669214,8,-69.8051725178957
cw1YIV30nQM--2,cross_domain,10,-64.5635225623846,4,-52.040024518966675
MnCcM6PZrug--6,cross_domain,39,-195.80139309726655,13,-157.83111475221813
MnCcM6PZrug--4,cross_domain,23,-109.60687344893813,9,-83.8014314956963
K4eNr2k2Lls--16,cross_domain,15,-73.17902978509665,10,-71.86862488090992
W4YzurwHpfw--14,cross_domain,13,-69.55078233964741,4,-62.988240940496325
UBnqDwRds3A--18,cross_domain,23,-123.76880197972059,10,-104.31964346021414
ZVE_KjrY_po--12,cross_domain,19,-85.940893817693,7,-48.65286733582616
IjeHLt1vNoM--6,cross_domain,29,-151.5948660671711,11,-120.51615750789642
BESRE5mtipE--14,cross_domain,11,-54.389277294278145,5,-38.65627506375313
9xc24mAlprE--12,cross_domain,9,-45.14868341386318,5,-34.63373298943043
6U9AFGakrn0--1,cross_domain,15,-67.4013653844595,5,-46.404505133628845
Lt5GAA6MIuM--14,cross_domain,12,-54.73126087337732,5,-39.72756078094244
Zc2bgIDZ-Ks--76,cross_domain,17,-57.32599037606269,3,-26.103428629226983
XcXCB---N9M--24,cross_domain,17,-106.19491390883923,5,-73.60389202833176
9xc24mAlprE--9,cross_domain,19,-73.67523396387696,6,-61.91816582158208
BESRE5mtipE--17,cross_domain,20,-72.8264667764306,10,-51.17082781344652
MYGqMojGwBE--32,cross_domain,14,-59.41267505288124,4,-51.53792300820351
Zc2bgIDZ-Ks--58,cross_domain,37,-149.89644415862858,11,-93.14360455609858
zu_bd3r2GIA--5,cross_domain,25,-115.45467386394739,4,-55.67272174358368
mjvqIq_fvRY--1,cross_domain,18,-73.6240918841213,6,-53.901726407930255
NaXDBBT5pkw--1,cross_domain,7,-24.20490476489067,2,-1.2482197284698486
vyBaeFU8J_k--15,cross_domain,28,-157.26094478741288,8,-129.81938971951604
vyBaeFU8J_k--21,cross_domain,19,-89.14435765892267,8,-76.68987518548965
3Pk2c_Z4ahk--14,cross_domain,12,-66.85482076089829,5,-52.211026224307716
ZVE_KjrY_po--23,cross_domain,11,-55.049298748373985,3,-24.58174616098404
Lt5GAA6MIuM--11,cross_domain,34,-162.11812565661967,15,-132.86943705566227
lPzmjeJmsXo--40,cross_domain,12,-41.96308223903179,7,-28.746242612600327
lPzmjeJmsXo--11,cross_domain,17,-92.65379050374031,6,-64.70858871936798
91GVHgxW8RA--18,cross_domain,25,-129.72393531352282,8,-116.27956740558147
rZG7T9ujMEo--19,cross_domain,21,-103.70543801039457,8,-76.28478133678436
36YV-IPiUXM--11,cross_domain,31,-170.19296215474606,10,-141.8860855475068
Zc2bgIDZ-Ks--23,cross_domain,30,-119.57321712374687,11,-89.66996955871582
3gKelnCwuj8--9,cross_domain,17,-76.94981037080288,8,-70.73637795448303
BTqVQCBPUzg--53,cross_domain,11,-65.4303452372551,5,-45.413318395614624
MYGqMojGwBE--86,cross_domain,16,-77.43135028705001,6,-55.29795413836837
R6_v5nqXuGg--0,cross_domain,23,-111.26745623350143,13,-111.18581831455231
lZarpnV0alw--4,cross_domain,20,-118.95965807512403,6,-103.69325785711408
0kldzhToGLc--0,cross_domain,21,-117.89995664358139,6,-103.24114221334457
Sqa3ig2NN9Q--8,cross_domain,16,-56.05394719168544,4,-32.731982227414846
Rblg5TE6TI0--29,cross_domain,28,-149.60953578352928,10,-94.89134152978659
nvfK4jQ7MH0--8,cross_domain,21,-118.45463398098946,10,-90.4539553001523
fYxijWb0b_s--18,cross_domain,15,-77.90526252985,5,-62.15496635437012
HBQwzyxvkZA--267,cross_domain,7,-41.04616093635559,2,-20.325746774673462
gp0w_zrLgfw--7,cross_domain,29,-151.48912050575018,11,-99.58102890104055
3Pk2c_Z4ahk--20,cross_domain,27,-147.4737200513482,8,-130.21769516915083
Zc2bgIDZ-Ks--39,cross_domain,22,-73.66576397418976,7,-57.71377305686474
ZCBew8Fv0qA--7,cross_domain,16,-101.90963697433472,4,-79.71735620498657
MYGqMojGwBE--26,cross_domain,34,-180.0738948713988,7,-153.02241280674934
MYGqMojGwBE--36,cross_domain,10,-48.910088896751404,4,-28.862711429595947
36YV-IPiUXM--17,cross_domain,53,-290.5252695828676,14,-252.5597861316055
pMbMjjSj1fM--4,cross_domain,18,-86.20303376764059,6,-77.77515442669392
809a3a5e02d1-27,cross_domain,22,-156.31638833507895,6,-80.62200981006026
9xc24mAlprE--25,cross_domain,14,-79.6525823622942,6,-62.47395944595337
0kldzhToGLc--9,cross_domain,22,-106.07767264544964,9,-77.77762322872877
aDwdB7xHAOE--13,cross_domain,17,-59.78772730380297,6,-45.12336628139019
wUH1dDbu9B4--18,cross_domain,17,-95.23080384731293,7,-56.86371257901192
BO1ehFUMWEs--29,cross_domain,34,-175.72244764119387,8,-124.68008605390787
mXq8axygjdE--48,cross_domain,20,-90.59196430444717,7,-84.15915071964264
VwsRPJN7txM--7,cross_domain,11,-50.824325191788375,5,-44.87829545419663
ZMsnY_khlNQ--6,cross_domain,15,-83.6420019119978,6,-64.21252074837685
KHL0wkbu0-s--21,cross_domain,12,-69.75481744855642,5,-41.30407691001892
mjvqIq_fvRY--15,cross_domain,9,-44.71924766898155,5,-35.98685550689697
o44YnPMhwPU--6,cross_domain,9,-57.25875777006149,4,-43.81158661842346
s_8IbRRsr0Q--11,cross_domain,38,-186.62701941654086,11,-149.4605326242745
ZMsnY_khlNQ--4,cross_domain,19,-74.11154365539551,8,-57.08224827796221
9b0136913690-50,cross_domain,20,-86.36293518543243,6,-42.20599935948849
5QMD024bDYs--4,cross_domain,19,-89.4622412621975,6,-51.94688951969147
MYGqMojGwBE--19,cross_domain,10,-64.80017113685608,5,-55.649269342422485
UBnqDwRds3A--16,cross_domain,21,-132.27254515886307,8,-77.23790138959885
q4RnudGCU18--23,cross_domain,24,-107.35648786090314,8,-68.12793621234596
vyBaeFU8J_k--3,cross_domain,14,-85.27782337367535,6,-57.40305721759796
jN2lbHzIneI--15,cross_domain,23,-111.44921787083149,8,-73.09911169111729
W4YzurwHpfw--5,cross_domain,13,-64.46311502158642,5,-54.27558130025864
3vCea9zWFek--3,cross_domain,17,-74.40442258864641,5,-47.76742081344128
wwpptVjgAws--15,cross_domain,47,-248.34509896929376,13,-209.69939262862317
DF4fto_X1Y4--13,cross_domain,12,-49.94668039679527,4,-24.304219901561737
fulQKWknVhw--1,cross_domain,21,-76.85013230517507,8,-63.552672158926725
hgaKby5Mha4--34,cross_domain,21,-113.99004670232534,7,-90.47752904891968
48couwymlMM--15,cross_domain,23,-101.62431735172868,7,-65.36225699260831
i4j5Bj2NL1c--3,cross_domain,24,-140.36929459869862,11,-122.26947852224112
cw1YIV30nQM--6,cross_domain,17,-99.09861844778061,7,-65.63227631151676
fqJW-F3WIYc--8,cross_domain,12,-45.81363595277071,5,-36.61502447724342
HBQwzyxvkZA--316,cross_domain,15,-70.39604690670967,6,-55.669853150844574
LvN9Dxq2iLY--200,cross_domain,12,-66.23937697708607,5,-51.56873877346516
6MxCP_583q8_e4,cross_domain,9,-50.736951779574156,4,-43.70550539717078
HBQwzyxvkZA--57,cross_domain,21,-90.04219222906977,7,-63.637508110143244
yb7efY9x78U--15,cross_domain,23,-121.81257298588753,7,-98.02106206864119
l9bZYazJQ1w--2,cross_domain,9,-34.00467538833618,4,-25.29859584569931
3gKelnCwuj8--16,cross_domain,16,-73.32266910839826,7,-59.65388497710228
lSLqIyupXrk--7,cross_domain,11,-36.108856566250324,4,-26.752935871481895
HBQwzyxvkZA--230,cross_domain,15,-52.39203602075577,5,-26.69378226995468
q4RnudGCU18--11,cross_domain,10,-55.01665349304676,4,-41.068992614746094
AZ2s4Adm9RU--9,cross_domain,14,-67.69169008731842,5,-40.2751259803772
MYGqMojGwBE--95,cross_domain,18,-72.0319954007864,9,-58.23674486577511
17OIKvJmrK8--11,cross_domain,28,-129.34233321994543,9,-125.15015997737646
HBQwzyxvkZA--146,cross_domain,20,-79.1408284753561,7,-61.89045621454716
HBQwzyxvkZA--77,cross_domain,10,-46.00889702141285,3,-18.569902896881104
MYGqMojGwBE--235,cross_domain,8,-40.60544991493225,3,-22.492594242095947
JqYder5vRP4--0,cross_domain,11,-50.182686775457114,5,-38.450405090581626
eyqLkKS5Qkw--3,cross_domain,16,-86.46690123900771,8,-75.41828238964081
48couwymlMM--24,cross_domain,12,-47.8466677069664,5,-39.35547050833702
iGdg-iGlUFg--12,cross_domain,19,-97.5851886793971,4,-65.40930393338203
K5lgB4YzOO0--4,cross_domain,27,-145.76815730333328,9,-130.83317685127258
m3Mmtpr-jjA--34,cross_domain,16,-76.64293576683849,9,-73.00300718750805
HBQwzyxvkZA--303,cross_domain,16,-87.06525132060051,3,-59.54632331430912
Rblg5TE6TI0--19,cross_domain,23,-145.2678211145103,12,-120.05860255658627
tDrI-9pSul0--6,cross_domain,21,-110.45875357091427,9,-90.31480950117111
6_yO8Lc8Hd4--19,cross_domain,11,-49.487457513809204,3,-16.418628931045532
faZQNy4aErk--51,cross_domain,22,-129.55469253659248,8,-58.0100200176239
d5Lx_5-UiHY--85,cross_domain,25,-115.26727376133204,10,-77.9698700606823
lSLqIyupXrk--2,cross_domain,12,-56.10850267112255,6,-39.13156747817993
sktRu3sp97g--3,cross_domain,15,-87.14204151183367,3,-25.33771502971649
MnCcM6PZrug--19,cross_domain,36,-167.9575019776821,11,-120.05095614492893
DP1ly_MsHHQ--2,cross_domain,20,-93.33727469667792,8,-55.64974656328559
mXq8axygjdE--65,cross_domain,15,-67.22846014797688,5,-47.30802983045578
Rblg5TE6TI0--32,cross_domain,12,-58.37319979816675,4,-47.372044771909714
4vfboqjtAXo_e3,cross_domain,14,-68.21563387289643,4,-44.80666786804795
HBQwzyxvkZA--313,cross_domain,21,-92.9905716329813,5,-69.04258500039577
vyBaeFU8J_k--5,cross_domain,33,-153.93064564466476,8,-105.4157594665885
5QMD024bDYs--5,cross_domain,15,-71.53608078509569,5,-44.10765550285578
3gKelnCwuj8--7,cross_domain,16,-75.15517934411764,6,-52.09115973114967
ef52bca1a454-78,cross_domain,16,-56.639229252934456,5,-38.847186252474785
4DhGy83DK_s--17,cross_domain,28,-92.24842719640583,8,-59.031635294668376
mXq8axygjdE--64,cross_domain,14,-81.97514781355858,5,-49.296145528554916
yAAWlkm-_KA--8,cross_domain,24,-121.89843475073576,10,-74.07345702499151
BTqVQCBPUzg--81,cross_domain,16,-75.90013402700424,7,-70.03243619203568
R6_v5nqXuGg--12,cross_domain,22,-66.60863965190947,6,-41.77867581881583
iwYL-ivQm6o--7,cross_domain,17,-96.8539126329124,6,-80.06263784691691
pMbMjjSj1fM--18,cross_domain,14,-47.54939926788211,6,-44.15786865726113
aDwdB7xHAOE--2,cross_domain,19,-97.1630580201745,4,-36.18721139431
HBQwzyxvkZA--41,cross_domain,15,-54.538559786975384,4,-30.44519804418087
LvN9Dxq2iLY--174,cross_domain,20,-105.98643644154072,6,-97.09532807767391
faZQNy4aErk--55,cross_domain,14,-65.61237825453281,7,-49.66198921203613
uY7i-Y8gxn8--5,cross_domain,22,-113.4769971370697,6,-94.81267833709717
faZQNy4aErk--31,cross_domain,18,-72.04973777383566,8,-52.827072471380234
HBQwzyxvkZA--130,cross_domain,26,-103.35068264044821,8,-84.46815816871822
5QMD024bDYs--16,cross_domain,22,-91.03128291107714,8,-68.85441921837628
0bk98uIiTS8--41,cross_domain,27,-139.5117016863078,11,-106.20675755850971
Kq5HfchSWv8--27,cross_domain,18,-69.40800057165325,4,-52.216623393818736
kES_ZNjFKz8--15,cross_domain,18,-91.16887748241425,4,-84.97640037536621
vZt56rnH8QQ--0,cross_domain,16,-96.9923937395215,9,-70.81084514409304
n12WICGyBJ4--35,cross_domain,15,-94.36224746704102,6,-70.35087513923645
MYGqMojGwBE--122,cross_domain,10,-48.02985763549805,3,-26.49530816078186
lcBujGRLwE0--8,cross_domain,29,-152.96582889556885,9,-95.10041356086731
ckGC5hUffDU--8,cross_domain,18,-134.72115818411112,5,-120.86493722349405
jN2lbHzIneI--11,cross_domain,38,-162.82920788787305,12,-128.28079228661954
MYGqMojGwBE--284,cross_domain,16,-62.18664789199829,6,-28.831117510795593
aDwdB7xHAOE--6,cross_domain,27,-143.3457786589861,9,-99.63302356004715
g4GfKC7z-2M--22,cross_domain,19,-110.45273204147816,4,-76.73596304655075
XcXCB---N9M--6,cross_domain,12,-38.198612093925476,5,-26.343975141644478
zu_bd3r2GIA--8,cross_domain,16,-50.46775304339826,5,-32.10900027863681
u7wx4rUBg_k--8,cross_domain,19,-127.36292525753379,9,-71.71575718000531
-X_zmve1y00--11,cross_domain,14,-68.07747089862823,4,-31.432196468114853
DP1ly_MsHHQ--27,cross_domain,34,-110.05395652411971,9,-81.84070634900127
MYGqMojGwBE--163,cross_domain,13,-57.67269966751337,3,-31.7486784234643
HBQwzyxvkZA--191,cross_domain,10,-24.784496404230595,3,-20.858267910778522
8E-llRXuhl0--14,cross_domain,25,-118.30024649202824,8,-87.91984112560749
LvN9Dxq2iLY--130,cross_domain,11,-51.37832595780492,4,-36.37178444862366
lcBujGRLwE0--12,cross_domain,25,-116.90253700781614,8,-108.11314667481929
809a3a5e02d1-35,cross_domain,17,-92.6572127789259,8,-74.85055088996887
myIXH3PjvoI--5,cross_domain,25,-101.60995238274336,9,-69.58378981798887
ZCBew8Fv0qA--14,cross_domain,15,-75.03504022955894,4,-37.61507698893547
jC6VuHNpTLM--22,cross_domain,19,-112.8705523647368,6,-93.9077679514885
MYGqMojGwBE--241,cross_domain,27,-126.61871007084846,6,-74.43008589744568
m-w_78fDg9M--7,cross_domain,22,-127.73248571902514,7,-78.64055784791708
0kldzhToGLc--16,cross_domain,15,-73.34094502776861,7,-55.99889779090881
vbq8QbOwOt4--0,cross_domain,25,-166.6587080284953,13,-116.9807662665844
8w6k4jEJJlU--3,cross_domain,11,-75.5471550039947,5,-64.02101479098201
eGkBCS1t9-E--16,cross_domain,24,-128.41586377471685,8,-110.63163398951292
Rblg5TE6TI0--33,cross_domain,26,-129.05669789854437,11,-105.65416378621012
0Z5d6D2vBbc--3,cross_domain,12,-45.41061471775174,4,-33.44553017243743
ijrjSBx7WTc--53,cross_domain,21,-73.5030078291893,5,-51.44123740494251
HBQwzyxvkZA--169,cross_domain,17,-79.66895218193531,7,-66.17461533844471
LvN9Dxq2iLY--104,cross_domain,7,-29.80237650871277,4,-24.801714181900024
vZt56rnH8QQ--9,cross_domain,15,-66.97922964394093,7,-51.03692156076431
UBnqDwRds3A--12,cross_domain,9,-56.913377329707146,2,-20.468605041503906
w_xCnJVyPYA_e3,cross_domain,13,-47.83212907612324,3,-23.266367219388485
BESRE5mtipE--10,cross_domain,14,-65.15059855021536,5,-35.595546746626496
eBj_HUu0CNw--7,cross_domain,17,-61.863263845443726,6,-43.28163480758667
mXq8axygjdE--8,cross_domain,9,-57.34520584344864,3,-37.24714905023575
jC6VuHNpTLM--10,cross_domain,19,-93.34464930742979,8,-73.74768152832985
Rc99bcSdhak--15,cross_domain,23,-116.4574041608721,8,-79.80668255500495
ef52bca1a454-75,cross_domain,9,-44.67634582519531,5,-41.76334571838379
vbq8QbOwOt4--13,cross_domain,23,-71.18983626132831,7,-70.95861035352573
vbq8QbOwOt4--5,cross_domain,25,-119.95873149111867,5,-83.35266645625234
UBnqDwRds3A--15,cross_domain,19,-124.21711832284927,6,-81.82235908508301
2B2z46vgaAA--19,cross_domain,14,-62.838107503950596,5,-45.15843475610018
xnY08sy7Sqk--22,cross_domain,21,-131.3054531738162,7,-120.29309210926294
lAFiWmUUHOg--15,cross_domain,15,-85.44624698907137,5,-48.447850830852985
MYGqMojGwBE--65,cross_domain,13,-46.691276885569096,6,-40.910669423639774
zu_bd3r2GIA--12,cross_domain,17,-78.57256739214063,4,-55.66657917574048
9b0136913690-90,cross_domain,15,-84.0638353228569,4,-49.358934223651886
fqJW-F3WIYc--18,cross_domain,21,-111.00283624976873,9,-80.77547337859869
jLwvQ4URDFY--16,cross_domain,9,-41.57858848199248,3,-22.629287477582693
BO1ehFUMWEs--37,cross_domain,12,-44.470558024942875,3,-27.17762643098831
fYxijWb0b_s--5,cross_domain,12,-61.168713346123695,4,-59.02507209777832
6_yO8Lc8Hd4--3,cross_domain,36,-199.82703203335404,14,-147.6635345481336
17OIKvJmrK8--7,cross_domain,16,-91.4235700070858,7,-63.355930373072624
iGdg-iGlUFg--7,cross_domain,20,-86.70726311206818,8,-65.93248441815376
ZMsnY_khlNQ--11,cross_domain,29,-123.04914113227278,8,-100.58629594091326
-X_zmve1y00--9,cross_domain,17,-88.60376653075218,6,-55.198210805654526
fqJW-F3WIYc--11,cross_domain,28,-108.00860977638513,7,-68.85006117913872
Lt5GAA6MIuM--27,cross_domain,21,-97.12491867691278,7,-63.76634159684181
tDrI-9pSul0--9,cross_domain,24,-103.41458279918879,8,-90.02575321029872
maCRL8WG0GQ--9,cross_domain,18,-99.24153904616833,8,-67.90380626916885
HBQwzyxvkZA--179,cross_domain,13,-55.7514780908823,4,-36.038426116108894
C6CIPVno_yQ--10,cross_domain,22,-117.77461579442024,7,-72.9509003162384
dkavvNigK7s--13,cross_domain,29,-142.55093575268984,12,-112.97439001500607
9bqfEh7BD3c--2,cross_domain,27,-149.68326546158642,9,-103.5084715327248
spDHZsNp4RA_d,cross_domain,22,-127.39343789219856,8,-110.46679964661598
KI0avgGkWiU--9,cross_domain,23,-83.91842033714056,6,-59.80183855444193
jLwvQ4URDFY--27,cross_domain,36,-185.01642829133198,10,-131.96389033598825
BO1ehFUMWEs--30,cross_domain,37,-218.80870421230793,11,-137.36171397566795
lPzmjeJmsXo--31,cross_domain,21,-114.38051567599177,7,-73.86920284479856
vyBaeFU8J_k--8,cross_domain,11,-48.55549920350313,4,-28.35261921584606
BESRE5mtipE--19,cross_domain,21,-82.70695890579373,8,-54.902679898776114
NDYHcIF50eE--0,cross_domain,33,-126.41218719631433,15,-97.32344634830952
MYGqMojGwBE--109,cross_domain,20,-119.78895167261362,9,-109.98283413797617
9b0136913690-8,cross_domain,17,-61.90874261944555,4,-49.287116015097126
_T-35xhqSkE--11,cross_domain,17,-86.09279611706734,3,-72.37493452429771
myIXH3PjvoI--37,cross_domain,11,-37.01180414436385,3,-25.46935501275584
ozS8Mx8AdH8--13,cross_domain,21,-87.18136647203937,6,-64.01077456632629
NDYHcIF50eE--3,cross_domain,26,-101.3293588757515,12,-83.21944370865822
809a3a5e02d1-19,cross_domain,16,-80.07769551873207,7,-53.38561820983887
rYcw__0tDhw--17,cross_domain,21,-84.85071821510792,4,-30.540748119354248
HBQwzyxvkZA--311,cross_domain,16,-45.208990034647286,4,-36.32541043031961
HBQwzyxvkZA--236,cross_domain,14,-54.64773666858673,3,-37.34870219230652
wUH1dDbu9B4--29,cross_domain,18,-74.07342296093702,8,-61.04857597500086
l9bZYazJQ1w--18,cross_domain,23,-115.20345621928573,6,-73.34965279698372
faZQNy4aErk--76,cross_domain,28,-94.47508175717667,6,-62.31023918138817
dkavvNigK7s--14,cross_domain,17,-76.89944126456976,6,-47.811697252094746
YsuSHJ3klEs--14,cross_domain,17,-75.53831184655428,6,-38.431255616247654
MYGqMojGwBE--38,cross_domain,21,-112.91337450011633,6,-68.3690730498638
dPuKX_lM4Zc--107,cross_domain,12,-44.21088530123234,3,-30.02901130914688
OJxSniCPUpI--9,cross_domain,17,-69.19338413327932,4,-63.15516573190689
CRJSZ2e7BU0--10,cross_domain,17,-79.64279968291521,7,-54.23639157414436
MYGqMojGwBE--128,cross_domain,16,-72.95918607711792,5,-32.69111967086792
myIXH3PjvoI--47,cross_domain,18,-87.63782766461372,4,-64.35221138596535
cw1YIV30nQM--22,cross_domain,17,-76.33388814330101,4,-60.82749643921852
KmW8f1GVTYY--10,cross_domain,13,-60.6128559038043,6,-52.74956724047661
ijrjSBx7WTc--67,cross_domain,24,-122.75331936776638,7,-100.47301659733057
gXa0qcoWrsQ--4,cross_domain,13,-56.161079339683056,3,-47.55809547752142
Zc2bgIDZ-Ks--45,cross_domain,36,-140.5618349998258,12,-111.44569708174095
36YV-IPiUXM--10,cross_domain,39,-216.22609314695,11,-147.25168464705348
36YV-IPiUXM--8,cross_domain,32,-146.35236355802044,10,-117.42936431756243
HBQwzyxvkZA--320,cross_domain,16,-80.07199375331402,5,-55.83592435717583
QiJgNpX3zN0--1,cross_domain,12,-52.854954067617655,4,-47.141008913517
U5Tq9r7saZU--15,cross_domain,31,-137.78464287822135,13,-102.13735799794085
pMbMjjSj1fM--11,cross_domain,16,-115.34659399092197,7,-92.80380499362946
oPITLi0VKh8--20,cross_domain,17,-86.16317327599972,4,-38.21405116003007
ci_iGsLDZ9w_e1,cross_domain,18,-79.39432326704264,5,-72.75720306485891
NDYHcIF50eE--16,cross_domain,32,-130.12672743201256,9,-88.80033173412085
KmW8f1GVTYY--15,cross_domain,16,-76.42958731204271,6,-53.463042855262756
ci_iGsLDZ9w_d,cross_domain,8,-60.62398511171341,3,-34.689312756061554
6OlSDCcwM10--25,cross_domain,12,-44.862584099173546,3,-31.56358928978443
8w6k4jEJJlU--0,cross_domain,20,-77.04364852234721,6,-54.35535809583962
myIXH3PjvoI--97,cross_domain,17,-67.81795464456081,6,-48.73752009123564
9b0136913690-12,cross_domain,8,-38.615187615156174,2,-20.999006032943726
91GVHgxW8RA--7,cross_domain,33,-180.412877548486,11,-144.0882148630917
eabe1f38221a-36,cross_domain,10,-43.92894625663757,3,-19.863726258277893
6_yO8Lc8Hd4--2,cross_domain,17,-88.42754735052586,7,-64.7922775298357
KmW8f1GVTYY--46,cross_domain,12,-61.22223027423024,4,-44.91437940299511
9bqfEh7BD3c--13,cross_domain,18,-95.9003676623106,5,-83.4991550296545
VwsRPJN7txM--9,cross_domain,18,-93.3887761500664,6,-67.6480818730779
QXsIVtanWdw--5,cross_domain,9,-37.05815628170967,3,-25.041460402309895
S9ymb66ZqqY--8,cross_domain,11,-54.14243769645691,5,-37.37377488613129
LvN9Dxq2iLY--33,cross_domain,12,-55.75657218694687,5,-52.10869926214218
K4eNr2k2Lls--21,cross_domain,21,-102.67817668616772,8,-97.66296245157719
wSEeoT9BqE0--21,cross_domain,34,-108.94811742659658,9,-91.56781303789467
LvN9Dxq2iLY--12,cross_domain,16,-83.07291261851788,4,-52.78164499998093
faZQNy4aErk--6,cross_domain,14,-59.12558374553919,5,-34.450668156147
WabgM-SmPzU_e1,cross_domain,12,-48.64082545042038,4,-37.09704847633839
wmTrG799MAo--12,cross_domain,17,-81.4034474492073,6,-36.88040705025196
i4j5Bj2NL1c--13,cross_domain,14,-83.96683476213366,5,-73.55927423480898
nvfK4jQ7MH0--3,cross_domain,22,-125.34917695820332,7,-110.61130066215992
ojYFIliNLGI--0,cross_domain,23,-76.94574919744628,8,-64.27008925779955
HBQwzyxvkZA--203,cross_domain,12,-52.59469078108668,6,-45.54239219427109
vZt56rnH8QQ--1,cross_domain,11,-49.5739625915885,5,-44.6721168756485
NaXDBBT5pkw--17,cross_domain,16,-72.75446812435985,5,-50.78676123544574
9bqfEh7BD3c--23,cross_domain,20,-92.34953540936112,9,-68.40109140053391
eyqLkKS5Qkw--20,cross_domain,12,-76.38821250200272,5,-54.23478853702545
vbq8QbOwOt4--14,cross_domain,26,-126.38154046982527,13,-86.91616510599852
faZQNy4aErk--25,cross_domain,13,-77.84643513895571,2,-59.07477240264416
s_8IbRRsr0Q--13,cross_domain,12,-59.30406764149666,6,-49.77200523018837
lcBujGRLwE0--7,cross_domain,25,-143.63174648582935,7,-91.73739297688007
CAzt5cxtSjQ--17,cross_domain,15,-66.58727024495602,4,-32.36775328963995
m3Mmtpr-jjA--22,cross_domain,9,-43.44289952516556,4,-33.840399980545044
9b0136913690-67,cross_domain,8,-49.60694742202759,1,-7.832927703857422
HBQwzyxvkZA--34,cross_domain,14,-63.80354228615761,5,-51.566246658563614
HBQwzyxvkZA--151,cross_domain,15,-77.35501035302877,6,-65.41015745699406
ozS8Mx8AdH8--14,cross_domain,25,-124.17795442044735,9,-103.28331953287125
AZ2s4Adm9RU--14,cross_domain,14,-71.96719769388437,3,-44.276331812143326
KmW8f1GVTYY--48,cross_domain,12,-60.36797494068742,6,-45.97171559929848
dPuKX_lM4Zc--103,cross_domain,10,-43.3921273984015,3,-28.222612380981445
OEM3CR-HYmk--22,cross_domain,16,-43.321259528398514,3,-33.380292385816574
lcBujGRLwE0--11,cross_domain,28,-143.0883406661451,9,-133.73788218572736
d5Lx_5-UiHY--101,cross_domain,8,-26.621262654662132,1,-9.774545356631279
vZt56rnH8QQ--8,cross_domain,27,-157.972402125597,12,-88.13270565867424
BO1ehFUMWEs--7,cross_domain,18,-92.68831858038902,6,-79.9813212454319
HBQwzyxvkZA--99,cross_domain,11,-38.01160039007664,5,-35.5766714066267
s_8IbRRsr0Q--22,cross_domain,13,-62.26088558137417,5,-40.66217474639416
fvHtYcL913U--15,cross_domain,13,-51.513788264244795,5,-31.328836530447006
sktRu3sp97g--2,cross_domain,11,-56.2592373713851,6,-42.297244280576706
BO1ehFUMWEs--10,cross_domain,27,-150.94908276945353,6,-117.12281238287687
lSLqIyupXrk--18,cross_domain,23,-112.13381245732307,8,-85.07911209762096
xFEQrtosric--9,cross_domain,9,-38.88728758879006,4,-30.08466111123562
ef52bca1a454-29,cross_domain,10,-51.35763809084892,3,-25.876113533973694
q4RnudGCU18--28,cross_domain,30,-176.23186364769936,14,-116.61780129373074
HBQwzyxvkZA--93,cross_domain,15,-71.66487702727318,6,-41.95652616024017
ijrjSBx7WTc--51,cross_domain,20,-70.94716341793537,7,-65.40315036475658
U5Tq9r7saZU--13,cross_domain,33,-183.19452612288296,11,-149.04509370960295
d5Lx_5-UiHY--73,cross_domain,11,-46.055632159113884,3,-21.937495708465576
s_8IbRRsr0Q--25,cross_domain,19,-82.2287058532238,7,-50.70556025207043
LvN9Dxq2iLY--17,cross_domain,13,-57.939045533537865,3,-41.34048742055893
lcBujGRLwE0--19,cross_domain,31,-167.63584524393082,12,-135.12934535741806
9bqfEh7BD3c--18,cross_domain,12,-65.71093574166298,4,-42.83672833442688
iwYL-ivQm6o--16,cross_domain,20,-84.97685664147139,5,-52.270873695611954
myIXH3PjvoI--115,cross_domain,16,-87.25522601604462,7,-63.60844564437866
gXa0qcoWrsQ--23,cross_domain,23,-86.29786016047001,6,-64.13888303935528
hYNyIXYmoYs--0,cross_domain,14,-93.21579438447952,5,-77.87475895881653
40BjLI5XtJE--1,cross_domain,12,-80.46269904077053,5,-52.52778087556362
Zc2bgIDZ-Ks--28,cross_domain,16,-68.17181416181847,6,-63.85705259768292
vbq8QbOwOt4--18,cross_domain,21,-95.44594492018223,8,-51.09090454876423
fulQKWknVhw--25,cross_domain,23,-120.29578442685306,7,-57.1212952490896
n12WICGyBJ4--17,cross_domain,11,-69.27159065008163,5,-63.33060973882675
OEM3CR-HYmk--8,cross_domain,9,-58.108548641204834,3,-24.64808487892151
6OlSDCcwM10--0,cross_domain,14,-66.65855187177658,4,-35.542006731033325
K4eNr2k2Lls--31,cross_domain,18,-95.34341269731522,7,-65.73930794000626
8DmlFztO2XM--4,cross_domain,22,-125.01228669285774,7,-98.88774853944778
gXa0qcoWrsQ--1,cross_domain,29,-154.0615134127438,8,-130.50636664405465
6_yO8Lc8Hd4--18,cross_domain,33,-129.16755510796793,7,-69.91332073439844
dPuKX_lM4Zc--81,cross_domain,19,-88.51553435623646,6,-44.771325096488
egjhIFJbR2I--1,cross_domain,17,-66.43637806922197,5,-64.9951191470027
3vCea9zWFek--8,cross_domain,15,-55.96015165280551,4,-37.379766697995365
2B2z46vgaAA--25,cross_domain,9,-43.335654243826866,4,-36.522397086024284
QiGhWfjM2FI--29,cross_domain,13,-82.24083513021469,6,-60.65624213218689
wefigjf46u4--7,cross_domain,22,-111.03880565613508,9,-75.17219773679972
MYGqMojGwBE--188,cross_domain,10,-42.419529639184475,4,-31.92443721741438
Kq5HfchSWv8--3,cross_domain,10,-47.36643174290657,3,-22.590060830116272
5n_IGU5rYYk--31,cross_domain,24,-111.99151117354631,11,-80.15010089427233
HBQwzyxvkZA--43,cross_domain,13,-57.05331043899059,4,-26.524875715374947
7byz3fdI-Ss--10,cross_domain,16,-87.29418054781854,5,-43.68312500976026
mjvqIq_fvRY--2,cross_domain,20,-79.34230388328433,8,-40.53015549480915
Lt5GAA6MIuM--8,cross_domain,19,-96.42762137949467,5,-50.45717296004295
uR-nzhB6D8g--11,cross_domain,13,-69.44573122262955,5,-49.706599950790405
vyBaeFU8J_k--16,cross_domain,25,-105.34717904683203,6,-50.71716885175556
myIXH3PjvoI--85,cross_domain,21,-98.95577931404114,7,-83.66285997629166
gW1N-ttBBTo--2,cross_domain,9,-37.968233823776245,2,-19.173951625823975
K4eNr2k2Lls--30,cross_domain,29,-170.15753742307425,9,-135.33076483011246
s_8IbRRsr0Q--20,cross_domain,21,-98.48359694331884,10,-85.79120112210512
rZG7T9ujMEo--13,cross_domain,12,-62.69092106446624,4,-56.807114984840155
_IyhoG9jXuM--1,cross_domain,17,-83.32128423184622,8,-66.67352235049475
6OlSDCcwM10--15,cross_domain,18,-92.44525116309524,7,-84.82457869872451
OtlvzXZG_Uk_e1,cross_domain,15,-87.21391024440527,4,-65.11819469928741
iwYL-ivQm6o--8,cross_domain,9,-43.19309652596712,4,-29.651840724051
Lt5GAA6MIuM--4,cross_domain,25,-139.29217609204352,8,-109.21643771417439
mDUCHJerTtE--6,cross_domain,23,-133.16349431872368,8,-109.0553006529808
BTqVQCBPUzg--107,cross_domain,21,-103.33866508305073,8,-73.93282252550125
80Cx4CH-AVI--17,cross_domain,8,-35.38226526975632,6,-26.043379962444305
0Z5d6D2vBbc--11,cross_domain,35,-204.0867244824767,13,-168.60794048011303
BTqVQCBPUzg--110,cross_domain,8,-49.66344256699085,3,-38.734721183776855
lZarpnV0alw--14,cross_domain,11,-66.6481466293335,4,-34.0402512550354
mjvqIq_fvRY--22,cross_domain,20,-116.75659481436014,9,-83.3636788725853
g4GfKC7z-2M--7,cross_domain,20,-112.41150310635567,7,-95.87997075915337
gp0w_zrLgfw--17,cross_domain,29,-113.85605678567663,10,-76.9597446010448
UBnqDwRds3A--8,cross_domain,25,-103.60140078747645,7,-58.91230067098513
MYGqMojGwBE--219,cross_domain,10,-69.34730362892151,4,-37.76343107223511
809a3a5e02d1-116,cross_domain,9,-37.12490398436785,3,-25.655561298131943
ckGC5hUffDU--5,cross_domain,15,-69.88942061364651,5,-32.84966254234314
faZQNy4aErk--18,cross_domain,23,-132.89418068528175,7,-128.3763808310032
uYaUCNl1j10--8,cross_domain,25,-103.2206752449274,10,-72.63169328123331
jN2lbHzIneI--4,cross_domain,31,-190.5034468434751,10,-170.701797734946
LvN9Dxq2iLY--86,cross_domain,12,-69.39078614115715,2,-47.8989460170269
Zc2bgIDZ-Ks--85,cross_domain,25,-118.42898790538311,6,-87.2613665163517
m3Mmtpr-jjA--38,cross_domain,26,-123.69182132557034,11,-113.51277133077383
q4RnudGCU18--13,cross_domain,26,-122.23743739724159,9,-91.2516450881958
aDwdB7xHAOE--5,cross_domain,15,-74.358334697783,4,-68.7728545665741
s_8IbRRsr0Q--8,cross_domain,8,-25.485360860824585,2,-15.52798843383789
C-cgPb_N2dY--3,cross_domain,12,-50.182754036039114,6,-38.07683688029647
sktRu3sp97g--11,cross_domain,19,-77.43890635669231,7,-60.741376996040344
4DhGy83DK_s--13,cross_domain,17,-71.43855033814907,5,-51.219120532274246
MYGqMojGwBE--182,cross_domain,18,-94.54297035932541,7,-58.601380705833435
l9bZYazJQ1w--16,cross_domain,12,-69.55926769971848,5,-39.74570317566395
Xmm9ZyMy12g--8,cross_domain,16,-79.51700846850872,4,-67.99039180576801
C6CIPVno_yQ--20,cross_domain,22,-123.82462220545858,9,-108.92223815526813
DF4fto_X1Y4--2,cross_domain,14,-52.467222437262535,5,-41.495136082172394
HBQwzyxvkZA--100,cross_domain,12,-35.79804472438991,2,-8.003251612186432
dkavvNigK7s--30,cross_domain,14,-58.72857803106308,6,-46.39530282467604
4DhGy83DK_s--35,cross_domain,28,-96.17203341051936,6,-41.13388600200415
ZVE_KjrY_po--8,cross_domain,23,-105.60961775481701,9,-84.88686386495829
lPzmjeJmsXo--14,cross_domain,27,-162.78934579342604,10,-121.47946551442146
d5Lx_5-UiHY--36,cross_domain,12,-48.32068833708763,4,-23.34879705309868
xFEQrtosric--2,cross_domain,26,-127.80696143209934,9,-113.4485581740737
MYGqMojGwBE--215,cross_domain,15,-92.5866060256958,6,-40.39572763442993
6_yO8Lc8Hd4--6,cross_domain,29,-138.61140743549913,10,-113.01206809934229
vbq8QbOwOt4--1,cross_domain,16,-79.20244137942791,6,-44.642486810684204
5n_IGU5rYYk--2,cross_domain,20,-87.34774992987514,8,-69.24232179298997
ZMsnY_khlNQ--15,cross_domain,9,-59.079826928675175,2,-17.508329391479492
myIXH3PjvoI--4,cross_domain,14,-50.85132470726967,6,-34.60629980266094
q4RnudGCU18--26,cross_domain,28,-109.88634436577559,10,-92.60175216197968
HBQwzyxvkZA--165,cross_domain,12,-57.23359157261439,4,-49.94281949219294
o9DARfrZg2o--1,cross_domain,21,-100.97440625727177,8,-77.61293984949589
uR-nzhB6D8g--1,cross_domain,16,-64.63475038483739,6,-40.71732047572732
RIwfym39VVM_e3,cross_domain,21,-103.08014994859695,6,-66.44713585078716
wwpptVjgAws--0,cross_domain,29,-97.21276663150638,13,-80.26573662366718
9b0136913690-52,cross_domain,14,-62.83879964798689,3,-35.14781320095062
Lt5GAA6MIuM--17,cross_domain,22,-125.75531005859375,10,-101.3877222687006
klepEQSaeIk--1,cross_domain,36,-174.47961034439504,11,-106.45419031381607
Lt5GAA6MIuM--28,cross_domain,13,-62.36720251664519,4,-40.605170365422964
ef52bca1a454-8,cross_domain,13,-76.60020580887794,6,-53.20697891712189
jLwvQ4URDFY--14,cross_domain,34,-169.70155062898993,10,-131.79284032806754
LvN9Dxq2iLY--82,cross_domain,14,-51.61770659685135,4,-30.7447190284729
iwYL-ivQm6o--11,cross_domain,14,-60.45795200765133,4,-32.1666145324707
9b0136913690-59,cross_domain,16,-83.52011393010616,4,-76.25950345396996
KmW8f1GVTYY--33,cross_domain,13,-65.65542754530907,5,-60.751839101314545
NDYHcIF50eE--11,cross_domain,20,-85.30601951479912,3,-50.04100036621094
MYGqMojGwBE--279,cross_domain,9,-39.95554607734084,5,-33.04828327521682
tDrI-9pSul0--10,cross_domain,29,-211.62959778308868,10,-193.7622777223587
5n_IGU5rYYk--32,cross_domain,31,-147.15109009295702,7,-54.18934240564704
ijrjSBx7WTc--23,cross_domain,26,-126.10624399036169,9,-92.58480978012085
a8zp7ivHwBU--4,cross_domain,18,-85.39238696545362,6,-75.5752894282341
9bqfEh7BD3c--24,cross_domain,18,-91.40270593110472,5,-73.27503231260926
U5Tq9r7saZU--29,cross_domain,21,-101.92775901407003,11,-82.19015103578568
wSEeoT9BqE0--14,cross_domain,27,-161.62292375788093,8,-133.581666957587
QiGhWfjM2FI--9,cross_domain,24,-95.92447753436863,11,-87.26648129709065
809a3a5e02d1-64,cross_domain,14,-67.95521226618439,4,-48.64500453416258
ckGC5hUffDU--6,cross_domain,26,-117.64489334169775,6,-86.49394095502794
o44YnPMhwPU--36,cross_domain,22,-109.10534599423409,11,-93.95727311819792
HBQwzyxvkZA--193,cross_domain,9,-26.51748365536332,4,-21.27625175192952
Kq5HfchSWv8--36,cross_domain,16,-86.82329299300909,4,-54.61193764209747
ZCBew8Fv0qA--3,cross_domain,13,-50.932801362127066,3,-31.682799991220236
91GVHgxW8RA--33,cross_domain,22,-76.52446895092726,6,-31.367978021502495
MYGqMojGwBE--211,cross_domain,13,-72.22875487804413,7,-45.83376216888428
hgaKby5Mha4--28,cross_domain,25,-120.11911177821457,8,-68.41743222810328
-X_zmve1y00--1,cross_domain,12,-43.34174825437367,3,-32.606018954887986
hgaKby5Mha4--1,cross_domain,23,-115.32614854723215,8,-81.83786208927631
BO1ehFUMWEs--1,cross_domain,21,-101.5226810798049,6,-83.28416128456593
OEM3CR-HYmk--3,cross_domain,12,-56.23437836766243,3,-30.600882723927498
R6_v5nqXuGg--5,cross_domain,18,-70.60159707255661,6,-57.06843841262162
rZG7T9ujMEo--2,cross_domain,14,-91.32577207684517,6,-73.81405091285706
HBQwzyxvkZA--143,cross_domain,9,-25.521050073206425,4,-23.2191379070282
HBQwzyxvkZA--319,cross_domain,22,-110.40962474793196,7,-81.96265588700771
3vCea9zWFek--39,cross_domain,23,-120.83490934967995,9,-80.85401563346386
tDrI-9pSul0--11,cross_domain,12,-62.20499171316624,6,-49.01720932126045
kxz4AA9lNmY_e4,cross_domain,17,-85.49533997289836,4,-76.06081853620708
zu_bd3r2GIA--28,cross_domain,14,-73.09601124934852,5,-66.22064015083015
Xmm9ZyMy12g--13,cross_domain,22,-133.73022899776697,6,-104.70929390192032
NTc0m4Q1-xU--0,cross_domain,17,-88.44223110377789,7,-72.54560248553753
9xc24mAlprE--14,cross_domain,23,-93.32173595577478,9,-75.3882794752717
Rc99bcSdhak--5,cross_domain,37,-172.7516243122518,11,-133.33249423280358
HBQwzyxvkZA--286,cross_domain,24,-123.9285528473556,10,-89.44516360759735
Zc2bgIDZ-Ks--79,cross_domain,15,-54.17761335615069,4,-36.74678474012762
wefigjf46u4--10,cross_domain,8,-41.31947183609009,2,-25.084906578063965
wSEeoT9BqE0--2,cross_domain,20,-71.83318551187404,7,-64.2100888446439
o9DARfrZg2o--0,cross_domain,21,-126.25414615496993,7,-98.10362463817
DP1ly_MsHHQ--15,cross_domain,30,-113.30667921155691,7,-90.26611988246441
C-cgPb_N2dY--16,cross_domain,21,-92.07849309593439,7,-60.165563493967056
6U9AFGakrn0--5,cross_domain,14,-58.31715676933527,4,-27.7132328748703
0kldzhToGLc--15,cross_domain,10,-43.97195599973202,3,-19.524365186691284
oyWhLo5brto--1,cross_domain,21,-123.50019709765911,9,-81.19475655257702
bqE5C2tmc9c--13,cross_domain,14,-80.37428238987923,6,-52.923869386315346
ijrjSBx7WTc--32,cross_domain,21,-88.2642674408853,7,-73.63401946052909
MYGqMojGwBE--149,cross_domain,17,-77.97008378058672,3,-39.49543149024248
n12WICGyBJ4--43,cross_domain,17,-76.42912121489644,6,-68.11948226764798
Zc2bgIDZ-Ks--43,cross_domain,19,-88.85089260339737,4,-34.3545164167881
IjeHLt1vNoM--9,cross_domain,20,-99.99834094941616,6,-58.718233704566956
rYcw__0tDhw--1,cross_domain,33,-135.66794587136246,8,-107.66112958849408
Sqa3ig2NN9Q--4,cross_domain,14,-100.22089684009552,5,-83.58411359786987
IjeHLt1vNoM--17,cross_domain,15,-67.08519883453846,5,-47.935439333319664
9b0136913690-70,cross_domain,12,-54.25056944787502,3,-33.80807685852051
Kq5HfchSWv8--28,cross_domain,15,-52.30741286277771,4,-22.801747649908066
ojYFIliNLGI--9,cross_domain,16,-71.12045502662659,6,-49.10676172375679
m3Mmtpr-jjA--30,cross_domain,23,-85.10647455230355,9,-64.8549071252346
6u-ZspWSpwE--14,cross_domain,17,-100.99886042624712,6,-72.70538499951363
HBQwzyxvkZA--111,cross_domain,13,-62.600401163101196,5,-44.8535041809082
xFJw5GMtlCk--4,cross_domain,8,-30.718090802431107,1,-6.10880172252655
U5Tq9r7saZU--18,cross_domain,18,-84.76850948482752,5,-69.93080216646194
QiJgNpX3zN0--17,cross_domain,11,-49.741921942681074,4,-35.83368880674243
9bqfEh7BD3c--9,cross_domain,19,-92.35362350195646,7,-64.40062522888184
5n_IGU5rYYk--17,cross_domain,31,-139.88977750285994,11,-94.67968770756852
kES_ZNjFKz8--18,cross_domain,12,-53.62194702029228,4,-37.807202994823456
nvfK4jQ7MH0--19,cross_domain,12,-62.97527591884136,3,-45.556747779250145
LvN9Dxq2iLY--71,cross_domain,26,-80.3992499243468,6,-35.835222421213984
aDwdB7xHAOE--8,cross_domain,19,-95.82638068497181,9,-73.24960720539093
HBQwzyxvkZA--1,cross_domain,10,-29.979193499311805,2,-12.38064487837255
gW1N-ttBBTo--6,cross_domain,30,-139.92797033116221,9,-119.64505876228213
ef52bca1a454-57,cross_domain,17,-59.20102500170469,5,-24.766023635864258
_r1S90f_nsM--13,cross_domain,13,-49.2102559953928,4,-22.164282083511353
Xmm9ZyMy12g--12,cross_domain,16,-85.79711125791073,3,-35.323178827762604
fulQKWknVhw--29,cross_domain,34,-150.90651494194753,12,-118.66521475766785
BTqVQCBPUzg--116,cross_domain,10,-37.953275268897414,2,-14.322614734992385
Zc2bgIDZ-Ks--9,cross_domain,16,-65.40421487670392,4,-43.731091308407485
eBj_HUu0CNw--22,cross_domain,13,-72.61298574507236,5,-55.1938835978508
K4eNr2k2Lls--33,cross_domain,29,-135.26926496066153,10,-120.53663440048695
jMdxYlvrkbk--10,cross_domain,24,-132.3412317931652,9,-111.83336447179317
jLwvQ4URDFY--3,cross_domain,28,-151.45876534841955,14,-121.7524139340967
R6_v5nqXuGg--14,cross_domain,18,-90.80129772424698,7,-78.69200456142426
Sqa3ig2NN9Q--25,cross_domain,20,-127.05465541779995,3,-80.32466753572226
gW1N-ttBBTo--10,cross_domain,37,-159.9666569121182,12,-128.63237318769097
cw1YIV30nQM--20,cross_domain,21,-114.66440049558878,7,-69.96983587741852
BESRE5mtipE--1,cross_domain,20,-70.13310825824738,5,-47.640410743653774
KHL0wkbu0-s--8,cross_domain,24,-123.60928325355053,9,-88.78365960717201
eGkBCS1t9-E--20,cross_domain,22,-107.81252628564835,5,-89.58706998825073
EIwWHTO5rZw--14,cross_domain,13,-44.54538206756115,4,-20.822235345840454
eBj_HUu0CNw--24,cross_domain,17,-78.14457362145185,6,-43.773184180259705
gXa0qcoWrsQ--12,cross_domain,21,-107.51054240763187,6,-72.63332988321781
80Cx4CH-AVI--8,cross_domain,21,-115.71298818290234,6,-94.07660746574402
ckGC5hUffDU--2,cross_domain,19,-100.42142573185265,5,-97.372014882043
K5lgB4YzOO0--6,cross_domain,19,-93.43066778406501,5,-69.60327694937587
-X_zmve1y00--12,cross_domain,18,-90.51319473981857,8,-72.00122472643852
xFEQrtosric--7,cross_domain,25,-101.51278734835796,10,-97.85592450830154
HBQwzyxvkZA--121,cross_domain,22,-98.87177405506372,7,-67.65003460645676
bOZ_Lap5FNA--11,cross_domain,19,-99.87735744938254,9,-67.84411506727338
rYcw__0tDhw--2,cross_domain,21,-99.6327867731452,8,-74.4623718559742
xFJw5GMtlCk--10,cross_domain,24,-86.30472117604222,7,-55.40418154001236
9b0136913690-106,cross_domain,8,-38.70839297771454,3,-25.11549872159958
rZG7T9ujMEo--21,cross_domain,9,-31.27587655186653,2,-12.609321117401123
mXq8axygjdE--51,cross_domain,36,-152.9900327771902,15,-111.08172619342804
m-w_78fDg9M--18,cross_domain,17,-81.88576343655586,4,-38.20743477344513
XcXCB---N9M--3,cross_domain,20,-108.35498036816716,6,-65.78385678306222
K4eNr2k2Lls--2,cross_domain,16,-61.26339711248875,6,-50.593012899160385
BTqVQCBPUzg--154,cross_domain,8,-32.19361007772386,3,-22.546009546145797
Zc2bgIDZ-Ks--60,cross_domain,17,-65.90923458943143,6,-47.47190055856481
gW1N-ttBBTo--7,cross_domain,28,-149.21123365312815,10,-136.069841273129
0bk98uIiTS8--32,cross_domain,30,-132.56259488116484,12,-123.11359523783904
BTqVQCBPUzg--148,cross_domain,12,-71.87550413236022,6,-47.06652509793639
lAFiWmUUHOg--25,cross_domain,27,-116.20184738794342,6,-87.77521624276415
bGqx2eKgdB0_e4,cross_domain,10,-52.63356053829193,3,-35.55462574958801
ZVE_KjrY_po--21,cross_domain,8,-36.62577760219574,2,-24.07350504398346
BTqVQCBPUzg--34,cross_domain,13,-44.568874940276146,4,-35.996978625655174
XcXCB---N9M--20,cross_domain,30,-141.47929568588734,8,-111.45284282416105
o9DARfrZg2o--9,cross_domain,13,-50.97789462655783,3,-15.790639281272888
HBQwzyxvkZA--228,cross_domain,13,-47.447450041770935,4,-39.53785341978073
80Cx4CH-AVI--2,cross_domain,29,-135.51956361159682,11,-110.58710261806846
Zc2bgIDZ-Ks--12,cross_domain,11,-61.72308425605297,3,-18.993852198123932
vbq8QbOwOt4--7,cross_domain,17,-86.32486706227064,6,-48.363534674048424
HBQwzyxvkZA--291,cross_domain,31,-134.7351386025548,9,-104.13264948129654
i4j5Bj2NL1c--9,cross_domain,19,-82.33325395919383,6,-53.24313577450812
5QMD024bDYs--8,cross_domain,21,-78.37979270564392,6,-63.06357739167288
faZQNy4aErk--44,cross_domain,24,-130.0330195054412,9,-107.76158172637224
oPITLi0VKh8--18,cross_domain,13,-59.02753060311079,5,-45.94590958952904
Xmm9ZyMy12g--14,cross_domain,16,-72.6984544545412,5,-39.597808837890625
-X_zmve1y00--29,cross_domain,11,-50.415231466293335,4,-46.9915668964386
HBQwzyxvkZA--278,cross_domain,12,-63.85384276509285,5,-42.005967140197754
OEM3CR-HYmk--2,cross_domain,13,-68.36194939166307,4,-56.324351854622364
1xJ_dkBcAIU--20,cross_domain,20,-92.73870411515236,6,-73.14299401640892
IoifXQnhN4E--5,cross_domain,9,-61.479692324995995,5,-45.66897450387478
jMdxYlvrkbk--6,cross_domain,15,-78.91621039807796,5,-40.91576683521271
q4RnudGCU18--5,cross_domain,22,-99.2248330116272,6,-71.58479638397694
lcBujGRLwE0--30,cross_domain,25,-116.51035993406549,9,-75.86540444334969
egjhIFJbR2I--8,cross_domain,16,-71.95506252162158,5,-41.98792841844261
oAhfJ8yB1j0--5,cross_domain,27,-117.83218631148338,10,-111.96452026814222
klepEQSaeIk--15,cross_domain,11,-39.533708557486534,6,-35.94336259365082
Rc99bcSdhak--27,cross_domain,30,-152.8047514371574,10,-96.80767212063074
iwYL-ivQm6o--3,cross_domain,29,-128.95710155181587,9,-92.90330891869962
MYGqMojGwBE--248,cross_domain,24,-114.93338875472546,8,-81.31367747485638
mjvqIq_fvRY--12,cross_domain,23,-106.39707077294588,6,-80.3328807130456
s_8IbRRsr0Q--1,cross_domain,28,-119.06524894759059,8,-70.13367963954806
6OlSDCcwM10--2,cross_domain,7,-22.221568942070007,2,-11.368993163108826
m3Mmtpr-jjA--44,cross_domain,24,-97.18727898271754,6,-55.78672095807269
9b0136913690-31,cross_domain,17,-77.6170986071229,5,-40.228577204048634
HBQwzyxvkZA--207,cross_domain,13,-57.44599208235741,4,-37.4973338842392
Nv3WLYio7Lc--9,cross_domain,17,-100.14126523211598,5,-71.64040162041783
Nv3WLYio7Lc--14,cross_domain,11,-51.15956476330757,5,-40.80105236172676
hYNyIXYmoYs--2,cross_domain,19,-78.15122810006142,8,-59.626766577363014
ef52bca1a454-69,cross_domain,9,-53.21228379011154,3,-23.390158653259277
HBQwzyxvkZA--90,cross_domain,11,-64.30138584971428,4,-41.23032936453819
C6CIPVno_yQ--21,cross_domain,22,-106.65719025954604,8,-78.72742749378085
LvN9Dxq2iLY--26,cross_domain,22,-156.9564907103777,7,-154.07886117696762
HBQwzyxvkZA--318,cross_domain,18,-95.8423882201314,8,-73.43082192540169
zu_bd3r2GIA--30,cross_domain,18,-72.23944321926683,7,-50.53903106506914
oAhfJ8yB1j0--3,cross_domain,23,-109.56114600598812,6,-103.86527261137962
5n_IGU5rYYk--6,cross_domain,17,-57.456167321652174,6,-33.18112661316991
nvfK4jQ7MH0--27,cross_domain,17,-79.29788324609399,7,-59.55970888212323
kytITkHoyls--15,cross_domain,21,-72.15318582206964,5,-39.721305161714554
dPuKX_lM4Zc--120,cross_domain,31,-178.81669333577156,13,-115.4336309954524
5n_IGU5rYYk--3,cross_domain,21,-72.57912386395037,7,-62.69219663925469
dPuKX_lM4Zc--129,cross_domain,23,-137.63960596174002,9,-84.59797028452158
9xc24mAlprE--26,cross_domain,18,-113.21387951821089,5,-100.42203866690397
oyWhLo5brto--5,cross_domain,21,-76.19454183243215,5,-34.57397933118045
ojYFIliNLGI--16,cross_domain,37,-186.12291219457984,13,-149.95677600428462
LvN9Dxq2iLY--124,cross_domain,18,-69.66003849601839,4,-31.306504900217988
lcBujGRLwE0--4,cross_domain,34,-112.5669077001512,12,-93.17765278741717
wwpptVjgAws--7,cross_domain,39,-212.05464486032724,10,-173.79780657589436
Kq5HfchSWv8--18,cross_domain,16,-71.14678428322077,4,-30.19358065724373
mjvqIq_fvRY--6,cross_domain,27,-144.7811785042286,10,-116.18119740486145
Nv3WLYio7Lc--13,cross_domain,30,-128.41244836244732,7,-87.95300533715636
6_yO8Lc8Hd4--7,cross_domain,14,-69.6824432015419,6,-57.51132434606552
0Z5d6D2vBbc--6,cross_domain,17,-77.37533374130726,8,-57.540946923196316
80Cx4CH-AVI--11,cross_domain,28,-126.56622952967882,9,-70.68653202056885
xFJw5GMtlCk--5,cross_domain,24,-90.05132764019072,10,-41.45252922363579
9b0136913690-80,cross_domain,17,-92.99328541755676,4,-35.439706802368164
AVb1VABiJJ8--9,cross_domain,19,-91.32614701241255,7,-57.12211234867573
xFEQrtosric--4,cross_domain,14,-59.113709799945354,4,-24.645169250667095
iGdg-iGlUFg--2,cross_domain,42,-213.85421033203602,12,-160.6105698943138
wUH1dDbu9B4--26,cross_domain,23,-152.59535678476095,6,-145.53382118791342
LvN9Dxq2iLY--101,cross_domain,14,-63.56237831711769,4,-38.21053797006607
HBQwzyxvkZA--67,cross_domain,9,-29.475665709003806,2,-10.25307321548462
QiGhWfjM2FI--1,cross_domain,19,-107.47730227559805,9,-86.50222428143024
LvN9Dxq2iLY--168,cross_domain,9,-27.01515857875347,4,-17.75610065460205
MYGqMojGwBE--2,cross_domain,18,-102.62825775891542,8,-63.10110031068325
mjvqIq_fvRY--18,cross_domain,14,-74.82170390337706,7,-63.30254811048508
m-w_78fDg9M--3,cross_domain,17,-93.7799377143383,7,-72.50057472288609
8E-llRXuhl0--22,cross_domain,20,-96.80410245247185,7,-81.67279139347374
lPzmjeJmsXo--2,cross_domain,32,-142.44616704247892,13,-120.27809591405094
rYcw__0tDhw--10,cross_domain,22,-118.41458119952586,6,-88.99986942613032
mXq8axygjdE--62,cross_domain,9,-47.082202672958374,3,-32.862886011600494
AZ2s4Adm9RU--1,cross_domain,28,-118.62612120062113,7,-39.676343865692616
CRJSZ2e7BU0--4,cross_domain,25,-122.71803173422813,10,-92.11892339587212
HBQwzyxvkZA--272,cross_domain,14,-72.699467882514,5,-40.20721423625946
kES_ZNjFKz8--16,cross_domain,21,-110.18052358180285,8,-96.75596221536398
MYGqMojGwBE--206,cross_domain,13,-45.890476025640965,6,-35.452097058296204
glNqZ8w4iy8--5,cross_domain,11,-44.86936681717634,3,-26.309509843587875
Rblg5TE6TI0--30,cross_domain,34,-167.1874696481973,12,-121.23349321074784
809a3a5e02d1-77,cross_domain,11,-46.020940236747265,4,-36.62957775592804
lSLqIyupXrk--5,cross_domain,17,-118.41797786578536,7,-103.10476553067565
eabe1f38221a-48,cross_domain,10,-40.79213212430477,3,-31.5901031345129
jLwvQ4URDFY--5,cross_domain,11,-45.360223181545734,4,-32.26884412765503
m3Mmtpr-jjA--2,cross_domain,11,-56.99360606074333,4,-54.48639494180679
HBQwzyxvkZA--155,cross_domain,22,-94.14857225120068,7,-73.61792738735676
K5lgB4YzOO0--12,cross_domain,15,-73.62200175691396,6,-60.83532263338566
Rblg5TE6TI0--1,cross_domain,23,-110.78184374794364,7,-64.52167857810855
dkavvNigK7s--27,cross_domain,27,-135.77800171077251,12,-116.08681493252516
NaXDBBT5pkw--3,cross_domain,11,-48.017851039767265,4,-32.31276345252991
LvN9Dxq2iLY--164,cross_domain,20,-74.87862791121006,8,-55.383896470069885
vZt56rnH8QQ--3,cross_domain,11,-62.72101669758558,5,-60.925205044448376
mXq8axygjdE--67,cross_domain,12,-61.73778907256201,4,-30.909171887207776
7byz3fdI-Ss--7,cross_domain,18,-80.14708684384823,7,-67.22032403945923
dkavvNigK7s--9,cross_domain,17,-93.31101191788912,6,-78.88800485432148
g4GfKC7z-2M--9,cross_domain,19,-117.30790841579437,5,-108.27761256694794
6OlSDCcwM10--20,cross_domain,16,-87.20134126394987,8,-72.39019677042961
KI0avgGkWiU--1,cross_domain,23,-121.67603912204504,7,-88.06305228918791
iwYL-ivQm6o--0,cross_domain,7,-32.73477182909846,3,-15.39306841418147
OEM3CR-HYmk--19,cross_domain,18,-89.40252537280321,4,-71.92855865508318
6OlSDCcwM10--11,cross_domain,17,-71.62532805837691,11,-56.335287714377046
e4rWudmfrfY--0,cross_domain,9,-66.38330927491188,1,-13.085435032844543
o44YnPMhwPU--1,cross_domain,11,-50.744054144248366,3,-38.30365568958223
l9bZYazJQ1w--7,zero,20,-79.30420372216031,7,-47.13515493599698
9b0136913690-114,zero,19,-98.13012254657224,5,-65.39479446830228
ZMsnY_khlNQ--12,zero,21,-76.99588782899082,7,-47.74093676917255
809a3a5e02d1-67,zero,12,-66.69644729793072,4,-59.5935754776001
DP1ly_MsHHQ--36,zero,18,-81.89997650496662,7,-44.55083513259888
dPuKX_lM4Zc--118,zero,31,-153.46916223410517,13,-98.70181708876044
wwpptVjgAws--20,zero,40,-201.19992446154356,13,-149.08187106251717
48couwymlMM--18,zero,19,-72.59807632584125,8,-59.20310716051608
809a3a5e02d1-108,zero,11,-29.98624522984028,4,-19.235400050878525
4DhGy83DK_s--30,zero,13,-61.890170991420746,5,-47.06034326553345
rZG7T9ujMEo--0,zero,28,-122.80837784847245,13,-91.39419440319762
7byz3fdI-Ss--0,zero,15,-48.35623463988304,6,-35.8953448086977
eabe1f38221a-18,zero,31,-161.07082530763,9,-80.49870382156223
0kldzhToGLc--6,zero,22,-117.82805045321584,8,-88.40074146911502
pMbMjjSj1fM--17,zero,18,-84.59082932770252,10,-66.10643267631531
MYGqMojGwBE--267,zero,17,-72.65684332326055,3,-25.626182857900858
C-cgPb_N2dY--9,zero,12,-30.073234252631664,3,-24.056520394980907
ef52bca1a454-22,zero,12,-51.433076441287994,4,-35.237735629081726
fulQKWknVhw--7,zero,19,-41.32709267968312,7,-37.557908246759325
ijrjSBx7WTc--84,zero,8,-26.369604602456093,1,-6.160626411437988
oAhfJ8yB1j0--10,zero,10,-43.29641342163086,2,-23.989241003990173
Zc2bgIDZ-Ks--72,zero,12,-54.50077921152115,3,-17.37579357624054
mjvqIq_fvRY--11,zero,19,-101.14820818416774,7,-78.56607678346336
IoifXQnhN4E--4,zero,24,-77.60877418727614,8,-49.85574910254218
HBQwzyxvkZA--276,zero,20,-82.13200730830431,6,-61.50161010026932
o44YnPMhwPU--12,zero,15,-72.66664284467697,5,-53.75979220867157
myIXH3PjvoI--76,zero,13,-55.98941843211651,4,-29.309391885995865
faZQNy4aErk--15,zero,23,-103.1572053655982,7,-51.697873406112194
Rc99bcSdhak--0,zero,21,-70.60861841961741,7,-45.307812213897705
0kldzhToGLc--2,zero,14,-62.691440500319004,6,-42.030556440353394
5n_IGU5rYYk--30,zero,22,-88.02307613822632,7,-60.85145959141664
myIXH3PjvoI--89,zero,19,-86.00587886571884,7,-64.57436580955982
S9ymb66ZqqY--9,zero,25,-125.81859367992729,12,-96.41280752327293
dPuKX_lM4Zc--54,zero,19,-82.38462772220373,6,-63.34699062258005
oPITLi0VKh8--10,zero,16,-45.33251786173787,6,-41.80580295564141
17OIKvJmrK8--4,zero,13,-69.20816500484943,6,-60.10317599773407
yb7efY9x78U--12,zero,23,-103.23434869945049,5,-34.25963098555803
zu_bd3r2GIA--9,zero,12,-56.266687996685505,6,-44.70914161205292
eabe1f38221a-5,zero,29,-116.82678282633424,8,-62.11620795726776
QiGhWfjM2FI--31,zero,24,-97.97401087492472,10,-86.97935616731411
fvHtYcL913U--3,zero,11,-40.06455891672522,3,-17.379684888757765
sktRu3sp97g--4,zero,20,-71.02521816594526,5,-38.84763004584238
BTqVQCBPUzg--97,zero,10,-44.0546778999269,4,-43.244905691593885
hYNyIXYmoYs--17,zero,24,-105.80533569282852,12,-93.90858165896498
3Pk2c_Z4ahk--1,zero,9,-30.37812641263008,3,-21.929579079151154
9xc24mAlprE--1,zero,16,-55.13596464728471,4,-42.32696428929921
ZMsnY_khlNQ--7,zero,21,-81.57873048586771,8,-41.97462927503511
fulQKWknVhw--42,zero,22,-76.00246494822204,7,-50.82685018889606
W4YzurwHpfw--6,zero,14,-56.49505662173033,6,-54.484215438365936
glNqZ8w4iy8--9,zero,25,-99.86236199736595,10,-60.83084911108017
o44YnPMhwPU--25,zero,18,-83.58154992712662,5,-51.75547581864521
UBnqDwRds3A--2,zero,13,-50.23172378540039,6,-42.289040207862854
wmTrG799MAo--19,zero,13,-64.51330216228962,6,-52.57914328575134
lPzmjeJmsXo--13,zero,20,-98.99374423734844,9,-98.31702539138496
ZCBew8Fv0qA--12,zero,12,-58.98043782263994,5,-38.81105323135853
39at7Lxu6Yo--19,zero,34,-124.34189247339964,13,-93.76966803893447
EIwWHTO5rZw--8,zero,26,-149.09132684627548,9,-128.69260101020336
MYGqMojGwBE--116,zero,20,-77.94480983912945,7,-55.679498106241226
BTqVQCBPUzg--47,zero,10,-30.484884947538376,4,-17.048703610897064
myIXH3PjvoI--93,zero,8,-44.37958071380854,4,-31.70155429840088
bU_v22EtHIU--1,zero,23,-79.89150125905871,6,-56.85526464506984
uR-nzhB6D8g--2,zero,15,-65.56023482233286,6,-52.207913637161255
OEM3CR-HYmk--15,zero,24,-106.28064818680286,7,-62.885702446103096
uR-nzhB6D8g--3,zero,18,-72.9136181101203,9,-53.695507541298866
NaXDBBT5pkw--6,zero,9,-35.93713742494583,4,-20.81031036376953
wefigjf46u4--2,zero,14,-69.57416908442974,7,-56.401143074035645
MYGqMojGwBE--30,zero,19,-68.69906796328723,4,-33.02578708343208
fYxijWb0b_s--9,zero,17,-62.11461554048583,9,-51.61306435195729
Rc99bcSdhak--16,zero,15,-60.37661756481975,3,-26.126315123401582
_IyhoG9jXuM--15,zero,25,-116.29833315312862,7,-50.31608563661575
uYaUCNl1j10--12,zero,22,-86.18327497132123,8,-68.6711464766413
o9DARfrZg2o--16,zero,14,-48.238288804888725,5,-33.650971814990044
MYGqMojGwBE--42,zero,19,-79.99385369988158,7,-57.09652236523107
ixXF2UGOyoU--5,zero,9,-43.31715430319309,3,-26.07848745584488
BESRE5mtipE--0,zero,21,-46.32975328125758,8,-43.28399461664958
8DmlFztO2XM--2,zero,25,-101.75530745694414,6,-88.11413870798424
jLwvQ4URDFY--1,zero,43,-195.44817260280252,14,-143.96438310667872
5QMD024bDYs--15,zero,19,-83.51069828122854,7,-48.36341002583504
jLwvQ4URDFY--31,zero,33,-123.57256896793842,12,-109.36980397999287
aDwdB7xHAOE--1,zero,28,-156.51867292635143,10,-101.02694636117667
wSEeoT9BqE0--13,zero,11,-27.004544712603092,4,-18.795647740364075
d5Lx_5-UiHY--41,zero,11,-43.518109641969204,5,-38.773715645074844
BTqVQCBPUzg--18,zero,9,-63.482277035713196,4,-58.47725546360016
faZQNy4aErk--62,zero,12,-33.291488790884614,4,-23.933101693168283
LvN9Dxq2iLY--88,zero,10,-49.6087828874588,1,-12.516663908958435
HBQwzyxvkZA--256,zero,19,-65.10988393146545,6,-54.779646791517735
xFEQrtosric--18,zero,19,-59.088731574302074,5,-43.69446438777959
KmW8f1GVTYY--40,zero,27,-111.00691737513989,10,-71.97748186346143
nXA9Qpj2z7E--6,zero,12,-42.08881430141628,3,-26.532984344288707
kytITkHoyls--7,zero,39,-167.30133125558496,12,-148.26361307129264
ef52bca1a454-6,zero,15,-72.09519097208977,5,-64.0415381193161
iwYL-ivQm6o--19,zero,14,-72.10481490939856,5,-26.019075259566307
9b0136913690-41,zero,17,-61.77570574730635,7,-43.7996798530221
K4eNr2k2Lls--1,zero,29,-112.04278914490715,8,-91.36552852997556
pMbMjjSj1fM--28,zero,11,-40.74895770102739,3,-35.243249155581
MYGqMojGwBE--161,zero,18,-67.17131680995226,6,-33.995438791811466
mXq8axygjdE--32,zero,24,-81.49354063533247,6,-50.3573138769716
4vfboqjtAXo_d,zero,18,-97.1016109585762,5,-49.64756226539612
HBQwzyxvkZA--261,zero,20,-86.41577258706093,5,-50.07196819782257
CAzt5cxtSjQ--23,zero,10,-57.2059278935194,6,-53.47308158874512
d5Lx_5-UiHY--51,zero,15,-79.42151687853038,5,-47.55008124373853
klepEQSaeIk--9,zero,18,-48.128003175370395,5,-38.19254969339818
48couwymlMM--10,zero,16,-72.80306372791529,4,-66.2774653211236
K4eNr2k2Lls--0,zero,11,-37.63245564699173,5,-35.769628286361694
zu_bd3r2GIA--16,zero,23,-88.3803318142891,8,-66.18382775783539
ef52bca1a454-76,zero,11,-51.39011939615011,4,-32.41243326663971
ixXF2UGOyoU--2,zero,14,-69.14719860255718,5,-38.80108976364136
o44YnPMhwPU--37,zero,17,-68.51630572229624,7,-42.745962738990784
CRJSZ2e7BU0--12,zero,22,-91.34782139584422,7,-69.57571138441563
91GVHgxW8RA--2,zero,8,-17.815459545701742,3,-15.326762527227402
gXa0qcoWrsQ--7,zero,22,-114.77532359026372,9,-96.26102692447603
m3Mmtpr-jjA--42,zero,20,-91.64299600198865,6,-47.7189855389297
lcBujGRLwE0--29,zero,35,-146.5662089238176,13,-123.7135029459605
MYGqMojGwBE--205,zero,23,-75.02050000429153,7,-31.157324135303497
d5Lx_5-UiHY--22,zero,24,-84.79351851576939,7,-39.35288207279518
9b0136913690-89,zero,12,-45.630409240722656,2,-29.482190065085888
8E-llRXuhl0--5,zero,24,-114.03792267665267,6,-78.82040894776583
iGdg-iGlUFg--11,zero,18,-72.83660199632868,7,-59.955911779310554
jMdxYlvrkbk--9,zero,20,-97.26245100796223,8,-62.62040203809738
vbq8QbOwOt4--15,zero,11,-35.8681486165151,3,-20.204689502716064
m3Mmtpr-jjA--8,zero,10,-46.39239843189716,3,-30.83215832710266
o44YnPMhwPU--11,zero,10,-49.34792660176754,5,-30.953664109110832
o9DARfrZg2o--12,zero,12,-30.858952425420284,3,-26.000229008495808
rYcw__0tDhw--9,zero,20,-82.79791721701622,5,-60.52059578895569
eabe1f38221a-51,zero,10,-39.86262373626232,3,-28.895824432373047
HBQwzyxvkZA--116,zero,8,-32.28462517261505,3,-21.261485815048218
LvN9Dxq2iLY--139,zero,7,-27.384239830076694,2,-18.54291319847107
8w6k4jEJJlU--19,zero,24,-78.98777375929058,9,-37.765752440318465
Kq5HfchSWv8--7,zero,14,-40.07552308414597,4,-30.22527565632481
NDYHcIF50eE--2,zero,16,-52.99116798490286,4,-36.5928635597229
809a3a5e02d1-65,zero,8,-44.89683485031128,2,-14.918903350830078
AVb1VABiJJ8--18,zero,12,-60.57281909883022,7,-53.42738473415375
HBQwzyxvkZA--265,zero,16,-74.19802394136786,5,-36.32034572586417
ijrjSBx7WTc--59,zero,9,-23.635699523612857,3,-18.631485326215625
IjeHLt1vNoM--13,zero,20,-76.87931900471449,7,-44.11025480926037
BTqVQCBPUzg--122,zero,17,-97.29634185135365,5,-52.66810059547424
NaXDBBT5pkw--25,zero,27,-121.86862252093852,9,-66.44353473372757
4DhGy83DK_s--8,zero,9,-52.239145278930664,3,-31.62489676475525
zu_bd3r2GIA--29,zero,18,-84.85805178061128,5,-59.377806667238474
xFEQrtosric--19,zero,19,-84.01055752916727,6,-62.496617716387846
rYcw__0tDhw--11,zero,8,-39.63083201646805,3,-31.66056776046753
DP1ly_MsHHQ--25,zero,21,-110.34699960798025,7,-57.62599477916956
myIXH3PjvoI--106,zero,12,-55.051623651757836,4,-39.26988469995558
KI0avgGkWiU--25,zero,11,-49.32545243948698,4,-43.54578220844269
-hZpPIT6N4U_d,zero,17,-78.36035835370421,5,-47.56317960843444
myIXH3PjvoI--102,zero,14,-62.46851534722373,4,-38.8221090096049
MYGqMojGwBE--46,zero,16,-70.85464191436768,5,-33.02157664299011
3vCea9zWFek--10,zero,13,-37.81096649169922,2,-15.781797289848328
MYGqMojGwBE--172,zero,13,-56.638810604810715,3,-30.084216594696045
d5Lx_5-UiHY--100,zero,14,-60.06177394092083,3,-15.592338658869267
iwYL-ivQm6o--5,zero,15,-49.953867577016354,4,-32.05003574490547
Xmm9ZyMy12g--19,zero,24,-128.05717981420457,7,-104.19105969928205
hgaKby5Mha4--15,zero,20,-91.46583692729473,7,-57.49052466452122
MnCcM6PZrug--9,zero,15,-68.36620634631254,5,-42.34207960800268
bqE5C2tmc9c--9,zero,22,-71.91697210818529,9,-51.408879958093166
OEM3CR-HYmk--0,zero,21,-111.69434335827827,6,-107.13646358251572
faZQNy4aErk--82,zero,20,-108.4269595965743,9,-96.71389578282833
C-cgPb_N2dY--0,zero,24,-92.15952781704254,8,-57.96897310880013
AVb1VABiJJ8--10,zero,23,-83.49600194767118,10,-67.22288473695517
Lt5GAA6MIuM--1,zero,19,-97.11326252296567,8,-78.75672520697117
gp0w_zrLgfw--10,zero,12,-64.26424384862185,6,-45.02268052101135
eBj_HUu0CNw--29,zero,12,-44.75180935114622,4,-24.524927616119385
QiJgNpX3zN0--11,zero,21,-86.92880475521088,8,-67.79544954001904
faZQNy4aErk--32,zero,20,-69.13444362021983,5,-31.582341166213155
aDwdB7xHAOE--10,zero,17,-82.9636981934309,9,-68.8849525898695
YsuSHJ3klEs--7,zero,24,-87.83582070469856,8,-76.26387180387974
MYGqMojGwBE--217,zero,13,-48.0022993683815,6,-27.478560864925385
8DmlFztO2XM--0,zero,21,-75.46622411906719,5,-53.20848317630589
gp0w_zrLgfw--20,zero,28,-158.65804982744157,10,-116.71367954276502
MYGqMojGwBE--258,zero,15,-66.07789830677211,5,-36.35746364109218
40BjLI5XtJE--10,zero,22,-95.6695712916553,7,-56.14073584601283
fulQKWknVhw--12,zero,31,-124.47873721411452,7,-54.655397604219615
myIXH3PjvoI--122,zero,12,-54.0393363237381,4,-32.557621866464615
jMdxYlvrkbk--7,zero,22,-86.44202794134617,6,-65.29884988069534
-X_zmve1y00--14,zero,19,-114.58866066485643,8,-77.01420307159424
sktRu3sp97g--15,zero,16,-41.3540106639266,7,-29.44102916121483
7byz3fdI-Ss--16,zero,9,-17.276720080524683,4,-15.46444732323289
809a3a5e02d1-119,zero,11,-37.06793463975191,4,-21.845460414886475
Rc99bcSdhak--14,zero,8,-31.216633766889572,3,-16.710985720157623
v0g35qCOCwU--0,zero,25,-97.7270190268755,10,-66.87003449350595
N6jpL7uibFI_e2,zero,24,-75.98126690043136,6,-52.73466233117506
MYGqMojGwBE--282,zero,16,-46.940914154052734,6,-25.984890699386597
mjvqIq_fvRY--10,zero,25,-95.79504395835102,9,-78.77702208422124
lZarpnV0alw--12,zero,14,-74.52323193941265,2,-58.88993938360363
mXq8axygjdE--28,zero,32,-160.40059039741755,12,-115.02157139778137
IjeHLt1vNoM--3,zero,20,-88.66648104973137,8,-66.95467823930085
6_yO8Lc8Hd4--16,zero,21,-67.12686886452138,3,-22.600492356345057
HBQwzyxvkZA--237,zero,16,-71.89024923089892,7,-58.858455643989146
CRJSZ2e7BU0--8,zero,30,-121.7297223880887,10,-97.1949485167861
K4eNr2k2Lls--19,zero,14,-59.37632925063372,6,-34.43467953801155
U5Tq9r7saZU--19,zero,16,-64.24878293275833,5,-44.35180339962244
uYaUCNl1j10--3,zero,34,-101.39656759565696,11,-88.8774760174565
3gKelnCwuj8--0,zero,17,-53.64129146747291,6,-48.8498595636338
ZVE_KjrY_po--22,zero,21,-70.78031940665096,8,-61.81743051018566
i4j5Bj2NL1c--11,zero,28,-147.39047963172197,10,-114.98112756758928
9b0136913690-57,zero,20,-100.73227179050446,4,-80.02425402402878
wwpptVjgAws--10,zero,32,-152.71065121144056,11,-100.03344251215458
gp0w_zrLgfw--13,zero,28,-103.84507207619026,10,-73.3328384985216
HBQwzyxvkZA--129,zero,15,-52.232219172641635,6,-41.21883224323392
fqJW-F3WIYc--0,zero,21,-69.43107173964381,8,-55.82645432278514
xnY08sy7Sqk--6,zero,13,-53.706745371222496,4,-47.67682111263275
maCRL8WG0GQ--3,zero,10,-55.33231163024902,5,-26.66038942337036
xnY08sy7Sqk--3,zero,25,-114.58116756565869,9,-89.22357164509594
AVb1VABiJJ8--13,zero,16,-78.73897771304473,7,-71.50964320963249
HBQwzyxvkZA--331,zero,16,-48.42960691079497,4,-38.255641367286444
HBQwzyxvkZA--79,zero,24,-97.1978851556778,8,-61.56220079213381
0bk98uIiTS8--18,zero,15,-55.09241382777691,5,-41.1054025888443
OJxSniCPUpI--2,zero,15,-53.543432623147964,6,-49.438069343566895
m-w_78fDg9M--11,zero,28,-141.53706160467118,9,-95.36202469747514
mDUCHJerTtE--9,zero,14,-64.16240176558495,4,-37.910255789756775
BTqVQCBPUzg--94,zero,8,-41.31325364112854,2,-22.466715812683105
CAzt5cxtSjQ--13,zero,23,-119.14992605149746,11,-82.51827432215214
8DmlFztO2XM--1,zero,27,-114.73302949313074,10,-82.76395190600306
ZVE_KjrY_po--4,zero,16,-65.20447565987706,4,-50.058280069381
9b0136913690-78,zero,20,-98.79144983738661,7,-54.869550466537476
5n_IGU5rYYk--24,zero,29,-151.18715510889888,11,-75.38549328967929
HBQwzyxvkZA--131,zero,18,-81.32561303675175,4,-71.3643364906311
lZarpnV0alw--2,zero,21,-109.57091531343758,7,-89.1424592975527
6_yO8Lc8Hd4--5,zero,25,-96.00977264344692,8,-56.20770945772529
u7wx4rUBg_k--5,zero,22,-104.34931658115238,7,-71.00820384826511
w_xCnJVyPYA_e1,zero,17,-70.63048575259745,5,-57.30920706130564
BTqVQCBPUzg--105,zero,15,-49.89810407720506,5,-36.69871084205806
d5Lx_5-UiHY--111,zero,11,-66.91658520698547,2,-25.491452932357788
HBQwzyxvkZA--330,zero,33,-124.43847456481308,10,-80.08797941636294
lcBujGRLwE0--38,zero,31,-110.77288291789591,9,-99.52224479056895
oPITLi0VKh8--1,zero,19,-70.55889130756259,7,-50.59831025078893
s_8IbRRsr0Q--0,zero,35,-153.98917561024427,9,-90.89897429198027
lZarpnV0alw--11,zero,18,-58.625184163451195,5,-29.737501673400402
NDYHcIF50eE--19,zero,9,-24.419707641005516,2,-12.788229390978813
fqJW-F3WIYc--5,zero,25,-98.09864805429243,8,-88.46528751938604
yb7efY9x78U--0,zero,33,-141.13802978489548,9,-74.2105079004541
fYxijWb0b_s--28,zero,16,-86.83574278652668,6,-78.84161841869354
HBQwzyxvkZA--140,zero,19,-87.14095066301525,6,-81.26743791624904
ojYFIliNLGI--2,zero,22,-104.49634791910648,11,-79.91502599418163
q4RnudGCU18--15,zero,20,-105.94248734042048,5,-78.56769905611873
xnY08sy7Sqk--12,zero,15,-69.20656912773848,5,-60.505195297300816
Zc2bgIDZ-Ks--57,zero,9,-22.732497110962868,4,-16.073715209960938
QiGhWfjM2FI--18,zero,23,-94.91457177698612,7,-59.21053168922663
nvfK4jQ7MH0--7,zero,16,-84.47703986614943,7,-62.10708439350128
OJxSniCPUpI--19,zero,17,-61.251215636730194,9,-47.70577163994312
mDUCHJerTtE--0,zero,14,-38.91475826501846,5,-27.16663602553308
dPuKX_lM4Zc--114,zero,8,-30.25423628091812,3,-25.940717816352844
pMbMjjSj1fM--24,zero,24,-149.2869264855981,5,-134.4710020646453
AZ2s4Adm9RU--25,zero,15,-60.58379791676998,5,-33.1413970887661
KmW8f1GVTYY--45,zero,20,-84.32923329528421,8,-80.58020516391844
faZQNy4aErk--59,zero,21,-84.36186420172453,6,-66.68637201935053
HBQwzyxvkZA--69,zero,20,-109.29250168800354,8,-68.42930173873901
9b0136913690-9,zero,11,-36.88273146003485,5,-30.767094135284424
ef52bca1a454-70,zero,8,-40.93366160988808,3,-30.476981163024902
wUH1dDbu9B4--3,zero,26,-158.84208508580923,6,-150.66318972408772
nvfK4jQ7MH0--1,zero,20,-30.56169513054192,4,-7.474925430491567
HBQwzyxvkZA--229,zero,17,-42.68222063034773,7,-32.85687165334821
HBQwzyxvkZA--76,zero,16,-59.33610263466835,5,-33.55923181772232
1xJ_dkBcAIU--6,zero,16,-105.08463476225734,7,-88.12414644286036
vyBaeFU8J_k--0,zero,13,-76.69991391897202,4,-63.04443162679672
lSLqIyupXrk--15,zero,15,-58.671867571771145,6,-44.96275508403778
HBQwzyxvkZA--280,zero,17,-93.13825623318553,6,-73.83264470100403
0bk98uIiTS8--29,zero,22,-82.36969199217856,6,-45.51900195516646
faZQNy4aErk--43,zero,41,-176.74280359351542,13,-142.92266035021748
XcXCB---N9M--37,zero,23,-98.59459060616791,7,-64.42279442586005
LvN9Dxq2iLY--137,zero,11,-39.58928529173136,4,-31.599266655743122
_r1S90f_nsM--6,zero,17,-74.39347504451871,6,-41.08965050056577
8E-llRXuhl0--17,zero,20,-86.10276163578965,7,-59.517229499528185
ijrjSBx7WTc--68,zero,8,-31.760268598794937,3,-17.342194437980652
4DhGy83DK_s--26,zero,15,-58.5600370131433,4,-30.117858981713653
oPITLi0VKh8--17,zero,21,-104.24452379345894,6,-66.65438893437386
bOZ_Lap5FNA--17,zero,22,-88.1979157505557,8,-66.61533436458558
4DhGy83DK_s--3,zero,15,-63.181954484432936,4,-45.570254635065794
ZCBew8Fv0qA--22,zero,42,-208.27318470925093,12,-152.99410400539637
klepEQSaeIk--12,zero,16,-45.43527142656967,4,-19.738132833968848
lZarpnV0alw--9,zero,10,-54.172774370759726,5,-51.87808447703719
o9DARfrZg2o--6,zero,15,-57.8227574378252,3,-44.48867106437683
o9DARfrZg2o--3,zero,18,-79.2757243514061,5,-56.45490217208862
AVb1VABiJJ8--8,zero,8,-44.761478032916784,3,-26.243308153003454
ijrjSBx7WTc--42,zero,8,-43.04465961456299,2,-19.673192977905273
kES_ZNjFKz8--10,zero,17,-68.13900306075811,7,-52.53744322061539
ckGC5hUffDU--13,zero,9,-46.80851808190346,3,-32.01873031258583
fqJW-F3WIYc--16,zero,43,-183.68136371672153,13,-147.49402069300413
8E-llRXuhl0--21,zero,20,-107.63190396502614,9,-85.4970761872828
MYGqMojGwBE--277,zero,15,-83.54111069440842,6,-46.68033677339554
myIXH3PjvoI--48,zero,17,-68.26975956186652,3,-25.948207180947065
KHL0wkbu0-s--4,zero,16,-80.77084941416979,6,-47.78659526258707
jC6VuHNpTLM--8,zero,28,-80.38763723603915,10,-67.2032532779267
myIXH3PjvoI--52,zero,12,-40.3801767192781,3,-30.31357430294156
C-cgPb_N2dY--7,zero,18,-89.82723723351955,7,-73.84407117962837
myIXH3PjvoI--92,zero,13,-45.19201849400997,5,-26.654283545911312
6_yO8Lc8Hd4--11,zero,26,-100.455599820707,8,-69.66754939267412
o44YnPMhwPU--26,zero,23,-106.08243099600077,9,-86.19274777173996
XcXCB---N9M--40,zero,28,-136.23928072303534,9,-82.6474676579237
HBQwzyxvkZA--326,zero,28,-151.2538043987006,9,-87.81239357590675
dkavvNigK7s--3,zero,16,-65.77709030732512,6,-53.084473956376314
LvN9Dxq2iLY--9,zero,14,-52.38298945128918,4,-36.889846712350845
QiJgNpX3zN0--2,zero,13,-50.14416015893221,3,-22.943114414811134
KI0avgGkWiU--14,zero,21,-78.19190351106226,9,-61.95070278085768
48couwymlMM--0,zero,21,-80.59858608432114,6,-72.27584420330822
XcXCB---N9M--25,zero,18,-95.94210972171277,7,-65.48103745561093
myIXH3PjvoI--39,zero,16,-64.31968020647764,5,-43.516206324100494
nvfK4jQ7MH0--26,zero,12,-27.216894760727882,3,-20.11716218292713
MYGqMojGwBE--103,zero,15,-57.745169281959534,5,-30.989879965782166
LvN9Dxq2iLY--24,zero,11,-58.58799144625664,3,-35.43651533126831
Sqa3ig2NN9Q--13,zero,17,-50.36788525432348,6,-38.16757233440876
809a3a5e02d1-86,zero,8,-50.05841439962387,2,-22.876730620861053
MYGqMojGwBE--62,zero,15,-42.659767381846905,4,-29.2845626398921
pMbMjjSj1fM--16,zero,23,-95.51415262767114,11,-81.8255644554738
mXq8axygjdE--66,zero,18,-40.299458760768175,4,-33.58101191744208
vbq8QbOwOt4--17,zero,20,-90.85456982627511,5,-70.31862754002213
dPuKX_lM4Zc--110,zero,27,-135.45400522532873,11,-110.38459825515747
eabe1f38221a-52,zero,15,-98.69971460103989,6,-71.8742744922638
LvN9Dxq2iLY--210,zero,18,-73.70771588012576,5,-51.264669459313154
0bk98uIiTS8--42,zero,22,-115.48038714006543,10,-86.60869065672159
faZQNy4aErk--40,zero,17,-66.68955807387829,7,-54.6665608137846
Kq5HfchSWv8--2,zero,9,-32.185886135324836,4,-23.44508370757103
ZMsnY_khlNQ--5,zero,21,-120.8168292529881,7,-107.32121680304408
80Cx4CH-AVI--4,zero,22,-106.56340776756406,8,-88.88618494197726
HBQwzyxvkZA--283,zero,23,-109.76641663908958,10,-79.58155743777752
Nv3WLYio7Lc--1,zero,20,-106.08837414905429,5,-97.63580440357327
KHL0wkbu0-s--24,zero,18,-40.42693255841732,9,-27.791160598397255
BO1ehFUMWEs--21,zero,27,-170.300550468266,9,-143.40200555324554
QXsIVtanWdw--8,zero,16,-73.15117554366589,5,-48.3134810179472
jN2lbHzIneI--10,zero,16,-51.602295910939574,5,-30.959703287109733
_IyhoG9jXuM--10,zero,11,-55.95419434085488,4,-51.81381371989846
Kq5HfchSWv8--23,zero,17,-66.0664739604108,7,-43.804841354023665
LvN9Dxq2iLY--61,zero,18,-104.43320880876854,7,-78.13956834422424
T-5au9lZhYI--9,zero,11,-33.15630977600813,4,-28.33696047216654
mXq8axygjdE--81,zero,19,-51.81027766875923,6,-34.51033126376569
HBQwzyxvkZA--213,zero,23,-62.96495505212806,8,-48.65732895373367
fYxijWb0b_s--23,zero,9,-30.502581357955933,3,-14.43666160106659
a8zp7ivHwBU--8,zero,15,-58.79528742283583,7,-41.22951492667198
xnY08sy7Sqk--19,zero,14,-56.24974696524441,5,-44.080886006355286
9bqfEh7BD3c--14,zero,7,-32.95878344774246,3,-16.945982933044434
Zc2bgIDZ-Ks--48,zero,8,-34.2509423494339,3,-24.824654400348663
ZCBew8Fv0qA--4,zero,15,-72.49172522872686,5,-37.46249771118164
VwsRPJN7txM--8,zero,18,-96.52104433625937,9,-69.95204818248749
W4YzurwHpfw--17,zero,17,-75.27476623747498,8,-64.46516944561154
HBQwzyxvkZA--120,zero,11,-49.58534182049334,5,-38.25996545702219
T-5au9lZhYI--6,zero,14,-55.67777195572853,6,-41.500374138355255
5QMD024bDYs--23,zero,16,-72.5742712020874,7,-48.80818545818329
AVb1VABiJJ8--22,zero,20,-91.32595624774694,10,-77.43541276454926
QiJgNpX3zN0--9,zero,18,-88.68182158470154,7,-62.51421499252319
nXA9Qpj2z7E--16,zero,20,-108.97467598319054,6,-101.87883806228638
kytITkHoyls--2,zero,10,-49.12655833363533,3,-22.627181068062782
KmW8f1GVTYY--42,zero,23,-115.03490682691336,8,-79.1339984536171
m3Mmtpr-jjA--9,zero,19,-63.30332797020674,6,-46.86016444116831
o44YnPMhwPU--42,zero,11,-31.66508759558201,3,-17.046008378267288
BTqVQCBPUzg--96,zero,11,-77.4668083935976,4,-58.96454530954361
uYaUCNl1j10--0,zero,26,-95.21195640414953,10,-70.08472734689713
oAhfJ8yB1j0--1,zero,15,-73.0877692848444,4,-62.69608962535858
yb7efY9x78U--4,zero,15,-52.829033605754375,5,-35.36473125964403
K4eNr2k2Lls--29,zero,23,-74.70470089931041,6,-47.525262986309826
faZQNy4aErk--7,zero,16,-67.08282932639122,4,-32.700915455818176
XcXCB---N9M--14,zero,23,-88.51552543696016,7,-63.85887578036636
NaXDBBT5pkw--0,zero,20,-95.57431368157268,5,-64.65823535248637
rZG7T9ujMEo--3,zero,9,-28.302928030490875,2,-9.140074014663696
0bk98uIiTS8--24,zero,27,-115.81412414088845,8,-56.973476219922304
jN2lbHzIneI--8,zero,29,-121.19743414781988,11,-103.2987383659929
wSEeoT9BqE0--16,zero,27,-133.6108770701103,13,-99.43967789411545
wwpptVjgAws--2,zero,13,-33.03882239386439,4,-9.726411487907171
xnY08sy7Sqk--15,zero,9,-35.363442689180374,3,-19.18614149093628
eyqLkKS5Qkw--22,zero,16,-55.98992286622524,7,-44.61559619009495
Sqa3ig2NN9Q--1,zero,18,-110.00527386413887,5,-74.72788028465584
eabe1f38221a-65,zero,14,-56.023593947291374,4,-20.1268208026886
ozS8Mx8AdH8--2,zero,24,-96.90725772082806,10,-78.15301644057035
rZG7T9ujMEo--5,zero,24,-109.00333067495376,8,-73.74301381129771
cw1YIV30nQM--2,zero,10,-61.72207257151604,4,-48.257153272628784
MnCcM6PZrug--6,zero,39,-154.6285201534629,13,-124.3172260671854
MnCcM6PZrug--4,zero,23,-80.77069987449795,9,-66.08475988451391
K4eNr2k2Lls--16,zero,15,-65.45219229906797,10,-64.13992319256067
W4YzurwHpfw--14,zero,13,-55.95268122013658,4,-49.712720579467714
UBnqDwRds3A--18,zero,23,-107.75445213913918,10,-94.004677914083
ZVE_KjrY_po--12,zero,19,-62.928250670433044,7,-34.99220146983862
IjeHLt1vNoM--6,zero,29,-135.9666908606887,11,-108.80869640409946
BESRE5mtipE--14,zero,11,-41.77108517289162,5,-28.053617917001247
9xc24mAlprE--12,zero,9,-36.67407184839249,5,-25.8803703635931
6U9AFGakrn0--1,zero,15,-63.60119520872831,5,-49.956578731536865
Lt5GAA6MIuM--14,zero,12,-45.21107377484441,5,-32.72834784165025
Zc2bgIDZ-Ks--76,zero,17,-47.876826263964176,3,-24.47869047895074
XcXCB---N9M--24,zero,17,-100.63381610065699,5,-72.23429971933365
9xc24mAlprE--9,zero,19,-61.917893439531326,6,-46.823121681809425
BESRE5mtipE--17,zero,20,-73.64633755385876,10,-58.67331789433956
MYGqMojGwBE--32,zero,14,-55.0524493008852,4,-47.27879433333874
Zc2bgIDZ-Ks--58,zero,37,-128.66582053899765,11,-77.49479995667934
zu_bd3r2GIA--5,zero,25,-105.28017557412386,4,-47.82217025756836
mjvqIq_fvRY--1,zero,18,-59.45382942631841,6,-46.365714240819216
NaXDBBT5pkw--1,zero,7,-21.968353966251016,2,-2.6409287247806787
vyBaeFU8J_k--15,zero,28,-125.91216799523681,8,-107.43631113227457
vyBaeFU8J_k--21,zero,19,-73.07110424339771,8,-60.02953823655844
3Pk2c_Z4ahk--14,zero,12,-54.40357623435557,5,-39.35414672084153
ZVE_KjrY_po--23,zero,11,-48.9305085465312,3,-23.0705007314682
Lt5GAA6MIuM--11,zero,34,-151.28640498407185,15,-129.45484397746623
lPzmjeJmsXo--40,zero,12,-37.648256093263626,7,-23.45166277885437
lPzmjeJmsXo--11,zero,17,-91.69794395193458,6,-65.54281347617507
91GVHgxW8RA--18,zero,25,-105.94992460566573,8,-99.22557740914635
rZG7T9ujMEo--19,zero,21,-104.90957350283861,8,-76.20864224433899
36YV-IPiUXM--11,zero,31,-155.0011757388711,10,-134.5166278630495
Zc2bgIDZ-Ks--23,zero,30,-93.73359453678131,11,-71.45055447518826
3gKelnCwuj8--9,zero,17,-72.178516253829,8,-65.0446617975831
BTqVQCBPUzg--53,zero,11,-66.62637123465538,5,-53.52409243583679
MYGqMojGwBE--86,zero,16,-68.57601471524686,6,-51.54264799039811
R6_v5nqXuGg--0,zero,23,-83.27824510727078,13,-83.11613649223
lZarpnV0alw--4,zero,20,-117.28510443493724,6,-103.41886165365577
0kldzhToGLc--0,zero,21,-97.82706138154026,6,-83.26100513001438
Sqa3ig2NN9Q--8,zero,16,-48.356016397476196,4,-31.00676953792572
Rblg5TE6TI0--29,zero,28,-129.18529414385557,10,-87.10037388652563
nvfK4jQ7MH0--8,zero,21,-109.73912129551172,10,-88.914441421628
fYxijWb0b_s--18,zero,15,-77.64479830861092,5,-57.367066621780396
HBQwzyxvkZA--267,zero,7,-44.1136212348938,2,-18.248735904693604
gp0w_zrLgfw--7,zero,29,-135.6126827634871,11,-87.85546823963523
3Pk2c_Z4ahk--20,zero,27,-120.69966388773173,8,-102.83659382443875
Zc2bgIDZ-Ks--39,zero,22,-78.95943284779787,7,-52.078930117189884
ZCBew8Fv0qA--7,zero,16,-88.64606833457947,4,-71.99569928646088
MYGqMojGwBE--26,zero,34,-166.99404599703848,7,-140.09967282414436
MYGqMojGwBE--36,zero,10,-50.61999845504761,4,-33.73916530609131
36YV-IPiUXM--17,zero,53,-257.4599860832095,14,-227.19124760478735
pMbMjjSj1fM--4,zero,18,-77.06756986863911,6,-70.77666461467743
809a3a5e02d1-27,zero,22,-120.70510856062174,6,-55.388872407376766
9xc24mAlprE--25,zero,14,-78.83399066329002,6,-60.74179553985596
0kldzhToGLc--9,zero,22,-78.39539710432291,9,-57.73021913319826
aDwdB7xHAOE--13,zero,17,-53.80948119284585,6,-40.08904478373006
wUH1dDbu9B4--18,zero,17,-91.03329345583916,7,-45.65497907996178
BO1ehFUMWEs--29,zero,34,-161.23441699147224,8,-111.55471859127283
mXq8axygjdE--48,zero,20,-82.49411123991013,7,-77.31298446655273
VwsRPJN7txM--7,zero,11,-46.543912892462686,5,-42.62062567961402
ZMsnY_khlNQ--6,zero,15,-71.55714371055365,6,-52.39667645096779
KHL0wkbu0-s--21,zero,12,-53.863897271454334,5,-33.83264774084091
mjvqIq_fvRY--15,zero,9,-41.59404934942722,5,-33.35840916633606
o44YnPMhwPU--6,zero,9,-52.8107535392046,4,-43.00395584106445
s_8IbRRsr0Q--11,zero,38,-154.3131899740547,11,-126.19826573692262
ZMsnY_khlNQ--4,zero,19,-70.33514492958784,8,-59.636089347302914
9b0136913690-50,zero,20,-83.96867388486862,6,-43.969243839383125
5QMD024bDYs--4,zero,19,-86.41939552873373,6,-54.51407212764025
MYGqMojGwBE--19,zero,10,-56.85691240429878,5,-52.49200204014778
UBnqDwRds3A--16,zero,21,-122.53421068191528,8,-67.28314697742462
q4RnudGCU18--23,zero,24,-90.47135953605175,8,-58.709077686071396
vyBaeFU8J_k--3,zero,14,-75.13856793940067,6,-48.74046742916107
jN2lbHzIneI--15,zero,23,-83.09721382148564,8,-54.89037746377289
W4YzurwHpfw--5,zero,13,-64.51013641059399,5,-51.903527557849884
3vCea9zWFek--3,zero,17,-71.30486718192697,5,-40.99903332814574
wwpptVjgAws--15,zero,47,-229.21268861321732,13,-190.86420553503558
DF4fto_X1Y4--13,zero,12,-46.987804502248764,4,-19.496776580810547
fulQKWknVhw--1,zero,21,-70.40219295956194,8,-57.542743461206555
hgaKby5Mha4--34,zero,21,-105.6657807379961,7,-82.78814995288849
48couwymlMM--15,zero,23,-81.00762080214918,7,-52.53602082841098
i4j5Bj2NL1c--3,zero,24,-107.84453271329403,11,-88.7962086647749
cw1YIV30nQM--6,zero,17,-85.96423237770796,7,-58.637919545173645
fqJW-F3WIYc--8,zero,12,-47.77621765434742,5,-36.85358290374279
HBQwzyxvkZA--316,zero,15,-61.66977187991142,6,-46.046204291284084
LvN9Dxq2iLY--200,zero,12,-69.45009803213179,5,-55.471679324284196
6MxCP_583q8_e4,zero,9,-51.336513644084334,4,-42.062586000189185
HBQwzyxvkZA--57,zero,21,-96.26823640894145,7,-66.61362486612052
yb7efY9x78U--15,zero,23,-100.18703480996192,7,-73.94312836229801
l9bZYazJQ1w--2,zero,9,-32.665776543319225,4,-25.32728859782219
3gKelnCwuj8--16,zero,16,-77.62351961061358,7,-62.79455441236496
lSLqIyupXrk--7,zero,11,-43.01235596090555,4,-30.110098004341125
HBQwzyxvkZA--230,zero,15,-57.4628419727087,5,-31.882211685180664
q4RnudGCU18--11,zero,10,-55.42538468539715,4,-39.34657841920853
AZ2s4Adm9RU--9,zero,14,-63.92451527714729,5,-39.367497742176056
MYGqMojGwBE--95,zero,18,-68.34068379178643,9,-55.60825154930353
17OIKvJmrK8--11,zero,28,-119.90324110165238,9,-117.04406839981675
HBQwzyxvkZA--146,zero,20,-87.37086940184236,7,-69.37668043375015
HBQwzyxvkZA--77,zero,10,-39.991264037787914,3,-17.283854961395264
MYGqMojGwBE--235,zero,8,-40.53526842594147,3,-24.858646869659424
JqYder5vRP4--0,zero,11,-38.151431571808644,5,-30.55915811297018
eyqLkKS5Qkw--3,zero,16,-88.07414461672306,8,-74.93800401687622
48couwymlMM--24,zero,12,-41.814542196691036,5,-33.59700434654951
iGdg-iGlUFg--12,zero,19,-95.34426456224173,4,-66.1171087725088
K5lgB4YzOO0--4,zero,27,-136.70145416259766,9,-118.46558314561844
m3Mmtpr-jjA--34,zero,16,-61.96183855831623,9,-56.475822284817696
HBQwzyxvkZA--303,zero,16,-83.00166514888406,3,-61.79062116146088
Rblg5TE6TI0--19,zero,23,-137.75585747510195,12,-108.6726716607809
tDrI-9pSul0--6,zero,21,-102.71503780782223,9,-89.69426821172237
6_yO8Lc8Hd4--19,zero,11,-38.520126432180405,3,-16.934256076812744
faZQNy4aErk--51,zero,22,-110.76595370471478,8,-55.07958805561066
d5Lx_5-UiHY--85,zero,25,-114.05620780959725,10,-76.4727373085916
lSLqIyupXrk--2,zero,12,-42.35696291923523,6,-32.758331060409546
sktRu3sp97g--3,zero,15,-62.114326387643814,3,-22.68234348297119
MnCcM6PZrug--19,zero,36,-140.971141949296,11,-99.2874663695693
DP1ly_MsHHQ--2,zero,20,-86.75995914638042,8,-51.660465858876705
mXq8axygjdE--65,zero,15,-62.389348182827234,5,-39.555153016000986
Rblg5TE6TI0--32,zero,12,-48.31967353075743,4,-35.858154229819775
4vfboqjtAXo_e3,zero,14,-63.08100138232112,4,-48.21864340826869
HBQwzyxvkZA--313,zero,21,-92.51564463227987,5,-71.912424325943
vyBaeFU8J_k--5,zero,33,-139.4883427619934,8,-91.33185140788555
5QMD024bDYs--5,zero,15,-58.33265025541186,5,-37.199691001325846
3gKelnCwuj8--7,zero,16,-44.27191103808582,6,-33.3151237051934
ef52bca1a454-78,zero,16,-54.40326853841543,5,-36.14420077949762
4DhGy83DK_s--17,zero,28,-83.69200707867276,8,-52.79731380648445
mXq8axygjdE--64,zero,14,-65.3857642263174,5,-40.43929164111614
yAAWlkm-_KA--8,zero,24,-103.43393755704165,10,-64.70778128504753
BTqVQCBPUzg--81,zero,16,-75.29729299992323,7,-71.29891234636307
R6_v5nqXuGg--12,zero,22,-69.87778039462864,6,-42.94201083667576
iwYL-ivQm6o--7,zero,17,-70.3172206596937,6,-56.057884784182534
pMbMjjSj1fM--18,zero,14,-43.55504646990448,6,-40.0794682437554
aDwdB7xHAOE--2,zero,19,-72.71041671186686,4,-27.00376722216606
HBQwzyxvkZA--41,zero,15,-61.808387361466885,4,-41.131377689540386
LvN9Dxq2iLY--174,zero,20,-114.29319547116756,6,-102.19917848706245
faZQNy4aErk--55,zero,14,-57.89656589180231,7,-48.83451175689697
uY7i-Y8gxn8--5,zero,22,-105.96556810289621,6,-90.8023793771863
faZQNy4aErk--31,zero,18,-72.3542548045516,8,-46.692694544792175
HBQwzyxvkZA--130,zero,26,-104.93980330228806,8,-86.86980225890875
5QMD024bDYs--16,zero,22,-87.92932909075171,8,-69.20866710785776
0bk98uIiTS8--41,zero,27,-111.95183733385056,11,-89.44768816512078
Kq5HfchSWv8--27,zero,18,-78.87842985522002,4,-58.40890310239047
kES_ZNjFKz8--15,zero,18,-88.20940315723419,4,-82.58992874622345
vZt56rnH8QQ--0,zero,16,-80.92850317060947,9,-58.71141842007637
n12WICGyBJ4--35,zero,15,-79.22874036431313,6,-61.896594136953354
MYGqMojGwBE--122,zero,10,-49.11371469497681,3,-29.76804208755493
lcBujGRLwE0--8,zero,29,-131.12650597840548,9,-81.5575410425663
ckGC5hUffDU--8,zero,18,-118.25291917845607,5,-102.6636731736362
jN2lbHzIneI--11,zero,38,-143.75248138140887,12,-112.99355817120522
MYGqMojGwBE--284,zero,16,-54.85520684719086,6,-31.00972878932953
aDwdB7xHAOE--6,zero,27,-131.4050224442035,9,-90.91046196967363
g4GfKC7z-2M--22,zero,19,-93.82502160966396,4,-69.241663813591
XcXCB---N9M--6,zero,12,-34.38496476225555,5,-29.580917477607727
zu_bd3r2GIA--8,zero,16,-51.08545584836975,5,-30.26643025735393
u7wx4rUBg_k--8,zero,19,-96.82662937790155,9,-62.84325456619263
-X_zmve1y00--11,zero,14,-43.61613807082176,4,-20.068324208259583
DP1ly_MsHHQ--27,zero,34,-96.8682997142896,9,-71.73470262344927
MYGqMojGwBE--163,zero,13,-49.38630322739482,3,-28.913719695061445
HBQwzyxvkZA--191,zero,10,-35.528819903731346,3,-29.73566770553589
8E-llRXuhl0--14,zero,25,-107.02207067701966,8,-73.83704626653343
LvN9Dxq2iLY--130,zero,11,-48.50670376420021,4,-30.481666564941406
lcBujGRLwE0--12,zero,25,-114.28778919391334,8,-104.79703666083515
809a3a5e02d1-35,zero,17,-90.1731826364994,8,-70.75637292861938
myIXH3PjvoI--5,zero,25,-103.35576897859573,9,-75.24143890291452
ZCBew8Fv0qA--14,zero,15,-63.152059495449066,4,-35.31699675321579
jC6VuHNpTLM--22,zero,19,-85.96676963195205,6,-71.95502670109272
MYGqMojGwBE--241,zero,27,-102.79986950010061,6,-62.54567012190819
m-w_78fDg9M--7,zero,22,-109.84029053803533,7,-59.42363332118839
0kldzhToGLc--16,zero,15,-67.23588438332081,7,-45.20156416296959
vbq8QbOwOt4--0,zero,25,-134.97837190330029,13,-97.42381796240807
8w6k4jEJJlU--3,zero,11,-64.05774203129113,5,-55.18608418293297
eGkBCS1t9-E--16,zero,24,-103.18632185459137,8,-86.00851693749428
Rblg5TE6TI0--33,zero,26,-112.21116126701236,11,-90.88113350048661
0Z5d6D2vBbc--3,zero,12,-37.335216626524925,4,-29.149315483868122
ijrjSBx7WTc--53,zero,21,-74.97978653013706,5,-58.33058808743954
HBQwzyxvkZA--169,zero,17,-74.92728850245476,7,-60.699401408433914
LvN9Dxq2iLY--104,zero,7,-30.473675847053528,4,-25.640745639801025
vZt56rnH8QQ--9,zero,15,-61.34807565063238,7,-46.7833456993103
UBnqDwRds3A--12,zero,9,-56.627643056213856,2,-18.802773475646973
w_xCnJVyPYA_e3,zero,13,-43.01308812573552,3,-18.784379798918962
BESRE5mtipE--10,zero,14,-44.034701087512076,5,-20.24871299508959
eBj_HUu0CNw--7,zero,17,-54.158081989735365,6,-35.92860187962651
mXq8axygjdE--8,zero,9,-61.20557075738907,3,-44.66172122955322
jC6VuHNpTLM--10,zero,19,-101.98438762128353,8,-78.6027021408081
Rc99bcSdhak--15,zero,23,-95.11331521905959,8,-65.01096905209124
ef52bca1a454-75,zero,9,-42.48603042960167,5,-39.04816019535065
vbq8QbOwOt4--13,zero,23,-60.23592822160572,7,-59.6861887415871
vbq8QbOwOt4--5,zero,25,-105.77232459187508,5,-77.4751390516758
UBnqDwRds3A--15,zero,19,-114.05100949853659,6,-76.4400634765625
2B2z46vgaAA--19,zero,14,-54.5441416092217,5,-36.81275423243642
xnY08sy7Sqk--22,zero,21,-121.97246666997671,7,-108.66994675248861
lAFiWmUUHOg--15,zero,15,-77.20360129512846,5,-44.69079893268645
MYGqMojGwBE--65,zero,13,-33.92842821031809,6,-31.78453677147627
zu_bd3r2GIA--12,zero,17,-68.29418385028839,4,-47.525550708174706
9b0136913690-90,zero,15,-67.0515606738627,4,-41.02454471215606
fqJW-F3WIYc--18,zero,21,-108.93049707822502,9,-83.1900552790612
jLwvQ4URDFY--16,zero,9,-33.294606970623136,3,-17.84343414194882
BO1ehFUMWEs--37,zero,12,-45.995066456496716,3,-29.398306012153625
fYxijWb0b_s--5,zero,12,-45.20880037546158,4,-43.64548546075821
6_yO8Lc8Hd4--3,zero,36,-177.59725089371204,14,-138.42559018731117
17OIKvJmrK8--7,zero,16,-89.21521532535553,7,-56.13115966320038
iGdg-iGlUFg--7,zero,20,-61.597187258303165,8,-44.919743217527866
ZMsnY_khlNQ--11,zero,29,-102.7700855396688,8,-88.1124653853476
-X_zmve1y00--9,zero,17,-80.39324920624495,6,-52.062953762710094
fqJW-F3WIYc--11,zero,28,-90.73969469964504,7,-61.07636433467269
Lt5GAA6MIuM--27,zero,21,-93.76800038665533,7,-61.90758761763573
tDrI-9pSul0--9,zero,24,-92.42078778147697,8,-79.89899888634682
maCRL8WG0GQ--9,zero,18,-76.20275826379657,8,-52.81231343746185
HBQwzyxvkZA--179,zero,13,-48.6575066447258,4,-30.181766092777252
C6CIPVno_yQ--10,zero,22,-104.17353542894125,7,-54.488623440265656
dkavvNigK7s--13,zero,29,-131.2239396944642,12,-104.97301575541496
9bqfEh7BD3c--2,zero,27,-127.7581002023071,9,-91.5522425826639
spDHZsNp4RA_d,zero,22,-128.04375836253166,8,-112.29900699853897
KI0avgGkWiU--9,zero,23,-64.6890940964222,6,-49.74812489748001
jLwvQ4URDFY--27,zero,36,-160.6783961947076,10,-121.2157222176902
BO1ehFUMWEs--30,zero,37,-212.5588959082961,11,-139.716291770339
lPzmjeJmsXo--31,zero,21,-95.50768422707915,7,-65.09482131153345
vyBaeFU8J_k--8,zero,11,-39.37293777614832,4,-23.338514521718025
BESRE5mtipE--19,zero,21,-73.24676780682057,8,-47.735732103697956
NDYHcIF50eE--0,zero,33,-114.5958757661283,15,-84.12961552664638
MYGqMojGwBE--109,zero,20,-121.99098966270685,9,-110.39078924804926
9b0136913690-8,zero,17,-57.76641954109073,4,-46.27023969218135
_T-35xhqSkE--11,zero,17,-80.93143004458398,3,-64.82610628288239
myIXH3PjvoI--37,zero,11,-41.7766681490466,3,-29.05222340207547
ozS8Mx8AdH8--13,zero,21,-88.47637200914323,6,-66.91891417466104
NDYHcIF50eE--3,zero,26,-92.29757888242602,12,-79.60326646268368
809a3a5e02d1-19,zero,16,-72.14989794045687,7,-49.55775833129883
rYcw__0tDhw--17,zero,21,-69.36997462064028,4,-25.621918350458145
HBQwzyxvkZA--311,zero,16,-47.92382039129734,4,-37.86079062521458
HBQwzyxvkZA--236,zero,14,-58.182884588837624,3,-37.750725507736206
wUH1dDbu9B4--29,zero,18,-76.6688184440136,8,-65.55004592239857
l9bZYazJQ1w--18,zero,23,-103.30209133960307,6,-69.17684698291123
faZQNy4aErk--76,zero,28,-73.38613022421487,6,-51.9681408808101
dkavvNigK7s--14,zero,17,-72.24885485135019,6,-46.73429243825376
YsuSHJ3klEs--14,zero,17,-54.74913628399372,6,-27.752740174531937
MYGqMojGwBE--38,zero,21,-91.35438249539584,6,-54.129202547483146
dPuKX_lM4Zc--107,zero,12,-48.59273838996887,3,-35.83275640010834
OJxSniCPUpI--9,zero,17,-55.948231644928455,4,-50.955084547400475
CRJSZ2e7BU0--10,zero,17,-66.27869603037834,7,-45.426588632166386
MYGqMojGwBE--128,zero,16,-61.975609198212624,5,-31.46463108062744
myIXH3PjvoI--47,zero,18,-76.52030765265226,4,-60.59769781678915
cw1YIV30nQM--22,zero,17,-69.77908019348979,4,-53.08135535940528
KmW8f1GVTYY--10,zero,13,-45.98806957900524,6,-37.71845352649689
ijrjSBx7WTc--67,zero,24,-119.65499254316092,7,-95.95642352849245
gXa0qcoWrsQ--4,zero,13,-43.73523510387167,3,-38.73685021093115
Zc2bgIDZ-Ks--45,zero,36,-122.80583123513497,12,-95.7919866705779
36YV-IPiUXM--10,zero,39,-181.70337949460372,11,-126.9253027564846
36YV-IPiUXM--8,zero,32,-132.5873257694766,10,-108.42737659346312
HBQwzyxvkZA--320,zero,16,-79.21360100060701,5,-57.636930763721466
QiJgNpX3zN0--1,zero,12,-52.877208046615124,4,-45.69614735990763
U5Tq9r7saZU--15,zero,31,-131.7314627916785,13,-99.42924081545789
pMbMjjSj1fM--11,zero,16,-97.29203346557915,7,-76.75612986087799
oPITLi0VKh8--20,zero,17,-57.40170858707279,4,-23.433609462343156
ci_iGsLDZ9w_e1,zero,18,-77.07268492504954,5,-72.57012106478214
NDYHcIF50eE--16,zero,32,-108.06450614519417,9,-86.1258461792022
KmW8f1GVTYY--15,zero,16,-82.00092194974422,6,-53.72073169052601
ci_iGsLDZ9w_d,zero,8,-69.73910802602768,3,-40.99242442846298
6OlSDCcwM10--25,zero,12,-42.01666659861803,3,-33.00212472677231
8w6k4jEJJlU--0,zero,20,-72.07245474308729,6,-44.991680262610316
myIXH3PjvoI--97,zero,17,-57.47604774683714,6,-38.19772677868605
9b0136913690-12,zero,8,-41.50344753265381,2,-22.95952868461609
91GVHgxW8RA--7,zero,33,-160.15174535266124,11,-124.6135036086198
eabe1f38221a-36,zero,10,-44.42846265435219,3,-18.01835921406746
6_yO8Lc8Hd4--2,zero,17,-82.05658887326717,7,-51.28692603111267
KmW8f1GVTYY--46,zero,12,-50.75959351612255,4,-36.7105334023945
9bqfEh7BD3c--13,zero,18,-71.17003744468093,5,-63.919162567704916
VwsRPJN7txM--9,zero,18,-63.94214373128489,6,-49.85255601303652
QXsIVtanWdw--5,zero,9,-25.468229465186596,3,-15.845611482858658
S9ymb66ZqqY--8,zero,11,-44.78231477737427,5,-31.548192739486694
LvN9Dxq2iLY--33,zero,12,-64.57726246118546,5,-56.034004390239716
K4eNr2k2Lls--21,zero,21,-92.27399811148643,8,-87.21652027964592
wSEeoT9BqE0--21,zero,34,-124.54650571197271,9,-99.99013432115316
LvN9Dxq2iLY--12,zero,16,-79.48705877736211,4,-56.563550997525454
faZQNy4aErk--6,zero,14,-52.18560603260994,5,-36.53696012496948
WabgM-SmPzU_e1,zero,12,-41.82673152908683,4,-34.67972221598029
wmTrG799MAo--12,zero,17,-50.159271873533726,6,-20.05528074502945
i4j5Bj2NL1c--13,zero,14,-75.74056680622743,5,-68.18342795345234
nvfK4jQ7MH0--3,zero,22,-109.16184148192406,7,-96.80827747285366
ojYFIliNLGI--0,zero,23,-73.43184704345185,8,-56.285545058664866
HBQwzyxvkZA--203,zero,12,-49.10953901335597,6,-40.9962654709816
vZt56rnH8QQ--1,zero,11,-44.387021247297525,5,-41.2137565612793
NaXDBBT5pkw--17,zero,16,-60.68594244867563,5,-41.18056225031614
9bqfEh7BD3c--23,zero,20,-74.23644667491317,9,-53.60131227597594
eyqLkKS5Qkw--20,zero,12,-56.18901591002941,5,-45.12558090686798
vbq8QbOwOt4--14,zero,26,-124.62440889328718,13,-95.11040385067463
faZQNy4aErk--25,zero,13,-75.63469823077321,2,-53.82490146160126
s_8IbRRsr0Q--13,zero,12,-59.20723593235016,6,-44.92952972650528
lcBujGRLwE0--7,zero,25,-124.30771946301684,7,-85.41999502619728
CAzt5cxtSjQ--17,zero,15,-54.42170413583517,4,-22.301712661981583
m3Mmtpr-jjA--22,zero,9,-38.775103598833084,4,-30.019362568855286
9b0136913690-67,zero,8,-45.47092795372009,1,-7.377435207366943
HBQwzyxvkZA--34,zero,14,-63.72480446100235,5,-51.292951464653015
HBQwzyxvkZA--151,zero,15,-67.25005420483649,6,-56.8586320374161
ozS8Mx8AdH8--14,zero,25,-111.2974668815732,9,-94.12245322018862
AZ2s4Adm9RU--14,zero,14,-71.53989814477973,3,-48.519893512129784
KmW8f1GVTYY--48,zero,12,-46.4561308696866,6,-33.359444588422775
dPuKX_lM4Zc--103,zero,10,-36.319308537989855,3,-28.410658836364746
OEM3CR-HYmk--22,zero,16,-40.937100525945425,3,-30.305629026144743
lcBujGRLwE0--11,zero,28,-138.68489458039403,9,-131.45982230827212
d5Lx_5-UiHY--101,zero,8,-25.18104813992977,1,-8.33596371114254
vZt56rnH8QQ--8,zero,27,-130.48290745913982,12,-70.91713451594114
BO1ehFUMWEs--7,zero,18,-79.26390500366688,6,-66.5682410299778
HBQwzyxvkZA--99,zero,11,-27.495268311351538,5,-25.855086386203766
s_8IbRRsr0Q--22,zero,13,-59.92929079011083,5,-41.20706648752093
fvHtYcL913U--15,zero,13,-41.29801895143464,5,-25.583763152360916
sktRu3sp97g--2,zero,11,-52.71141651272774,6,-37.090818375349045
BO1ehFUMWEs--10,zero,27,-141.24359422177076,6,-112.96131480112672
lSLqIyupXrk--18,zero,23,-102.56718684360385,8,-82.31828427687287
xFEQrtosric--9,zero,9,-36.95192892476916,4,-27.518602430820465
ef52bca1a454-29,zero,10,-38.42410274222493,3,-21.145508289337158
q4RnudGCU18--28,zero,30,-162.24067749083042,14,-114.555031478405
HBQwzyxvkZA--93,zero,15,-66.12444014847279,6,-36.71929585933685
ijrjSBx7WTc--51,zero,20,-55.502446826547384,7,-49.32686332985759
U5Tq9r7saZU--13,zero,33,-149.84686611033976,11,-123.57913595251739
d5Lx_5-UiHY--73,zero,11,-40.29834857583046,3,-15.335068702697754
s_8IbRRsr0Q--25,zero,19,-67.39788644760847,7,-42.58978199958801
LvN9Dxq2iLY--17,zero,13,-53.5759205147624,3,-38.531057715415955
lcBujGRLwE0--19,zero,31,-159.41288528591394,12,-131.46800837665796
9bqfEh7BD3c--18,zero,12,-55.26917141675949,4,-39.240607500076294
iwYL-ivQm6o--16,zero,20,-79.35510117188096,5,-46.618792820721865
myIXH3PjvoI--115,zero,16,-79.55645283311605,7,-63.318055152893066
gXa0qcoWrsQ--23,zero,23,-84.01009048637934,6,-60.79804348316975
hYNyIXYmoYs--0,zero,14,-83.2614741101861,5,-73.68020451068878
40BjLI5XtJE--1,zero,12,-63.65339349210262,5,-46.50136135518551
Zc2bgIDZ-Ks--28,zero,16,-51.52895175362937,6,-49.084034104598686
vbq8QbOwOt4--18,zero,21,-80.70536628179252,8,-40.60816525481641
fulQKWknVhw--25,zero,23,-108.11174620175734,7,-54.25473360205069
n12WICGyBJ4--17,zero,11,-59.79640806466341,5,-54.1813882663846
OEM3CR-HYmk--8,zero,9,-48.96222639083862,3,-21.050331115722656
6OlSDCcwM10--0,zero,14,-48.64847111701965,4,-29.741015791893005
K4eNr2k2Lls--31,zero,18,-78.47346530854702,7,-51.20296312868595
8DmlFztO2XM--4,zero,22,-93.61758380848914,7,-73.42772477585822
gXa0qcoWrsQ--1,zero,29,-142.07954572886229,8,-121.14915131032467
6_yO8Lc8Hd4--18,zero,33,-109.95726522518089,7,-60.875082020589616
dPuKX_lM4Zc--81,zero,19,-88.22468473762274,6,-45.60015555471182
egjhIFJbR2I--1,zero,17,-63.256869630888104,5,-61.505423383787274
3vCea9zWFek--8,zero,15,-35.00560644408688,4,-22.410686866845936
2B2z46vgaAA--25,zero,9,-37.635136008262634,4,-29.08525252342224
QiGhWfjM2FI--29,zero,13,-65.5946796387434,6,-47.23902118206024
wefigjf46u4--7,zero,22,-100.18156941235065,9,-62.72986459732056
MYGqMojGwBE--188,zero,10,-33.7240784317255,4,-28.179354205727577
Kq5HfchSWv8--3,zero,10,-46.411584585905075,3,-24.394784718751907
5n_IGU5rYYk--31,zero,24,-109.90121930465102,11,-77.08471619710326
HBQwzyxvkZA--43,zero,13,-58.33918273448944,4,-27.243327416479588
7byz3fdI-Ss--10,zero,16,-67.16495375428349,5,-36.563543119467795
mjvqIq_fvRY--2,zero,20,-67.50739101041108,8,-33.23780890647322
Lt5GAA6MIuM--8,zero,19,-85.60712060332298,5,-45.255928069353104
uR-nzhB6D8g--11,zero,13,-55.957664132118225,5,-43.0113263130188
vyBaeFU8J_k--16,zero,25,-89.77887073665624,6,-41.59821194544202
myIXH3PjvoI--85,zero,21,-97.5735957249999,7,-83.28515990823507
gW1N-ttBBTo--2,zero,9,-27.587661892175674,2,-14.923413276672363
K4eNr2k2Lls--30,zero,29,-138.13829141110182,9,-109.72752751410007
s_8IbRRsr0Q--20,zero,21,-77.67325666546822,10,-65.51138190180063
rZG7T9ujMEo--13,zero,12,-51.27426587790251,4,-45.32465224713087
_IyhoG9jXuM--1,zero,17,-57.02761111874133,8,-47.38048972655088
6OlSDCcwM10--15,zero,18,-71.35985907539725,7,-67.68201448395848
OtlvzXZG_Uk_e1,zero,15,-86.02561941742897,4,-65.0462843477726
iwYL-ivQm6o--8,zero,9,-26.591934524476528,4,-16.111671149730682
Lt5GAA6MIuM--4,zero,25,-117.2397323846817,8,-94.82863187789917
mDUCHJerTtE--6,zero,23,-97.9429640751332,8,-75.43455572985113
BTqVQCBPUzg--107,zero,21,-95.26401525735855,8,-68.90030008554459
80Cx4CH-AVI--17,zero,8,-36.28474308177829,6,-25.577683698385954
0Z5d6D2vBbc--11,zero,35,-190.3927200473845,13,-154.85585109516978
BTqVQCBPUzg--110,zero,8,-50.764831870794296,3,-36.02992010116577
lZarpnV0alw--14,zero,11,-56.270659029483795,4,-26.385594606399536
mjvqIq_fvRY--22,zero,20,-86.0087477825582,9,-64.24547168985009
g4GfKC7z-2M--7,zero,20,-112.09672472625971,7,-91.63485985249281
gp0w_zrLgfw--17,zero,29,-102.53692586149555,10,-67.47442709084135
UBnqDwRds3A--8,zero,25,-91.79560016957112,7,-53.05640446511097
MYGqMojGwBE--219,zero,10,-59.09917974472046,4,-31.605457305908203
809a3a5e02d1-116,zero,9,-28.44307614862919,3,-17.47620888054371
ckGC5hUffDU--5,zero,15,-52.61583598703146,5,-27.491553612053394
faZQNy4aErk--18,zero,23,-133.08583050966263,7,-132.78317004442215
uYaUCNl1j10--8,zero,25,-93.22477173712105,10,-62.885502605699
jN2lbHzIneI--4,zero,31,-152.63656640052795,10,-134.8879711329937
LvN9Dxq2iLY--86,zero,12,-75.58818729966879,2,-52.68812020868063
Zc2bgIDZ-Ks--85,zero,25,-120.72503596544266,6,-84.00053490698338
m3Mmtpr-jjA--38,zero,26,-115.81026711501181,11,-104.53756310231984
q4RnudGCU18--13,zero,26,-99.046431183815,9,-71.58930323272943
aDwdB7xHAOE--5,zero,15,-64.36979986727238,4,-56.471617221832275
s_8IbRRsr0Q--8,zero,8,-27.990148469805717,2,-13.519787788391113
C-cgPb_N2dY--3,zero,12,-41.00752768665552,6,-28.692652732133865
sktRu3sp97g--11,zero,19,-75.51006034016609,7,-60.76009878516197
4DhGy83DK_s--13,zero,17,-62.563130335882306,5,-47.40784016251564
MYGqMojGwBE--182,zero,18,-93.58448155224323,7,-60.34812870621681
l9bZYazJQ1w--16,zero,12,-57.81246520578861,5,-33.189049392938614
Xmm9ZyMy12g--8,zero,16,-64.144983664155,4,-53.822632893919945
C6CIPVno_yQ--20,zero,22,-110.6602925863117,9,-94.21388974040747
DF4fto_X1Y4--2,zero,14,-48.61031222343445,5,-31.583018243312836
HBQwzyxvkZA--100,zero,12,-37.67728736996651,2,-12.277791500091553
dkavvNigK7s--30,zero,14,-52.60616967454553,6,-40.66417520865798
4DhGy83DK_s--35,zero,28,-97.42331360606477,6,-42.70194718101993
ZVE_KjrY_po--8,zero,23,-89.01358004729263,9,-64.72296046535484
lPzmjeJmsXo--14,zero,27,-136.85396125912666,10,-110.93344278633595
d5Lx_5-UiHY--36,zero,12,-46.10790818929672,4,-19.761688947677612
xFEQrtosric--2,zero,26,-127.96141148172319,9,-117.54192799143493
MYGqMojGwBE--215,zero,15,-60.188060596585274,6,-28.91131468117237
6_yO8Lc8Hd4--6,zero,29,-126.79515468794852,10,-102.03286221344024
vbq8QbOwOt4--1,zero,16,-60.23785705305636,6,-32.48980987071991
5n_IGU5rYYk--2,zero,20,-74.90195294795558,8,-62.97065271763131
ZMsnY_khlNQ--15,zero,9,-51.62755148857832,2,-21.72083282470703
myIXH3PjvoI--4,zero,14,-31.62200253456831,6,-22.973234191536903
q4RnudGCU18--26,zero,28,-100.04090366512537,10,-84.81620672345161
HBQwzyxvkZA--165,zero,12,-52.641016586334445,4,-45.43359036615584
o9DARfrZg2o--1,zero,21,-85.7520936448127,8,-65.0182311758399
uR-nzhB6D8g--1,zero,16,-43.76941252872348,6,-27.389012213796377
RIwfym39VVM_e3,zero,21,-94.30616690218449,6,-62.00573310256004
wwpptVjgAws--0,zero,29,-75.78840702516027,13,-60.586254921974614
9b0136913690-52,zero,14,-75.4348871409893,3,-39.728912472724915
Lt5GAA6MIuM--17,zero,22,-109.81946484744549,10,-91.74355724453926
klepEQSaeIk--1,zero,36,-154.38642141455784,11,-95.5742583819665
Lt5GAA6MIuM--28,zero,13,-63.51730381883681,4,-41.348964462056756
ef52bca1a454-8,zero,13,-56.15734562277794,6,-37.746238470077515
jLwvQ4URDFY--14,zero,34,-152.2838297151029,10,-117.16656701639295
LvN9Dxq2iLY--82,zero,14,-47.6658089235425,4,-30.739686846733093
iwYL-ivQm6o--11,zero,14,-54.08090578764677,4,-31.216137409210205
9b0136913690-59,zero,16,-92.47121176030487,4,-87.62218996789306
KmW8f1GVTYY--33,zero,13,-57.12180008739233,5,-50.64671456813812
NDYHcIF50eE--11,zero,20,-69.88500398397446,3,-44.442898727953434
MYGqMojGwBE--279,zero,9,-28.43688803166151,5,-26.63716434687376
tDrI-9pSul0--10,zero,29,-212.40838542580605,10,-195.21022534370422
5n_IGU5rYYk--32,zero,31,-121.73382243560627,7,-40.3879528301768
ijrjSBx7WTc--23,zero,26,-115.48014307767153,9,-84.05702512711287
a8zp7ivHwBU--4,zero,18,-79.40226358547807,6,-69.09015333652496
9bqfEh7BD3c--24,zero,18,-94.79551829956472,5,-72.5873269867152
U5Tq9r7saZU--29,zero,21,-93.95483336597681,11,-74.59829503297806
wSEeoT9BqE0--14,zero,27,-131.4074311107397,8,-109.63405482470989
QiGhWfjM2FI--9,zero,24,-72.33704720810056,11,-64.23922904208302
809a3a5e02d1-64,zero,14,-64.90494419215247,4,-47.611630003433675
ckGC5hUffDU--6,zero,26,-109.81874835724011,6,-82.20035936357453
o44YnPMhwPU--36,zero,22,-74.81569763273001,11,-61.28214504569769
HBQwzyxvkZA--193,zero,9,-35.3558399528265,4,-29.739883959293365
Kq5HfchSWv8--36,zero,16,-65.67499929666519,4,-44.05211326479912
ZCBew8Fv0qA--3,zero,13,-50.97344714961946,3,-30.912288015708327
91GVHgxW8RA--33,zero,22,-77.59377390518785,6,-33.603425946086645
MYGqMojGwBE--211,zero,13,-67.588702917099,7,-45.21306562423706
hgaKby5Mha4--28,zero,25,-112.11276764050126,8,-56.8059110455215
-X_zmve1y00--1,zero,12,-39.56683190539479,3,-28.2493461035192
hgaKby5Mha4--1,zero,23,-84.58027470111847,8,-64.24391692876816
BO1ehFUMWEs--1,zero,21,-96.15451060980558,6,-79.84304428100586
OEM3CR-HYmk--3,zero,12,-50.638162299990654,3,-28.294306561350822
R6_v5nqXuGg--5,zero,18,-64.53672161418945,6,-54.81755638960749
rZG7T9ujMEo--2,zero,14,-83.68989101052284,6,-69.23901379108429
HBQwzyxvkZA--143,zero,9,-18.21064550243318,4,-16.47531083226204
HBQwzyxvkZA--319,zero,22,-104.00044824928045,7,-78.59089030325413
3vCea9zWFek--39,zero,23,-109.70949264615774,9,-71.4088819026947
tDrI-9pSul0--11,zero,12,-59.3468616977334,6,-48.916583091020584
kxz4AA9lNmY_e4,zero,17,-93.71305959578604,4,-80.6125755822286
zu_bd3r2GIA--28,zero,14,-70.11611360497773,5,-64.25321227498353
Xmm9ZyMy12g--13,zero,22,-118.9993038624525,6,-92.90926536917686
NTc0m4Q1-xU--0,zero,17,-72.8934740498662,7,-53.427679762244225
9xc24mAlprE--14,zero,23,-84.6375187560916,9,-71.77495979517698
Rc99bcSdhak--5,zero,37,-158.0957014784217,11,-127.64649124443531
HBQwzyxvkZA--286,zero,24,-121.27880169823766,10,-89.96617123484612
Zc2bgIDZ-Ks--79,zero,15,-54.293295365874656,4,-32.181305845384486
wefigjf46u4--10,zero,8,-35.516412019729614,2,-19.969127893447876
wSEeoT9BqE0--2,zero,20,-52.444506662897766,7,-44.67870836239308
o9DARfrZg2o--0,zero,21,-118.12744043022394,7,-93.53826973587275
DP1ly_MsHHQ--15,zero,30,-103.0707293250598,7,-77.39746925467625
C-cgPb_N2dY--16,zero,21,-79.62222473975271,7,-47.73390187975019
6U9AFGakrn0--5,zero,14,-35.800514467060566,4,-16.449285447597504
0kldzhToGLc--15,zero,10,-33.1093553006649,3,-15.190229669213295
oyWhLo5brto--1,zero,21,-89.042142175138,9,-57.77901569008827
bqE5C2tmc9c--13,zero,14,-71.33810503780842,6,-49.38838329911232
ijrjSBx7WTc--32,zero,21,-76.39804055728018,7,-62.52614029683173
MYGqMojGwBE--149,zero,17,-55.30092588812113,3,-30.480959810316563
n12WICGyBJ4--43,zero,17,-68.8806114802137,6,-61.29342448990792
Zc2bgIDZ-Ks--43,zero,19,-91.77757092565298,4,-32.01913644373417
IjeHLt1vNoM--9,zero,20,-103.71912141144276,6,-63.426538586616516
rYcw__0tDhw--1,zero,33,-97.39712815464009,8,-72.49127487570513
Sqa3ig2NN9Q--4,zero,14,-91.57362043857574,5,-78.55854845046997
IjeHLt1vNoM--17,zero,15,-61.21005925536156,5,-44.92356846481562
9b0136913690-70,zero,12,-44.00308471173048,3,-31.38345241546631
Kq5HfchSWv8--28,zero,15,-37.04362040013075,4,-18.929916262626648
ojYFIliNLGI--9,zero,16,-49.474452547729015,6,-30.184292569756508
m3Mmtpr-jjA--30,zero,23,-77.76748574897647,9,-59.08231966197491
6u-ZspWSpwE--14,zero,17,-80.91654858738184,6,-55.88391925394535
HBQwzyxvkZA--111,zero,13,-70.32217705249786,5,-53.22679257392883
xFJw5GMtlCk--4,zero,8,-27.185645699501038,1,-5.878703951835632
U5Tq9r7saZU--18,zero,18,-70.27115963492543,5,-55.10817885491997
QiJgNpX3zN0--17,zero,11,-43.77001893334091,4,-35.504499377682805
9bqfEh7BD3c--9,zero,19,-71.92369093000889,7,-50.49139581620693
5n_IGU5rYYk--17,zero,31,-108.40904559288174,11,-69.97117082867771
kES_ZNjFKz8--18,zero,12,-46.726680524647236,4,-29.1683918684721
nvfK4jQ7MH0--19,zero,12,-51.77537962794304,3,-35.57201397418976
LvN9Dxq2iLY--71,zero,26,-81.2228814959526,6,-40.53765035048127
aDwdB7xHAOE--8,zero,19,-89.8391437008977,9,-68.43450099229813
HBQwzyxvkZA--1,zero,10,-42.83591512590647,2,-19.53574139624834
gW1N-ttBBTo--6,zero,30,-143.4862234350294,9,-123.06313509307802
ef52bca1a454-57,zero,17,-60.74450511112809,5,-25.682977199554443
_r1S90f_nsM--13,zero,13,-47.06977470964193,4,-18.58105345070362
Xmm9ZyMy12g--12,zero,16,-59.51708646118641,3,-24.934729680418968
fulQKWknVhw--29,zero,34,-158.15856227185577,12,-132.3039995348081
BTqVQCBPUzg--116,zero,10,-42.71170128881931,2,-19.16019655764103
Zc2bgIDZ-Ks--9,zero,16,-52.067997890524566,4,-37.77806908171624
eBj_HUu0CNw--22,zero,13,-59.897466629743576,5,-44.17802977561951
K4eNr2k2Lls--33,zero,29,-126.78607190516777,10,-109.9415328335017
jMdxYlvrkbk--10,zero,24,-115.04966005496681,9,-94.58893865160644
jLwvQ4URDFY--3,zero,28,-128.60673345346004,14,-101.54142968077213
R6_v5nqXuGg--14,zero,18,-91.6052569821477,7,-76.62283998727798
Sqa3ig2NN9Q--25,zero,20,-125.49404672533274,3,-81.168223798275
gW1N-ttBBTo--10,zero,37,-138.1811163108796,12,-110.34055701456964
cw1YIV30nQM--20,zero,21,-100.2369840964675,7,-60.494370341300964
BESRE5mtipE--1,zero,20,-57.57611666992307,5,-41.478355187922716
KHL0wkbu0-s--8,zero,24,-108.18885933607817,9,-76.92596454918385
eGkBCS1t9-E--20,zero,22,-94.2724647000432,5,-69.81695392727852
EIwWHTO5rZw--14,zero,13,-42.69719563424587,4,-19.139577567577362
eBj_HUu0CNw--24,zero,17,-75.04300830513239,6,-48.875293016433716
gXa0qcoWrsQ--12,zero,21,-80.90165342472028,6,-60.87982320121955
80Cx4CH-AVI--8,zero,21,-100.20040522515774,6,-84.73793825507164
ckGC5hUffDU--2,zero,19,-93.40366075187922,5,-91.22425488010049
K5lgB4YzOO0--6,zero,19,-71.23657493141945,5,-49.900839513516985
-X_zmve1y00--12,zero,18,-76.02444117516279,8,-64.43903817236423
xFEQrtosric--7,zero,25,-95.4443233073689,10,-90.13094349810854
HBQwzyxvkZA--121,zero,22,-92.68391411751509,7,-62.423071190714836
bOZ_Lap5FNA--11,zero,19,-88.49190467968583,9,-60.630735632032156
rYcw__0tDhw--2,zero,21,-80.26072143018246,8,-65.78647135198116
xFJw5GMtlCk--10,zero,24,-86.58253876469098,7,-56.10384221095592
9b0136913690-106,zero,8,-28.902588188648224,3,-17.166715502738953
rZG7T9ujMEo--21,zero,9,-31.510134555399418,2,-13.87317180633545
mXq8axygjdE--51,zero,36,-118.80324105918407,15,-94.56858865916729
m-w_78fDg9M--18,zero,17,-66.73045740276575,4,-37.24122252315283
XcXCB---N9M--3,zero,20,-95.41720504499972,6,-60.599254259839654
K4eNr2k2Lls--2,zero,16,-54.06416521780193,6,-47.93591931089759
BTqVQCBPUzg--154,zero,8,-32.236069893464446,3,-25.871973192319274
Zc2bgIDZ-Ks--60,zero,17,-55.40989403612912,6,-42.58710485883057
gW1N-ttBBTo--7,zero,28,-151.2458770405501,10,-133.13700340501964
0bk98uIiTS8--32,zero,30,-122.03006686735898,12,-112.17474591452628
BTqVQCBPUzg--148,zero,12,-58.51667230203748,6,-40.234228540211916
lAFiWmUUHOg--25,zero,27,-96.0314220986329,6,-69.81355812167749
bGqx2eKgdB0_e4,zero,10,-56.39182949066162,3,-37.97811794281006
ZVE_KjrY_po--21,zero,8,-34.297365844249725,2,-19.375803411006927
BTqVQCBPUzg--34,zero,13,-53.01719178259373,4,-41.59524127840996
XcXCB---N9M--20,zero,30,-132.16455291956663,8,-98.83973877876997
o9DARfrZg2o--9,zero,13,-48.30380540341139,3,-18.199288845062256
HBQwzyxvkZA--228,zero,13,-48.373248144984245,4,-39.35963958501816
80Cx4CH-AVI--2,zero,29,-123.39041713997722,11,-99.92443315312266
Zc2bgIDZ-Ks--12,zero,11,-48.61524221301079,3,-12.523649156093597
vbq8QbOwOt4--7,zero,17,-63.083653047680855,6,-39.44222617149353
HBQwzyxvkZA--291,zero,31,-125.55239643435925,9,-100.38775336369872
i4j5Bj2NL1c--9,zero,19,-92.54305493086576,6,-63.87962397187948
5QMD024bDYs--8,zero,21,-77.70566910970956,6,-63.87039699126035
faZQNy4aErk--44,zero,24,-132.4095345661044,9,-111.30810317397118
oPITLi0VKh8--18,zero,13,-48.13782175257802,5,-31.06577192619443
Xmm9ZyMy12g--14,zero,16,-58.99729371070862,5,-30.426926612854004
-X_zmve1y00--29,zero,11,-48.837001860141754,4,-46.19294857978821
HBQwzyxvkZA--278,zero,12,-61.777217388153076,5,-38.721370697021484
OEM3CR-HYmk--2,zero,13,-56.682406798005104,4,-45.1366383433342
1xJ_dkBcAIU--20,zero,20,-95.30698769539595,6,-75.57810410112143
IoifXQnhN4E--5,zero,9,-46.21589809283614,5,-35.58663469180465
jMdxYlvrkbk--6,zero,15,-84.08433680981398,5,-43.80431246757507
q4RnudGCU18--5,zero,22,-80.18735211901367,6,-55.148762380704284
lcBujGRLwE0--30,zero,25,-111.33167770411819,9,-78.29054988827556
egjhIFJbR2I--8,zero,16,-66.07705166935921,5,-45.1415936127305
oAhfJ8yB1j0--5,zero,27,-101.99900461453944,10,-92.83347166795284
klepEQSaeIk--15,zero,11,-32.45438727736473,6,-29.815268456935883
Rc99bcSdhak--27,zero,30,-134.00271543301642,10,-93.70265222527087
iwYL-ivQm6o--3,zero,29,-126.47053365409374,9,-94.0414118617773
MYGqMojGwBE--248,zero,24,-106.90892949700356,8,-74.58894741535187
mjvqIq_fvRY--12,zero,23,-87.51426877081394,6,-60.31729607284069
s_8IbRRsr0Q--1,zero,28,-122.20102675771341,8,-74.23822007095441
6OlSDCcwM10--2,zero,7,-20.451909348368645,2,-11.47126990556717
m3Mmtpr-jjA--44,zero,24,-102.97152527235448,6,-64.39117760024965
9b0136913690-31,zero,17,-70.66251397132874,5,-36.45349267870188
HBQwzyxvkZA--207,zero,13,-55.88780102878809,4,-35.20408183336258
Nv3WLYio7Lc--9,zero,17,-83.27144131064415,5,-59.34507712721825
Nv3WLYio7Lc--14,zero,11,-53.14193881675601,5,-43.07425683364272
hYNyIXYmoYs--2,zero,19,-59.23156272992492,8,-41.71831389889121
ef52bca1a454-69,zero,9,-48.16576647758484,3,-19.955154418945312
HBQwzyxvkZA--90,zero,11,-61.54737147688866,4,-39.20543399453163
C6CIPVno_yQ--21,zero,22,-87.44098809361458,8,-59.04390445351601
LvN9Dxq2iLY--26,zero,22,-169.50574642419815,7,-161.87860590219498
HBQwzyxvkZA--318,zero,18,-100.27405043691397,8,-75.95295332372189
zu_bd3r2GIA--30,zero,18,-65.80940812453628,7,-44.66151052340865
oAhfJ8yB1j0--3,zero,23,-105.53668589890003,6,-99.9208515882492
5n_IGU5rYYk--6,zero,17,-44.72088585793972,6,-27.619726434350014
nvfK4jQ7MH0--27,zero,17,-71.15432543680072,7,-56.469513814896345
kytITkHoyls--15,zero,21,-58.824706986546516,5,-30.035730205476284
dPuKX_lM4Zc--120,zero,31,-172.44530884176493,13,-113.16088343411684
5n_IGU5rYYk--3,zero,21,-77.03805992333218,7,-66.14653209177777
dPuKX_lM4Zc--129,zero,23,-109.57539669424295,9,-63.460816472768784
9xc24mAlprE--26,zero,18,-95.75210851849988,5,-88.95733648957685
oyWhLo5brto--5,zero,21,-70.3865309804678,5,-38.155480835586786
ojYFIliNLGI--16,zero,37,-185.53767479211092,13,-143.9121170938015
LvN9Dxq2iLY--124,zero,18,-72.10042447433807,4,-26.963952023768798
lcBujGRLwE0--4,zero,34,-104.70707871194463,12,-90.61755929875653
wwpptVjgAws--7,zero,39,-206.86038149520755,10,-172.53039817884564
Kq5HfchSWv8--18,zero,16,-53.45104574970901,4,-28.377089520916343
mjvqIq_fvRY--6,zero,27,-130.35030099749565,10,-104.80533467233181
Nv3WLYio7Lc--13,zero,30,-119.05021516233683,7,-71.12628746032715
6_yO8Lc8Hd4--7,zero,14,-57.03875316679478,6,-45.717777967453
0Z5d6D2vBbc--6,zero,17,-79.64955423772335,8,-58.65152472257614
80Cx4CH-AVI--11,zero,28,-108.29183118673973,9,-73.28082084539346
xFJw5GMtlCk--5,zero,24,-80.86401755735278,10,-36.526754435151815
9b0136913690-80,zero,17,-100.37168577313423,4,-36.53035259246826
AVb1VABiJJ8--9,zero,19,-81.35141909122467,7,-53.21608889102936
xFEQrtosric--4,zero,14,-52.45342519134283,4,-22.38638784736395
iGdg-iGlUFg--2,zero,42,-194.49391649663448,12,-142.93402063846588
wUH1dDbu9B4--26,zero,23,-156.20855033397675,6,-151.9583096653223
LvN9Dxq2iLY--101,zero,14,-64.02390725910664,4,-40.99379962682724
HBQwzyxvkZA--67,zero,9,-40.50185078382492,2,-20.149969339370728
QiGhWfjM2FI--1,zero,19,-92.95922533422709,9,-77.68528363853693
LvN9Dxq2iLY--168,zero,9,-26.13333687186241,4,-20.26617980003357
MYGqMojGwBE--2,zero,18,-91.39641615375876,8,-56.900729205459356
mjvqIq_fvRY--18,zero,14,-72.76822015270591,7,-58.63035809621215
m-w_78fDg9M--3,zero,17,-87.08038634061813,7,-69.51004783809185
8E-llRXuhl0--22,zero,20,-91.15783959627151,7,-80.53676818311214
lPzmjeJmsXo--2,zero,32,-97.23897869884968,13,-80.0967514142394
rYcw__0tDhw--10,zero,22,-126.02627049642615,6,-96.20102463918738
mXq8axygjdE--62,zero,9,-43.506230875849724,3,-26.70746859908104
AZ2s4Adm9RU--1,zero,28,-81.16515555977821,7,-23.64350412786007
CRJSZ2e7BU0--4,zero,25,-108.32700292021036,10,-82.26101867109537
HBQwzyxvkZA--272,zero,14,-85.96416130661964,5,-57.29178738594055
kES_ZNjFKz8--16,zero,21,-100.49680667021312,8,-91.30070171155967
MYGqMojGwBE--206,zero,13,-54.916175082325935,6,-42.03216636180878
glNqZ8w4iy8--5,zero,11,-28.077282215002924,3,-17.03147573256865
Rblg5TE6TI0--30,zero,34,-138.79925017803907,12,-101.73143259435892
809a3a5e02d1-77,zero,11,-52.65486805140972,4,-42.29110598564148
lSLqIyupXrk--5,zero,17,-105.68460900709033,7,-93.32886211201549
eabe1f38221a-48,zero,10,-39.10196115076542,3,-29.292060278356075
jLwvQ4URDFY--5,zero,11,-39.15311123430729,4,-29.18316078186035
m3Mmtpr-jjA--2,zero,11,-43.417762607336044,4,-41.58959114551544
HBQwzyxvkZA--155,zero,22,-96.08119866251945,7,-75.94198946654797
K5lgB4YzOO0--12,zero,15,-54.69278385397047,6,-44.06916765123606
Rblg5TE6TI0--1,zero,23,-81.50899058394134,7,-41.675632294267416
dkavvNigK7s--27,zero,27,-126.83370118541643,12,-109.67474940838292
NaXDBBT5pkw--3,zero,11,-38.56184649467468,4,-27.994446121156216
LvN9Dxq2iLY--164,zero,20,-84.7347596809268,8,-63.36157417297363
vZt56rnH8QQ--3,zero,11,-53.449734972789884,5,-52.6141743529588
mXq8axygjdE--67,zero,12,-60.42279013618827,4,-31.321114894002676
7byz3fdI-Ss--7,zero,18,-51.07776875793934,7,-44.085612654685974
dkavvNigK7s--9,zero,17,-83.42609077319503,6,-69.62156369909644
g4GfKC7z-2M--9,zero,19,-106.72257643938065,5,-97.9799080491066
6OlSDCcwM10--20,zero,16,-66.92321003228426,8,-56.363888405263424
KI0avgGkWiU--1,zero,23,-106.84265294671059,7,-71.63408460468054
iwYL-ivQm6o--0,zero,7,-33.46643514931202,3,-16.905011370778084
OEM3CR-HYmk--19,zero,18,-64.50471349433064,4,-56.90538685396314
6OlSDCcwM10--11,zero,17,-74.91945507191122,11,-55.77082013897598
e4rWudmfrfY--0,zero,9,-47.766880571842194,1,-11.0443354845047
o44YnPMhwPU--1,zero,11,-33.02305646147579,3,-23.609837188385427
l9bZYazJQ1w--7,static,20,-82.52950535900891,7,-50.746347261592746
9b0136913690-114,static,19,-86.6248996257782,5,-53.64773605763912
ZMsnY_khlNQ--12,static,21,-85.979481741786,7,-50.0515066832304
809a3a5e02d1-67,static,12,-70.81971317529678,4,-58.067014932632446
DP1ly_MsHHQ--36,static,18,-98.9054155703634,7,-60.35223650932312
dPuKX_lM4Zc--118,static,31,-163.2285757707432,13,-88.92335357237607
wwpptVjgAws--20,static,40,-257.5476142466068,13,-176.34381442517042
48couwymlMM--18,static,19,-69.90389402210712,8,-57.053116738796234
809a3a5e02d1-108,static,11,-34.79016610980034,4,-20.111073285341263
4DhGy83DK_s--30,static,13,-71.8056215941906,5,-59.36614692211151
rZG7T9ujMEo--0,static,28,-135.4277622164227,13,-96.31188329169527
7byz3fdI-Ss--0,static,15,-72.26102586090565,6,-53.90711313486099
eabe1f38221a-18,static,31,-177.12998789735138,9,-90.82626482285559
0kldzhToGLc--6,static,22,-123.66875275224447,8,-92.06659942865372
pMbMjjSj1fM--17,static,18,-88.16030786186457,10,-69.1101576089859
MYGqMojGwBE--267,static,17,-93.28581177443266,3,-27.063108168542385
C-cgPb_N2dY--9,static,12,-30.48200536519289,3,-23.889016684144735
ef52bca1a454-22,static,12,-52.93397872149944,4,-37.321250319480896
fulQKWknVhw--7,static,19,-53.85982501227409,7,-48.090053846128285
ijrjSBx7WTc--84,static,8,-24.423823654651642,1,-5.13444709777832
oAhfJ8yB1j0--10,static,10,-50.89032685756683,2,-27.80561923980713
Zc2bgIDZ-Ks--72,static,12,-57.929417595267296,3,-24.65115523338318
mjvqIq_fvRY--11,static,19,-101.69461846444756,7,-80.48975030425936
IoifXQnhN4E--4,static,24,-85.5002432090696,8,-53.999306700890884
HBQwzyxvkZA--276,static,20,-82.78219274431467,6,-66.69006803631783
o44YnPMhwPU--12,static,15,-69.00997051596642,5,-51.54171842336655
myIXH3PjvoI--76,static,13,-52.25656121969223,4,-22.398814976215363
faZQNy4aErk--15,static,23,-101.54787496849895,7,-57.73762694001198
Rc99bcSdhak--0,static,21,-78.70852064341307,7,-51.26704728603363
0kldzhToGLc--2,static,14,-68.40376390889287,6,-51.083702236413956
5n_IGU5rYYk--30,static,22,-103.99500098754652,7,-64.68545269151218
myIXH3PjvoI--89,static,19,-80.7566315382719,7,-58.80625385046005
S9ymb66ZqqY--9,static,25,-129.03298320621252,12,-104.14123668521643
dPuKX_lM4Zc--54,static,19,-73.14152152463794,6,-59.85417905077338
oPITLi0VKh8--10,static,16,-63.527388798072934,6,-57.545323671773076
17OIKvJmrK8--4,static,13,-80.41182901710272,6,-66.28469743579626
yb7efY9x78U--12,static,23,-121.7797939479351,5,-37.63061362504959
zu_bd3r2GIA--9,static,12,-60.757512433454394,6,-48.018871545791626
eabe1f38221a-5,static,29,-119.68500439822674,8,-62.408261477947235
QiGhWfjM2FI--31,static,24,-95.5736766870832,10,-81.17636544664856
fvHtYcL913U--3,static,11,-45.219995368272066,3,-17.912950437515974
sktRu3sp97g--4,static,20,-99.46011648746207,5,-46.318293411750346
BTqVQCBPUzg--97,static,10,-39.131616063416004,4,-37.093500547111034
hYNyIXYmoYs--17,static,24,-119.5888596707955,12,-107.4519072631374
3Pk2c_Z4ahk--1,static,9,-30.000503569841385,3,-22.40779808163643
9xc24mAlprE--1,static,16,-58.54353363253176,4,-41.6347265932709
ZMsnY_khlNQ--7,static,21,-81.1312275705859,8,-49.47475053649396
fulQKWknVhw--42,static,22,-88.50202530156821,7,-52.189742288552225
W4YzurwHpfw--6,static,14,-55.23042169213295,6,-53.99828943610191
glNqZ8w4iy8--9,static,25,-113.59524691849947,10,-62.37382432818413
o44YnPMhwPU--25,static,18,-81.48925329372287,5,-44.78614243492484
UBnqDwRds3A--2,static,13,-55.8284110724926,6,-48.56907594203949
wmTrG799MAo--19,static,13,-70.0249114446342,6,-59.51240587234497
lPzmjeJmsXo--13,static,20,-110.47068559378386,9,-107.80641704052687
ZCBew8Fv0qA--12,static,12,-68.08008906245232,5,-44.51663821935654
39at7Lxu6Yo--19,static,34,-134.43066397681832,13,-104.56579061597586
EIwWHTO5rZw--8,static,26,-145.8038043230772,9,-123.89110951125622
MYGqMojGwBE--116,static,20,-86.1998494938016,7,-56.11418069154024
BTqVQCBPUzg--47,static,10,-35.10485251247883,4,-20.236719399690628
myIXH3PjvoI--93,static,8,-36.4379386305809,4,-24.889041781425476
bU_v22EtHIU--1,static,23,-89.26912130031269,6,-63.9541957488982
uR-nzhB6D8g--2,static,15,-68.98034895211458,6,-56.683090686798096
OEM3CR-HYmk--15,static,24,-115.44539610669017,7,-59.297312419861555
uR-nzhB6D8g--3,static,18,-89.27741545438766,9,-75.3871818780899
NaXDBBT5pkw--6,static,9,-42.87951481342316,4,-23.97184133529663
wefigjf46u4--2,static,14,-86.29312679171562,7,-72.87780165672302
MYGqMojGwBE--30,static,19,-58.311287282034755,4,-25.79481010697782
fYxijWb0b_s--9,static,17,-67.1141588203609,9,-56.07982062920928
Rc99bcSdhak--16,static,15,-54.54076948808506,3,-27.409848340321332
_IyhoG9jXuM--15,static,25,-127.93250199407339,7,-59.656169801950455
uYaUCNl1j10--12,static,22,-96.74856402445585,8,-76.20685869920999
o9DARfrZg2o--16,static,14,-61.681981049478054,5,-46.17659553140402
MYGqMojGwBE--42,static,19,-86.67242029774934,7,-64.75733335036784
ixXF2UGOyoU--5,static,9,-39.646761648356915,3,-21.262649178504944
BESRE5mtipE--0,static,21,-61.13349024427589,8,-57.60022572649177
8DmlFztO2XM--2,static,25,-129.9361239373684,6,-114.91265994310379
jLwvQ4URDFY--1,static,43,-209.54427438601851,14,-152.8841899521649
5QMD024bDYs--15,static,19,-93.95011582225561,7,-58.09961864352226
jLwvQ4URDFY--31,static,33,-131.07787419343367,12,-115.01798586407676
aDwdB7xHAOE--1,static,28,-155.05080914869905,10,-94.16241986863315
wSEeoT9BqE0--13,static,11,-28.359470084309578,4,-19.208277702331543
d5Lx_5-UiHY--41,static,11,-38.52917939424515,5,-35.838730946183205
BTqVQCBPUzg--18,static,9,-56.98686641454697,4,-55.26953274011612
faZQNy4aErk--62,static,12,-51.34998348727822,4,-33.84406666830182
LvN9Dxq2iLY--88,static,10,-52.29266768693924,1,-15.882835268974304
HBQwzyxvkZA--256,static,19,-79.6708362698555,6,-65.39104759693146
xFEQrtosric--18,static,19,-86.13810805953108,5,-54.93620754755102
KmW8f1GVTYY--40,static,27,-138.6612252406776,10,-80.49713203683496
nXA9Qpj2z7E--6,static,12,-48.79036599397659,3,-31.282063275575638
kytITkHoyls--7,static,39,-176.06642182730138,12,-153.33113636635244
ef52bca1a454-6,static,15,-71.29095906764269,5,-63.15597867965698
iwYL-ivQm6o--19,static,14,-72.45677367597818,5,-30.758903682231903
9b0136913690-41,static,17,-57.55307840183377,7,-41.91255554929376
K4eNr2k2Lls--1,static,29,-136.42448955774307,8,-112.20585905015469
pMbMjjSj1fM--28,static,11,-40.80283099412918,3,-33.72090965509415
MYGqMojGwBE--161,static,18,-72.41082643344998,6,-40.137466322630644
mXq8axygjdE--32,static,24,-78.14728404342895,6,-54.65457151964074
4vfboqjtAXo_d,static,18,-115.71701662242413,5,-58.15076410770416
HBQwzyxvkZA--261,static,20,-79.21976775676012,5,-48.007159948349
CAzt5cxtSjQ--23,static,10,-61.28607094287872,6,-57.73763561248779
d5Lx_5-UiHY--51,static,15,-84.28444845974445,5,-47.094571352005005
klepEQSaeIk--9,static,18,-61.69325914233923,5,-47.612057723104954
48couwymlMM--10,static,16,-73.90986853837967,4,-65.57454085350037
K4eNr2k2Lls--0,static,11,-50.70082151889801,5,-44.60531735420227
zu_bd3r2GIA--16,static,23,-97.37875980138779,8,-75.01005072891712
ef52bca1a454-76,static,11,-39.9523521065712,4,-22.394665479660034
ixXF2UGOyoU--2,static,14,-70.00487875193357,5,-38.86197853088379
o44YnPMhwPU--37,static,17,-68.14109013974667,7,-43.83762213587761
CRJSZ2e7BU0--12,static,22,-103.45142175257206,7,-84.74402944743633
91GVHgxW8RA--2,static,8,-25.421717580407858,3,-19.831087112426758
gXa0qcoWrsQ--7,static,22,-103.41230584681034,9,-82.825255677104
m3Mmtpr-jjA--42,static,20,-89.00313966907561,6,-51.19146538712084
lcBujGRLwE0--29,static,35,-170.11608170950785,13,-143.800534772221
MYGqMojGwBE--205,static,23,-96.59045793488622,7,-48.22593641281128
d5Lx_5-UiHY--22,static,24,-86.34391126502305,7,-40.494445969350636
9b0136913690-89,static,12,-51.77465885877609,2,-33.78672391176224
8E-llRXuhl0--5,static,24,-109.66448751208372,6,-75.43644284084439
iGdg-iGlUFg--11,static,18,-85.94537197984755,7,-70.51286327280104
jMdxYlvrkbk--9,static,20,-100.54582083970308,8,-68.51270604133606
vbq8QbOwOt4--15,static,11,-48.81998656690121,3,-28.39945501089096
m3Mmtpr-jjA--8,static,10,-45.26270642876625,3,-29.4785099029541
o44YnPMhwPU--11,static,10,-48.58864203095436,5,-30.90697330236435
o9DARfrZg2o--12,static,12,-37.44328956305981,3,-31.763929963111877
rYcw__0tDhw--9,static,20,-112.73565372824669,5,-77.88638833165169
eabe1f38221a-51,static,10,-35.723459765315056,3,-25.625625491142273
HBQwzyxvkZA--116,static,8,-36.54703277349472,3,-25.92180824279785
LvN9Dxq2iLY--139,static,7,-30.72073345631361,2,-20.069858074188232
8w6k4jEJJlU--19,static,24,-84.54457503557205,9,-44.34993251413107
Kq5HfchSWv8--7,static,14,-46.259267300367355,4,-37.428806349635124
NDYHcIF50eE--2,static,16,-63.784878520295024,4,-44.651286182925105
809a3a5e02d1-65,static,8,-38.949219688773155,2,-13.78515338897705
AVb1VABiJJ8--18,static,12,-76.02429442107677,7,-64.99802589416504
HBQwzyxvkZA--265,static,16,-64.46525838784873,5,-33.55562184564769
ijrjSBx7WTc--59,static,9,-25.750082282349467,3,-21.416691152378917
IjeHLt1vNoM--13,static,20,-89.47949190437794,7,-52.61207361519337
BTqVQCBPUzg--122,static,17,-66.88332022726536,5,-39.14199262857437
NaXDBBT5pkw--25,static,27,-162.2047232557088,9,-93.74785293079913
4DhGy83DK_s--8,static,9,-43.09362465143204,3,-26.82914787530899
zu_bd3r2GIA--29,static,18,-88.05170395225286,5,-59.51167967170477
xFEQrtosric--19,static,19,-94.90097620745655,6,-69.40947413106915
rYcw__0tDhw--11,static,8,-42.40539187192917,3,-30.253204822540283
DP1ly_MsHHQ--25,static,21,-116.08869514008984,7,-63.774281763937324
myIXH3PjvoI--106,static,12,-47.50163262337446,4,-30.623697765171528
KI0avgGkWiU--25,static,11,-56.968866389244795,4,-49.23813096061349
-hZpPIT6N4U_d,static,17,-47.86919396929443,5,-34.202466337010264
myIXH3PjvoI--102,static,14,-51.01798268733546,4,-32.55890056071803
MYGqMojGwBE--46,static,16,-89.02451993525028,5,-49.63877488672733
3vCea9zWFek--10,static,13,-42.43416887521744,2,-15.80550730228424
MYGqMojGwBE--172,static,13,-56.74896162748337,3,-34.673847675323486
d5Lx_5-UiHY--100,static,14,-66.09395866654813,3,-17.650224305689335
iwYL-ivQm6o--5,static,15,-45.904799066483974,4,-32.709628984332085
Xmm9ZyMy12g--19,static,24,-149.49993248283863,7,-121.27699106931686
hgaKby5Mha4--15,static,20,-103.24565065652132,7,-65.84321132302284
MnCcM6PZrug--9,static,15,-87.40265792608261,5,-54.6268168091774
bqE5C2tmc9c--9,static,22,-112.00719674676657,9,-74.95006857812405
OEM3CR-HYmk--0,static,21,-130.3669958114624,6,-121.8941740989685
faZQNy4aErk--82,static,20,-129.38802725821733,9,-114.77502289414406
C-cgPb_N2dY--0,static,24,-125.11955615505576,8,-80.28597107157111
AVb1VABiJJ8--10,static,23,-102.03158190101385,10,-79.95386753976345
Lt5GAA6MIuM--1,static,19,-113.08464826550335,8,-89.01362173631787
gp0w_zrLgfw--10,static,12,-69.22143115848303,6,-43.94831120967865
eBj_HUu0CNw--29,static,12,-56.064377814531326,4,-28.413650035858154
QiJgNpX3zN0--11,static,21,-85.4456449970603,8,-67.41271658241749
faZQNy4aErk--32,static,20,-92.99526973068714,5,-43.48135423660278
aDwdB7xHAOE--10,static,17,-88.2429921105504,9,-72.25695809721947
YsuSHJ3klEs--7,static,24,-110.14828862808645,8,-95.05907216481864
MYGqMojGwBE--217,static,13,-55.85251294076443,6,-35.387016624212265
8DmlFztO2XM--0,static,21,-84.56826991401613,5,-59.249072859063745
gp0w_zrLgfw--20,static,28,-164.64428646862507,10,-120.54403769224882
MYGqMojGwBE--258,static,15,-74.96974160894752,5,-41.95896342024207
40BjLI5XtJE--10,static,22,-100.9627005122602,7,-56.646471206098795
fulQKWknVhw--12,static,31,-154.29529668577015,7,-75.37539807893336
myIXH3PjvoI--122,static,12,-50.60982698202133,4,-30.611500144004822
jMdxYlvrkbk--7,static,22,-97.62946605682373,6,-70.78795590996742
-X_zmve1y00--14,static,19,-120.50357834249735,8,-79.0302836894989
sktRu3sp97g--15,static,16,-53.091690354049206,7,-39.281715869903564
7byz3fdI-Ss--16,static,9,-21.04684703797102,4,-18.45223978161812
809a3a5e02d1-119,static,11,-41.081284299492836,4,-22.147263817489147
Rc99bcSdhak--14,static,8,-35.49260024726391,3,-15.680768489837646
v0g35qCOCwU--0,static,25,-110.62487601581961,10,-74.44150426983833
N6jpL7uibFI_e2,static,24,-98.2412253478542,6,-63.63311876449734
MYGqMojGwBE--282,static,16,-59.47537508606911,6,-35.95316255092621
mjvqIq_fvRY--10,static,25,-115.28301713988185,9,-98.84397329390049
lZarpnV0alw--12,static,14,-73.64414229616523,2,-57.63217758759856
mXq8axygjdE--28,static,32,-166.5160049200058,12,-119.84857231378555
IjeHLt1vNoM--3,static,20,-101.46483434736729,8,-76.95117390155792
6_yO8Lc8Hd4--16,static,21,-78.47551516070962,3,-24.073096249252558
HBQwzyxvkZA--237,static,16,-70.77632200531662,7,-56.56123165600002
CRJSZ2e7BU0--8,static,30,-119.30140530318022,10,-98.62744984775782
K4eNr2k2Lls--19,static,14,-74.9332585260272,6,-47.466017723083496
U5Tq9r7saZU--19,static,16,-63.19429185241461,5,-45.97146110236645
uYaUCNl1j10--3,static,34,-126.65077195782214,11,-104.7695766845718
3gKelnCwuj8--0,static,17,-55.17759634554386,6,-53.084016636013985
ZVE_KjrY_po--22,static,21,-82.29928405955434,8,-70.97910650447011
i4j5Bj2NL1c--11,static,28,-174.03145256638527,10,-131.75333514809608
9b0136913690-57,static,20,-101.21085680276155,4,-79.97613210976124
wwpptVjgAws--10,static,32,-170.23790235910565,11,-116.67934310156852
gp0w_zrLgfw--13,static,28,-109.43035710218828,10,-75.2558356410591
HBQwzyxvkZA--129,static,15,-38.490070939064026,6,-30.695082753896713
fqJW-F3WIYc--0,static,21,-75.6797277778387,8,-61.23882757127285
xnY08sy7Sqk--6,static,13,-63.38437758386135,4,-56.50704741477966
maCRL8WG0GQ--3,static,10,-82.56201821565628,5,-45.951493084430695
xnY08sy7Sqk--3,static,25,-112.05841811513528,9,-87.76543291425332
AVb1VABiJJ8--13,static,16,-100.7528258501552,7,-91.25924515118822
HBQwzyxvkZA--331,static,16,-44.38090751320124,4,-34.25242156535387
HBQwzyxvkZA--79,static,24,-94.09641446918249,8,-54.316123351454735
0bk98uIiTS8--18,static,15,-60.28442369401455,5,-44.509954623878
OJxSniCPUpI--2,static,15,-60.33963304758072,6,-56.26129800081253
m-w_78fDg9M--11,static,28,-163.36647607199848,9,-106.13045240752399
mDUCHJerTtE--9,static,14,-71.14536985754967,4,-41.12416860461235
BTqVQCBPUzg--94,static,8,-40.471424132585526,2,-20.68031358718872
CAzt5cxtSjQ--13,static,23,-116.01005871593952,11,-80.0384761095047
8DmlFztO2XM--1,static,27,-135.09799036756158,10,-90.26749036833644
ZVE_KjrY_po--4,static,16,-79.36272845603526,4,-61.66122262366116
9b0136913690-78,static,20,-111.2537329941988,7,-64.91760441660881
5n_IGU5rYYk--24,static,29,-175.2738421820104,11,-85.85884580016136
HBQwzyxvkZA--131,static,18,-66.26313170790672,4,-58.752464950084686
lZarpnV0alw--2,static,21,-112.34339586831629,7,-93.90555172599852
6_yO8Lc8Hd4--5,static,25,-114.26181149948388,8,-70.47057715151459
u7wx4rUBg_k--5,static,22,-99.78681261092424,7,-72.15774608403444
w_xCnJVyPYA_e1,static,17,-83.23298731446266,5,-70.27177754044533
BTqVQCBPUzg--105,static,15,-52.39000391587615,5,-37.54602291807532
d5Lx_5-UiHY--111,static,11,-64.7543808221817,2,-20.928359389305115
HBQwzyxvkZA--330,static,33,-100.31223572045565,10,-54.87665418908
lcBujGRLwE0--38,static,31,-120.49118372332305,9,-105.65744168590754
oPITLi0VKh8--1,static,19,-68.02270667441189,7,-50.283203810453415
s_8IbRRsr0Q--0,static,35,-148.55445871688426,9,-88.44123432971537
lZarpnV0alw--11,static,18,-65.72361753880978,5,-32.853087812662125
NDYHcIF50eE--19,static,9,-37.70281554758549,2,-17.902917876839638
fqJW-F3WIYc--5,static,25,-117.21983117144555,8,-100.93183435779065
yb7efY9x78U--0,static,33,-139.46162055246532,9,-70.20645364187658
fYxijWb0b_s--28,static,16,-99.77713365107775,6,-90.73496872186661
HBQwzyxvkZA--140,static,19,-80.50693388283253,6,-72.42634363472462
ojYFIliNLGI--2,static,22,-113.96468372642994,11,-84.2416183501482
q4RnudGCU18--15,static,20,-98.36820007301867,5,-72.6849564705044
xnY08sy7Sqk--12,static,15,-77.60202457010746,5,-69.27716547250748
Zc2bgIDZ-Ks--57,static,9,-28.75138959288597,4,-22.952096223831177
QiGhWfjM2FI--18,static,23,-118.44277249276638,7,-74.07931884378195
nvfK4jQ7MH0--7,static,16,-100.23031575232744,7,-70.0788791179657
OJxSniCPUpI--19,static,17,-73.2115228138864,9,-59.44046524912119
mDUCHJerTtE--0,static,14,-45.18202594667673,5,-35.26131688058376
dPuKX_lM4Zc--114,static,8,-32.84211105108261,3,-29.44032382965088
pMbMjjSj1fM--24,static,24,-146.52599512785673,5,-130.92726983875036
AZ2s4Adm9RU--25,static,15,-55.9866329357028,5,-30.417239725589752
KmW8f1GVTYY--45,static,20,-91.3642904041335,8,-87.23184305708855
faZQNy4aErk--59,static,21,-102.87984442710876,6,-81.37808230519295
HBQwzyxvkZA--69,static,20,-101.17480006814003,8,-64.16170033812523
9b0136913690-9,static,11,-29.73260223120451,5,-23.62147879600525
ef52bca1a454-70,static,8,-40.04770053550601,3,-29.01368737220764
wUH1dDbu9B4--3,static,26,-157.59110187739134,6,-147.6949973255396
nvfK4jQ7MH0--1,static,20,-49.2386748958379,4,-17.10509026236832
HBQwzyxvkZA--229,static,17,-35.97746880352497,7,-26.423982739448547
HBQwzyxvkZA--76,static,16,-53.66702500730753,5,-31.322837114334106
1xJ_dkBcAIU--6,static,16,-109.38536126352847,7,-93.27120167948306
vyBaeFU8J_k--0,static,13,-79.32787042856216,4,-62.1648970246315
lSLqIyupXrk--15,static,15,-64.90250574052334,6,-45.679476737976074
HBQwzyxvkZA--280,static,17,-78.44068714231253,6,-56.751927852630615
0bk98uIiTS8--29,static,22,-84.20601575635374,6,-52.73526085726917
faZQNy4aErk--43,static,41,-203.85876095294952,13,-154.7533998657018
XcXCB---N9M--37,static,23,-109.544170178473,7,-70.22118797898293
LvN9Dxq2iLY--137,static,11,-34.58581770397723,4,-25.374255189672112
_r1S90f_nsM--6,static,17,-89.62417379394174,6,-52.15674713626504
8E-llRXuhl0--17,static,20,-91.61716050002724,7,-67.8035311633721
ijrjSBx7WTc--68,static,8,-30.783942967653275,3,-17.35994988679886
4DhGy83DK_s--26,static,15,-73.15519465133548,4,-37.03466249629855
oPITLi0VKh8--17,static,21,-105.89455758780241,6,-68.59620143473148
bOZ_Lap5FNA--17,static,22,-90.84834440983832,8,-69.09972185082734
4DhGy83DK_s--3,static,15,-60.51129502430558,4,-45.34769110754132
ZCBew8Fv0qA--22,static,42,-232.18789786100388,12,-164.79485794901848
klepEQSaeIk--12,static,16,-46.20377987995744,4,-21.7812758423388
lZarpnV0alw--9,static,10,-61.70516589283943,5,-53.59263268113136
o9DARfrZg2o--6,static,15,-58.57244707643986,3,-48.1370105445385
o9DARfrZg2o--3,static,18,-97.72654403746128,5,-68.89605405926704
AVb1VABiJJ8--8,static,8,-43.02435916475952,3,-25.97507637552917
ijrjSBx7WTc--42,static,8,-42.929842710494995,2,-20.34336531162262
kES_ZNjFKz8--10,static,17,-92.88879096135497,7,-69.41853320598602
ckGC5hUffDU--13,static,9,-52.2773926705122,3,-33.39282763004303
fqJW-F3WIYc--16,static,43,-211.41679378878325,13,-173.41503781359643
8E-llRXuhl0--21,static,20,-114.37710991874337,9,-86.44009434059262
MYGqMojGwBE--277,static,15,-82.37857919931412,6,-46.21370327472687
myIXH3PjvoI--48,static,17,-56.99382998794317,3,-25.027285419404507
KHL0wkbu0-s--4,static,16,-88.42529186606407,6,-57.07669135928154
jC6VuHNpTLM--8,static,28,-87.73529357172083,10,-76.80149664951023
myIXH3PjvoI--52,static,12,-23.018512416630983,3,-17.815648388117552
C-cgPb_N2dY--7,static,18,-100.82381170243025,7,-77.71105682849884
myIXH3PjvoI--92,static,13,-42.917635940015316,5,-26.111726976931095
6_yO8Lc8Hd4--11,static,26,-116.16776336729527,8,-80.97729387134314
o44YnPMhwPU--26,static,23,-99.71578113734722,9,-81.76857735216618
XcXCB---N9M--40,static,28,-129.1048275232315,9,-83.18556268513203
HBQwzyxvkZA--326,static,28,-140.6141880825162,9,-78.19311987608671
dkavvNigK7s--3,static,16,-59.34333552792668,6,-47.33899599686265
LvN9Dxq2iLY--9,static,14,-51.845342099666595,4,-38.18566392362118
QiJgNpX3zN0--2,static,13,-53.93727624416351,3,-26.626547187566757
KI0avgGkWiU--14,static,21,-87.65498717874289,9,-61.38082282990217
48couwymlMM--0,static,21,-86.81945916358382,6,-78.36646846029907
XcXCB---N9M--25,static,18,-102.9979395614937,7,-71.63971652556211
myIXH3PjvoI--39,static,16,-56.374935790896416,5,-39.17823213338852
nvfK4jQ7MH0--26,static,12,-36.38581320643425,3,-27.09309610724449
MYGqMojGwBE--103,static,15,-74.94587790966034,5,-44.48248088359833
LvN9Dxq2iLY--24,static,11,-58.1041878759861,3,-36.01444312930107
Sqa3ig2NN9Q--13,static,17,-49.52044475078583,6,-39.2121208012104
809a3a5e02d1-86,static,8,-39.316735684871674,2,-15.627268671989441
MYGqMojGwBE--62,static,15,-63.07181227207184,4,-43.78952443599701
pMbMjjSj1fM--16,static,23,-110.99843636900187,11,-97.26646561175585
mXq8axygjdE--66,static,18,-34.38545449078083,4,-29.421541817486286
vbq8QbOwOt4--17,static,20,-97.70196929201484,5,-70.67437959834933
dPuKX_lM4Zc--110,static,27,-126.51980950217694,11,-98.23726741969585
eabe1f38221a-52,static,15,-99.45026749372482,6,-74.64042288064957
LvN9Dxq2iLY--210,static,18,-83.94829971622676,5,-54.863672505132854
0bk98uIiTS8--42,static,22,-99.20185413770378,10,-82.42771715670824
faZQNy4aErk--40,static,17,-85.20989978313446,7,-67.95614343881607
Kq5HfchSWv8--2,static,9,-34.08126589655876,4,-22.225967034697533
ZMsnY_khlNQ--5,static,21,-127.8441681470722,7,-113.79958465509117
80Cx4CH-AVI--4,static,22,-126.88892689719796,8,-104.71673874929547
HBQwzyxvkZA--283,static,23,-100.73333601653576,10,-71.82755117118359
Nv3WLYio7Lc--1,static,20,-120.12272657081485,5,-109.33668100461364
KHL0wkbu0-s--24,static,18,-44.08348911255598,9,-32.72080072760582
BO1ehFUMWEs--21,static,27,-170.20181849598885,9,-143.73368211090565
QXsIVtanWdw--8,static,16,-87.73360724933445,5,-59.05845929868519
jN2lbHzIneI--10,static,16,-57.838300785049796,5,-33.810032119974494
_IyhoG9jXuM--10,static,11,-44.6658648699522,4,-42.22831277549267
Kq5HfchSWv8--23,static,17,-71.38409659639001,7,-46.29287213459611
LvN9Dxq2iLY--61,static,18,-108.23934818059206,7,-80.74558985978365
T-5au9lZhYI--9,static,11,-38.11517742276192,4,-32.47247564792633
mXq8axygjdE--81,static,19,-56.87225367128849,6,-36.93045775592327
HBQwzyxvkZA--213,static,23,-61.54930973239243,8,-47.554081784561276
fYxijWb0b_s--23,static,9,-32.044524759054184,3,-14.998975396156311
a8zp7ivHwBU--8,static,15,-67.78315267711878,7,-48.80614819377661
xnY08sy7Sqk--19,static,14,-58.17658436857164,5,-46.38697957992554
9bqfEh7BD3c--14,static,7,-26.038237541913986,3,-11.773474097251892
Zc2bgIDZ-Ks--48,static,8,-29.543121367692947,3,-19.2647345662117
ZCBew8Fv0qA--4,static,15,-82.0731058716774,5,-45.751622915267944
VwsRPJN7txM--8,static,18,-97.52214688807726,9,-71.83090996742249
W4YzurwHpfw--17,static,17,-77.28670232743025,8,-67.70929270237684
HBQwzyxvkZA--120,static,11,-45.36766867339611,5,-34.36702440679073
T-5au9lZhYI--6,static,14,-60.757327392697334,6,-47.394535303115845
5QMD024bDYs--23,static,16,-76.85901664942503,7,-46.90678595006466
AVb1VABiJJ8--22,static,20,-104.81094665080309,10,-89.72424349188805
QiJgNpX3zN0--9,static,18,-101.33181028068066,7,-69.5572015941143
nXA9Qpj2z7E--16,static,20,-128.4219609797001,6,-120.1865565776825
kytITkHoyls--2,static,10,-42.456650480628014,3,-18.651707775890827
KmW8f1GVTYY--42,static,23,-120.08702925592661,8,-87.25076627731323
m3Mmtpr-jjA--9,static,19,-74.12030093371868,6,-56.06311056762934
o44YnPMhwPU--42,static,11,-38.47405480220914,3,-21.670784652233124
BTqVQCBPUzg--96,static,11,-66.32922035455704,4,-47.55228614807129
uYaUCNl1j10--0,static,26,-134.774135671556,10,-100.5217522084713
oAhfJ8yB1j0--1,static,15,-82.23809480667114,4,-69.65576320886612
yb7efY9x78U--4,static,15,-66.91663444414735,5,-44.54022688046098
K4eNr2k2Lls--29,static,23,-92.96972568240017,6,-61.58084851782769
faZQNy4aErk--7,static,16,-74.31748285889626,4,-35.95437514781952
XcXCB---N9M--14,static,23,-97.99276268202811,7,-67.51338724512607
NaXDBBT5pkw--0,static,20,-103.83369797468185,5,-71.441497027874
rZG7T9ujMEo--3,static,9,-29.44452714920044,2,-10.205363750457764
0bk98uIiTS8--24,static,27,-114.70218927413225,8,-52.49277929216623
jN2lbHzIneI--8,static,29,-130.91727751865983,11,-112.84577095136046
wSEeoT9BqE0--16,static,27,-136.0252893231809,13,-101.90074026584625
wwpptVjgAws--2,static,13,-29.229944970458746,4,-9.350819911807775
xnY08sy7Sqk--15,static,9,-44.346307411789894,3,-22.89434242248535
eyqLkKS5Qkw--22,static,16,-60.69354968890548,7,-55.61105841398239
Sqa3ig2NN9Q--1,static,18,-112.94405576959252,5,-78.28300735726953
eabe1f38221a-65,static,14,-56.722714990377426,4,-21.683751702308655
ozS8Mx8AdH8--2,static,24,-110.74690921977162,10,-87.59828624501824
rZG7T9ujMEo--5,static,24,-116.05341720581055,8,-75.10104367136955
cw1YIV30nQM--2,static,10,-61.604488641023636,4,-50.547574520111084
MnCcM6PZrug--6,static,39,-194.36018733866513,13,-149.68616584129632
MnCcM6PZrug--4,static,23,-92.04945429228246,9,-78.51897959969938
K4eNr2k2Lls--16,static,15,-77.32313660532236,10,-76.2910803258419
W4YzurwHpfw--14,static,13,-65.14765818603337,4,-54.1101565156132
UBnqDwRds3A--18,static,23,-114.36923696100712,10,-99.06162041425705
ZVE_KjrY_po--12,static,19,-82.39617818966508,7,-44.014887262135744
IjeHLt1vNoM--6,static,29,-164.95244511961937,11,-126.06321376562119
BESRE5mtipE--14,static,11,-51.721719559282064,5,-37.53338936343789
9xc24mAlprE--12,static,9,-31.146369941532612,5,-25.832450039684772
6U9AFGakrn0--1,static,15,-80.57908222079277,5,-59.057016491889954
Lt5GAA6MIuM--14,static,12,-53.88251757621765,5,-40.71595937758684
Zc2bgIDZ-Ks--76,static,17,-53.05625423998572,3,-20.031829780200496
XcXCB---N9M--24,static,17,-111.27902783453465,5,-81.03835541009903
9xc24mAlprE--9,static,19,-67.8201966714114,6,-52.92591585032642
BESRE5mtipE--17,static,20,-89.91405603289604,10,-73.12159225344658
MYGqMojGwBE--32,static,14,-56.53119620680809,4,-46.810016483068466
Zc2bgIDZ-Ks--58,static,37,-150.99358067288995,11,-86.56684512272477
zu_bd3r2GIA--5,static,25,-113.5734977349639,4,-54.0526020526886
mjvqIq_fvRY--1,static,18,-79.6306280400604,6,-54.416635332629085
NaXDBBT5pkw--1,static,7,-22.227291584014893,2,-2.619191974401474
vyBaeFU8J_k--15,static,28,-139.80378944426775,8,-120.53192859888077
vyBaeFU8J_k--21,static,19,-73.24864991009235,8,-60.3944583684206
3Pk2c_Z4ahk--14,static,12,-56.26474477164447,5,-43.85787655226886
ZVE_KjrY_po--23,static,11,-52.11351329088211,3,-24.024456292390823
Lt5GAA6MIuM--11,static,34,-176.5685570500791,15,-139.07514997199178
lPzmjeJmsXo--40,static,12,-50.404092617332935,7,-33.43208360671997
lPzmjeJmsXo--11,static,17,-90.41077327728271,6,-66.64380629360676
91GVHgxW8RA--18,static,25,-110.67849890235811,8,-103.2783796498552
rZG7T9ujMEo--19,static,21,-109.25692404061556,8,-76.86775571107864
36YV-IPiUXM--11,static,31,-151.63071892783046,10,-128.50833624601364
Zc2bgIDZ-Ks--23,static,30,-141.39208015054464,11,-100.605463758111
3gKelnCwuj8--9,static,17,-78.31685903668404,8,-68.36470393836498
BTqVQCBPUzg--53,static,11,-64.62886291742325,5,-44.496477007865906
MYGqMojGwBE--86,static,16,-57.87930727750063,6,-45.21320319920778
R6_v5nqXuGg--0,static,23,-105.34222896397114,13,-104.96166817843914
lZarpnV0alw--4,static,20,-112.12902116030455,6,-99.74521546065807
0kldzhToGLc--0,static,21,-121.12558600190096,6,-104.01028868439607
Sqa3ig2NN9Q--8,static,16,-50.34839843213558,4,-35.48301400244236
Rblg5TE6TI0--29,static,28,-132.14089769124985,10,-90.84751310944557
nvfK4jQ7MH0--8,static,21,-108.47573497146368,10,-88.65964642167091
fYxijWb0b_s--18,static,15,-73.20746958255768,5,-57.50105261802673
HBQwzyxvkZA--267,static,7,-38.169057726860046,2,-19.94388437271118
gp0w_zrLgfw--7,static,29,-147.89508579671383,11,-83.62259571254253
3Pk2c_Z4ahk--20,static,27,-131.7842920422554,8,-105.77838299423456
Zc2bgIDZ-Ks--39,static,22,-77.3065966302529,7,-60.665102750994265
ZCBew8Fv0qA--7,static,16,-102.63152527809143,4,-84.65468788146973
MYGqMojGwBE--26,static,34,-181.58266818337142,7,-152.15904177725315
MYGqMojGwBE--36,static,10,-51.01992377638817,4,-29.50698494911194
36YV-IPiUXM--17,static,53,-270.5852457443252,14,-229.0145120928064
pMbMjjSj1fM--4,static,18,-92.4532692283392,6,-81.63154742121696
809a3a5e02d1-27,static,22,-128.4952221363783,6,-61.677838042378426
9xc24mAlprE--25,static,14,-83.12853648513556,6,-65.7788827419281
0kldzhToGLc--9,static,22,-90.37813756242394,9,-69.84443556889892
aDwdB7xHAOE--13,static,17,-78.11722067650408,6,-58.65352079924196
wUH1dDbu9B4--18,static,17,-97.87391990423203,7,-53.93326252698898
BO1ehFUMWEs--29,static,34,-169.07858844473958,8,-116.14921931549907
mXq8axygjdE--48,static,20,-74.02504803985357,7,-68.5361091569066
VwsRPJN7txM--7,static,11,-47.95296413823962,5,-44.02167074009776
ZMsnY_khlNQ--6,static,15,-69.92691715806723,6,-51.17533437907696
KHL0wkbu0-s--21,static,12,-50.76320606470108,5,-32.0397492274642
mjvqIq_fvRY--15,static,9,-33.576580286026,5,-26.36078429222107
o44YnPMhwPU--6,static,9,-53.54829502105713,4,-40.719735980033875
s_8IbRRsr0Q--11,static,38,-165.2957155520562,11,-138.29649605997838
ZMsnY_khlNQ--4,static,19,-87.58428601920605,8,-70.3119470179081
9b0136913690-50,static,20,-90.18470774590969,6,-44.05706153810024
5QMD024bDYs--4,static,19,-89.90247401967645,6,-60.0601648055017
MYGqMojGwBE--19,static,10,-76.04331350326538,5,-64.29697132110596
UBnqDwRds3A--16,static,21,-137.7316416501999,8,-65.87704014778137
q4RnudGCU18--23,static,24,-110.03053087787703,8,-62.1446174015291
vyBaeFU8J_k--3,static,14,-69.41617810726166,6,-49.21243816614151
jN2lbHzIneI--15,static,23,-89.88865149766207,8,-58.23337157070637
W4YzurwHpfw--5,static,13,-74.6001882776618,5,-58.33640378713608
3vCea9zWFek--3,static,17,-82.52819037809968,5,-48.005920220166445
wwpptVjgAws--15,static,47,-232.470009196084,13,-188.9379803123884
DF4fto_X1Y4--13,static,12,-41.97722113877535,4,-22.8687344789505
fulQKWknVhw--1,static,21,-81.34377091284841,8,-61.366503342054784
hgaKby5Mha4--34,static,21,-108.60120785236359,7,-82.240398645401
48couwymlMM--15,static,23,-71.63617329858243,7,-45.86233758740127
i4j5Bj2NL1c--3,static,24,-116.6737517490983,11,-95.97599592804909
cw1YIV30nQM--6,static,17,-100.8827136605978,7,-69.60601824522018
fqJW-F3WIYc--8,static,12,-46.90116787515581,5,-34.58291368000209
HBQwzyxvkZA--316,static,15,-56.572175770998,6,-45.54567255079746
LvN9Dxq2iLY--200,static,12,-70.48337517678738,5,-55.10861884057522
6MxCP_583q8_e4,static,9,-49.770539415068924,4,-40.91419069189578
HBQwzyxvkZA--57,static,21,-90.8271920029074,7,-65.02640968747437
yb7efY9x78U--15,static,23,-107.59136556368321,7,-88.73598965257406
l9bZYazJQ1w--2,static,9,-34.463577285408974,4,-30.22490057349205
3gKelnCwuj8--16,static,16,-87.6242140904069,7,-66.5581359565258
lSLqIyupXrk--7,static,11,-36.05107244476676,4,-23.41059184074402
HBQwzyxvkZA--230,static,15,-50.44651836156845,5,-29.14415317773819
q4RnudGCU18--11,static,10,-57.50295973569155,4,-39.33481585979462
AZ2s4Adm9RU--9,static,14,-61.847734823822975,5,-36.18984127044678
MYGqMojGwBE--95,static,18,-71.61668734624982,9,-55.020049061626196
17OIKvJmrK8--11,static,28,-127.66836421005428,9,-123.0219959449023
HBQwzyxvkZA--146,static,20,-82.46124258264899,7,-64.44154244661331
HBQwzyxvkZA--77,static,10,-33.26347862184048,3,-13.305657148361206
MYGqMojGwBE--235,static,8,-48.83756375312805,3,-29.1577730178833
JqYder5vRP4--0,static,11,-41.241180408833316,5,-31.277750838635257
eyqLkKS5Qkw--3,static,16,-87.2970568574965,8,-68.83208560943604
48couwymlMM--24,static,12,-48.245774894952774,5,-41.342697501182556
iGdg-iGlUFg--12,static,19,-95.789028596133,4,-65.91158306226134
K5lgB4YzOO0--4,static,27,-143.3859485834837,9,-127.89457947015762
m3Mmtpr-jjA--34,static,16,-70.59530071169138,9,-62.26072887331247
HBQwzyxvkZA--303,static,16,-75.8589168600738,3,-49.903208412230015
Rblg5TE6TI0--19,static,23,-138.1607220992446,12,-107.46460181474686
tDrI-9pSul0--6,static,21,-99.59643361717463,9,-84.6729382276535
6_yO8Lc8Hd4--19,static,11,-41.506163597106934,3,-15.580877780914307
faZQNy4aErk--51,static,22,-129.15181452035904,8,-58.0318638086319
d5Lx_5-UiHY--85,static,25,-88.00735790282488,10,-61.82586124539375
lSLqIyupXrk--2,static,12,-51.81238704919815,6,-38.48271989822388
sktRu3sp97g--3,static,15,-61.0514799952507,3,-18.45722246170044
MnCcM6PZrug--19,static,36,-160.1528560500592,11,-104.02075130306184
DP1ly_MsHHQ--2,static,20,-94.56504100188613,8,-57.541246470063925
mXq8axygjdE--65,static,15,-49.34117613732815,5,-32.36005054414272
Rblg5TE6TI0--32,static,12,-50.43467026948929,4,-37.897513806819916
4vfboqjtAXo_e3,static,14,-77.28190540522337,4,-50.577578477561474
HBQwzyxvkZA--313,static,21,-87.9760187715292,5,-70.30611708760262
vyBaeFU8J_k--5,static,33,-150.82904687151313,8,-110.09727520495653
5QMD024bDYs--5,static,15,-61.20743624866009,5,-41.16966976970434
3gKelnCwuj8--7,static,16,-48.40552662592381,6,-36.60416072141379
ef52bca1a454-78,static,16,-57.20231934636831,5,-39.033019326627254
4DhGy83DK_s--17,static,28,-99.41220739146229,8,-63.51247054047417
mXq8axygjdE--64,static,14,-60.317897737026215,5,-34.86997348070145
yAAWlkm-_KA--8,static,24,-121.89860819280148,10,-77.90138828754425
BTqVQCBPUzg--81,static,16,-80.9795258641243,7,-74.35785138607025
R6_v5nqXuGg--12,static,22,-73.10965819377452,6,-46.20435631368309
iwYL-ivQm6o--7,static,17,-77.68774035573006,6,-58.79875710606575
pMbMjjSj1fM--18,static,14,-44.54191220924258,6,-42.5466924123466
aDwdB7xHAOE--2,static,19,-83.27991073578596,4,-31.069941639900208
HBQwzyxvkZA--41,static,15,-53.81192760914564,4,-31.679996334016323
LvN9Dxq2iLY--174,static,20,-106.9090904071927,6,-97.24827686697245
faZQNy4aErk--55,static,14,-73.02624455839396,7,-59.217421770095825
uY7i-Y8gxn8--5,static,22,-129.31287274509668,6,-104.42135006934404
faZQNy4aErk--31,static,18,-83.55068442225456,8,-57.76184722781181
HBQwzyxvkZA--130,static,26,-99.03484738245606,8,-83.53902611508965
5QMD024bDYs--16,static,22,-101.4905858207494,8,-76.18483949638903
0bk98uIiTS8--41,static,27,-121.2972921114415,11,-95.0069994982332
Kq5HfchSWv8--27,static,18,-80.08300651609898,4,-62.65705023705959
kES_ZNjFKz8--15,static,18,-92.74316906929016,4,-85.46015954017639
vZt56rnH8QQ--0,static,16,-90.26285016629845,9,-68.38131401035935
n12WICGyBJ4--35,static,15,-92.7064705491066,6,-73.45025986433029
MYGqMojGwBE--122,static,10,-43.130053132772446,3,-21.106145590543747
lcBujGRLwE0--8,static,29,-143.16730527579784,9,-89.41993150115013
ckGC5hUffDU--8,static,18,-115.32734348252416,5,-106.83418641611934
jN2lbHzIneI--11,static,38,-136.8409166727215,12,-112.65919000655413
MYGqMojGwBE--284,static,16,-73.0284288674593,6,-38.108800172805786
aDwdB7xHAOE--6,static,27,-127.62432702630758,9,-91.42090766876936
g4GfKC7z-2M--22,static,19,-105.26633274555206,4,-80.51008540391922
XcXCB---N9M--6,static,12,-44.30591433867812,5,-31.77421997487545
zu_bd3r2GIA--8,static,16,-52.148979170713574,5,-36.020238562021405
u7wx4rUBg_k--8,static,19,-111.41535426676273,9,-70.28141114115715
-X_zmve1y00--11,static,14,-58.757527220994234,4,-22.669196873903275
DP1ly_MsHHQ--27,static,34,-110.39997368818149,9,-82.92822403972968
MYGqMojGwBE--163,static,13,-62.260280176997185,3,-32.837502762675285
HBQwzyxvkZA--191,static,10,-23.85444839298725,3,-19.992332577705383
8E-llRXuhl0--14,static,25,-118.84655775129795,8,-82.09815715253353
LvN9Dxq2iLY--130,static,11,-44.73869614303112,4,-28.84713840484619
lcBujGRLwE0--12,static,25,-110.65086198970675,8,-100.72825868055224
809a3a5e02d1-35,static,17,-109.48113261163235,8,-80.0138635635376
myIXH3PjvoI--5,static,25,-100.15620319731534,9,-72.81104357726872
ZCBew8Fv0qA--14,static,15,-74.0008724136278,4,-38.62774395477027
jC6VuHNpTLM--22,static,19,-90.62653402239084,6,-79.5250532925129
MYGqMojGwBE--241,static,27,-97.66237073391676,6,-60.44476693868637
m-w_78fDg9M--7,static,22,-118.57424364984035,7,-65.64270359277725
0kldzhToGLc--16,static,15,-68.96114782243967,7,-49.25467862188816
vbq8QbOwOt4--0,static,25,-142.27683395519853,13,-101.13299867138267
8w6k4jEJJlU--3,static,11,-72.20898933708668,5,-59.77290506660938
eGkBCS1t9-E--16,static,24,-113.97817634791136,8,-92.75654610991478
Rblg5TE6TI0--33,static,26,-127.64623650722206,11,-105.26971670053899
0Z5d6D2vBbc--3,static,12,-43.746482860296965,4,-32.34814666584134
ijrjSBx7WTc--53,static,21,-84.77378966659307,5,-65.36445224285126
HBQwzyxvkZA--169,static,17,-58.72559855878353,7,-44.06542341411114
LvN9Dxq2iLY--104,static,7,-34.55231361091137,4,-26.62393307685852
vZt56rnH8QQ--9,static,15,-83.32744705304503,7,-60.39538359642029
UBnqDwRds3A--12,static,9,-56.4148136228323,2,-19.037179946899414
w_xCnJVyPYA_e3,static,13,-55.48733627796173,3,-21.933961749076843
BESRE5mtipE--10,static,14,-46.05465057119727,5,-22.46173432096839
eBj_HUu0CNw--7,static,17,-67.96777259930968,6,-47.705487322062254
mXq8axygjdE--8,static,9,-54.46508680284023,3,-38.089011669158936
jC6VuHNpTLM--10,static,19,-95.57580406963825,8,-75.47033461928368
Rc99bcSdhak--15,static,23,-89.80314421840012,8,-58.12538697011769
ef52bca1a454-75,static,9,-32.52935540303588,5,-31.25232544541359
vbq8QbOwOt4--13,static,23,-74.06943597504869,7,-73.76140024373308
vbq8QbOwOt4--5,static,25,-128.34808379411697,5,-87.5771821141243
UBnqDwRds3A--15,static,19,-126.95327797532082,6,-80.15812182426453
2B2z46vgaAA--19,static,14,-62.68921129591763,5,-39.498876044526696
xnY08sy7Sqk--22,static,21,-136.26269584149122,7,-120.16233807057142
lAFiWmUUHOg--15,static,15,-75.40317373070866,5,-44.53477661404759
MYGqMojGwBE--65,static,13,-54.25400851666927,6,-47.02706526219845
zu_bd3r2GIA--12,static,17,-72.92471504211426,4,-52.22994604706764
9b0136913690-90,static,15,-71.20271808467805,4,-46.17294114641845
fqJW-F3WIYc--18,static,21,-105.6055825650692,9,-76.93152446299791
jLwvQ4URDFY--16,static,9,-40.31759845837951,3,-23.276469822973013
BO1ehFUMWEs--37,static,12,-54.55367597937584,3,-29.594253182411194
fYxijWb0b_s--5,static,12,-55.24143370985985,4,-52.91304016113281
6_yO8Lc8Hd4--3,static,36,-203.84577468037605,14,-158.40603759884834
17OIKvJmrK8--7,static,16,-99.90860593318939,7,-65.07173484563828
iGdg-iGlUFg--7,static,20,-90.12296940386295,8,-61.9126757979393
ZMsnY_khlNQ--11,static,29,-102.02680950239301,8,-88.548523273319
-X_zmve1y00--9,static,17,-81.51781752705574,6,-53.721995413303375
fqJW-F3WIYc--11,static,28,-98.28978278115392,7,-62.90162244066596
Lt5GAA6MIuM--27,static,21,-96.74353978037834,7,-65.87152507901192
tDrI-9pSul0--9,static,24,-96.45529874274507,8,-87.1315417685546
maCRL8WG0GQ--9,static,18,-94.14825861901045,8,-64.89938375353813
HBQwzyxvkZA--179,static,13,-51.52356220781803,4,-31.577274307608604
C6CIPVno_yQ--10,static,22,-113.84223699569702,7,-62.53008145093918
dkavvNigK7s--13,static,29,-144.29496489837766,12,-111.61967485770583
9bqfEh7BD3c--2,static,27,-141.57446779310703,9,-97.79855854064226
spDHZsNp4RA_d,static,22,-135.48483257740736,8,-117.76819800585508
KI0avgGkWiU--9,static,23,-63.89259126409888,6,-49.09039991721511
jLwvQ4URDFY--27,static,36,-177.66553618572652,10,-122.56276475451887
BO1ehFUMWEs--30,static,37,-205.1536564901471,11,-131.98751017451286
lPzmjeJmsXo--31,static,21,-107.99156707525253,7,-71.60690104961395
vyBaeFU8J_k--8,static,11,-33.51205242797732,4,-19.296931978315115
BESRE5mtipE--19,static,21,-78.8662424236536,8,-58.604361191391945
NDYHcIF50eE--0,static,33,-140.3969455845654,15,-111.22222311794758
MYGqMojGwBE--109,static,20,-118.02563060820103,9,-109.03203858435154
9b0136913690-8,static,17,-59.13559524714947,4,-49.13569192588329
_T-35xhqSkE--11,static,17,-91.55666047334671,3,-64.10184228420258
myIXH3PjvoI--37,static,11,-32.732589572668076,3,-22.481864005327225
ozS8Mx8AdH8--13,static,21,-94.4045241586864,6,-71.38687897101045
NDYHcIF50eE--3,static,26,-98.79442356526852,12,-81.41359317675233
809a3a5e02d1-19,static,16,-68.91855565458536,7,-45.726976469159126
rYcw__0tDhw--17,static,21,-89.65333221293986,4,-29.5187283847481
HBQwzyxvkZA--311,static,16,-38.985454644076526,4,-30.955159957520664
HBQwzyxvkZA--236,static,14,-48.765361323952675,3,-29.742139101028442
wUH1dDbu9B4--29,static,18,-83.87127812951803,8,-66.23786103725433
l9bZYazJQ1w--18,static,23,-117.28710309788585,6,-72.44965427741408
faZQNy4aErk--76,static,28,-96.33453766535968,6,-61.5802062517032
dkavvNigK7s--14,static,17,-87.06697974167764,6,-53.438815174624324
YsuSHJ3klEs--14,static,17,-79.19148326665163,6,-39.36639115214348
MYGqMojGwBE--38,static,21,-95.33070572186261,6,-60.896851365454495
dPuKX_lM4Zc--107,static,12,-54.622019946575165,3,-41.21608924865723
OJxSniCPUpI--9,static,17,-72.75647070258856,4,-65.59462520480156
CRJSZ2e7BU0--10,static,17,-85.18674503266811,7,-61.09173412621021
MYGqMojGwBE--128,static,16,-67.12607918307185,5,-32.144715785980225
myIXH3PjvoI--47,static,18,-78.49845536798239,4,-60.3902288004756
cw1YIV30nQM--22,static,17,-77.94100134447217,4,-58.058021534234285
KmW8f1GVTYY--10,static,13,-61.74690565466881,6,-52.312605023384094
ijrjSBx7WTc--67,static,24,-136.07327097654343,7,-111.8483250439167
gXa0qcoWrsQ--4,static,13,-43.81619599869009,3,-36.74184520205017
Zc2bgIDZ-Ks--45,static,36,-159.12896612286568,12,-115.12880501896143
36YV-IPiUXM--10,static,39,-182.86765607679263,11,-122.96036923164502
36YV-IPiUXM--8,static,32,-142.86720838118345,10,-109.42500163335353
HBQwzyxvkZA--320,static,16,-79.01115296781063,5,-57.19246131181717
QiJgNpX3zN0--1,static,12,-51.70008844137192,4,-46.070935510098934
U5Tq9r7saZU--15,static,31,-139.86332667199895,13,-106.55159280030057
pMbMjjSj1fM--11,static,16,-107.8722512125969,7,-87.09549629688263
oPITLi0VKh8--20,static,17,-60.06370312534273,4,-26.4836618732661
ci_iGsLDZ9w_e1,static,18,-76.86960227787495,5,-68.92155162990093
NDYHcIF50eE--16,static,32,-137.8195611909032,9,-102.537178568542
KmW8f1GVTYY--15,static,16,-97.13792445510626,6,-70.06540849804878
ci_iGsLDZ9w_d,static,8,-56.77350068092346,3,-35.71572136878967
6OlSDCcwM10--25,static,12,-43.594216383993626,3,-31.108746699988842
8w6k4jEJJlU--0,static,20,-88.8901422098279,6,-61.56721983104944
myIXH3PjvoI--97,static,17,-67.44889114797115,6,-50.25124028325081
9b0136913690-12,static,8,-41.97225779294968,2,-21.852744817733765
91GVHgxW8RA--7,static,33,-177.52325709164143,11,-139.04329998791218
eabe1f38221a-36,static,10,-39.42117264866829,3,-20.044198781251907
6_yO8Lc8Hd4--2,static,17,-90.19266547262669,7,-57.63527312874794
KmW8f1GVTYY--46,static,12,-61.79695887491107,4,-42.57113127037883
9bqfEh7BD3c--13,static,18,-69.17282705195248,5,-64.08251077868044
VwsRPJN7txM--9,static,18,-86.74661639612168,6,-70.16167474817485
QXsIVtanWdw--5,static,9,-34.51081445813179,3,-21.973207354545593
S9ymb66ZqqY--8,static,11,-62.27437937259674,5,-47.53413438796997
LvN9Dxq2iLY--33,static,12,-46.84881854057312,5,-41.43232876062393
K4eNr2k2Lls--21,static,21,-98.90397420525551,8,-94.07005276530981
wSEeoT9BqE0--21,static,34,-132.17624097689986,9,-110.56959102675319
LvN9Dxq2iLY--12,static,16,-68.5920280367136,4,-48.39551496505737
faZQNy4aErk--6,static,14,-61.89496785402298,5,-37.18129253387451
WabgM-SmPzU_e1,static,12,-41.37234514579177,4,-30.736907955259085
wmTrG799MAo--12,static,17,-60.04440177604556,6,-30.784241888672113
i4j5Bj2NL1c--13,static,14,-84.14079858735204,5,-72.6795358248055
nvfK4jQ7MH0--3,static,22,-131.68578850477934,7,-117.51755922287703
ojYFIliNLGI--0,static,23,-85.56639406253817,8,-62.714263873000164
HBQwzyxvkZA--203,static,12,-49.878191124647856,6,-42.250306129455566
vZt56rnH8QQ--1,static,11,-54.051482796669006,5,-48.98457407951355
NaXDBBT5pkw--17,static,16,-68.13739931955934,5,-43.04196748510003
9bqfEh7BD3c--23,static,20,-101.96104825288057,9,-73.1261713579297
eyqLkKS5Qkw--20,static,12,-62.03321924060583,5,-52.2708078622818
vbq8QbOwOt4--14,static,26,-126.60161429271102,13,-96.54894592612982
faZQNy4aErk--25,static,13,-73.6659989580512,2,-52.92861890792847
s_8IbRRsr0Q--13,static,12,-54.59242182970047,6,-45.327676594257355
lcBujGRLwE0--7,static,25,-144.787111265352,7,-100.38683897419833
CAzt5cxtSjQ--17,static,15,-64.70016127079725,4,-28.587095692753792
m3Mmtpr-jjA--22,static,9,-40.49188507348299,4,-33.600243270397186
9b0136913690-67,static,8,-49.84627366065979,1,-9.544169425964355
HBQwzyxvkZA--34,static,14,-60.24431437253952,5,-47.771419286727905
HBQwzyxvkZA--151,static,15,-74.44007867574692,6,-61.8915741443634
ozS8Mx8AdH8--14,static,25,-116.483065482229,9,-94.93801806494594
AZ2s4Adm9RU--14,static,14,-74.68110266793519,3,-41.763950519263744
KmW8f1GVTYY--48,static,12,-46.114191092550755,6,-34.253406301140785
dPuKX_lM4Zc--103,static,10,-27.100278593599796,3,-20.031776905059814
OEM3CR-HYmk--22,static,16,-48.44318758696318,3,-35.31245581060648
lcBujGRLwE0--11,static,28,-145.02257505059242,9,-136.69208166748285
d5Lx_5-UiHY--101,static,8,-25.05242308974266,1,-7.536287993192673
vZt56rnH8QQ--8,static,27,-158.42385624349117,12,-88.16948007792234
BO1ehFUMWEs--7,static,18,-117.47973710298538,6,-95.9930911064148
HBQwzyxvkZA--99,static,11,-27.54252878576517,5,-26.644733287394047
s_8IbRRsr0Q--22,static,13,-57.504071705043316,5,-40.279563777148724
fvHtYcL913U--15,static,13,-51.7917143702507,5,-33.56122778356075
sktRu3sp97g--2,static,11,-51.03171241283417,6,-35.26691997051239
BO1ehFUMWEs--10,static,27,-153.35261513106525,6,-109.28780381940305
lSLqIyupXrk--18,static,23,-112.55144057422876,8,-85.71780303120613
xFEQrtosric--9,static,9,-46.10136692970991,4,-33.59676232933998
ef52bca1a454-29,static,10,-43.61881933361292,3,-23.796880155801773
q4RnudGCU18--28,static,30,-166.37287597358227,14,-105.29937537014484
HBQwzyxvkZA--93,static,15,-65.33977007865906,6,-39.95366358757019
ijrjSBx7WTc--51,static,20,-62.42243792116642,7,-58.04539230465889
U5Tq9r7saZU--13,static,33,-166.69399031624198,11,-134.4824955202639
d5Lx_5-UiHY--73,static,11,-39.43182273209095,3,-21.076879024505615
s_8IbRRsr0Q--25,static,19,-67.96878840774298,7,-41.07206517457962
LvN9Dxq2iLY--17,static,13,-48.73995382711291,3,-30.6708821952343
lcBujGRLwE0--19,static,31,-163.620362713933,12,-134.75955383479595
9bqfEh7BD3c--18,static,12,-63.97875142097473,4,-39.41889774799347
iwYL-ivQm6o--16,static,20,-76.55085761845112,5,-52.18329361081123
myIXH3PjvoI--115,static,16,-77.0336891412735,7,-59.43721139431
gXa0qcoWrsQ--23,static,23,-89.9611354341032,6,-62.09207417268772
hYNyIXYmoYs--0,static,14,-91.09138287603855,5,-80.60803365707397
40BjLI5XtJE--1,static,12,-68.8770357966423,5,-42.70361465215683
Zc2bgIDZ-Ks--28,static,16,-56.98896103352308,6,-53.73245892673731
vbq8QbOwOt4--18,static,21,-92.95297980681062,8,-51.49846024438739
fulQKWknVhw--25,static,23,-109.38025623979047,7,-52.84832577081397
n12WICGyBJ4--17,static,11,-63.07510885596275,5,-57.27084144949913
OEM3CR-HYmk--8,static,9,-46.46061158180237,3,-18.012056827545166
6OlSDCcwM10--0,static,14,-54.58847324177623,4,-29.60077267885208
K4eNr2k2Lls--31,static,18,-121.03132420778275,7,-88.8148844242096
8DmlFztO2XM--4,static,22,-101.8823621571064,7,-80.17327181994915
gXa0qcoWrsQ--1,static,29,-154.97237065434456,8,-130.55535133183002
6_yO8Lc8Hd4--18,static,33,-128.9351398695726,7,-75.24522819113918
dPuKX_lM4Zc--81,static,19,-89.65861172229052,6,-43.98098836839199
egjhIFJbR2I--1,static,17,-46.706651628017426,5,-45.881150767207146
3vCea9zWFek--8,static,15,-41.05637108604424,4,-28.887007259530947
2B2z46vgaAA--25,static,9,-42.1883901655674,4,-32.61440494656563
QiGhWfjM2FI--29,static,13,-55.9839608296752,6,-37.996321216225624
wefigjf46u4--7,static,22,-102.85503392666578,9,-67.56077443063259
MYGqMojGwBE--188,static,10,-36.50895884260535,4,-29.84831940755248
Kq5HfchSWv8--3,static,10,-50.61295326054096,3,-25.446553021669388
5n_IGU5rYYk--31,static,24,-112.6661597341299,11,-80.60707096755505
HBQwzyxvkZA--43,static,13,-59.12200204282999,4,-27.422502771019936
7byz3fdI-Ss--10,static,16,-70.9876786810346,5,-36.606467959005386
mjvqIq_fvRY--2,static,20,-74.93503354489803,8,-34.64703096821904
Lt5GAA6MIuM--8,static,19,-86.49980928003788,5,-46.50263147056103
uR-nzhB6D8g--11,static,13,-69.1690730676055,5,-53.81545162200928
vyBaeFU8J_k--16,static,25,-117.58741167839617,6,-44.278235479258
myIXH3PjvoI--85,static,21,-99.73863779380918,7,-83.7744958885014
gW1N-ttBBTo--2,static,9,-28.78503468632698,2,-13.981310844421387
K4eNr2k2Lls--30,static,29,-159.30343967676163,9,-124.25913083553314
s_8IbRRsr0Q--20,static,21,-83.86382348835468,10,-71.03849124908447
rZG7T9ujMEo--13,static,12,-48.53880042396486,4,-45.23587145470083
_IyhoG9jXuM--1,static,17,-79.4813537336886,8,-65.67916975542903
6OlSDCcwM10--15,static,18,-83.50642428919673,7,-76.3012762144208
OtlvzXZG_Uk_e1,static,15,-80.59277135133743,4,-62.478994369506836
iwYL-ivQm6o--8,static,9,-35.317124873399734,4,-24.599017336964607
Lt5GAA6MIuM--4,static,25,-144.34003733843565,8,-105.07444858551025
mDUCHJerTtE--6,static,23,-108.34710478037596,8,-81.17837819457054
BTqVQCBPUzg--107,static,21,-89.16246794164181,8,-65.05168448388577
80Cx4CH-AVI--17,static,8,-37.12415328621864,6,-28.196635395288467
0Z5d6D2vBbc--11,static,35,-179.68810800090432,13,-144.26686656102538
BTqVQCBPUzg--110,static,8,-41.86632579565048,3,-32.16497850418091
lZarpnV0alw--14,static,11,-62.55361211299896,4,-36.952377796173096
mjvqIq_fvRY--22,static,20,-112.44050385057926,9,-87.45619568228722
g4GfKC7z-2M--7,static,20,-121.02431835234165,7,-100.68468488752842
gp0w_zrLgfw--17,static,29,-117.11276742449263,10,-78.76447774103144
UBnqDwRds3A--8,static,25,-102.47522981232032,7,-58.612080407794565
MYGqMojGwBE--219,static,10,-56.22315263748169,4,-32.39868974685669
809a3a5e02d1-116,static,9,-35.96661476790905,3,-22.076770052313805
ckGC5hUffDU--5,static,15,-56.522582702338696,5,-29.774620555341244
faZQNy4aErk--18,static,23,-144.13525088131428,7,-144.0165290236473
uYaUCNl1j10--8,static,25,-102.86515027284622,10,-72.74869863688946
jN2lbHzIneI--4,static,31,-172.46857006847858,10,-154.55626283586025
LvN9Dxq2iLY--86,static,12,-66.06010634824634,2,-46.26196877285838
Zc2bgIDZ-Ks--85,static,25,-106.12207813560963,6,-81.14894662797451
m3Mmtpr-jjA--38,static,26,-115.57916808128357,11,-98.93317662924528
q4RnudGCU18--13,static,26,-120.1174689233303,9,-80.8313729763031
aDwdB7xHAOE--5,static,15,-70.3930247053504,4,-65.76714903116226
s_8IbRRsr0Q--8,static,8,-25.967888548970222,2,-15.229103088378906
C-cgPb_N2dY--3,static,12,-47.227900959551334,6,-37.18401828408241
sktRu3sp97g--11,static,19,-82.68545907735825,7,-66.10504148900509
4DhGy83DK_s--13,static,17,-78.74832210503519,5,-56.967917405068874
MYGqMojGwBE--182,static,18,-87.83406749367714,7,-57.751575857400894
l9bZYazJQ1w--16,static,12,-61.108477845788,5,-35.92613768577576
Xmm9ZyMy12g--8,static,16,-64.88763417676091,4,-54.49991236254573
C6CIPVno_yQ--20,static,22,-112.84517714194953,9,-102.7693837992847
DF4fto_X1Y4--2,static,14,-50.25301072746515,5,-38.43028648197651
HBQwzyxvkZA--100,static,12,-26.85462373495102,2,-7.703003764152527
dkavvNigK7s--30,static,14,-65.09668338298798,6,-48.825379848480225
4DhGy83DK_s--35,static,28,-111.89184199355077,6,-56.051243287394755
ZVE_KjrY_po--8,static,23,-104.91747908107936,9,-84.6355423759669
lPzmjeJmsXo--14,static,27,-160.3783736228943,10,-124.72078022360802
d5Lx_5-UiHY--36,static,12,-42.74029239267111,4,-17.9880872964859
xFEQrtosric--2,static,26,-147.75605255365372,9,-130.2911613881588
MYGqMojGwBE--215,static,15,-82.38316690921783,6,-41.760260820388794
6_yO8Lc8Hd4--6,static,29,-137.6474262289703,10,-111.50643024593592
vbq8QbOwOt4--1,static,16,-83.51305221766233,6,-41.0706667304039
5n_IGU5rYYk--2,static,20,-75.75759978033602,8,-62.268003256991506
ZMsnY_khlNQ--15,static,9,-45.71773295849562,2,-19.511923789978027
myIXH3PjvoI--4,static,14,-35.34393222630024,6,-23.1893050968647
q4RnudGCU18--26,static,28,-110.2240181826055,10,-87.05909810587764
HBQwzyxvkZA--165,static,12,-41.075559547171,4,-36.882216503843665
o9DARfrZg2o--1,static,21,-108.08304481953382,8,-80.01602381467819
uR-nzhB6D8g--1,static,16,-53.78963677957654,6,-33.41780911758542
RIwfym39VVM_e3,static,21,-104.66441418230534,6,-67.5357121527195
wwpptVjgAws--0,static,29,-106.30335676856339,13,-85.33069983310997
9b0136913690-52,static,14,-70.7679291665554,3,-37.06905700266361
Lt5GAA6MIuM--17,static,22,-126.31397437304258,10,-96.06671057641506
klepEQSaeIk--1,static,36,-190.1866811993532,11,-118.18785348115489
Lt5GAA6MIuM--28,static,13,-61.24925747513771,4,-45.738698214292526
ef52bca1a454-8,static,13,-65.26132461428642,6,-38.514033794403076
jLwvQ4URDFY--14,static,34,-151.0936570125632,10,-116.00561695126817
LvN9Dxq2iLY--82,static,14,-43.37461940199137,4,-25.16710591316223
iwYL-ivQm6o--11,static,14,-51.18835822492838,4,-29.73180317878723
9b0136913690-59,static,16,-94.62637268286198,4,-90.55117814522237
KmW8f1GVTYY--33,static,13,-65.80584406852722,5,-56.45573341846466
NDYHcIF50eE--11,static,20,-88.06756535172462,3,-50.618015110492706
MYGqMojGwBE--279,static,9,-29.126444516703486,5,-26.455703793093562
tDrI-9pSul0--10,static,29,-202.57279378920794,10,-178.27136194705963
5n_IGU5rYYk--32,static,31,-136.9550225441344,7,-51.34986604982987
ijrjSBx7WTc--23,static,26,-115.38163414597511,9,-79.92229489982128
a8zp7ivHwBU--4,static,18,-87.73849669098854,6,-77.29657751321793
9bqfEh7BD3c--24,static,18,-107.01669509150088,5,-83.56478478945792
U5Tq9r7saZU--29,static,21,-99.42150192707777,11,-81.34012365341187
wSEeoT9BqE0--14,static,27,-156.79497057199478,8,-127.19923324882984
QiGhWfjM2FI--9,static,24,-89.2662684302777,11,-80.72957527451217
809a3a5e02d1-64,static,14,-67.16937602125108,4,-49.06108089350164
ckGC5hUffDU--6,static,26,-119.28786778450012,6,-91.20433554053307
o44YnPMhwPU--36,static,22,-82.98581520467997,11,-68.61116703599691
HBQwzyxvkZA--193,static,9,-28.02930273860693,4,-23.419388227164745
Kq5HfchSWv8--36,static,16,-72.47410814464092,4,-43.11550924926996
ZCBew8Fv0qA--3,static,13,-46.215050207450986,3,-27.58036403544247
91GVHgxW8RA--33,static,22,-80.18409586325288,6,-33.468575060367584
MYGqMojGwBE--211,static,13,-76.80921411514282,7,-51.332640409469604
hgaKby5Mha4--28,static,25,-114.99734896793962,8,-64.8131155334413
-X_zmve1y00--1,static,12,-33.285879880189896,3,-22.602683380246162
hgaKby5Mha4--1,static,23,-99.19292173534632,8,-72.83854980766773
BO1ehFUMWEs--1,static,21,-122.60660347342491,6,-97.67072868347168
OEM3CR-HYmk--3,static,12,-52.407968282699585,3,-30.877805292606354
R6_v5nqXuGg--5,static,18,-86.56021255254745,6,-61.297525107860565
rZG7T9ujMEo--2,static,14,-82.95229916647077,6,-68.7522851228714
HBQwzyxvkZA--143,static,9,-19.5144065618515,4,-17.7882017493248
HBQwzyxvkZA--319,static,22,-108.86259800940752,7,-81.89655283093452
3vCea9zWFek--39,static,23,-120.31241918355227,9,-84.35948872566223
tDrI-9pSul0--11,static,12,-59.29214361310005,6,-47.34253776073456
kxz4AA9lNmY_e4,static,17,-92.4901610580273,4,-77.49734699400142
zu_bd3r2GIA--28,static,14,-70.43808698281646,5,-61.589913073927164
Xmm9ZyMy12g--13,static,22,-125.45453205145895,6,-92.67384432442486
NTc0m4Q1-xU--0,static,17,-83.887884773314,7,-59.65243436396122
9xc24mAlprE--14,static,23,-97.14022935181856,9,-81.45979056507349
Rc99bcSdhak--5,static,37,-174.9651719108224,11,-130.17970057949424
HBQwzyxvkZA--286,static,24,-122.93173308670521,10,-91.45703428983688
Zc2bgIDZ-Ks--79,static,15,-49.04438050324097,4,-28.358572150114924
wefigjf46u4--10,static,8,-30.526947796344757,2,-18.602166175842285
wSEeoT9BqE0--2,static,20,-63.67049252858851,7,-56.51383532455657
o9DARfrZg2o--0,static,21,-144.42969244718552,7,-109.20911544561386
DP1ly_MsHHQ--15,static,30,-109.43159720301628,7,-79.64717710763216
C-cgPb_N2dY--16,static,21,-91.7481185644865,7,-55.6314851641655
6U9AFGakrn0--5,static,14,-69.0029467344284,4,-31.874137043952942
0kldzhToGLc--15,static,10,-34.07219807058573,3,-16.184353679418564
oyWhLo5brto--1,static,21,-111.5790433511138,9,-66.81009554117918
bqE5C2tmc9c--13,static,14,-82.91944588720798,6,-56.67018914222717
ijrjSBx7WTc--32,static,21,-85.7431562077254,7,-73.20522996596992
MYGqMojGwBE--149,static,17,-65.21807365864515,3,-32.35291724652052
n12WICGyBJ4--43,static,17,-72.74731034878641,6,-59.17681482154876
Zc2bgIDZ-Ks--43,static,19,-97.0908337533474,4,-33.74517270922661
IjeHLt1vNoM--9,static,20,-120.36854757368565,6,-75.1947717666626
rYcw__0tDhw--1,static,33,-136.29231997812167,8,-101.68972183996812
Sqa3ig2NN9Q--4,static,14,-84.93640932440758,5,-72.65090897679329
IjeHLt1vNoM--17,static,15,-72.7411920055747,5,-48.67597386240959
9b0136913690-70,static,12,-55.24160297960043,3,-33.463061809539795
Kq5HfchSWv8--28,static,15,-55.26384325325489,4,-25.067268162965775
ojYFIliNLGI--9,static,16,-53.18584357947111,6,-30.31410127878189
m3Mmtpr-jjA--30,static,23,-92.3403434548527,9,-74.42370180785656
6u-ZspWSpwE--14,static,17,-92.97196233645082,6,-69.33666655793786
HBQwzyxvkZA--111,static,13,-63.48013150691986,5,-50.025118827819824
xFJw5GMtlCk--4,static,8,-30.381696805357933,1,-11.285035729408264
U5Tq9r7saZU--18,static,18,-81.74931704998016,5,-64.83598680794239
QiJgNpX3zN0--17,static,11,-46.35743685811758,4,-35.325247187167406
9bqfEh7BD3c--9,static,19,-70.62865028530359,7,-49.7462374009192
5n_IGU5rYYk--17,static,31,-119.45812110300176,11,-76.2234964936506
kES_ZNjFKz8--18,static,12,-50.69532594829798,4,-35.445336014032364
nvfK4jQ7MH0--19,static,12,-54.78665566444397,3,-32.37205570936203
LvN9Dxq2iLY--71,static,26,-88.25248109549284,6,-35.124072320759296
aDwdB7xHAOE--8,static,19,-95.8499657921493,9,-75.12807562947273
HBQwzyxvkZA--1,static,10,-32.6766651943326,2,-15.343343205749989
gW1N-ttBBTo--6,static,30,-171.3090586513281,9,-138.11558482050896
ef52bca1a454-57,static,17,-58.88629458844662,5,-25.250006079673767
_r1S90f_nsM--13,static,13,-53.901409432291985,4,-20.69928640127182
Xmm9ZyMy12g--12,static,16,-79.90744426101446,3,-35.03305384516716
fulQKWknVhw--29,static,34,-162.65005522966385,12,-129.75017046928406
BTqVQCBPUzg--116,static,10,-37.24014934618026,2,-16.764618125744164
Zc2bgIDZ-Ks--9,static,16,-65.83243823307566,4,-37.733126687584445
eBj_HUu0CNw--22,static,13,-68.71824015676975,5,-49.66684437543154
K4eNr2k2Lls--33,static,29,-146.91394475847483,10,-126.67015520483255
jMdxYlvrkbk--10,static,24,-130.8084727525711,9,-108.11600486934185
jLwvQ4URDFY--3,static,28,-135.54248716775328,14,-99.23641494009644
R6_v5nqXuGg--14,static,18,-96.33853660337627,7,-81.35530936717987
Sqa3ig2NN9Q--25,static,20,-141.19531751424074,3,-84.3059826567769
gW1N-ttBBTo--10,static,37,-165.81768256798387,12,-131.34170363098383
cw1YIV30nQM--20,static,21,-99.8405957147479,7,-59.291895270347595
BESRE5mtipE--1,static,20,-66.67642388492823,5,-47.58850710093975
KHL0wkbu0-s--8,static,24,-125.6393423229456,9,-87.84009349346161
eGkBCS1t9-E--20,static,22,-102.24277894198895,5,-76.73378397524357
EIwWHTO5rZw--14,static,13,-53.20672297477722,4,-24.612055778503418
eBj_HUu0CNw--24,static,17,-80.57297121733427,6,-49.22598248720169
gXa0qcoWrsQ--12,static,21,-86.12450293434085,6,-59.74759121966781
80Cx4CH-AVI--8,static,21,-112.72411682456732,6,-97.71243351697922
ckGC5hUffDU--2,static,19,-98.26063420623541,5,-95.73524352908134
K5lgB4YzOO0--6,static,19,-68.2524971368257,5,-47.49139732145704
-X_zmve1y00--12,static,18,-82.14044617116451,8,-66.82321952283382
xFEQrtosric--7,static,25,-117.71957620978355,10,-112.36675219237804
HBQwzyxvkZA--121,static,22,-98.96956042945385,7,-71.14069505035877
bOZ_Lap5FNA--11,static,19,-99.22222545742989,9,-69.51099570095539
rYcw__0tDhw--2,static,21,-109.07480023056269,8,-84.23313562572002
xFJw5GMtlCk--10,static,24,-88.88269247522112,7,-54.73710826411843
9b0136913690-106,static,8,-29.36270759999752,3,-19.25374884903431
rZG7T9ujMEo--21,static,9,-39.09608493000269,2,-20.28508949279785
mXq8axygjdE--51,static,36,-121.68375325948,15,-86.30252559483051
m-w_78fDg9M--18,static,17,-73.96314796805382,4,-37.26301792263985
XcXCB---N9M--3,static,20,-94.72165033221245,6,-62.98784574866295
K4eNr2k2Lls--2,static,16,-62.465422607492656,6,-50.77347630960867
BTqVQCBPUzg--154,static,8,-26.4900561273098,3,-20.32196992635727
Zc2bgIDZ-Ks--60,static,17,-69.19958768785,6,-50.70504902303219
gW1N-ttBBTo--7,static,28,-147.0679389461875,10,-131.10677292197943
0bk98uIiTS8--32,static,30,-139.73322707880288,12,-125.69013752508909
BTqVQCBPUzg--148,static,12,-69.44809579476714,6,-53.77856480702758
lAFiWmUUHOg--25,static,27,-139.4144954625517,6,-103.56908012367785
bGqx2eKgdB0_e4,static,10,-64.00425833463669,3,-44.6473126411438
ZVE_KjrY_po--21,static,8,-33.712175756692886,2,-19.778746098279953
BTqVQCBPUzg--34,static,13,-45.98774129897356,4,-39.026277013123035
XcXCB---N9M--20,static,30,-136.80114126205444,8,-100.54755099117756
o9DARfrZg2o--9,static,13,-67.14274921268225,3,-23.125298023223877
HBQwzyxvkZA--228,static,13,-51.3840135037899,4,-42.3671008348465
80Cx4CH-AVI--2,static,29,-153.32357452064753,11,-114.40355858206749
Zc2bgIDZ-Ks--12,static,11,-50.03197808563709,3,-13.945958495140076
vbq8QbOwOt4--7,static,17,-84.07733587920666,6,-49.768046498298645
HBQwzyxvkZA--291,static,31,-131.9079685509205,9,-96.62558338046074
i4j5Bj2NL1c--9,static,19,-90.39495443552732,6,-61.25892277806997
5QMD024bDYs--8,static,21,-75.12064149649814,6,-60.68384077074006
faZQNy4aErk--44,static,24,-139.81032793223858,9,-113.55085575580597
oPITLi0VKh8--18,static,13,-58.85603491961956,5,-39.606493055820465
Xmm9ZyMy12g--14,static,16,-79.0542284026742,5,-36.376614570617676
-X_zmve1y00--29,static,11,-51.09000112116337,4,-46.33281859755516
HBQwzyxvkZA--278,static,12,-53.92160578072071,5,-32.09186625480652
OEM3CR-HYmk--2,static,13,-49.47400090098381,4,-40.60586604475975
1xJ_dkBcAIU--20,static,20,-100.2777058929205,6,-73.78620882332325
IoifXQnhN4E--5,static,9,-44.43238695524633,5,-35.52969630621374
jMdxYlvrkbk--6,static,15,-86.95385406166315,5,-45.491108894348145
q4RnudGCU18--5,static,22,-82.01589995622635,6,-58.654617458581924
lcBujGRLwE0--30,static,25,-132.12029375322163,9,-86.7586878053844
egjhIFJbR2I--8,static,16,-63.82282314822078,5,-38.855580408126116
oAhfJ8yB1j0--5,static,27,-133.73777809366584,10,-123.2718890979886
klepEQSaeIk--15,static,11,-36.88757173717022,6,-33.636435121297836
Rc99bcSdhak--27,static,30,-139.08489812538028,10,-96.61544321849942
iwYL-ivQm6o--3,static,29,-139.4677115008235,9,-102.904686011374
MYGqMojGwBE--248,static,24,-123.48785495758057,8,-80.93535459041595
mjvqIq_fvRY--12,static,23,-92.78734195232391,6,-65.16855512559414
s_8IbRRsr0Q--1,static,28,-124.65558785758913,8,-72.2089177723974
6OlSDCcwM10--2,static,7,-16.163883417844772,2,-9.301855385303497
m3Mmtpr-jjA--44,static,24,-105.18278761720285,6,-63.832657327409834
9b0136913690-31,static,17,-72.31895487010479,5,-38.57343879342079
HBQwzyxvkZA--207,static,13,-52.08528587222099,4,-37.245452523231506
Nv3WLYio7Lc--9,static,17,-73.51316763833165,5,-55.97382363677025
Nv3WLYio7Lc--14,static,11,-48.01440779864788,5,-34.759400606155396
hYNyIXYmoYs--2,static,19,-93.2823058590293,8,-59.0625634342432
ef52bca1a454-69,static,9,-48.96805863082409,3,-20.230258226394653
HBQwzyxvkZA--90,static,11,-64.4825299680233,4,-43.335755199193954
C6CIPVno_yQ--21,static,22,-95.31546026468277,8,-68.03494777530432
LvN9Dxq2iLY--26,static,22,-160.4291204214096,7,-152.8431408405304
HBQwzyxvkZA--318,static,18,-79.33949479460716,8,-63.70684650540352
zu_bd3r2GIA--30,static,18,-68.5867715086788,7,-47.8460491951555
oAhfJ8yB1j0--3,static,23,-117.31205230206251,6,-107.7565712928772
5n_IGU5rYYk--6,static,17,-47.95553721487522,6,-28.606028765439987
nvfK4jQ7MH0--27,static,17,-75.2970415763557,7,-51.52859577536583
kytITkHoyls--15,static,21,-76.16614979505539,5,-38.421146400272846
dPuKX_lM4Zc--120,static,31,-179.7105753198266,13,-113.99857697635889
5n_IGU5rYYk--3,static,21,-93.60345406783745,7,-75.79597994638607
dPuKX_lM4Zc--129,static,23,-98.09804981201887,9,-55.017438881099224
9xc24mAlprE--26,static,18,-108.91666999645531,5,-99.86531889624894
oyWhLo5brto--5,static,21,-79.65890331938863,5,-40.98598304018378
ojYFIliNLGI--16,static,37,-200.42589684575796,13,-157.044157654047
LvN9Dxq2iLY--124,static,18,-70.44304205849767,4,-31.043150383979082
lcBujGRLwE0--4,static,34,-120.61598474369384,12,-95.5918118043337
wwpptVjgAws--7,static,39,-223.41157238464803,10,-186.16881999652833
Kq5HfchSWv8--18,static,16,-72.24572767689824,4,-32.481064293533564
mjvqIq_fvRY--6,static,27,-135.51483373716474,10,-109.75579785183072
Nv3WLYio7Lc--13,static,30,-141.50835152436048,7,-86.64961313921958
6_yO8Lc8Hd4--7,static,14,-70.53953318297863,6,-59.12908309698105
0Z5d6D2vBbc--6,static,17,-80.23104902356863,8,-58.75020547956228
80Cx4CH-AVI--11,static,28,-107.3487858241424,9,-63.402333679609
xFJw5GMtlCk--5,static,24,-110.26006539911032,10,-53.19413282722235
9b0136913690-80,static,17,-105.10027888417244,4,-36.41662120819092
AVb1VABiJJ8--9,static,19,-102.38244331628084,7,-67.38388426601887
xFEQrtosric--4,static,14,-60.393915839493275,4,-30.059968657791615
iGdg-iGlUFg--2,static,42,-223.1552660614252,12,-164.42699551582336
wUH1dDbu9B4--26,static,23,-153.95130245387554,6,-150.87166766822338
LvN9Dxq2iLY--101,static,14,-69.48582616448402,4,-47.466997385025024
HBQwzyxvkZA--67,static,9,-38.56527131050825,2,-18.724335961043835
QiGhWfjM2FI--1,static,19,-102.0113030448556,9,-80.59181052446365
LvN9Dxq2iLY--168,static,9,-24.996412128210068,4,-16.34993752837181
MYGqMojGwBE--2,static,18,-104.50346755981445,8,-67.28273066878319
mjvqIq_fvRY--18,static,14,-79.80074334144592,7,-66.024538397789
m-w_78fDg9M--3,static,17,-98.09399434924126,7,-73.75265316665173
8E-llRXuhl0--22,static,20,-94.41778514534235,7,-80.80245120078325
lPzmjeJmsXo--2,static,32,-133.52301060128957,13,-109.04853436071426
rYcw__0tDhw--10,static,22,-113.25380867070635,6,-85.09081024027546
mXq8axygjdE--62,static,9,-38.123144283890724,3,-26.87047651410103
AZ2s4Adm9RU--1,static,28,-91.70089177042246,7,-33.97598147392273
CRJSZ2e7BU0--4,static,25,-135.24596317484975,10,-98.48984785750508
HBQwzyxvkZA--272,static,14,-84.44360956549644,5,-55.15750500559807
kES_ZNjFKz8--16,static,21,-98.09717501467094,8,-89.91686180746183
MYGqMojGwBE--206,static,13,-58.39588446542621,6,-45.48888909816742
glNqZ8w4iy8--5,static,11,-30.077715709106997,3,-17.49617554922588
Rblg5TE6TI0--30,static,34,-170.12952868361026,12,-123.1257489444688
809a3a5e02d1-77,static,11,-52.96839488297701,4,-42.1621390581131
lSLqIyupXrk--5,static,17,-109.35237212479115,7,-91.77132964134216
eabe1f38221a-48,static,10,-42.58704857155681,3,-32.3557140044868
jLwvQ4URDFY--5,static,11,-41.964184291660786,4,-31.313190579414368
m3Mmtpr-jjA--2,static,11,-53.05341558158398,4,-49.5920354872942
HBQwzyxvkZA--155,static,22,-91.59321135282516,7,-73.76788339018822
K5lgB4YzOO0--12,static,15,-62.60321723949164,6,-47.89565807580948
Rblg5TE6TI0--1,static,23,-87.42408430576324,7,-47.3969806805253
dkavvNigK7s--27,static,27,-134.61383889243007,12,-117.56400342658162
NaXDBBT5pkw--3,static,11,-47.112375259399414,4,-32.62331089377403
LvN9Dxq2iLY--164,static,20,-75.89261174201965,8,-56.74009037017822
vZt56rnH8QQ--3,static,11,-50.39092932082713,5,-48.623561004176736
mXq8axygjdE--67,static,12,-47.72545912116766,4,-23.049082409590483
7byz3fdI-Ss--7,static,18,-57.6210962086916,7,-53.63410747051239
dkavvNigK7s--9,static,17,-83.52088178694248,6,-65.98131278157234
g4GfKC7z-2M--9,static,19,-108.8581110239029,5,-98.71048724651337
6OlSDCcwM10--20,static,16,-80.80046216398478,8,-72.03900757431984
KI0avgGkWiU--1,static,23,-119.49576304107904,7,-78.51798292994499
iwYL-ivQm6o--0,static,7,-38.47604396939278,3,-19.91918256878853
OEM3CR-HYmk--19,static,18,-72.28193013183773,4,-63.16131581179798
6OlSDCcwM10--11,static,17,-80.71511375252157,11,-60.95936589781195
e4rWudmfrfY--0,static,9,-63.1825675368309,1,-12.895295560359955
o44YnPMhwPU--1,static,11,-37.80990381073207,3,-28.76119465660304
