uid,condition,hypothesis,reference,sent_chrF,content_overlap
l9bZYazJQ1w--7,correct,and his wife went home to find a baby.,"On reaching home, his wife was shocked and he told her the whole tale.",22.898612604354074,True
9b0136913690-114,correct,Why did Should go? 4.,Why did the barber take so long to shave the sultan? 5,13.246797071044927,False
ZMsnY_khlNQ--12,correct,"When the man heard the woman's mistake, the father agreed.","When she confronted the man, he said he had sent her a wrong QR code",26.977210713420945,True
809a3a5e02d1-67,correct,Who do you agree with Hana? 3,Who agreed to help Hellen? Four.,20.38643321258607,False
DP1ly_MsHHQ--36,correct,"Suresh Raina said, ""I am going to be supplied.”",Raut said that Mumbai has always been a part of Maharashtra and will remain so.,13.488197602432725,True
dPuKX_lM4Zc--118,correct,which part of Buddhist has been ruled by Brahmins.,The second column tells us how they will look on one third term and the third column is about how they will look on one sixth turn.,7.222912520697558,False
wwpptVjgAws--20,correct,He has a total of 35 Deaf individuals from Delhi to Hyderabad and 255 to Hyderabad.,Another cafe in Delhi ‘Echoes Cafe’ is also run by the Deaf! It has a branch in Hyderabad and a total of 35 deaf people work there.,29.175505356822583,True
48couwymlMM--18,correct,I was very impressed by my mother.,"When Roshan touched his face, the doctor started crying and became very emotional.",10.656139267455002,False
809a3a5e02d1-108,correct,Look at the pictures and fill in the blanks.,blank space has been provided for your answers.,19.163631470468015,False
4DhGy83DK_s--30,correct,Many of the people of J&K were navigated by J&K.,The MPs must talk and interview the local Kashmiris.,11.314592433318985,False
rZG7T9ujMEo--0,correct,"Now in 2022. You all know about food and survivors such as Hong Kong, Switzerland. You all know this.","In 2022, ordering food at home through apps like Zomato and Swiggy has become a regular practice for almost everyone.",17.308179608742716,True
7byz3fdI-Ss--0,correct,Joyita Mandal is a poor child and her family is very poor.,Jack Ma was born and raised in a very poor family.,35.907392896809064,True
eabe1f38221a-18,correct,But then he was so impressed. It was a beautiful girl.,"to bow and help her on her way? But no, I'm ashamed to say that when a lady frog comes by.",13.712742599431465,False
0kldzhToGLc--6,correct,The FIFA World Cup is abusing the removal of women.,"and if he wins the future elections in scotland, he will make Gay marriage illegal.",10.266479157197548,False
pMbMjjSj1fM--17,correct,The Kerala police have imposed strict restrictions.,"due to strict lockdown rules imposed by the Kerala police, no one was allowed outside.",33.9919160975024,True
MYGqMojGwBE--267,correct,"If you want to eat fruits, you can't have a lot of weight",just for you! Just to give you all the nutrition you need!,16.228812505042,False
C-cgPb_N2dY--9,correct,The Indian embassy will also be merged into Osaka.,"The Indian Embassy in UAE,",43.6798487844624,True
ef52bca1a454-22,correct,She loves and boys and girls.,Does the little girl love her granny?,19.109208923753616,False
fulQKWknVhw--7,correct,I will tell you about Queen Elizabeth's death.,Let me now tell you about Queen Elizabeth II's life.,63.07744232069654,True
ijrjSBx7WTc--84,correct,Can you make a picture of a boy?,How would you look after it?,12.238430489629797,False
oAhfJ8yB1j0--10,correct,He was a very kind hearted man.,and for his moral values.,12.30594366821912,False
Zc2bgIDZ-Ks--72,correct,So I live in a blank space.,But an old blanket was all that came out.,14.005655067429792,False
mjvqIq_fvRY--11,correct,There were many Deaf individuals who were suffering.,Pooja spoke about the hardships she faced including opposition from her family.,11.613411489134654,False
IoifXQnhN4E--4,correct,"The police said, ""There was a bank robbery.",During interrogation he confessed that he had submitted an application to the bank to secure a loan.,9.918304645169385,True
HBQwzyxvkZA--276,correct,The rabits were to find out about the rabits.,The speed of the deer helps them to run away from the predators.,14.045426141252157,False
o44YnPMhwPU--12,correct,The MP has told her that she has been given to her brother.,The MLA's brother then had the girl's uncle arrested.,28.6158073925601,True
myIXH3PjvoI--76,correct,and talk about some of the things.,So the area of my shape is 10 square centimeters.,12.065708950793837,False
faZQNy4aErk--15,correct,I did not have a punch. I don't have money.,If a person did not have PAN card he could not file returns. That is not the case now.,18.98596078080538,False
Rc99bcSdhak--0,correct,Many say that there is no communication between Hindu and children.,Many of you say that India is not a safe country as there are a lot of rapes.,24.315030790604094,True
0kldzhToGLc--2,correct,"However, due to the coronavirus pandemic, the parents of the COVID pandemic were very busy to see their parents.",the COVID-19 pandemic was caused due to same sex marriages.,33.19154883282989,True
5n_IGU5rYYk--30,correct,The absorbs will also be able to reach their book.,She wrote a short note in his passport and told him to walk to Slovakia.,11.639388405022096,False
myIXH3PjvoI--89,correct,Have you ever seen any birds?,"If you draw like this, the area is still 10 square centimeters. Questions.",8.023680146326315,False
S9ymb66ZqqY--9,correct,then it would be brought back to the markets.,to get dry fruits from other countries. As the festival season like Navratri and Diwali is soon approaching,10.767408985560143,False
dPuKX_lM4Zc--54,correct,What is the length of the boundary?,Pass the pin through the holes and fix it in the stick.,16.466759260267086,False
oPITLi0VKh8--10,correct,PSA Act has been created by the PSA Act.,"Mufti was arrested under the Public Safety Act,",16.29571026001249,True
17OIKvJmrK8--4,correct,In Delhi Airlines said that the vaccine had been censored for the vaccines.,Delhi Airport has said that they have two cargo terminals,39.29486144951516,True
yb7efY9x78U--12,correct,"He had a net worth of Rs 88,000 crore which is around Rs 8,55 crore.","These 500 rupees notes were worth ₹88,032.5 crores are missing.",24.215333814007245,True
zu_bd3r2GIA--9,correct,He has been suffering from health problems.,Harry had a lot of health problems since long.,39.95099711393145,True
eabe1f38221a-5,correct,Have you ever done for school? Should we have some folding papers?,"When you have a holiday from school, what do you do? Would you behave a little like the frog in the following poem?",19.93942342588351,True
QiGhWfjM2FI--31,correct,Ankita tried to find out that he was there and had to be on the run.,Finally Ajay’s bodyguards were able to move the man away and the car sped off.,16.311071533553452,False
fvHtYcL913U--3,correct,They were in a well-known Transport.,This account has over 2.5 million followers.,11.474632270467579,False
sktRu3sp97g--4,correct,He then decided not to control the virus. He is the one who is responsible for controlling the virus.,It is not the local police or village panchayat who are responsible for this.,32.407920083231275,True
BTqVQCBPUzg--97,correct,"A, B, C, D, B, C and D.",Column 2 says Number of Children.,3.90625,False
hYNyIXYmoYs--17,correct,Now the number has increased and it has become very difficult to make ends meet.,"increase in tax, property, house rates will make real estate even more difficult to sell or purchase.",28.846389563823898,True
3Pk2c_Z4ahk--1,correct,for a long time meeting between the two countries.,for meetings and future plans.,26.320867106873063,False
9xc24mAlprE--1,correct,"Sadly, in the incident, Mary Haider died.","and Mansukh Hiren’s death came out,",13.530475273796206,False
ZMsnY_khlNQ--7,correct,"after testing, the officials will be able to investigate the matter.",The deal was then fixed and the man transferred a small amount of money into her account,15.776907780563022,False
fulQKWknVhw--42,correct,Let us know in the comments.,do you think that we should mourn Queen's death? Let us know in the comments.,38.991563922041486,True
W4YzurwHpfw--6,correct,two terrorists tried to escape from the firing.,"During the gunfight, two terrorists tried to escape.",64.26355300769333,True
glNqZ8w4iy8--9,correct,The 180-year-old boys saw this and realised it was very difficult.,it is very difficult to speak to people because of the loud music. No matter how loud you speak it is difficult.,23.060244807622784,True
o44YnPMhwPU--25,correct,The driver of the car will be parked near the road.,They were in the car when suddenly a truck rammed into their vehicle.,20.198101228255883,True
UBnqDwRds3A--2,correct,"Both of them, Raj Kundra's houses in Udhampur,",The police took Raj Kundra to his Juhu residence.,26.808111678744496,True
wmTrG799MAo--19,correct,She is a good relationship with the USA.,Biden said that Trump does not know how to treat allies,11.392891361522455,False
lPzmjeJmsXo--13,correct,Arnab Goswami also in touch with the MLA Sonia Gandhi and his MLA Sonia Port.,One groups of MLAs supported Gehlot while another supported Pilot.,14.11771992967528,False
ZCBew8Fv0qA--12,correct,What is the name of this? The name of the World Cup?,But why was the name changed? According to International rules,20.592278577898863,True
39at7Lxu6Yo--19,correct,He also said that he has not been questioned about his alleged involvement in Kashmir and has not been questioned.,Many Investigating officers questioned Ratan Puri in the past about his alleged tax evasion & investigation is still going on.,32.025289849600846,True
EIwWHTO5rZw--8,correct,I have decided to stop my operations from the JNUV.,The ABVP claimed that Members of left organizations tried to stop a Pooja from being organized.,20.17971853259786,True
MYGqMojGwBE--116,correct,They were advocating the people.,"So the next time you see forks and spoons on the side of your plate,",10.659285832469735,False
BTqVQCBPUzg--47,correct,There are many animals who live in their homes.,which other animals can be kept at home.,30.327483423144443,True
myIXH3PjvoI--93,correct,He thought that it could be an ordinary.,Try some other ways yourself.,10.725084954568771,False
bU_v22EtHIU--1,correct,They have been using acquire of groceries and Americans.,Currently the currency used in El Salvador is the US Dollar.,12.474280029462701,False
uR-nzhB6D8g--2,correct,You all are aware that Israel has a special gift for food. You all know this.,The government has distributed food to them through the Ration systems.,14.261820836398655,True
OEM3CR-HYmk--15,correct,There was no significant when it was right. There was no clarity.,These are the best as it would go inside the manhole with the instructions given by the operator,14.476309478538335,False
uR-nzhB6D8g--3,correct,There are many NGOs that do not need to help poor people with disabilities.,Many NGOs have distributed food as well because feeding the poor is priority.,23.08475291281626,True
NaXDBBT5pkw--6,correct,worth Rs 1.8 lakh crore.,It is worth Rs 1.8 lakh crore,82.7896303480653,True
wefigjf46u4--2,correct,She was told by the family that she tested positive for COVID-19.,The family forced the doctors to test the Deaf man for COVID-19.,40.79794022579406,True
MYGqMojGwBE--30,correct,I'm so happy that it's very tasty,"And if it won't digest, then how will it come out of your body?",6.999871643334465,False
fYxijWb0b_s--9,correct,The chess champion started when he started taking part in the match.,It is a virtual reality space where people can play games with each other.,15.579023971395323,False
Rc99bcSdhak--16,correct,"The woman was furious and misused by this. All because of this, there was a lot of confusion.","When she could not take the torture any more, she escaped.",16.879997411138937,False
_IyhoG9jXuM--15,correct,I am sure you are disappointed with this and have no idea how to live a long life.,They were surprised at how she did not feel any pain. She was lucky to the have reach the hospital in time.,19.47280127803575,False
uYaUCNl1j10--12,correct,The SAII has made India proud and is very happy to see India win.,SAI Twitter handle acknowledged the effort of the Indian team at this event.,19.18178407402297,False
o9DARfrZg2o--16,correct,"Interpreter Goswami the Congress,",The Gujarat government also said that the two institutes,12.85838323476918,False
MYGqMojGwBE--42,correct,Suppose you are walking around the streets and run away.,and keep throwing ingredients into it while casually something or the other?,14.47240233730592,False
ixXF2UGOyoU--5,correct,and then moved to the BJP.,have left them to join the BJP.,31.442048698281727,True
BESRE5mtipE--0,correct,"Everyone knows what to do about 10 people, dogs, dogs, etc.","Many people love their pet cats, dogs, parrots, etc.",32.18091086440314,True
8DmlFztO2XM--2,correct,"The IMD has asked the IMD in Uttar Pradesh, Andhra Pradesh,","The IMD also alerted that parts of Puducherry and Andhra's Guntur,",23.688552422356377,True
jLwvQ4URDFY--1,correct,"Aligarh, a 199-year-old boy from Rohtak, Rohtak, Rajasthan was found in a small town in Rohtak.","Mumbai Police found a boat with 3 AK-47 rifles and bullets at Harihareshwar Beach in Raigad district, which is 190 km away from Mumbai.",16.828842263400258,True
5QMD024bDYs--15,correct,We want the law to ensure that the laws are not happy with the laws.,I want to tell the country that we are withdrawing the laws as I want peace.,30.50227723441078,True
jLwvQ4URDFY--31,correct,"Vice-President, Mumbai Police said that the investigation is going on.",Mumbai Police Commissioner Vivek Phansalkar said that three teams of the Crime Branch would be probing the matter.,27.977489291802137,True
aDwdB7xHAOE--1,correct,"On 1st January 2022, he smashed his photo and said that he was part of the app, ""Heartby in the morning.","on 1 January 2022, woke up to see herself listed for an “online auction” of Muslim women on an App.",23.26062257111843,True
wSEeoT9BqE0--13,correct,advisory went to the house.,They thought it was better to buy a house.,21.147820608471392,True
d5Lx_5-UiHY--41,correct,Page number 184.,The first one is already marked. One.,4.227053140096618,False
BTqVQCBPUzg--18,correct,Look at the map.,Help Yamini complete the table.,9.075234204099603,False
faZQNy4aErk--62,correct,"Because of this the aims to invest in India,",This is to encourage foreign investors in India.,30.653432981560147,True
LvN9Dxq2iLY--88,correct,He bought 25 rupees for his salary.,will be there no more. Women's,9.715974240243687,False
HBQwzyxvkZA--256,correct,Page number 85. Page number 85,The surroundings change and we see different kinds of adaptations.,5.948815715148327,False
xFEQrtosric--18,correct,He has been working with the DCA for 14 years now.,Arun Jaitley was the President of DDCA for 14 years.,35.28824015301934,True
KmW8f1GVTYY--40,correct,"India has many other countries like India, Air India, two, two-wheelers, mobiles, and mobiles, etc.","India too has taken a loan. It is similar to how we take loans for buying a house, mobile or vehicle.",22.218778592972544,True
nXA9Qpj2z7E--6,correct,Once they landed it was found it.,in exchange of the civilians in the aircraft.,11.71984396499242,False
kytITkHoyls--7,correct,"During the 14-year-old, a seven-year-old boy was bleeding.",At around 4.00am the battery exploded. Shabbir was grievously injured while his grandmother sustained minor injuries.,10.93545329661284,False
ef52bca1a454-6,correct,The old man went to the bear.,"Granny, Granny, please comb my hair.",9.13020336128225,False
iwYL-ivQm6o--19,correct,This is the first time in Pulwama attacks.,after the Pulwama attack this was the first attack of this kind.,41.47859136593339,True
9b0136913690-41,correct,and keep a watch on him.,He then began narrating another story which lasted half an hour.,7.847816874945032,False
K4eNr2k2Lls--1,correct,Their names of DCS has been changed to DCS.,It was formerly known as Deaf Cricket Society (DCS) but was renamed to IDCA.,14.078542603416341,True
pMbMjjSj1fM--28,correct,The dispute was handed over to the one who took him to the place for the last rites.,through the representatives of the villages.,18.831687577331422,False
MYGqMojGwBE--161,correct,"Along with the flavour, the sprouts, he went to the stairs.","but when you cut it into small pieces, how much time does it take?",16.3835514581206,False
mXq8axygjdE--32,correct,"Suddenly he heard a voice. He said, when he heard a voice. And now, it is....","Suddenly, he heard a voice cry out. Quick, hurry up!",39.44361144023028,True
4vfboqjtAXo_d,correct,to make someone happy or do something,"a liking for, an enjoyment of, or a habit of doing something.",23.090253502696168,True
HBQwzyxvkZA--261,correct,Do you find that animals live in plants and animals living?,Look at the picture of a lion and that of a deer. Figure 9.8,15.435178884846449,False
CAzt5cxtSjQ--23,correct,The court has decided that it has not been announced that it has been banned.,Karnataka High court has decided to ban hijab.,41.00038616667603,True
d5Lx_5-UiHY--51,correct,What are the things that you see in the poem?,352 children from a school went on a camping trip.,10.90868757020324,False
klepEQSaeIk--9,correct,This will help to reduce the risk of COVID vaccine.,The 2 doses of the vaccine reduces the severity of the infection.,24.862464772724277,True
48couwymlMM--10,correct,He was a doctor named Sandeep Reddy.,The Doctor's name was Sanduk Ruit.,27.884716411198912,False
K4eNr2k2Lls--0,correct,The IDCA's International Cricket Association (IDCA),IDCA is the Indian Deaf Cricket Association.,52.765737909702246,True
zu_bd3r2GIA--16,correct,"When you see the youngest son of a young boy, he is very young and has to suffer from a lot.","He believes that earlier he looked old, but then after drinking urine, he looked younger.",18.322488391223054,False
ef52bca1a454-76,correct,What are the colours of the colour?,Call out the picture and write his name.,14.143265462674313,False
ixXF2UGOyoU--2,correct,and one of the passengers were left left with each other.,Some members may be removed and a new person will be appointed.,15.471392345806898,False
o44YnPMhwPU--37,correct,"If the girl comes to her family, she would support her and take care of the two family members.",Her mother said that the MLA was responsible for everything that happened to her family.,27.00825688057462,True
CRJSZ2e7BU0--12,correct,"The former CM of New Delhi, Bhagwant Ashwin Gadkari.","Along with his mother, Abhijeet reached Delhi and so did CM Sarma.",16.904155983086692,True
91GVHgxW8RA--2,correct,Let me tell you what happened.,Shocking! Let me tell you.,49.0917185383288,True
gXa0qcoWrsQ--7,correct,"However, he surrounded the old man in the middle of the bridge and ran away from one place to the other.","Whenever the metal detector went past his hips, it started beeping loudly.",19.721825114061094,False
m3Mmtpr-jjA--42,correct,He told the media that J&K was being targetted by the journalists.,She said what about the various journalists that have attacked the BJP and have been arrested.,25.85252330656862,True
lcBujGRLwE0--29,correct,President Murmu also announced that the Indian Army & Navy will be deployed off from March 5.,"Therefore, after returning from China, President Muizzu asked India to withdraw all military troops from Maldives by 15th March 2024.",24.684858398377816,True
MYGqMojGwBE--205,correct,"But when you keep eating it, you can't think it's a good way to get a good life.","By giving this break, you'll be able to find out that your body had no need for it",20.008994197494573,False
d5Lx_5-UiHY--22,correct,There are more than 300 people in the jungle.,A tank is full of 300 litres of water. How much water will be filled into?,11.057831405287823,False
9b0136913690-89,correct,This is not good for you.,But the Barber did not hurry.,10.222369774448165,False
8E-llRXuhl0--5,correct,"The MSRTC has only 4,500 buses.","MSRTC has 4,500 women conductors, but it does not have women bus drivers.",20.312428354351418,True
iGdg-iGlUFg--11,correct,"Before his batting, he took two wickets, T20Is and ODIs.","The 35-year-old has played tests matches, ODI and T20 matches",13.504071842422464,False
jMdxYlvrkbk--9,correct,"The ICC has said that when they are not allowed to participate in the future,",Earlier there was no bar on the age of a cricketer to play any form of international cricket.,16.456122451700452,False
vbq8QbOwOt4--15,correct,This is why they decided not to decide the child.,This is why people decide not to have children.,45.38419894500438,True
m3Mmtpr-jjA--8,correct,The husband then took her to the police.,but his wife tore the papers.,17.792061410177514,False
o44YnPMhwPU--11,correct,"Then when he died, he wasn't aware about the police's death.",Her father then died while still in jail.,18.672134684356458,True
o9DARfrZg2o--12,correct,Since then he has been pursuing his old age.,But still children are malnourished.,14.831651394642812,False
rYcw__0tDhw--9,correct,Thousands from China’s 10 district is being tested for animals.,in 10 Chinese provinces. They were tested in veterinary hospitals.,22.519121511660707,True
eabe1f38221a-51,correct,to understand the meanings of what it sees.,Refer to the poem and understand.,38.7882763914621,True
HBQwzyxvkZA--116,correct,We have some kinds of living things.,plants that live on the earth.,13.64320208488656,False
LvN9Dxq2iLY--139,correct,we can see the picture of a bird.,to set up the factory.,19.124566900987077,False
8w6k4jEJJlU--19,correct,"NAD's President of India said that, Deaf individuals are very excited to know Sign Language.",Mr AS Narayanan said that there are very few interpreters and many do not know sign language.,31.676719785758745,True
Kq5HfchSWv8--7,correct,The flight was then released.,This year the voter turnout had decreased.,20.37724239303935,False
NDYHcIF50eE--2,correct,This year in 2021 it was very important.,In 2021 there were several bizarre food preparations.,15.594797818155726,False
809a3a5e02d1-65,correct,What is the boy doing?,What kind of girl was she?,19.362162750282376,False
AVb1VABiJJ8--18,correct,China has banned all international Apps such as China and International Apps.,China had banned international Apps in China long back.,55.28845910392366,True
HBQwzyxvkZA--265,correct,a cobbler and a fisherman.,Do the features of a line help it in any way to survive?,7.597606362366662,False
ijrjSBx7WTc--59,correct,and the baby was fast asleep.,The baby was fast asleep.,91.55785169978053,True
IjeHLt1vNoM--13,correct,"If you do not need to vacccinate the door, then there should be no vaccine at home.",However remember only pet dogs and cats will be allowed and they must be vaccinated.,22.42287539284505,False
BTqVQCBPUzg--122,correct,A boy is standing at the bottom of the page.,and column 2 is about number of children. Column 1 things are...,12.911773595573639,False
NaXDBBT5pkw--25,correct,India has donated 30 lakh employees and around 40 lakh employees and they are eligible to sell their business.,In India more than 40 lakh people are employed in the IT Industry and India is the largest export business.,33.891309955962335,True
4DhGy83DK_s--8,correct,Secondly a gunman sells his own business tyrespaseena apartment,Then they killed an apple trader,15.468271374123463,False
zu_bd3r2GIA--29,correct,"If you don't have enough water, then you have to eat it.",drinking your own urine can actually speed up the dehydration,13.598408773758058,False
xFEQrtosric--19,correct,He is a political leader who is also a part of the elections.,Jaitley was a politician as well as an avid cricket follower.,24.965783075001905,False
rYcw__0tDhw--11,correct,in the FIC which research on the mission of the FCC,"They were used to study flu,",10.098619758707292,False
DP1ly_MsHHQ--25,correct,"In Uttar Pradesh he scored 11,000 runs.","while the UP government brought down 11,000 loudspeakers then why not Maharashtra government.",11.804687284661739,False
myIXH3PjvoI--106,correct,There are two columns.,Two sides of a shape are drawn here.,17.18552085208831,True
KI0avgGkWiU--25,correct,Thank you so much for the advertisement. We thank you all.,They thanked Dhoni for the free publicity.,24.98934060489491,False
-hZpPIT6N4U_d,correct,to suggest someone to do something or to make something clear,"to think carefully, especially about possibilities and opinions",14.04147834736479,False
myIXH3PjvoI--102,correct,Draw more than 2 cm and 6 cm.,Complete the shape so that it's area is,8.489456398633283,False
MYGqMojGwBE--46,correct,"When you eat these foods, foods, foods, and foods start from our body",and the ingredients should only be added when the fire is burning properly,13.470410001856434,False
3vCea9zWFek--10,correct,Let me tell you about these rules.,Here are some of the rules that have to be followed:,19.634614306132804,True
MYGqMojGwBE--172,correct,Then why shouldn't it happen in the future?,"And when I remember it, my meal is over already!",10.498541804873929,False
d5Lx_5-UiHY--100,correct,614 by 4 and 4.,"is equal to 614. Before telling his father,",5.467981256873132,False
iwYL-ivQm6o--5,correct,There was a huge argument between them.,The police then fired and a gunfire ensued.,16.69979029938496,False
Xmm9ZyMy12g--19,correct,There were four Indian Embasssy in Germany and sent them to the 9th place to Russia.,The Indian Navy currently have 4 German Submarines and 9 Russian Submarines.,27.585009470610277,True
hgaKby5Mha4--15,correct,"Prior to this, the couple got married in July 2022.",Rakhi and Adil had dated for 3 months before getting married in July 2022.,34.69829186773018,True
MnCcM6PZrug--9,correct,They will be remembered on 16th February 2022.,The offer valid only for 1 day - 16th September 2022,23.851702967086126,True
bqE5C2tmc9c--9,correct,"If the government does not have Rs 1,65 or Rs 1,50,000 per month,","The government is also planning to launch new Rs1, Rs 2, Rs 5 and Rs 10 coins.",25.04021503474713,True
OEM3CR-HYmk--0,correct,Mohammed Communication Sciences (MSL) is the most populated country.,"‘Manual Scavenging’ is a term mainly used in India,",13.728929988678892,False
faZQNy4aErk--82,correct,"The Kharkiv in India, National School of Accounts,","Under the 'Khelo India' programme, they will develop the National Sports Education Board.",19.60302285752891,True
C-cgPb_N2dY--0,correct,"On 19th May, in China there were 105 people from China.",A team of 105 healthcare professionals from India landed in Abu Dhabi on 19th May,20.609610030675167,True
AVb1VABiJJ8--10,correct,The Indian government had said that the App is equivalent to invite the data.,"Since such Apps affect the Defence of India, the government needs to take urgent action.",26.868373694787213,True
Lt5GAA6MIuM--1,correct,The company is one of the most famous factories in India.,It said that workers in Indian factories supplying goods to famous chains such as,30.84040468438439,True
gp0w_zrLgfw--10,correct,The second case was filed against Ukraine's NATO.,1. Russia has demanded that Ukraine must never join NATO.,26.729697663536374,True
eBj_HUu0CNw--29,correct,They will then talk to each other.,He said that he will take full responsibility for this.,15.97832748262539,False
QiJgNpX3zN0--11,correct,They have demanded that they will make protests against the economy.,They protested and demanded that the oil packets be replaced with new oil packets.,36.86020359736311,True
faZQNy4aErk--32,correct,2. All tax returns will be given Rs 1 lakh per month.,2. You all know that you get 1.5 lakh benefits on Investments.,16.056471499851728,True
aDwdB7xHAOE--10,correct,"In Mumbai, Delhi's FIR has filed a complaint against the woman's complaint.",The Mumbai & Delhi police have now registered FIRs against the insulting App.,30.237148778902657,True
YsuSHJ3klEs--7,correct,"However, his parents filed a lawsuit against Dowry or the DCW.",against the father of the bride under the Kerala Epidemic Diseases Ordinance 2020.,17.831193513221958,True
MYGqMojGwBE--217,correct,"If you don't have a bowl, you can't eat it","When you get back to work right after eating your food,",16.232155601855414,False
8DmlFztO2XM--0,correct,The Indian Meteorological Council (IMD) has now announced that,"The IMD, which is a weather surveillance organisation has informed that,",21.280468661677656,True
gp0w_zrLgfw--20,correct,The Russia-Ukraine war has also said that they are carrying military supplies,The fourth demand of Russia on the list is that Ukraine stops all military action and demilitarise the area.,28.01043268642578,True
MYGqMojGwBE--258,correct,There's 2 tbsp jaggery and 2 tbsp jaggery,"When you serve food, don't mix more than 2-3 foods",8.882003137602775,False
40BjLI5XtJE--10,correct,The Congress is having financial difficulties to survive due to their introduction.,"Once a license is cancelled, drivers can appeal in a court but it is not an easy process.",16.52358596020568,False
fulQKWknVhw--12,correct,"Because of this, the total number of Queen Elizabeth was increased from 21 June 1953.",after which Elizabeth at the age of 27 was crowned as the Queen of UK on 2nd June 1953.,35.79400323413172,True
myIXH3PjvoI--122,correct,How many rectangles can you make? 3,Here is a rectangle of area 20 square centimeters.,22.09237591579677,False
jMdxYlvrkbk--7,correct,"In the champion of the teams, he wanted to take part in the match.",All details about the player's exceptional qualities must be presented before the ICC.,13.940181158260707,False
-X_zmve1y00--14,correct,She also planted a lot of people who live in the forests where the trees are planted.,The tree ambulance will help a tree in a bad conditionand help it to grow again.,18.690479720256178,False
sktRu3sp97g--15,correct,People who are in the village and are well behaviors.,The women of the village are working hard to contain the spread of COVID-19.,27.455055732222576,True
7byz3fdI-Ss--16,correct,Now lets see what happens.,Now lets see what happens.,100.0,True
809a3a5e02d1-119,correct,Now you have asked friends to talk to you.,Now your friend will ask you the same questions.,28.865638489744804,True
Rc99bcSdhak--14,correct,and the same is the same as well.,She was treated like an animal.,16.820512820512825,False
v0g35qCOCwU--0,correct,"If a person is given the dog along with the government, then how would the government plan?",These days many couples propose in creative ways such as by giving flowers to each other.,16.02494247430201,False
N6jpL7uibFI_e2,correct,That's when she went to the nursing home in Valentine.,"After her trip to Venezuela, she felt inspired to learn Spanish.",14.774911573122127,False
MYGqMojGwBE--282,correct,"Please share this video with your friends, family, friends, colleagues, friends, etc.","If you found this video useful, share it with all your friends and family",43.086175875994996,True
mjvqIq_fvRY--10,correct,Prabhakaran was not interested in learning ISL as he had a lot of difficulties.,Pooja said she wanted to apply for a learner's license but could not due to financial difficulties.,29.40380824805328,True
lZarpnV0alw--12,correct,Passengers were not able to wear jackets and clothes.,All her clothes were hand-me-downs.,30.323046298816987,True
mXq8axygjdE--28,correct,The king roared Akbar's courtyard and came to the courtyard.,He saw a deer and rode after it. It ran deep into the forest followed by the king. Soon the king lost his way.,14.996808581704457,True
IjeHLt1vNoM--3,correct,The passengers did not know how to use their dogs.,People consider pets their family but flights do not allow pets onboard.,16.246959057914285,False
6_yO8Lc8Hd4--16,correct,They will be able to make sure they are always punished.,"If it is good, only then it can be served. They must do this regularly.",16.25642955674909,False
HBQwzyxvkZA--237,correct,This is due to the rainwater.,This helps the rain water and snow to slide off easily.,32.54624920323821,False
CRJSZ2e7BU0--8,correct,Whoa! She then wrote a letter to PM Modi. The Prime Minister then sent his letter to PM Modi.,"The CM politely listened and after Abhijeet left, he wrote a letter to Prime Minister's Office.",38.87937396383851,True
K4eNr2k2Lls--19,correct,Now on 9th & 12th February 2020 it was held in Hyderabad.,was held between 9th to 12th February 2020 in Hyderabad.,68.69986297187965,True
U5Tq9r7saZU--19,correct,Now there is no information about how the couple got involved.,The trust were shocked that they were blacklisted without a discussion.,15.88755271426023,False
uYaUCNl1j10--3,correct,SAI's sports journalists across India tweeted that he has become very expensive.,"The Sports Authority of India (SAI) tweeted, ""Congratulations, Team India won a total of 9 medals.""",20.63847565371776,True
3gKelnCwuj8--0,correct,"Now the Chief Justice of India Rajesh Gogoi, the Supreme Court","Today, the Supreme Court's CJI Ranjan Gogoi,",48.58139721264721,True
ZVE_KjrY_po--22,correct,"You may have seen actors, sportspersons, sportspersons, sportspersons, etc.","For example look at film stars, cricketers, sportspersons, businessmen, etc.",35.22019542361381,True
i4j5Bj2NL1c--11,correct,Goswami and Google Pay are also administrative and 15 GOC.,"If you have used up your 15 GB free storage across Gmail, Google Drive and Google Photos",23.274237610477716,True
9b0136913690-57,correct,Put the words in your notebook and see that.,Finish shaving at once! The Sultana exclaimed.,10.684904351273666,False
wwpptVjgAws--10,correct,Virender shared a post on social media after which she agreed.,he also teaches then to lightly place glasses on the table and other manners. The Deaf team has grown thanks to him.,13.382951998062762,False
gp0w_zrLgfw--13,correct,Ukraine President Volodymyr Zelensky asked if he wanted to take care of them.,Zelensky said that the decision should be left on people to decide whether they want to be with Russia and Ukraine.,23.157761585025767,True
HBQwzyxvkZA--129,correct,The process of reproduce through respiratory systems.,Several kinds of plants and animals live in the same habitat.,10.353178636887847,False
fqJW-F3WIYc--0,correct,ISH News has been releasing videos about the heat of the terrible heat heat.,"ISH News has constantly been releasing about cyclones, heatwaves, pollution, etc.",36.990370373383065,True
l9bZYazJQ1w--7,wrong_length,Indian Army is doing this to help the Indian Army develops.,"On reaching home, his wife was shocked and he told her the whole tale.",14.228701745622777,False
9b0136913690-114,wrong_length,The teacher will go to the puppy.,Why did the barber take so long to shave the sultan? 5,11.393526062813672,False
ZMsnY_khlNQ--12,wrong_length,It will be available in the S Jaishankar.,"When she confronted the man, he said he had sent her a wrong QR code",9.096763273988355,False
809a3a5e02d1-67,wrong_length,There are so many families who are infected with COVID-19.,Who agreed to help Hellen? Four.,12.331722634132145,False
DP1ly_MsHHQ--36,wrong_length,It is unbelievable as they are unconscious and heartbroken.,Raut said that Mumbai has always been a part of Maharashtra and will remain so.,13.735949324380453,False
dPuKX_lM4Zc--118,wrong_length,"After the release of the film, the farmers will start shooting for the protests.",The second column tells us how they will look on one third term and the third column is about how they will look on one sixth turn.,14.448706682464174,False
wwpptVjgAws--20,wrong_length,The Enforcement Directorate of Police (ED) has found over the country's corruption.,Another cafe in Delhi ‘Echoes Cafe’ is also run by the Deaf! It has a branch in Hyderabad and a total of 35 deaf people work there.,13.080343435238495,False
48couwymlMM--18,wrong_length,She has to be done. She is,"When Roshan touched his face, the doctor started crying and became very emotional.",8.112433642033647,False
809a3a5e02d1-108,wrong_length,"Since she was not at all satisfied, she was discharged.",blank space has been provided for your answers.,12.17617691594495,False
4DhGy83DK_s--30,wrong_length,Many people have gathered in the village.,The MPs must talk and interview the local Kashmiris.,15.578337465653789,False
rZG7T9ujMEo--0,wrong_length,"According to a news report, Mary Driver received a call from MID and called it 'Midida'.","In 2022, ordering food at home through apps like Zomato and Swiggy has become a regular practice for almost everyone.",15.66776681384826,False
7byz3fdI-Ss--0,wrong_length,a small bird and a small bird.,Jack Ma was born and raised in a very poor family.,10.027846075798616,False
eabe1f38221a-18,wrong_length,This is the story of the Panchatantra.,"to bow and help her on her way? But no, I'm ashamed to say that when a lady frog comes by.",9.926194467738274,False
0kldzhToGLc--6,wrong_length,"When he heard about the incident, he Tweeted and people commented on Twitter.","and if he wins the future elections in scotland, he will make Gay marriage illegal.",15.73162882523032,False
pMbMjjSj1fM--17,wrong_length,The motion of the plant is extremely cold.,"due to strict lockdown rules imposed by the Kerala police, no one was allowed outside.",10.10266942347593,False
MYGqMojGwBE--267,wrong_length,and he was very impressed by him.,just for you! Just to give you all the nutrition you need!,8.176485806172382,False
C-cgPb_N2dY--9,wrong_length,"For two years, he had been fed up of the coronavirus for two years.","The Indian Embassy in UAE,",8.237483354785327,False
ef52bca1a454-22,wrong_length,There are three rows in which we see....,Does the little girl love her granny?,11.783232916230983,False
fulQKWknVhw--7,wrong_length,which state has the largest area?,Let me now tell you about Queen Elizabeth II's life.,7.5320723564049725,False
ijrjSBx7WTc--84,wrong_length,"You can also learn English languages like German, German, Sign Language, etc.",How would you look after it?,7.418631218456648,False
oAhfJ8yB1j0--10,wrong_length,"Due to the fires, the firefighters have been deployed.",and for his moral values.,12.897713981924507,False
Zc2bgIDZ-Ks--72,wrong_length,"Similarly, India has also become the same festivities like Khan's team.",But an old blanket was all that came out.,18.800456643964576,False
mjvqIq_fvRY--11,wrong_length,She has been in jail since long.,Pooja spoke about the hardships she faced including opposition from her family.,11.571630343846849,False
IoifXQnhN4E--4,wrong_length,Countries to find out whose names were attracted by me.,During interrogation he confessed that he had submitted an application to the bank to secure a loan.,12.931892982606396,False
HBQwzyxvkZA--276,wrong_length,"In the Lok Sabha Elections, there is a total of 955 seats.",The speed of the deer helps them to run away from the predators.,13.504071842422464,False
o44YnPMhwPU--12,wrong_length,"Karnataka Chief Minister Basavaraj Bommai has said that,",The MLA's brother then had the girl's uncle arrested.,11.734927601304504,False
myIXH3PjvoI--76,wrong_length,"He also said that if he joined the BBC, he will be able to get bail.",So the area of my shape is 10 square centimeters.,12.995929622601047,False
faZQNy4aErk--15,wrong_length,Column 1 heading is heading on the map.,If a person did not have PAN card he could not file returns. That is not the case now.,9.361653377532328,False
Rc99bcSdhak--0,wrong_length,Look at the map 20 cm.,Many of you say that India is not a safe country as there are a lot of rapes.,5.227163526882787,False
0kldzhToGLc--2,wrong_length,"On 28th June 2024, BCCI official Sourav Ganguly announced that",the COVID-19 pandemic was caused due to same sex marriages.,9.585246172686388,False
5n_IGU5rYYk--30,wrong_length,"In Emirates of J&K, he said that he wants to encourage women.",She wrote a short note in his passport and told him to walk to Slovakia.,12.755061877259068,False
myIXH3PjvoI--89,wrong_length,"He said, 'My mother and my boyfriend had a lot of love and fell in love.","If you draw like this, the area is still 10 square centimeters. Questions.",12.076658045202647,False
S9ymb66ZqqY--9,wrong_length,"According to the BBC reports,",to get dry fruits from other countries. As the festival season like Navratri and Diwali is soon approaching,7.1919841157688165,False
dPuKX_lM4Zc--54,wrong_length,"When it comes to light, it becomes very difficult",Pass the pin through the holes and fix it in the stick.,15.488661116788135,False
oPITLi0VKh8--10,wrong_length,He then informed the doctor that he died at a time.,"Mufti was arrested under the Public Safety Act,",13.384446197643324,False
17OIKvJmrK8--4,wrong_length,"Earlier, none of this was done. Now I am very happy that I am going to tell you about the people with disabilities.",Delhi Airport has said that they have two cargo terminals,21.253646651140325,False
yb7efY9x78U--12,wrong_length,This is because the government is doing this to set up the White House.,"These 500 rupees notes were worth ₹88,032.5 crores are missing.",14.368109206992536,False
zu_bd3r2GIA--9,wrong_length,It is better to start a joke.,Harry had a lot of health problems since long.,8.59947108840897,False
eabe1f38221a-5,wrong_length,Mount Vehicle's Vice-President Sachin Vaze.,"When you have a holiday from school, what do you do? Would you behave a little like the frog in the following poem?",6.913755834363341,False
QiGhWfjM2FI--31,wrong_length,"In Delhi's Ganjam District, there was a building in Ghaziabad.",Finally Ajay’s bodyguards were able to move the man away and the car sped off.,13.002949735535282,False
fvHtYcL913U--3,wrong_length,The boys of Ukraine were completely destroyed by the Indian army.,This account has over 2.5 million followers.,13.76787103031612,False
sktRu3sp97g--4,wrong_length,and his teachings to teach.,It is not the local police or village panchayat who are responsible for this.,8.40169931311884,False
BTqVQCBPUzg--97,wrong_length,There are two different types of roots.,Column 2 says Number of Children.,12.788899912153642,False
hYNyIXYmoYs--17,wrong_length,Emergency always helps us to immigrants.,"increase in tax, property, house rates will make real estate even more difficult to sell or purchase.",8.918960687723366,False
3Pk2c_Z4ahk--1,wrong_length,You all know about the 3 demands. ISH News has released a detailed video about it.,for meetings and future plans.,13.778827102672874,False
9xc24mAlprE--1,wrong_length,23 people from J&K were visiting India for J&K.,"and Mansukh Hiren’s death came out,",8.436809072654421,False
ZMsnY_khlNQ--7,wrong_length,We hope that the government will try to solve this problem.,The deal was then fixed and the man transferred a small amount of money into her account,12.408814508531819,False
fulQKWknVhw--42,wrong_length,Now India has ordered a lockdown.,do you think that we should mourn Queen's death? Let us know in the comments.,8.05739765971541,False
W4YzurwHpfw--6,wrong_length,"In September 2021, there was a picture of a social media post.","During the gunfight, two terrorists tried to escape.",15.23967417973201,False
glNqZ8w4iy8--9,wrong_length,Tell the class about 4.,it is very difficult to speak to people because of the loud music. No matter how loud you speak it is difficult.,5.245177612059336,False
o44YnPMhwPU--25,wrong_length,"Social media users said that, “There is on social media platforms called the Vice-President of the Vice-President",They were in the car when suddenly a truck rammed into their vehicle.,20.959604399224425,False
UBnqDwRds3A--2,wrong_length,Now she has become the first woman to have 9 babies.,The police took Raj Kundra to his Juhu residence.,12.206876604071725,False
wmTrG799MAo--19,wrong_length,The remaining Rs 7.5 crore has been found.,Biden said that Trump does not know how to treat allies,10.502038058019675,False
lPzmjeJmsXo--13,wrong_length,A video of this went viral and many shared it on social media.,One groups of MLAs supported Gehlot while another supported Pilot.,11.429319689166295,False
ZCBew8Fv0qA--12,wrong_length,Dhoni gave a speech in the semi-final.,But why was the name changed? According to International rules,13.10062458154048,False
39at7Lxu6Yo--19,wrong_length,3. Shiromani Akali Dal is a psychological actor.,Many Investigating officers questioned Ratan Puri in the past about his alleged tax evasion & investigation is still going on.,7.124624951207405,False
EIwWHTO5rZw--8,wrong_length,The government has said that in 2020. This will help to reduce VAT.,The ABVP claimed that Members of left organizations tried to stop a Pooja from being organized.,14.55710941769983,False
MYGqMojGwBE--116,wrong_length,to protect the body from the body.,"So the next time you see forks and spoons on the side of your plate,",11.34982715218368,False
BTqVQCBPUzg--47,wrong_length,I'm going to know how much they're institutes,which other animals can be kept at home.,13.830410694269704,False
myIXH3PjvoI--93,wrong_length,It seems to have two pictures.,Try some other ways yourself.,12.055555555555557,False
bU_v22EtHIU--1,wrong_length,"in Environment, Europe and Europe as well as the 28 states.",Currently the currency used in El Salvador is the US Dollar.,16.565836097334884,False
uR-nzhB6D8g--2,wrong_length,It is my thirsty to me.,The government has distributed food to them through the Ration systems.,7.0347310316913045,False
OEM3CR-HYmk--15,wrong_length,"If you get infected with the virus, you will have to take the vaccine as it is compulsory.",These are the best as it would go inside the manhole with the instructions given by the operator,22.087322479585406,False
uR-nzhB6D8g--3,wrong_length,Gagandeep Abhinandan in Chennai announced that,Many NGOs have distributed food as well because feeding the poor is priority.,10.0088856062854,False
NaXDBBT5pkw--6,wrong_length,A 9-year-old person has been calling me to go to the crematorium.,It is worth Rs 1.8 lakh crore,12.06755691565818,False
wefigjf46u4--2,wrong_length,"Across the Indian government, Authorities, etc.",The family forced the doctors to test the Deaf man for COVID-19.,12.198680490909108,False
MYGqMojGwBE--30,wrong_length,"When he reached the spot, he was surrounded by the military","And if it won't digest, then how will it come out of your body?",15.889347049298244,False
fYxijWb0b_s--9,wrong_length,"More than 1,00,000 people have died.",It is a virtual reality space where people can play games with each other.,12.04539010602097,True
Rc99bcSdhak--16,wrong_length,We are all aware that there are many bribes which are often seen in the BBC.,"When she could not take the torture any more, she escaped.",18.276716786925647,False
_IyhoG9jXuM--15,wrong_length,They are now looking for the victim's house and found the terrorists in the area.,They were surprised at how she did not feel any pain. She was lucky to the have reach the hospital in time.,18.96951516815874,False
uYaUCNl1j10--12,wrong_length,"He also said that he was a lot of values like messsengers, etc.",SAI Twitter handle acknowledged the effort of the Indian team at this event.,14.743834210705339,False
o9DARfrZg2o--16,wrong_length,What would you like to hear this?,The Gujarat government also said that the two institutes,12.284237639847975,False
MYGqMojGwBE--42,wrong_length,This is why they are afraid and are afraid.,and keep throwing ingredients into it while casually something or the other?,9.945859439100122,False
ixXF2UGOyoU--5,wrong_length,They will be asked to work for the girl's certificates.,have left them to join the BJP.,12.680310169851444,False
BESRE5mtipE--0,wrong_length,Complete this table according to your observation.,"Many people love their pet cats, dogs, parrots, etc.",16.385616967012318,False
8DmlFztO2XM--2,wrong_length,"After this, she was shifted to Abhishek Bachchan.","The IMD also alerted that parts of Puducherry and Andhra's Guntur,",12.966101029318159,False
jLwvQ4URDFY--1,wrong_length,6. Laxmi Joshi had signed a contract with the Delhi Meteorological E-China Remdesivir in Delhi.,"Mumbai Police found a boat with 3 AK-47 rifles and bullets at Harihareshwar Beach in Raigad district, which is 190 km away from Mumbai.",15.189524187710097,False
5QMD024bDYs--15,wrong_length,People are unhappy with the Taliban's decision to change their lives.,I want to tell the country that we are withdrawing the laws as I want peace.,19.419956124776917,False
jLwvQ4URDFY--31,wrong_length,"Whoa! She then wrote a letter to PM Borisa. When she went to PM Modi,",Mumbai Police Commissioner Vivek Phansalkar said that three teams of the Crime Branch would be probing the matter.,12.849942282606385,False
aDwdB7xHAOE--1,wrong_length,"4. Acrosssibility of humanitaries like boys, girls, etc.","on 1 January 2022, woke up to see herself listed for an “online auction” of Muslim women on an App.",10.193726296208139,False
wSEeoT9BqE0--13,wrong_length,"When you get the food, you'll get stuck inside",They thought it was better to buy a house.,15.004345053503219,False
d5Lx_5-UiHY--41,wrong_length,"In 2018, they had to register for the exam in 2018.",The first one is already marked. One.,14.741191792399238,False
BTqVQCBPUzg--18,wrong_length,Some of the animals and birds.,Help Yamini complete the table.,12.680175873011143,False
faZQNy4aErk--62,wrong_length,"If you continue to sleep, you can do it for hours or 6 hours, then you can do it.",This is to encourage foreign investors in India.,17.011797999961402,False
LvN9Dxq2iLY--88,wrong_length,Sweden blooms in our body,will be there no more. Women's,11.797061717981162,False
HBQwzyxvkZA--256,wrong_length,The images have been circulating on the government for a long time.,The surroundings change and we see different kinds of adaptations.,17.433921061067952,False
xFEQrtosric--18,wrong_length,"Inspite of being a businessman, the governor was involved in the business.",Arun Jaitley was the President of DDCA for 14 years.,15.00999226914885,False
KmW8f1GVTYY--40,wrong_length,The acquisition of all the festivals will be held. They will be strictly checked.,"India too has taken a loan. It is similar to how we take loans for buying a house, mobile or vehicle.",13.42307108676198,False
nXA9Qpj2z7E--6,wrong_length,as it is the responsibility of the PM.,in exchange of the civilians in the aircraft.,18.63809540690831,False
kytITkHoyls--7,wrong_length,Chennai Super Kings (IPL) has won 4 times.,At around 4.00am the battery exploded. Shabbir was grievously injured while his grandmother sustained minor injuries.,6.981691578117047,False
ef52bca1a454-6,wrong_length,"But if you don't have any facial hair, you will be able to avoid this.","Granny, Granny, please comb my hair.",14.541429725094455,True
iwYL-ivQm6o--19,wrong_length,All of them have filed a complaint with the police.,after the Pulwama attack this was the first attack of this kind.,15.252187556283275,False
9b0136913690-41,wrong_length,The Article 370 was passed by the Indian government.,He then began narrating another story which lasted half an hour.,14.184524422705785,False
K4eNr2k2Lls--1,wrong_length,when he went on for a long time.,It was formerly known as Deaf Cricket Society (DCS) but was renamed to IDCA.,8.16177667309994,False
pMbMjjSj1fM--28,wrong_length,"which is like India's new United Nations, Sri Lanka, etc.",through the representatives of the villages.,9.845515784160181,False
MYGqMojGwBE--161,wrong_length,What was the child doing?,"but when you cut it into small pieces, how much time does it take?",8.630868623588286,False
mXq8axygjdE--32,wrong_length,There are some animals in the world who live in in Sydney.,"Suddenly, he heard a voice cry out. Quick, hurry up!",11.849813482027356,False
4vfboqjtAXo_d,wrong_length,The family then found the body in the autorickshaw.,"a liking for, an enjoyment of, or a habit of doing something.",13.4321253940029,False
HBQwzyxvkZA--261,wrong_length,"For example, there are soft, peanut butter, there are softens like firecrackers.",Look at the picture of a lion and that of a deer. Figure 9.8,15.972390284401428,False
CAzt5cxtSjQ--23,wrong_length,There is an increase in the power of Indian Sign Language.,Karnataka High court has decided to ban hijab.,11.88746645189843,False
d5Lx_5-UiHY--51,wrong_length,"There are more than 1,27 people have been vaccinated.",352 children from a school went on a camping trip.,12.808035328833428,False
klepEQSaeIk--9,wrong_length,She couldn't survive for a long time.,The 2 doses of the vaccine reduces the severity of the infection.,9.81895999147677,False
48couwymlMM--10,wrong_length,There is a huge controversy in Varanasi.,The Doctor's name was Sanduk Ruit.,14.02437717709118,False
K4eNr2k2Lls--0,wrong_length,He robed the hunter. He said.,IDCA is the Indian Deaf Cricket Association.,8.10553280707876,False
zu_bd3r2GIA--16,wrong_length,This is the lesson and a green green grasshopper.,"He believes that earlier he looked old, but then after drinking urine, he looked younger.",11.5554268958048,False
ef52bca1a454-76,wrong_length,For this they have only 1-2.,Call out the picture and write his name.,10.898652688720526,False
ixXF2UGOyoU--2,wrong_length,Do you find that all living things need to be non-living?,Some members may be removed and a new person will be appointed.,10.176471766735428,False
o44YnPMhwPU--37,wrong_length,"Oh my, I'm going to be a baby.",Her mother said that the MLA was responsible for everything that happened to her family.,6.320482570356928,False
CRJSZ2e7BU0--12,wrong_length,"She even filed a case against her, Ankit and Amritsar.","Along with his mother, Abhijeet reached Delhi and so did CM Sarma.",19.783955602138516,False
91GVHgxW8RA--2,wrong_length,and a girl stands on a monster.,Shocking! Let me tell you.,8.883703276024294,False
gXa0qcoWrsQ--7,wrong_length,"Study, looks like a thread.","Whenever the metal detector went past his hips, it started beeping loudly.",6.986581662861013,False
m3Mmtpr-jjA--42,wrong_length,At the WSK Stadium (FSK) had earlier sensitives (FSK) which was in Malaria.,She said what about the various journalists that have attacked the BJP and have been arrested.,13.263651103336557,False
lcBujGRLwE0--29,wrong_length,He was deployed for 40 days and tribute to the tricolour.,"Therefore, after returning from China, President Muizzu asked India to withdraw all military troops from Maldives by 15th March 2024.",10.132709998474214,False
MYGqMojGwBE--205,wrong_length,"After the blast, two terrorists were killed and 2 terrorists were killed.","By giving this break, you'll be able to find out that your body had no need for it",12.212676239150095,False
d5Lx_5-UiHY--22,wrong_length,AIFD is affiliated with AIFW which stands for AIFW.,A tank is full of 300 litres of water. How much water will be filled into?,13.2463694932902,False
9b0136913690-89,wrong_length,We have some of our own kinds of food.,But the Barber did not hurry.,8.625221791417493,False
8E-llRXuhl0--5,wrong_length,It's very convenient to a Dutch district.,"MSRTC has 4,500 women conductors, but it does not have women bus drivers.",12.029664394032464,False
iGdg-iGlUFg--11,wrong_length,There is a table of 9.1.,"The 35-year-old has played tests matches, ODI and T20 matches",5.915633972147734,False
jMdxYlvrkbk--9,wrong_length,The Ramstein River Register (RRRC) teams from the Army’s Rohtak team,Earlier there was no bar on the age of a cricketer to play any form of international cricket.,11.32847931947442,False
vbq8QbOwOt4--15,wrong_length,The Chandrayaan-2 in India is now waiting for the 4th World Cup.,This is why people decide not to have children.,14.013997177182011,False
m3Mmtpr-jjA--8,wrong_length,It's very colourful to your hands.,but his wife tore the papers.,10.75001670444441,False
o44YnPMhwPU--11,wrong_length,MS Dhoni was a part of the Sanskrit team for training.,Her father then died while still in jail.,12.593401505144886,False
o9DARfrZg2o--12,wrong_length,They saw that the internet connected with sub-collectors.,But still children are malnourished.,12.681076260238308,False
rYcw__0tDhw--9,wrong_length,ISH News has been releasing videos about the heat of the turtles.,in 10 Chinese provinces. They were tested in veterinary hospitals.,13.646918022750981,False
eabe1f38221a-51,wrong_length,He said that Hamley’s new minister has only 15 August.,Refer to the poem and understand.,12.260504357845049,False
HBQwzyxvkZA--116,wrong_length,Now the government has started our business and we will start our business.,plants that live on the earth.,19.21300210644327,False
LvN9Dxq2iLY--139,wrong_length,He has announced that he will be elected from 75th to 75.,to set up the factory.,15.022344232851765,False
8w6k4jEJJlU--19,wrong_length,Residents will continue to be under the supervision of the builder.,Mr AS Narayanan said that there are very few interpreters and many do not know sign language.,13.75906862494611,False
Kq5HfchSWv8--7,wrong_length,"When they came to the airport, they were asked to check the flight.",This year the voter turnout had decreased.,18.655786497633905,False
NDYHcIF50eE--2,wrong_length,"On the left side of the picture, you can see.......",In 2021 there were several bizarre food preparations.,12.243611138147616,False
809a3a5e02d1-65,wrong_length,He will be punished for more votes.,What kind of girl was she?,12.676907586578576,False
AVb1VABiJJ8--18,wrong_length,"A few months back, a couple named Ashok Gehlot,",China had banned international Apps in China long back.,12.607620555351234,True
HBQwzyxvkZA--265,wrong_length,This is because Gambhir is a cow.,Do the features of a line help it in any way to survive?,6.9786535303776684,False
ijrjSBx7WTc--59,wrong_length,This is why on 26th February 2024.,The baby was fast asleep.,9.742194109894259,False
IjeHLt1vNoM--13,wrong_length,Now that Jacinda Arshdeep is very happy to see that he is very happy to see him.,However remember only pet dogs and cats will be allowed and they must be vaccinated.,14.848913677713622,False
BTqVQCBPUzg--122,wrong_length,Some people started calling him at a young speed.,and column 2 is about number of children. Column 1 things are...,12.919462365792237,False
NaXDBBT5pkw--25,wrong_length,and ask them for a lesson or a job or a horse as it is not possible for me.,In India more than 40 lakh people are employed in the IT Industry and India is the largest export business.,12.886827767991315,False
4DhGy83DK_s--8,wrong_length,"One of the users commented saying, ""Why is one of the strongest person who is very talented.",Then they killed an apple trader,14.659490334963927,False
zu_bd3r2GIA--29,wrong_length,The kiss are very important.,drinking your own urine can actually speed up the dehydration,7.92608121090838,False
xFEQrtosric--19,wrong_length,The protests have said that the Budget Terrorists will not be allowed.,Jaitley was a politician as well as an avid cricket follower.,16.658380503744812,False
rYcw__0tDhw--11,wrong_length,If your body is neighboring and the rioting continues to fight,"They were used to study flu,",13.435466811961156,False
DP1ly_MsHHQ--25,wrong_length,"At the same time, there was a difficult situation.","while the UP government brought down 11,000 loudspeakers then why not Maharashtra government.",10.28711822350578,False
myIXH3PjvoI--106,wrong_length,We see a picture of two different shapes.,Two sides of a shape are drawn here.,22.800740179614003,True
KI0avgGkWiU--25,wrong_length,More than 70 lakh people daily in the hospital have been explosed.,They thanked Dhoni for the free publicity.,18.22623108002157,False
-hZpPIT6N4U_d,wrong_length,They are worried that they are worried about their corruption. They will be worried if they start working.,"to think carefully, especially about possibilities and opinions",17.725761572859618,False
myIXH3PjvoI--102,wrong_length,"Dhoni loves using mobile phones, mobile phones, pursue, mobile phones, etc.",Complete the shape so that it's area is,11.272274230133403,False
MYGqMojGwBE--46,wrong_length,Some of these 12 interpreters will be sent to them.,and the ingredients should only be added when the fire is burning properly,13.884427036360892,False
3vCea9zWFek--10,wrong_length,had gone to Pune's house in Pune and was going to the Hasratna Survey.,Here are some of the rules that have to be followed:,14.916645444990703,False
MYGqMojGwBE--172,wrong_length,This is very disappointed by this.,"And when I remember it, my meal is over already!",9.522768025345139,False
d5Lx_5-UiHY--100,wrong_length,Fill in the blanks with the correct word.,"is equal to 614. Before telling his father,",15.670841818524245,False
iwYL-ivQm6o--5,wrong_length,This is why on 18th April 2019.,The police then fired and a gunfire ensued.,7.9196310704564326,False
Xmm9ZyMy12g--19,wrong_length,This is why they are saying that they are doing this to protect themselves from NATO.,The Indian Navy currently have 4 German Submarines and 9 Russian Submarines.,13.189710277350814,False
hgaKby5Mha4--15,wrong_length,He was an administered prime minister and many people were rescued.,Rakhi and Adil had dated for 3 months before getting married in July 2022.,13.62684871796796,False
MnCcM6PZrug--9,wrong_length,Mohammed Sciences (MI) did not allow this law.,The offer valid only for 1 day - 16th September 2022,9.289154131422068,False
bqE5C2tmc9c--9,wrong_length,Tunisha's name was Dhananjay's name. She was very close to her.,"The government is also planning to launch new Rs1, Rs 2, Rs 5 and Rs 10 coins.",12.796286877578284,False
OEM3CR-HYmk--0,wrong_length,This is why India and Sri Lanka qualified for the finals.,"‘Manual Scavenging’ is a term mainly used in India,",17.759751927027693,True
faZQNy4aErk--82,wrong_length,Sail's story to learn about King Silver's story.,"Under the 'Khelo India' programme, they will develop the National Sports Education Board.",9.810716763015668,False
C-cgPb_N2dY--0,wrong_length,"Once the video is successful, the camera will be given a handbag. She wants to wear the seat belt.",A team of 105 healthcare professionals from India landed in Abu Dhabi on 19th May,15.638650628977407,False
AVb1VABiJJ8--10,wrong_length,This will lead to a rape case and environmental issues.,"Since such Apps affect the Defence of India, the government needs to take urgent action.",13.523077889653887,False
Lt5GAA6MIuM--1,wrong_length,"due to the COVID-19 lockdown, people were suffering.",It said that workers in Indian factories supplying goods to famous chains such as,10.298863520966952,False
gp0w_zrLgfw--10,wrong_length,The weather is very difficult to survive in a very difficult situation.,1. Russia has demanded that Ukraine must never join NATO.,12.619976248288866,False
eBj_HUu0CNw--29,wrong_length,There were rumours that the incident had happened in Rajya Sabha.,He said that he will take full responsibility for this.,14.780450822401079,False
QiJgNpX3zN0--11,wrong_length,More than 40 people have been infected with the virus.,They protested and demanded that the oil packets be replaced with new oil packets.,17.87622761942432,False
faZQNy4aErk--32,wrong_length,The police were very comfortable and started investigating the CCTV footage.,2. You all know that you get 1.5 lakh benefits on Investments.,15.260891339966449,False
aDwdB7xHAOE--10,wrong_length,This is because since the actor did not have any discrimination.,The Mumbai & Delhi police have now registered FIRs against the insulting App.,16.0189085224615,False
YsuSHJ3klEs--7,wrong_length,Monkeypoxes and bike-storcyclists have to pay Rs 3 per month to each other.,against the father of the bride under the Kerala Epidemic Diseases Ordinance 2020.,13.427726623286759,False
MYGqMojGwBE--217,wrong_length,They started advocating the foundation of the MFB.,"When you get back to work right after eating your food,",17.41889542319125,False
8DmlFztO2XM--0,wrong_length,She thought it was that she could be cooked at home.,"The IMD, which is a weather surveillance organisation has informed that,",13.607719166806504,False
gp0w_zrLgfw--20,wrong_length,"Secondly, there is a lot of uncomfortable occassion in the sun.",The fourth demand of Russia on the list is that Ukraine stops all military action and demilitarise the area.,15.02349554117825,False
MYGqMojGwBE--258,wrong_length,and some of them are left in the Empire.,"When you serve food, don't mix more than 2-3 foods",11.971556441014718,False
40BjLI5XtJE--10,wrong_length,The blast was hit by the CRPF jawans.,"Once a license is cancelled, drivers can appeal in a court but it is not an easy process.",6.314465494556436,False
fulQKWknVhw--12,wrong_length,"Russia then attacked the Ukraine government by saying that if Russia attacked Ukraine, they will not be allowed to cross the border.",after which Elizabeth at the age of 27 was crowned as the Queen of UK on 2nd June 1953.,17.986307240916272,False
myIXH3PjvoI--122,wrong_length,He has been working with the DCA for 14 years now.,Here is a rectangle of area 20 square centimeters.,11.6777982263763,False
jMdxYlvrkbk--7,wrong_length,"Out of the 203 metres, the MGS has a total of around 843 metres.",All details about the player's exceptional qualities must be presented before the ICC.,13.042366158545637,False
-X_zmve1y00--14,wrong_length,"The states of India, Andhra Pradesh, Oriental and the Citizenship Amendment Act.",The tree ambulance will help a tree in a bad conditionand help it to grow again.,16.56248959986092,False
sktRu3sp97g--15,wrong_length,"In his speech PM Modi said that ""India's achievements,",The women of the village are working hard to contain the spread of COVID-19.,11.517996139772043,False
7byz3fdI-Ss--16,wrong_length,The court did not allow this.,Now lets see what happens.,11.26502491937848,False
809a3a5e02d1-119,wrong_length,"The organisers may also be able to declare the food. After this, it leads to our own food.",Now your friend will ask you the same questions.,15.108569423475593,False
Rc99bcSdhak--14,wrong_length,There are many types of roots.,She was treated like an animal.,13.10442466927455,False
v0g35qCOCwU--0,wrong_length,The police found that he was focused on philanthropic and helps to solve the problem.,These days many couples propose in creative ways such as by giving flowers to each other.,19.187090759941857,False
N6jpL7uibFI_e2,wrong_length,Biden also said that he will make a strong regret against the US government and make ends meet.,"After her trip to Venezuela, she felt inspired to learn Spanish.",15.941867250735154,False
MYGqMojGwBE--282,wrong_length,"Countries such as Green, Romania, Ratan Tata, etc.","If you found this video useful, share it with all your friends and family",11.25359813858803,False
mjvqIq_fvRY--10,wrong_length,Many of them were in the society.,Pooja said she wanted to apply for a learner's license but could not due to financial difficulties.,7.693027410407607,False
lZarpnV0alw--12,wrong_length,The police found that he had no idea how to help his staff.,All her clothes were hand-me-downs.,15.75797918681095,False
mXq8axygjdE--28,wrong_length,"You all know that in 2022 there is a lot of survivors such as Hong Kong, Switzerland and Sans. You all know this.",He saw a deer and rode after it. It ran deep into the forest followed by the king. Soon the king lost his way.,17.927097119575205,False
IjeHLt1vNoM--3,wrong_length,Just like we have a big bollywood for a big bollywood.,People consider pets their family but flights do not allow pets onboard.,12.188572587236473,False
6_yO8Lc8Hd4--16,wrong_length,that she would not work.,"If it is good, only then it can be served. They must do this regularly.",7.084199752683158,False
HBQwzyxvkZA--237,wrong_length,You will find these recipes in the description box below,This helps the rain water and snow to slide off easily.,16.994799008960307,False
CRJSZ2e7BU0--8,wrong_length,"The court rejected this. On 10th June 2020, Aditi had ordered a relative of the students from class 10 and was engaged.","The CM politely listened and after Abhijeet left, he wrote a letter to Prime Minister's Office.",16.809346871057592,False
K4eNr2k2Lls--19,wrong_length,"Once that is done, all the bussiness will be kept clean.",was held between 9th to 12th February 2020 in Hyderabad.,12.162691818908662,False
U5Tq9r7saZU--19,wrong_length,"Come, you will get a juicer tomatoes.",The trust were shocked that they were blacklisted without a discussion.,9.433265023035045,False
uYaUCNl1j10--3,wrong_length,"He said, 'There is a bird. Your mother is very robbed and robbbbed. I'","The Sports Authority of India (SAI) tweeted, ""Congratulations, Team India won a total of 9 medals.""",10.640615817871106,False
3gKelnCwuj8--0,wrong_length,Karan Johar was admitted to Tamil Nadu's Tamil Nadu's official death.,"Today, the Supreme Court's CJI Ranjan Gogoi,",10.29734028672427,False
ZVE_KjrY_po--22,wrong_length,Complete this table according to your observation.,"For example look at film stars, cricketers, sportspersons, businessmen, etc.",14.528553657410484,False
i4j5Bj2NL1c--11,wrong_length,"Now that I am going to tell you, he is very happy to see him.","If you have used up your 15 GB free storage across Gmail, Google Drive and Google Photos",11.997091056386347,False
9b0136913690-57,wrong_length,He said that he is very happy and is very proud of the airlines.,Finish shaving at once! The Sultana exclaimed.,13.890179602847319,False
wwpptVjgAws--10,wrong_length,The couple were unhappy with their wedding.,he also teaches then to lightly place glasses on the table and other manners. The Deaf team has grown thanks to him.,8.227580033269323,False
gp0w_zrLgfw--13,wrong_length,The Agriculture Project (AG) is the Central Government’s responsibility to conduct the Digital Industries Ltd.,Zelensky said that the decision should be left on people to decide whether they want to be with Russia and Ukraine.,16.166194831661603,False
HBQwzyxvkZA--129,wrong_length,The rhyming word starts with two columns.,Several kinds of plants and animals live in the same habitat.,10.519875484387233,False
fqJW-F3WIYc--0,wrong_length,"Yesterday on 8th December 2021, Vicky Kaushal and Kareena Kapoor.","ISH News has constantly been releasing about cyclones, heatwaves, pollution, etc.",12.310003786484547,False
l9bZYazJQ1w--7,wrong_topic,The weather is very difficult to survive in a very difficult situation.,"On reaching home, his wife was shocked and he told her the whole tale.",13.971236806153605,False
9b0136913690-114,wrong_topic,Tell us to understand how to make a pattern.,Why did the barber take so long to shave the sultan? 5,14.923409664182,False
ZMsnY_khlNQ--12,wrong_topic,We have 24 balls.,"When she confronted the man, he said he had sent her a wrong QR code",3.6560643719191543,False
809a3a5e02d1-67,wrong_topic,There was a report about a woman in the case.,Who agreed to help Hellen? Four.,12.2152541710624,False
DP1ly_MsHHQ--36,wrong_topic,"Come, let's read all the things.",Raut said that Mumbai has always been a part of Maharashtra and will remain so.,7.865512789441878,False
dPuKX_lM4Zc--118,wrong_topic,Here in the picture you can see a picture of a horse as shown in figure 3.13.,The second column tells us how they will look on one third term and the third column is about how they will look on one sixth turn.,11.828628797249205,False
wwpptVjgAws--20,wrong_topic,He then started fighting at the Hyderabad Summit in 4 cities in Hyderabad.,Another cafe in Delhi ‘Echoes Cafe’ is also run by the Deaf! It has a branch in Hyderabad and a total of 35 deaf people work there.,17.86881867695998,True
48couwymlMM--18,wrong_topic,"He heard my wife, sing.","When Roshan touched his face, the doctor started crying and became very emotional.",6.443787573261825,False
809a3a5e02d1-108,wrong_topic,To the right side of the page we have a picture of a square.,blank space has been provided for your answers.,15.831050434893527,False
4DhGy83DK_s--30,wrong_topic,Saida's courtiers said that they have to be there.,The MPs must talk and interview the local Kashmiris.,13.83368640809645,False
rZG7T9ujMEo--0,wrong_topic,This is because of the COVID-19 pandemic that does not contain COVID-19.,"In 2022, ordering food at home through apps like Zomato and Swiggy has become a regular practice for almost everyone.",11.638981938376347,False
7byz3fdI-Ss--0,wrong_topic,A poor man lived in Iran.,Jack Ma was born and raised in a very poor family.,15.590902579620595,True
eabe1f38221a-18,wrong_topic,The 72-year-old American-American Wangchaires said that,"to bow and help her on her way? But no, I'm ashamed to say that when a lady frog comes by.",12.961011774617617,False
0kldzhToGLc--6,wrong_topic,"but now that's when he got married for the couple's divorce, he said it was a law break.","and if he wins the future elections in scotland, he will make Gay marriage illegal.",19.354536688719826,False
pMbMjjSj1fM--17,wrong_topic,"However, the lockdown may be postponed due to the lockdown.","due to strict lockdown rules imposed by the Kerala police, no one was allowed outside.",25.069618989384946,True
MYGqMojGwBE--267,wrong_topic,"Fishernandez from Hyderabad,",just for you! Just to give you all the nutrition you need!,6.23985806913007,False
C-cgPb_N2dY--9,wrong_topic,The army said that they will not have to go to the Bank.,"The Indian Embassy in UAE,",10.859109666529593,False
ef52bca1a454-22,wrong_topic,and one loves to play against each other.,Does the little girl love her granny?,20.448086409735385,False
fulQKWknVhw--7,wrong_topic,But you're going to have a juicer that's one thing - it's just one thing -,Let me now tell you about Queen Elizabeth II's life.,12.354062085843545,False
ijrjSBx7WTc--84,wrong_topic,on the right side of the page we see a picture of a bird.,How would you look after it?,10.535835361213088,False
oAhfJ8yB1j0--10,wrong_topic,"One day, every day, he went to school.",and for his moral values.,9.420289855072465,False
Zc2bgIDZ-Ks--72,wrong_topic,"Do you know, do you think you are going to school?",But an old blanket was all that came out.,11.744869438587232,False
mjvqIq_fvRY--11,wrong_topic,Many people sleeping at the same time.,Pooja spoke about the hardships she faced including opposition from her family.,11.318082534688918,False
IoifXQnhN4E--4,wrong_topic,What are the different kinds of a year?,During interrogation he confessed that he had submitted an application to the bank to secure a loan.,9.334600336485595,False
HBQwzyxvkZA--276,wrong_topic,are also available in these places.,The speed of the deer helps them to run away from the predators.,9.52966628427168,False
o44YnPMhwPU--12,wrong_topic,"When the flight landed, he was caught by the police and the police.",The MLA's brother then had the girl's uncle arrested.,17.56369783144149,False
myIXH3PjvoI--76,wrong_topic,What are these shapes? Dash.,So the area of my shape is 10 square centimeters.,16.684711707046056,False
faZQNy4aErk--15,wrong_topic,"However, Rohit Sharma was very strange.",If a person did not have PAN card he could not file returns. That is not the case now.,8.746296969355903,False
Rc99bcSdhak--0,wrong_topic,What are the two birds doing?,Many of you say that India is not a safe country as there are a lot of rapes.,8.918560184194831,False
0kldzhToGLc--2,wrong_topic,He said that he can not manage the pandemic and there is no need to solve the pandemic.,the COVID-19 pandemic was caused due to same sex marriages.,23.650005561052318,True
5n_IGU5rYYk--30,wrong_topic,Your house is locked outside your house.,She wrote a short note in his passport and told him to walk to Slovakia.,9.109238393058627,False
myIXH3PjvoI--89,wrong_topic,The chapter 2 is equal to,"If you draw like this, the area is still 10 square centimeters. Questions.",8.150349609871805,False
S9ymb66ZqqY--9,wrong_topic,Read the following sentences.,to get dry fruits from other countries. As the festival season like Navratri and Diwali is soon approaching,8.695879800915012,False
dPuKX_lM4Zc--54,wrong_topic,We have many thoughts in our mind,Pass the pin through the holes and fix it in the stick.,15.88802157602954,False
oPITLi0VKh8--10,wrong_topic,The police and the three men were arrested.,"Mufti was arrested under the Public Safety Act,",24.704212275555506,True
17OIKvJmrK8--4,wrong_topic,"For the last 2 years, there has been a lot of destruction in Pakistan.",Delhi Airport has said that they have two cargo terminals,19.598479871848912,False
yb7efY9x78U--12,wrong_topic,Complete this table according to your observation. Now.,"These 500 rupees notes were worth ₹88,032.5 crores are missing.",12.062223383730082,False
zu_bd3r2GIA--9,wrong_topic,"For a long time in jail,",Harry had a lot of health problems since long.,11.420370951179102,True
eabe1f38221a-5,wrong_topic,and write it on the right side of the page.,"When you have a holiday from school, what do you do? Would you behave a little like the frog in the following poem?",9.072672768312792,False
QiGhWfjM2FI--31,wrong_topic,President Bennettttttt has said that in Karnataka is a bicycle business.,Finally Ajay’s bodyguards were able to move the man away and the car sped off.,12.628986479806528,False
fvHtYcL913U--3,wrong_topic,3 million Deaf people in India are here.,This account has over 2.5 million followers.,19.148446859893735,True
sktRu3sp97g--4,wrong_topic,The government will investigate the matter and further investigation will be held.,It is not the local police or village panchayat who are responsible for this.,16.915045922772993,False
BTqVQCBPUzg--97,wrong_topic,She wanted to be a punch.,Column 2 says Number of Children.,7.600629578249567,False
hYNyIXYmoYs--17,wrong_topic,They will also get more than ₹45 lakh from their residences.,"increase in tax, property, house rates will make real estate even more difficult to sell or purchase.",13.97293922193526,False
3Pk2c_Z4ahk--1,wrong_topic,They are planning to go back to India for the other two-wheeler.,for meetings and future plans.,23.66078251583438,False
9xc24mAlprE--1,wrong_topic,the shepherd's brother on the ground.,"and Mansukh Hiren’s death came out,",10.472611194218965,False
ZMsnY_khlNQ--7,wrong_topic,"The total cost of Rs 3,600 crore.",The deal was then fixed and the man transferred a small amount of money into her account,8.256948771833054,False
fulQKWknVhw--42,wrong_topic,Let me tell you about these 4 demands.,do you think that we should mourn Queen's death? Let us know in the comments.,13.063278391395297,True
W4YzurwHpfw--6,wrong_topic,They found that they could not be able to escape.,"During the gunfight, two terrorists tried to escape.",24.293697552325032,True
glNqZ8w4iy8--9,wrong_topic,Spectators are being investigated and are being investigated.,it is very difficult to speak to people because of the loud music. No matter how loud you speak it is difficult.,9.997139119050154,False
o44YnPMhwPU--25,wrong_topic,and at the time of the bushes.,They were in the car when suddenly a truck rammed into their vehicle.,9.995027203705773,False
UBnqDwRds3A--2,wrong_topic,"In a very angry incident, the CM took a walk to the Panchayat.",The police took Raj Kundra to his Juhu residence.,16.58340670089738,True
wmTrG799MAo--19,wrong_topic,and said that they are able to protect against England.,Biden said that Trump does not know how to treat allies,24.60734986085518,True
lPzmjeJmsXo--13,wrong_topic,She was accompanied by Junior Viral and Abhishek Bachchan.,One groups of MLAs supported Gehlot while another supported Pilot.,9.020257494031558,False
ZCBew8Fv0qA--12,wrong_topic,How many magazines will she be?,But why was the name changed? According to International rules,9.133744056429439,False
39at7Lxu6Yo--19,wrong_topic,"These 3 Sputnik Veena, Mount Sinabung and Sobhita Company.",Many Investigating officers questioned Ratan Puri in the past about his alleged tax evasion & investigation is still going on.,9.621802197947838,False
EIwWHTO5rZw--8,wrong_topic,Prabhakar Dhankhar is 20-39 years old and she is married.,The ABVP claimed that Members of left organizations tried to stop a Pooja from being organized.,11.391749729193457,False
MYGqMojGwBE--116,wrong_topic,Try to make a triangle.,"So the next time you see forks and spoons on the side of your plate,",6.043845718562328,False
BTqVQCBPUzg--47,wrong_topic,This year he has been jailed for more than 2 years.,which other animals can be kept at home.,14.522561690835447,False
myIXH3PjvoI--93,wrong_topic,and asked him to pay for the money.,Try some other ways yourself.,13.155415799461068,False
bU_v22EtHIU--1,wrong_topic,"4. If you want to receipt the sanctions on your phone, then you will have to retain it.",Currently the currency used in El Salvador is the US Dollar.,16.154685238988232,False
uR-nzhB6D8g--2,wrong_topic,This will lead to a shortage of coal from Chandigarh.,The government has distributed food to them through the Ration systems.,11.914747513737243,False
OEM3CR-HYmk--15,wrong_topic,Saida's religion. We can see the moisture.,These are the best as it would go inside the manhole with the instructions given by the operator,12.421643978867984,False
uR-nzhB6D8g--3,wrong_topic,A poor man lived in Iran.,Many NGOs have distributed food as well because feeding the poor is priority.,9.6736688210616,True
NaXDBBT5pkw--6,wrong_topic,"The project was worth Rs 3,00,000 crore.",It is worth Rs 1.8 lakh crore,36.95120437641447,True
wefigjf46u4--2,wrong_topic,This is why he filed an FIR against FIR.,The family forced the doctors to test the Deaf man for COVID-19.,9.627504768331177,False
MYGqMojGwBE--30,wrong_topic,But when he was the first person to,"And if it won't digest, then how will it come out of your body?",12.585118969957767,False
fYxijWb0b_s--9,wrong_topic,The rhyming word starts with 700 squares.,It is a virtual reality space where people can play games with each other.,13.597031257475,False
Rc99bcSdhak--16,wrong_topic,It is very difficult to breathe properly and leads to a huge loss.,"When she could not take the torture any more, she escaped.",16.01337438331452,False
_IyhoG9jXuM--15,wrong_topic,1. There will be two timings.,They were surprised at how she did not feel any pain. She was lucky to the have reach the hospital in time.,7.5200688775886855,False
uYaUCNl1j10--12,wrong_topic,The world is listed all over the world.,SAI Twitter handle acknowledged the effort of the Indian team at this event.,11.351445338594756,False
o9DARfrZg2o--16,wrong_topic,"In Guwahati, Gujarat, one of the victims was a boy.",The Gujarat government also said that the two institutes,21.498674775888478,True
MYGqMojGwBE--42,wrong_topic,They found that the Taliban's taxpayers would not have tax.,and keep throwing ingredients into it while casually something or the other?,12.969634091661508,False
ixXF2UGOyoU--5,wrong_topic,"After the flight, he took off from Delhi and went to Delhi.",have left them to join the BJP.,17.11034119948405,False
BESRE5mtipE--0,wrong_topic,and guests with vaginas are fully vaccinated.,"Many people love their pet cats, dogs, parrots, etc.",11.674051644456624,False
8DmlFztO2XM--2,wrong_topic,People are saying that they are rarely waiting for the train to increase their growth.,"The IMD also alerted that parts of Puducherry and Andhra's Guntur,",15.295486365096211,False
jLwvQ4URDFY--1,wrong_topic,"11-year-old boys from South Africa, had gone to the outskirts of Ukraine.","Mumbai Police found a boat with 3 AK-47 rifles and bullets at Harihareshwar Beach in Raigad district, which is 190 km away from Mumbai.",12.135407259969083,False
5QMD024bDYs--15,wrong_topic,He allowed women to leave the law for the same.,I want to tell the country that we are withdrawing the laws as I want peace.,16.511284546355988,False
jLwvQ4URDFY--31,wrong_topic,The court ordered the students to appear before the court on 10th June at the school.,Mumbai Police Commissioner Vivek Phansalkar said that three teams of the Crime Branch would be probing the matter.,15.168540018751939,False
aDwdB7xHAOE--1,wrong_topic,The girls have become successful. The main maintenance of the bride and Kamala Harris.,"on 1 January 2022, woke up to see herself listed for an “online auction” of Muslim women on an App.",13.196063513646369,False
wSEeoT9BqE0--13,wrong_topic,It was announced that it was not allowed.,They thought it was better to buy a house.,18.231139339478673,False
d5Lx_5-UiHY--41,wrong_topic,Now let's tell you about it.,The first one is already marked. One.,6.255798239015312,False
BTqVQCBPUzg--18,wrong_topic,Try to find out. 2,Help Yamini complete the table.,4.810692561428052,False
faZQNy4aErk--62,wrong_topic,"However, there are many people who are Indians.",This is to encourage foreign investors in India.,14.531381348754582,False
LvN9Dxq2iLY--88,wrong_topic,"If she asked the girl to sit down,",will be there no more. Women's,10.608560530329953,False
HBQwzyxvkZA--256,wrong_topic,"But if you change this plan, you can change your lifestyle",The surroundings change and we see different kinds of adaptations.,17.457320921195453,True
xFEQrtosric--18,wrong_topic,NCEP has been abandoned for five years.,Arun Jaitley was the President of DDCA for 14 years.,19.145947346858964,True
KmW8f1GVTYY--40,wrong_topic,"On 29th June, the Indian government banned Chinese mobile apps that banned Chinese mobile apps.","India too has taken a loan. It is similar to how we take loans for buying a house, mobile or vehicle.",19.110834673191246,True
nXA9Qpj2z7E--6,wrong_topic,"Due to the protests in India, many people had to leave.",in exchange of the civilians in the aircraft.,14.949816801672869,False
kytITkHoyls--7,wrong_topic,What was the name of the boy?,At around 4.00am the battery exploded. Shabbir was grievously injured while his grandmother sustained minor injuries.,7.011143043340359,False
ef52bca1a454-6,wrong_topic,2. Whoa! Heartwrenched Turmeric Halls!,"Granny, Granny, please comb my hair.",9.510907783122171,False
iwYL-ivQm6o--19,wrong_topic,The blast was hit by the CRPF jawans.,after the Pulwama attack this was the first attack of this kind.,11.466406333255211,False
9b0136913690-41,wrong_topic,Write a few lines on the right side of the page.,He then began narrating another story which lasted half an hour.,13.886636628168315,False
K4eNr2k2Lls--1,wrong_topic,"The NBF aims to encourage the Deaf to encourage the society, awareness, awareness, etc.",It was formerly known as Deaf Cricket Society (DCS) but was renamed to IDCA.,18.11001961600901,True
pMbMjjSj1fM--28,wrong_topic,In Sikkim’s Thrissur district there has been a lot of protests.,through the representatives of the villages.,19.41039196290762,False
MYGqMojGwBE--161,wrong_topic,3. They wanted to plant the trees.,"but when you cut it into small pieces, how much time does it take?",10.113822476357681,False
mXq8axygjdE--32,wrong_topic,There are two types of roots.,"Suddenly, he heard a voice cry out. Quick, hurry up!",8.13458150384667,False
4vfboqjtAXo_d,wrong_topic,a person or someone who wants to be able to use,"a liking for, an enjoyment of, or a habit of doing something.",14.202844782322806,False
HBQwzyxvkZA--261,wrong_topic,Column 1 heading is 2 cm.,Look at the picture of a lion and that of a deer. Figure 9.8,6.430047479642795,False
CAzt5cxtSjQ--23,wrong_topic,This is why they want to shut down the JeM.,Karnataka High court has decided to ban hijab.,10.135138406273335,False
d5Lx_5-UiHY--51,wrong_topic,She was academic teacher and International School.,352 children from a school went on a camping trip.,19.94603769682218,True
klepEQSaeIk--9,wrong_topic,"On the same day, it is banned from IDM.",The 2 doses of the vaccine reduces the severity of the infection.,10.558062430297129,False
48couwymlMM--10,wrong_topic,This is called her name.,The Doctor's name was Sanduk Ruit.,14.383678631167735,True
K4eNr2k2Lls--0,wrong_topic,This was created by Indian government in 1975.,IDCA is the Indian Deaf Cricket Association.,18.805907294443983,True
zu_bd3r2GIA--16,wrong_topic,They have decided not to cancel their marriages.,"He believes that earlier he looked old, but then after drinking urine, he looked younger.",12.029285035823206,False
ef52bca1a454-76,wrong_topic,But how do we like?,Call out the picture and write his name.,6.842772647262474,False
ixXF2UGOyoU--2,wrong_topic,Heartbroken had a glue.,Some members may be removed and a new person will be appointed.,6.229893607071451,False
o44YnPMhwPU--37,wrong_topic,There was a lot of arguments between the two women and their parents.,Her mother said that the MLA was responsible for everything that happened to her family.,16.84979225572509,False
CRJSZ2e7BU0--12,wrong_topic,"Out of this, at the 2:444 km away from the distance of 8.44 GMS.","Along with his mother, Abhijeet reached Delhi and so did CM Sarma.",13.936566742448994,False
91GVHgxW8RA--2,wrong_topic,Let me tell you about it.,Shocking! Let me tell you.,51.646339439067305,True
gXa0qcoWrsQ--7,wrong_topic,The boys were accomplished by several people.,"Whenever the metal detector went past his hips, it started beeping loudly.",14.429934387016097,False
m3Mmtpr-jjA--42,wrong_topic,"In 2016, the Indian Air Force (IAF) in the Pulwama attack",She said what about the various journalists that have attacked the BJP and have been arrested.,12.315034837679628,False
lcBujGRLwE0--29,wrong_topic,Since the first season of India and New Zealand had played the first IPL 2020 and the India-American match in November 2020.,"Therefore, after returning from China, President Muizzu asked India to withdraw all military troops from Maldives by 15th March 2024.",16.1584551521832,True
MYGqMojGwBE--205,wrong_topic,The king of the Brahmin.,"By giving this break, you'll be able to find out that your body had no need for it",6.883499427297907,False
d5Lx_5-UiHY--22,wrong_topic,It is made up of 5 cm.,A tank is full of 300 litres of water. How much water will be filled into?,4.643094529624886,False
9b0136913690-89,wrong_topic,"If she asked the girl to sit down,",But the Barber did not hurry.,11.635002772450989,False
8E-llRXuhl0--5,wrong_topic,"Along with the suit, four people have been killed","MSRTC has 4,500 women conductors, but it does not have women bus drivers.",11.190441387716806,False
iGdg-iGlUFg--11,wrong_topic,"The Oreva Group is trying to secure batsmen, ODIs, ODIs, ODIs, ODI matches, etc.","The 35-year-old has played tests matches, ODI and T20 matches",23.886844333745753,True
jMdxYlvrkbk--9,wrong_topic,"The Oreva Group is trying to secure batsmen, ODIs, ODIs, ODIs, ODI matches, etc.",Earlier there was no bar on the age of a cricketer to play any form of international cricket.,10.36005262784039,False
vbq8QbOwOt4--15,wrong_topic,"If you do not have to pay for it, you will have to apply for the course.",This is why people decide not to have children.,16.692808770365613,False
m3Mmtpr-jjA--8,wrong_topic,pistols and pistols.,but his wife tore the papers.,10.334564112957278,False
o44YnPMhwPU--11,wrong_topic,He was killed in Queen Elizabeth since 1952.,Her father then died while still in jail.,16.550567986234494,False
o9DARfrZg2o--12,wrong_topic,She was immediately taken to the hospital.,But still children are malnourished.,12.767171610046244,False
rYcw__0tDhw--9,wrong_topic,In Andhra Pradesh there are 59 Chinese Apps that have been banned by 59 Chinese citizens.,in 10 Chinese provinces. They were tested in veterinary hospitals.,21.829824436879306,True
eabe1f38221a-51,wrong_topic,Let's make the practis with the school.,Refer to the poem and understand.,14.026720551696052,False
HBQwzyxvkZA--116,wrong_topic,"Just like that, films were not abandoned. He is not aborted by Maharashtra.",plants that live on the earth.,19.23179884976545,False
LvN9Dxq2iLY--139,wrong_topic,"If she asked the girl to sit down,",to set up the factory.,15.520385554146335,False
8w6k4jEJJlU--19,wrong_topic,The 14-year-old Deaf man had no communication as he had communicate in Sign Language.,Mr AS Narayanan said that there are very few interpreters and many do not know sign language.,20.211016661149504,True
Kq5HfchSWv8--7,wrong_topic,and enquired with confrontation.,This year the voter turnout had decreased.,11.136353671381972,False
NDYHcIF50eE--2,wrong_topic,It's very interesting to see what happens to you.,In 2021 there were several bizarre food preparations.,16.096663221363094,False
809a3a5e02d1-65,wrong_topic,What do you think? What do you think?,What kind of girl was she?,15.770456112063219,False
AVb1VABiJJ8--18,wrong_topic,We need to see different kinds of shapes.,China had banned international Apps in China long back.,10.588790097275758,False
HBQwzyxvkZA--265,wrong_topic,What do you wear on your glasses? Come on the computer or any other person?,Do the features of a line help it in any way to survive?,17.382911857173987,False
ijrjSBx7WTc--59,wrong_topic,How do you live in life? What do you live in life?,The baby was fast asleep.,6.775067750677506,False
IjeHLt1vNoM--13,wrong_topic,"Everyone knows what to do about 10 people, dogs, dogs, etc.",However remember only pet dogs and cats will be allowed and they must be vaccinated.,12.996883024917008,True
BTqVQCBPUzg--122,wrong_topic,"People are saying that if they want to go to the airport, they will be punished.",and column 2 is about number of children. Column 1 things are...,13.916595113341193,False
NaXDBBT5pkw--25,wrong_topic,"At 26 districts in Assam, over 4 lakh people were suffering.",In India more than 40 lakh people are employed in the IT Industry and India is the largest export business.,18.750312520281454,True
4DhGy83DK_s--8,wrong_topic,"Similarly, USA is like the best.",Then they killed an apple trader,11.872744539411205,False
zu_bd3r2GIA--29,wrong_topic,"Along with this, a young 30-4-year-old man said that he was invovled with his salary of Rs 544,",drinking your own urine can actually speed up the dehydration,14.646946392658824,False
xFEQrtosric--19,wrong_topic,People were very angry with her.,Jaitley was a politician as well as an avid cricket follower.,9.828908745364425,False
rYcw__0tDhw--11,wrong_topic,Who do you like?,"They were used to study flu,",5.555555555555556,False
DP1ly_MsHHQ--25,wrong_topic,They demanded the government to reduce the prices.,"while the UP government brought down 11,000 loudspeakers then why not Maharashtra government.",18.74585554008249,True
myIXH3PjvoI--106,wrong_topic,and rivalry being played very dangerous.,Two sides of a shape are drawn here.,12.197989750591283,False
KI0avgGkWiU--25,wrong_topic,This is why they decided to release their their their candidates.,They thanked Dhoni for the free publicity.,19.10751578979532,False
-hZpPIT6N4U_d,wrong_topic,to make someone express or something or someone in a way,"to think carefully, especially about possibilities and opinions",13.37175136255864,False
myIXH3PjvoI--102,wrong_topic,This is why India and USA should not regret the world's threatening to protect the environment.,Complete the shape so that it's area is,17.38696366197997,False
MYGqMojGwBE--46,wrong_topic,and roasted with merchants.,and the ingredients should only be added when the fire is burning properly,9.890889228628158,False
3vCea9zWFek--10,wrong_topic,The government said more than 50 people will have to remain at the wedding.,Here are some of the rules that have to be followed:,24.370782761517066,False
MYGqMojGwBE--172,wrong_topic,Is there a branch of ashrams?,"And when I remember it, my meal is over already!",10.278662339239823,False
d5Lx_5-UiHY--100,wrong_topic,The girl agreed and gave her the girl to him.,"is equal to 614. Before telling his father,",14.989106753812637,False
iwYL-ivQm6o--5,wrong_topic,This is why the police decided to file a complaint.,The police then fired and a gunfire ensued.,26.03766973431948,True
Xmm9ZyMy12g--19,wrong_topic,"They have said that if Russia attacks Ukraine's masalas,",The Indian Navy currently have 4 German Submarines and 9 Russian Submarines.,18.710155434471986,False
hgaKby5Mha4--15,wrong_topic,There are few Indians who have decided to have a baby.,Rakhi and Adil had dated for 3 months before getting married in July 2022.,12.214325387736636,False
MnCcM6PZrug--9,wrong_topic,Now we're going to prepare a sprinkle and steamed brown,The offer valid only for 1 day - 16th September 2022,9.75383501340491,False
bqE5C2tmc9c--9,wrong_topic,The government is also planning to make the future changes in the future.,"The government is also planning to launch new Rs1, Rs 2, Rs 5 and Rs 10 coins.",48.43101296521079,True
OEM3CR-HYmk--0,wrong_topic,He said that he did not know what to do with the money and did not know how to intrude into the business.,"‘Manual Scavenging’ is a term mainly used in India,",13.490570983669652,False
faZQNy4aErk--82,wrong_topic,You all remember that Trains will be given the Taj in India as well as people from all over India.,"Under the 'Khelo India' programme, they will develop the National Sports Education Board.",19.318679448590267,False
C-cgPb_N2dY--0,wrong_topic,The money will be returned to the office.,A team of 105 healthcare professionals from India landed in Abu Dhabi on 19th May,9.966327306482139,False
AVb1VABiJJ8--10,wrong_topic,Acrosss India's population has been occupied by many terrorist activities in the country.,"Since such Apps affect the Defence of India, the government needs to take urgent action.",20.524947098127168,False
Lt5GAA6MIuM--1,wrong_topic,"Earlier, cricketers who were battling Virat Kohli",It said that workers in Indian factories supplying goods to famous chains such as,10.368973734210583,False
gp0w_zrLgfw--10,wrong_topic,two countries have now decided to part of the world's two countries.,1. Russia has demanded that Ukraine must never join NATO.,14.160562726332035,False
eBj_HUu0CNw--29,wrong_topic,It was an astronaut.,He said that he will take full responsibility for this.,6.6547373258613485,False
QiJgNpX3zN0--11,wrong_topic,If the Vice-President is above 692.,They protested and demanded that the oil packets be replaced with new oil packets.,7.661687205349725,False
faZQNy4aErk--32,wrong_topic,"In response to this, I have told you all that I will have to do anything in the future.",2. You all know that you get 1.5 lakh benefits on Investments.,20.379055488554556,False
aDwdB7xHAOE--10,wrong_topic,"In India, Trump has expressed his gratitude to the nation.",The Mumbai & Delhi police have now registered FIRs against the insulting App.,14.346806646568188,False
YsuSHJ3klEs--7,wrong_topic,"Images of the ICMR council, Sitharaman, who is a member of the ICMR said,",against the father of the bride under the Kerala Epidemic Diseases Ordinance 2020.,18.381461462209387,False
MYGqMojGwBE--217,wrong_topic,Do you want to help them?,"When you get back to work right after eating your food,",8.398204982995216,False
8DmlFztO2XM--0,wrong_topic,The COCICI's Covaxin Company (GCCO) is the responsibility of distribution.,"The IMD, which is a weather surveillance organisation has informed that,",15.839447304004503,False
gp0w_zrLgfw--20,wrong_topic,Look at the map of the map.,The fourth demand of Russia on the list is that Ukraine stops all military action and demilitarise the area.,6.824496622804734,False
MYGqMojGwBE--258,wrong_topic,Do you want to watch the movie?,"When you serve food, don't mix more than 2-3 foods",10.678633832295455,False
40BjLI5XtJE--10,wrong_topic,They then filed a case in the Supreme Court.,"Once a license is cancelled, drivers can appeal in a court but it is not an easy process.",11.929072570887197,True
fulQKWknVhw--12,wrong_topic,"When she was 15 years old, she was raped by her parents and took her child to Ashish.",after which Elizabeth at the age of 27 was crowned as the Queen of UK on 2nd June 1953.,14.100516319304202,False
myIXH3PjvoI--122,wrong_topic,"The second place is in Bihar, Punjab, Nepal, Nepal, Nepal, etc.",Here is a rectangle of area 20 square centimeters.,12.513695913271972,False
jMdxYlvrkbk--7,wrong_topic,"When the gates of Naval, they saw a picture of a tramcar, and a nervously went viral.",All details about the player's exceptional qualities must be presented before the ICC.,14.450420888927681,False
-X_zmve1y00--14,wrong_topic,"In 2014, the man was diagnosed with health issues.",The tree ambulance will help a tree in a bad conditionand help it to grow again.,10.803415304371672,False
sktRu3sp97g--15,wrong_topic,Biden also said that Trump will make a strong reputation against the US government.,The women of the village are working hard to contain the spread of COVID-19.,17.70500202247512,False
7byz3fdI-Ss--16,wrong_topic,We will have to wait and watch what happens.,Now lets see what happens.,48.40765321357547,True
809a3a5e02d1-119,wrong_topic,"After the investigation, people began questioning the police.",Now your friend will ask you the same questions.,22.496045777616683,False
Rc99bcSdhak--14,wrong_topic,There are two types of people living in different regions of the world.,She was treated like an animal.,14.513056460966888,False
v0g35qCOCwU--0,wrong_topic,Do you find that water does not mix well with water?,These days many couples propose in creative ways such as by giving flowers to each other.,11.13912389645418,False
N6jpL7uibFI_e2,wrong_topic,The council was the strongest person and mismanagement.,"After her trip to Venezuela, she felt inspired to learn Spanish.",12.668920454493804,False
MYGqMojGwBE--282,wrong_topic,My brother told me to come to me.,"If you found this video useful, share it with all your friends and family",5.958395921525786,False
mjvqIq_fvRY--10,wrong_topic,"In 2007, the government has strongly censored the new government's rights.",Pooja said she wanted to apply for a learner's license but could not due to financial difficulties.,13.114845138457518,False
lZarpnV0alw--12,wrong_topic,And the teacher can get rid of a man's hand.,All her clothes were hand-me-downs.,19.830292576056266,True
mXq8axygjdE--28,wrong_topic,Do you find that water does not grow in the stem?,He saw a deer and rode after it. It ran deep into the forest followed by the king. Soon the king lost his way.,12.35636794394682,False
IjeHLt1vNoM--3,wrong_topic,The 90 airlines will not be allowed to function.,People consider pets their family but flights do not allow pets onboard.,15.707416397473818,False
6_yO8Lc8Hd4--16,wrong_topic,You will not be aware about the health of your body.,"If it is good, only then it can be served. They must do this regularly.",13.341728380596399,False
HBQwzyxvkZA--237,wrong_topic,Take a table 7.1.,This helps the rain water and snow to slide off easily.,4.747940739878337,False
CRJSZ2e7BU0--8,wrong_topic,"After a long time, there was a lot of unconscious.","The CM politely listened and after Abhijeet left, he wrote a letter to Prime Minister's Office.",11.607500869285925,False
K4eNr2k2Lls--19,wrong_topic,"On 10th February 2021, at the Mumbai airport,",was held between 9th to 12th February 2020 in Hyderabad.,31.13181221819834,True
U5Tq9r7saZU--19,wrong_topic,which of these are the roots of the country.,The trust were shocked that they were blacklisted without a discussion.,13.468869291890467,False
uYaUCNl1j10--3,wrong_topic,"Now that I am going to tell you about J&K, he is very happy to see him.","The Sports Authority of India (SAI) tweeted, ""Congratulations, Team India won a total of 9 medals.""",11.7580549058282,False
3gKelnCwuj8--0,wrong_topic,The Central Government has now filed a petition in the Supreme Court.,"Today, the Supreme Court's CJI Ranjan Gogoi,",37.8883514085919,True
ZVE_KjrY_po--22,wrong_topic,Can you make a picture of a boy?,"For example look at film stars, cricketers, sportspersons, businessmen, etc.",6.271962279237448,False
i4j5Bj2NL1c--11,wrong_topic,"The chargesheet said that, if a person with disabilities, bus drivers, bus drivers, etc.","If you have used up your 15 GB free storage across Gmail, Google Drive and Google Photos",13.143570519038406,False
9b0136913690-57,wrong_topic,"One day, every day, he went to school.",Finish shaving at once! The Sultana exclaimed.,9.633798110513686,False
wwpptVjgAws--10,wrong_topic,I'm going to give you a great basket of drought on my bed.,he also teaches then to lightly place glasses on the table and other manners. The Deaf team has grown thanks to him.,9.222015462805244,False
gp0w_zrLgfw--13,wrong_topic,She said that she would have to go to her family after the surgery.,Zelensky said that the decision should be left on people to decide whether they want to be with Russia and Ukraine.,19.064411215241268,True
HBQwzyxvkZA--129,wrong_topic,Do you find your own boys?,Several kinds of plants and animals live in the same habitat.,4.478638476445298,False
fqJW-F3WIYc--0,wrong_topic,"In a latest news, the Central Government shared a video that went viral.","ISH News has constantly been releasing about cyclones, heatwaves, pollution, etc.",15.825055613765734,True
l9bZYazJQ1w--7,zero,This is because of a new year's new year's new year's intervals.,"On reaching home, his wife was shocked and he told her the whole tale.",13.107932026946589,False
9b0136913690-114,zero,This is because of a virus from from from from a small town town town town town.,Why did the barber take so long to shave the sultan? 5,11.3300221720515,False
ZMsnY_khlNQ--12,zero,is different from this,"When she confronted the man, he said he had sent her a wrong QR code",8.234141913378942,False
809a3a5e02d1-67,zero,This is because of a new year's new year's new year's life.,Who agreed to help Hellen? Four.,7.478632478632477,False
DP1ly_MsHHQ--36,zero,This is because of a new year's internal language language language language language language spoken spoken spoken spokenmemememememememememememememememememememememememericricricricricricricricricricricricricricricricric,Raut said that Mumbai has always been a part of Maharashtra and will remain so.,11.523710053600231,False
dPuKX_lM4Zc--118,zero,This is because of a virus called called called called ' 'Jetetetet'' from from from a small small town town town town town.,The second column tells us how they will look on one third term and the third column is about how they will look on one sixth turn.,16.325241223692295,False
wwpptVjgAws--20,zero,It is similar to UK UK UK UKmemememememememememememememememememememememememememememememememememememememememememememememememememememememememe,Another cafe in Delhi ‘Echoes Cafe’ is also run by the Deaf! It has a branch in Hyderabad and a total of 35 deaf people work there.,4.223534400266681,False
48couwymlMM--18,zero,acquitititive language is different from,"When Roshan touched his face, the doctor started crying and became very emotional.",9.795576572582632,False
809a3a5e02d1-108,zero,What is your problem? It's very important to,blank space has been provided for your answers.,16.298358483135544,False
4DhGy83DK_s--30,zero,This is because of a small virus called called called called ' 'Jetetet'' from from a new year year year old meat.,The MPs must talk and interview the local Kashmiris.,15.577835787943691,False
rZG7T9ujMEo--0,zero,It is similar to Sprenon't in UK UK UK UK UK UKmemememememememememememememememememememememememememememememememememememememememememememememe,"In 2022, ordering food at home through apps like Zomato and Swiggy has become a regular practice for almost everyone.",7.390497943035158,False
7byz3fdI-Ss--0,zero,"This is because of a virus from from from from a small town town town town town, which is from from from a small town town town town.",Jack Ma was born and raised in a very poor family.,11.62758453256238,False
eabe1f38221a-18,zero,This is because of a virus from from from from a small town town town town town.,"to bow and help her on her way? But no, I'm ashamed to say that when a lady frog comes by.",13.377453109389394,False
0kldzhToGLc--6,zero,"This is because of a virus from from from from a small town town town town town, which is from from from a small small town town town.","and if he wins the future elections in scotland, he will make Gay marriage illegal.",12.857403545893625,False
pMbMjjSj1fM--17,zero,What is your problem? It's very important to,"due to strict lockdown rules imposed by the Kerala police, no one was allowed outside.",10.056827144501083,False
MYGqMojGwBE--267,zero,is different from this,just for you! Just to give you all the nutrition you need!,7.678938959535178,False
C-cgPb_N2dY--9,zero,What is your problem? It's very important to use this,"The Indian Embassy in UAE,",10.175770294981746,False
ef52bca1a454-22,zero,different from what it's very important,Does the little girl love her granny?,12.727175075245063,False
fulQKWknVhw--7,zero,This is because of a new year's new year's new year's life.,Let me now tell you about Queen Elizabeth II's life.,17.518982241400153,True
ijrjSBx7WTc--84,zero,This is because of a new year's new year's new year's intervals.,How would you look after it?,8.70478106170158,False
oAhfJ8yB1j0--10,zero,This is because of a new year's life.,and for his moral values.,14.059973385325783,False
Zc2bgIDZ-Ks--72,zero,What is your problem? It's very important to use this,But an old blanket was all that came out.,13.898927184783554,False
mjvqIq_fvRY--11,zero,acquired about this,Pooja spoke about the hardships she faced including opposition from her family.,11.52906821699987,False
IoifXQnhN4E--4,zero,This is because of a new year's new year's new year's intervals.,During interrogation he confessed that he had submitted an application to the bank to secure a loan.,11.856053966559893,False
HBQwzyxvkZA--276,zero,different from what's about this,The speed of the deer helps them to run away from the predators.,11.761471363206237,False
o44YnPMhwPU--12,zero,This is because of a new year's new year’s new year year’s new year year's length.,The MLA's brother then had the girl's uncle arrested.,14.584433190952643,False
myIXH3PjvoI--76,zero,What is your problem? It's very close to it.,So the area of my shape is 10 square centimeters.,12.385584698107786,False
faZQNy4aErk--15,zero,is different from this,If a person did not have PAN card he could not file returns. That is not the case now.,7.204674208745045,False
Rc99bcSdhak--0,zero,This is because of a new year's new year's new year's intervals.,Many of you say that India is not a safe country as there are a lot of rapes.,14.579362842479181,False
0kldzhToGLc--2,zero,This is because of a new year's intercept E Equequencyncy.,the COVID-19 pandemic was caused due to same sex marriages.,14.553048288712587,False
5n_IGU5rYYk--30,zero,What is your problem? It's very important to,She wrote a short note in his passport and told him to walk to Slovakia.,14.487683452202058,False
myIXH3PjvoI--89,zero,This is because of a new year's life.,"If you draw like this, the area is still 10 square centimeters. Questions.",10.552516597371207,False
S9ymb66ZqqY--9,zero,What is your problem? It's very important to,to get dry fruits from other countries. As the festival season like Navratri and Diwali is soon approaching,8.851048556453662,False
dPuKX_lM4Zc--54,zero,acquired about this,Pass the pin through the holes and fix it in the stick.,6.931517448640891,False
oPITLi0VKh8--10,zero,is different from this,"Mufti was arrested under the Public Safety Act,",8.899066352366708,False
17OIKvJmrK8--4,zero,This is because of a small virus called called called called ' 'Jetetet'' from from a new year year year old meat.,Delhi Airport has said that they have two cargo terminals,13.49733442916218,False
yb7efY9x78U--12,zero,This is because of a virus from from from from a small town town town town town.,"These 500 rupees notes were worth ₹88,032.5 crores are missing.",10.746755555555556,False
zu_bd3r2GIA--9,zero,is different from from this,Harry had a lot of health problems since long.,9.075661778498679,False
eabe1f38221a-5,zero,This is because of a small virus called called called called ' 'Jetetet'' from from a new year year year old meat.,"When you have a holiday from school, what do you do? Would you behave a little like the frog in the following poem?",13.848240222714276,False
QiGhWfjM2FI--31,zero,This is because of a new year's new year's new year's intervals.,Finally Ajay’s bodyguards were able to move the man away and the car sped off.,13.542174850959606,False
fvHtYcL913U--3,zero,What is your problem? It's very important to,This account has over 2.5 million followers.,12.4422002145024,False
sktRu3sp97g--4,zero,This is because of a new year's new year's intervalal language.,It is not the local police or village panchayat who are responsible for this.,15.739893163683538,False
BTqVQCBPUzg--97,zero,What is your problem? It's very important to,Column 2 says Number of Children.,11.224537094404011,False
hYNyIXYmoYs--17,zero,This is because of a virus called called called called ' 'Jetetetet'' of a new year year year old or a new year year year year year in Symemememememememememememememememememe,"increase in tax, property, house rates will make real estate even more difficult to sell or purchase.",14.463467802679036,False
3Pk2c_Z4ahk--1,zero,different from what's about this,for meetings and future plans.,13.332142583756475,False
9xc24mAlprE--1,zero,different from what's about this,"and Mansukh Hiren’s death came out,",14.276310788921649,False
ZMsnY_khlNQ--7,zero,This is because of a new year's new year's life.,The deal was then fixed and the man transferred a small amount of money into her account,9.198074427428498,False
fulQKWknVhw--42,zero,different from what's about this,do you think that we should mourn Queen's death? Let us know in the comments.,11.110310944093115,False
W4YzurwHpfw--6,zero,What is your problem? It's very different from your,"During the gunfight, two terrorists tried to escape.",11.618738317581968,False
glNqZ8w4iy8--9,zero,This is because of a new year's new year's new year year's intervals.,it is very difficult to speak to people because of the loud music. No matter how loud you speak it is difficult.,15.263570975688797,True
o44YnPMhwPU--25,zero,This is because of a new year's new year's new year's life.,They were in the car when suddenly a truck rammed into their vehicle.,12.122074037861749,False
UBnqDwRds3A--2,zero,This is because of a new year's life.,The police took Raj Kundra to his Juhu residence.,12.119058624302678,False
wmTrG799MAo--19,zero,What is your problem? It's very important to use this,Biden said that Trump does not know how to treat allies,13.83322754427945,False
lPzmjeJmsXo--13,zero,This is because of a virus called called called called ' 'Jetetetet'' in UK UK UK UK UK UKmemememememememememememememememememememememememememememememememememememememe,One groups of MLAs supported Gehlot while another supported Pilot.,7.999667980119762,False
ZCBew8Fv0qA--12,zero,This is because of a new year's life.,But why was the name changed? According to International rules,7.934655179869689,False
39at7Lxu6Yo--19,zero,This is because of a virus called called called called ' 'Jetetetet'' of a new year year year year old or a new year',Many Investigating officers questioned Ratan Puri in the past about his alleged tax evasion & investigation is still going on.,11.370303839036175,False
EIwWHTO5rZw--8,zero,"This is because of a virus from from from from a small small town town town town, which is from from from a small town town town.",The ABVP claimed that Members of left organizations tried to stop a Pooja from being organized.,13.434373631921115,False
MYGqMojGwBE--116,zero,is different from this,"So the next time you see forks and spoons on the side of your plate,",7.1154105731804735,False
BTqVQCBPUzg--47,zero,is different from this,which other animals can be kept at home.,8.905722472834569,False
myIXH3PjvoI--93,zero,acquired about this,Try some other ways yourself.,7.186158231857536,False
bU_v22EtHIU--1,zero,This is because of a new year's new year's new year's life.,Currently the currency used in El Salvador is the US Dollar.,10.801377133332803,False
uR-nzhB6D8g--2,zero,This is because of a new year's new year's life.,The government has distributed food to them through the Ration systems.,9.13898450640233,False
OEM3CR-HYmk--15,zero,This is because of a new year's new year's new year's life.,These are the best as it would go inside the manhole with the instructions given by the operator,11.024194569737618,False
uR-nzhB6D8g--3,zero,This is because of a new year's internal language language language language language language spoken spoken spoken spoken spokenmememememememememememememememememememememericricricricricricricricricricricricricricricricricricric,Many NGOs have distributed food as well because feeding the poor is priority.,14.664040432522423,True
NaXDBBT5pkw--6,zero,What is your problem? It's very important to use this,It is worth Rs 1.8 lakh crore,15.58028770975684,False
wefigjf46u4--2,zero,What is your problem? It's very close to it.,The family forced the doctors to test the Deaf man for COVID-19.,8.743476564322174,False
MYGqMojGwBE--30,zero,acquired about this,"And if it won't digest, then how will it come out of your body?",7.351543204442345,False
fYxijWb0b_s--9,zero,This is because of a new year's new year's new year year's new year'spapacecece.,It is a virtual reality space where people can play games with each other.,15.37504167867539,False
Rc99bcSdhak--16,zero,This is because of a new year's new year's new year's life.,"When she could not take the torture any more, she escaped.",11.14066193853428,False
_IyhoG9jXuM--15,zero,This is because of a new year's new year's new year's intervals.,They were surprised at how she did not feel any pain. She was lucky to the have reach the hospital in time.,12.206856527122415,False
uYaUCNl1j10--12,zero,This is because of a new year's internal language language language language language language spoken spoken spokenmememememememememericricricricricricricricricades.,SAI Twitter handle acknowledged the effort of the Indian team at this event.,11.774960005638995,False
o9DARfrZg2o--16,zero,What is your problem? It's very important to,The Gujarat government also said that the two institutes,12.470874582538013,False
MYGqMojGwBE--42,zero,acquitititive language is different from,and keep throwing ingredients into it while casually something or the other?,11.887432996598038,False
ixXF2UGOyoU--5,zero,is different from this,have left them to join the BJP.,9.195822801649594,False
BESRE5mtipE--0,zero,This is because of a new year's new year's new year's intervals.,"Many people love their pet cats, dogs, parrots, etc.",10.585624245999416,False
8DmlFztO2XM--2,zero,What is your problem? It's very close to it.,"The IMD also alerted that parts of Puducherry and Andhra's Guntur,",10.633770587634952,False
jLwvQ4URDFY--1,zero,It is similar to UK UK UK UKmemememememememememememememememememememememememememememememememememememememememememememememememememememememememe,"Mumbai Police found a boat with 3 AK-47 rifles and bullets at Harihareshwar Beach in Raigad district, which is 190 km away from Mumbai.",3.301400138783434,False
5QMD024bDYs--15,zero,This is because of a new year's new year’s new year year’s new year year's length.,I want to tell the country that we are withdrawing the laws as I want peace.,14.553524083935393,False
jLwvQ4URDFY--31,zero,It is similar to Sprererere R RJJJJ UK UK UKmememememememememememememememememememememememememememememememememememememememememememememe,Mumbai Police Commissioner Vivek Phansalkar said that three teams of the Crime Branch would be probing the matter.,7.82781261197259,False
aDwdB7xHAOE--1,zero,It is similar to UK UK UK UKmemememememememememememememememememememememememememememememememememememememememememememememememememememememememe,"on 1 January 2022, woke up to see herself listed for an “online auction” of Muslim women on an App.",4.9792106351108245,False
wSEeoT9BqE0--13,zero,now it's very different from this,They thought it was better to buy a house.,9.194286090060183,False
d5Lx_5-UiHY--41,zero,is different from this,The first one is already marked. One.,9.949043454385412,False
BTqVQCBPUzg--18,zero,What is your problem? It's very close to it.,Help Yamini complete the table.,12.837182313116289,False
faZQNy4aErk--62,zero,This is because it's very different from,This is to encourage foreign investors in India.,20.238774031476332,False
LvN9Dxq2iLY--88,zero,is different from this,will be there no more. Women's,13.688681316642318,False
HBQwzyxvkZA--256,zero,What is your problem? It's very important to,The surroundings change and we see different kinds of adaptations.,10.135734042311377,False
xFEQrtosric--18,zero,This is because of a new year's new year's new year's intervals.,Arun Jaitley was the President of DDCA for 14 years.,14.564303071463913,False
KmW8f1GVTYY--40,zero,This is because of a small virus called called called called ' 'Jetetet' from from a new year year year year old meat.,"India too has taken a loan. It is similar to how we take loans for buying a house, mobile or vehicle.",13.728784665248353,False
nXA9Qpj2z7E--6,zero,is different from this,in exchange of the civilians in the aircraft.,8.31402287002253,False
kytITkHoyls--7,zero,This is because of a new year's new year's new year's life.,At around 4.00am the battery exploded. Shabbir was grievously injured while his grandmother sustained minor injuries.,8.792257522853406,False
ef52bca1a454-6,zero,What is your problem? It's very important to,"Granny, Granny, please comb my hair.",11.436939723724624,False
iwYL-ivQm6o--19,zero,What is your problem? It's very close to it.,after the Pulwama attack this was the first attack of this kind.,8.42128902194523,False
9b0136913690-41,zero,This is because of a new year's life.,He then began narrating another story which lasted half an hour.,10.21216094055068,False
K4eNr2k2Lls--1,zero,What is your problem? It's very important to use this,It was formerly known as Deaf Cricket Society (DCS) but was renamed to IDCA.,10.44086085686036,False
pMbMjjSj1fM--28,zero,This is because of a new year's new year's inprerererect Everest.,through the representatives of the villages.,15.143604146746368,False
MYGqMojGwBE--161,zero,different from what's about this,"but when you cut it into small pieces, how much time does it take?",9.766599758457158,False
mXq8axygjdE--32,zero,This is because of a new year's new year's new year year's life.,"Suddenly, he heard a voice cry out. Quick, hurry up!",10.096009818594458,False
4vfboqjtAXo_d,zero,This is because of a virus called called called ' 'Junk'' from from E Equequeque Ka Kamemememe'.,"a liking for, an enjoyment of, or a habit of doing something.",10.151532866523187,False
HBQwzyxvkZA--261,zero,is different from from this,Look at the picture of a lion and that of a deer. Figure 9.8,7.927704678328559,False
CAzt5cxtSjQ--23,zero,different from what's about this,Karnataka High court has decided to ban hijab.,11.851296800153904,False
d5Lx_5-UiHY--51,zero,What is your problem? It's very important to,352 children from a school went on a camping trip.,11.2363369174604,False
klepEQSaeIk--9,zero,This is because of a virus from from from from a small town town town town town.,The 2 doses of the vaccine reduces the severity of the infection.,11.33658209275493,False
48couwymlMM--10,zero,What is your problem? It's very important to,The Doctor's name was Sanduk Ruit.,11.511531181020876,False
K4eNr2k2Lls--0,zero,What is your problem? It's very important to,IDCA is the Indian Deaf Cricket Association.,9.77273463186339,False
zu_bd3r2GIA--16,zero,This is because of a new year's life.,"He believes that earlier he looked old, but then after drinking urine, he looked younger.",7.098089460204231,False
ef52bca1a454-76,zero,acquired about this,Call out the picture and write his name.,16.730384591789488,False
ixXF2UGOyoU--2,zero,acquired about this,Some members may be removed and a new person will be appointed.,5.59828616817057,False
o44YnPMhwPU--37,zero,This is because of a new year's life.,Her mother said that the MLA was responsible for everything that happened to her family.,7.684669210841063,False
CRJSZ2e7BU0--12,zero,This is because of a virus called called called ' 'Junk'' from from E Equequeque Ka Kamemememememememememememememememememememememememememememememememememere'''',"Along with his mother, Abhijeet reached Delhi and so did CM Sarma.",8.722099970871767,False
91GVHgxW8RA--2,zero,is different from this,Shocking! Let me tell you.,7.009345794392526,False
gXa0qcoWrsQ--7,zero,This is because of a virus called called called called ' 'Jetetetet'' from from from a  query of of of intromememememememememememememememememememememememememememememememe,"Whenever the metal detector went past his hips, it started beeping loudly.",13.355472691856676,False
m3Mmtpr-jjA--42,zero,It is similar to Sprenon't in UK UK UK UK UK UKmemememememememememememememememememememememememememememememememememememememememememememememe,She said what about the various journalists that have attacked the BJP and have been arrested.,6.014559961593113,False
lcBujGRLwE0--29,zero,It is similar to Sprererere R RJJJJ UK UK UKmememememememememememememememememememememememememememememememememememememememememememememe,"Therefore, after returning from China, President Muizzu asked India to withdraw all military troops from Maldives by 15th March 2024.",6.042816093297273,False
MYGqMojGwBE--205,zero,This is because of a new year's new year's new year's life.,"By giving this break, you'll be able to find out that your body had no need for it",10.87640140425696,False
d5Lx_5-UiHY--22,zero,This is because of a new year's new year's new year's life.,A tank is full of 300 litres of water. How much water will be filled into?,10.296248623793797,False
9b0136913690-89,zero,it's very different from this,But the Barber did not hurry.,12.515437592570619,False
8E-llRXuhl0--5,zero,This is because of a virus called called called called ' 'Jetetetet'' from from from from from from Sydney's new year year year old old old old old old old old in UK UK UK UK UK UK UK UK UK UK UK UK UK UK UK UK UK UK UK,"MSRTC has 4,500 women conductors, but it does not have women bus drivers.",10.50967523787849,False
iGdg-iGlUFg--11,zero,It is similar to Spreada's intervensmemememememememememememememememememememememememememememememememememememememe into into into into into into into into into into,"The 35-year-old has played tests matches, ODI and T20 matches",7.2938009118075815,False
jMdxYlvrkbk--9,zero,This is because of a virus called called called called ' 'Jetetetet'' from from a  query of of of of introductures from from from from from from from from New New New New Year Year Year Year Year Year Year Year Year Year Year Year Year Year,Earlier there was no bar on the age of a cricketer to play any form of international cricket.,15.335814339881965,False
vbq8QbOwOt4--15,zero,different from what it's very important,This is why people decide not to have children.,11.925748930978566,False
m3Mmtpr-jjA--8,zero,now it's very different from this,but his wife tore the papers.,18.581533412727286,False
o44YnPMhwPU--11,zero,This is because of a new year's new year's new year's life.,Her father then died while still in jail.,10.454637135969518,False
o9DARfrZg2o--12,zero,acquitititive language is different from,But still children are malnourished.,13.816431401139786,False
rYcw__0tDhw--9,zero,This is because of a virus called called called ' 'Junk'' from from E Equequeque Ka Kamemememememememememememememememememememememememememememememememememere'''',in 10 Chinese provinces. They were tested in veterinary hospitals.,9.442321530893231,False
eabe1f38221a-51,zero,different from what's about this,Refer to the poem and understand.,13.207163207163205,False
HBQwzyxvkZA--116,zero,This is because of a new year's internal language language language language language language spoken spoken spoken spokenmememememememericricricricricricricricricades.,plants that live on the earth.,8.70117557858127,False
LvN9Dxq2iLY--139,zero,acquitititive language is different from,to set up the factory.,10.840065593347848,False
8w6k4jEJJlU--19,zero,This is because of a small virus called called called called 'Jetetete' from from a new year year year year old meat.,Mr AS Narayanan said that there are very few interpreters and many do not know sign language.,14.69452857132863,False
Kq5HfchSWv8--7,zero,now it's very different from this,This year the voter turnout had decreased.,12.713877260458275,False
NDYHcIF50eE--2,zero,is different from from this,In 2021 there were several bizarre food preparations.,8.504561343179386,False
809a3a5e02d1-65,zero,is different from this,What kind of girl was she?,9.70873786407767,False
AVb1VABiJJ8--18,zero,This is because of a virus called called called called ' 'Jetetetet'' from from from a small small town town town town town.,China had banned international Apps in China long back.,10.954881177411872,False
HBQwzyxvkZA--265,zero,What is your problem? It's very important to use this,Do the features of a line help it in any way to survive?,14.076814658210004,False
ijrjSBx7WTc--59,zero,is different from from this,The baby was fast asleep.,5.451713395638628,False
IjeHLt1vNoM--13,zero,This is because of a new year's intercept E Everest.,However remember only pet dogs and cats will be allowed and they must be vaccinated.,12.440852933058695,False
BTqVQCBPUzg--122,zero,What is your problem? It's very close to it.,and column 2 is about number of children. Column 1 things are...,9.772291913522439,False
NaXDBBT5pkw--25,zero,This is because of a virus called called called called ' 'Jetetetet'' from from from a  query of of of intromememememememememememememememememememememememememememememememe,In India more than 40 lakh people are employed in the IT Industry and India is the largest export business.,12.002921353776275,False
4DhGy83DK_s--8,zero,This is because of a new year's new year's new year's intervals.,Then they killed an apple trader,11.45365658984336,False
zu_bd3r2GIA--29,zero,This is because of a new year's life.,drinking your own urine can actually speed up the dehydration,9.149109995801275,False
xFEQrtosric--19,zero,This is because of a new year's new year's new year year's new year'spapacecece.,Jaitley was a politician as well as an avid cricket follower.,10.466667306271816,False
rYcw__0tDhw--11,zero,acquired about this,"They were used to study flu,",9.247869570702724,False
DP1ly_MsHHQ--25,zero,What is your problem? It's very close to it.,"while the UP government brought down 11,000 loudspeakers then why not Maharashtra government.",9.0637867509952,False
myIXH3PjvoI--106,zero,different from what's about this,Two sides of a shape are drawn here.,12.258415604940033,False
KI0avgGkWiU--25,zero,This is because of a new year's new year's life.,They thanked Dhoni for the free publicity.,13.25699563086847,False
-hZpPIT6N4U_d,zero,It is similar to UK UK UK UKmemememememememememememememememememememememememememememememememememememememememememememememememememememememememe,"to think carefully, especially about possibilities and opinions",5.16205246548657,False
myIXH3PjvoI--102,zero,It is similar to UK UK UK UKmemememememememememememememememememememememememememememememememememememememememememememememememememememememememe,Complete the shape so that it's area is,6.085239330346616,False
MYGqMojGwBE--46,zero,is different from this,and the ingredients should only be added when the fire is burning properly,7.862785898469162,False
3vCea9zWFek--10,zero,What is your problem? It's very close to it.,Here are some of the rules that have to be followed:,14.431885020537234,False
MYGqMojGwBE--172,zero,acquired about this,"And when I remember it, my meal is over already!",6.772500026936464,False
d5Lx_5-UiHY--100,zero,is different from from this,"is equal to 614. Before telling his father,",12.100362326181084,False
iwYL-ivQm6o--5,zero,acquired about this,The police then fired and a gunfire ensued.,13.307754617164798,False
Xmm9ZyMy12g--19,zero,This is because of a small virus called called called 'Jetete'' from a new year year year old,The Indian Navy currently have 4 German Submarines and 9 Russian Submarines.,12.938153845134813,False
hgaKby5Mha4--15,zero,This is because of a virus from from from from a small town town town town town.,Rakhi and Adil had dated for 3 months before getting married in July 2022.,11.124476761636895,False
MnCcM6PZrug--9,zero,different from what's about this,The offer valid only for 1 day - 16th September 2022,11.605212460746442,False
bqE5C2tmc9c--9,zero,This is because of a small virus called called called called ' 'Jetetet'' from from a new year year year old meat.,"The government is also planning to launch new Rs1, Rs 2, Rs 5 and Rs 10 coins.",11.525953839657943,True
OEM3CR-HYmk--0,zero,What is your problem? It's very important to,"‘Manual Scavenging’ is a term mainly used in India,",9.219520617709694,False
faZQNy4aErk--82,zero,This is because of a small virus called called called called 'Jetetetet' which is infinite in a new year year year year old,"Under the 'Khelo India' programme, they will develop the National Sports Education Board.",12.853839662917267,False
C-cgPb_N2dY--0,zero,This is because of a virus called called called called ' 'Jetetetet'' of a new year year year year year year old in Sydney's inmemememememememememememememememememememememememememe,A team of 105 healthcare professionals from India landed in Abu Dhabi on 19th May,12.847884317055355,False
AVb1VABiJJ8--10,zero,This is because of a small virus called called called 'Jetete' from a new year year year',"Since such Apps affect the Defence of India, the government needs to take urgent action.",10.861909782722403,False
Lt5GAA6MIuM--1,zero,is different from this,It said that workers in Indian factories supplying goods to famous chains such as,6.028834981423635,False
gp0w_zrLgfw--10,zero,This is because of a new year's intercept E Equequequencyncy.,1. Russia has demanded that Ukraine must never join NATO.,11.996422568634864,False
eBj_HUu0CNw--29,zero,different from what's about this,He said that he will take full responsibility for this.,14.305932869024392,False
QiJgNpX3zN0--11,zero,This is because of a new year's new year's new year's life.,They protested and demanded that the oil packets be replaced with new oil packets.,11.361491567159668,True
faZQNy4aErk--32,zero,This is because of a new year's intercept E Equequencyncy.,2. You all know that you get 1.5 lakh benefits on Investments.,10.237366775518229,False
aDwdB7xHAOE--10,zero,"This is because of a virus from from from from a small town town town town town, which is from from from a small town town town town.",The Mumbai & Delhi police have now registered FIRs against the insulting App.,11.178733668862352,False
YsuSHJ3klEs--7,zero,This is because of a virus called called called called ' 'Jetetetet'' of a new year year year year old or a new year',against the father of the bride under the Kerala Epidemic Diseases Ordinance 2020.,12.950528289964494,False
MYGqMojGwBE--217,zero,acquired about this,"When you get back to work right after eating your food,",7.647384329779132,False
8DmlFztO2XM--0,zero,This is because of a new year's life.,"The IMD, which is a weather surveillance organisation has informed that,",10.24703681817479,False
gp0w_zrLgfw--20,zero,This is because of a virus called called called called ' 'Jetetetet'' of a new year year' from from from from from from from from from E Equequequequequequequequequequestoneoneoneoneoneoneoneoneoneoneoneoneoneoneoneoneone,The fourth demand of Russia on the list is that Ukraine stops all military action and demilitarise the area.,14.037368337697595,False
MYGqMojGwBE--258,zero,acquitititive language is different from,"When you serve food, don't mix more than 2-3 foods",10.470088505632821,False
40BjLI5XtJE--10,zero,What is your problem? It's very close to it.,"Once a license is cancelled, drivers can appeal in a court but it is not an easy process.",11.398114278788897,False
fulQKWknVhw--12,zero,It is named named named named named named named named “ “ “Preatatatat in in Syromemememememememememememememememememememememememememememememememememememememememe,after which Elizabeth at the age of 27 was crowned as the Queen of UK on 2nd June 1953.,7.31595780863013,False
myIXH3PjvoI--122,zero,This is because of a new year's new year's intervalal language.,Here is a rectangle of area 20 square centimeters.,19.074885732758638,False
jMdxYlvrkbk--7,zero,This is because of a small virus called called called 'Jetete'' from a new year year year year year year old meat.,All details about the player's exceptional qualities must be presented before the ICC.,14.389307172428351,False
-X_zmve1y00--14,zero,This is because of a small virus called called called called ' 'Jetetet'' from from a new year year year old meat.,The tree ambulance will help a tree in a bad conditionand help it to grow again.,13.48662491542067,False
sktRu3sp97g--15,zero,This is because of a new year's internal language language language language language language spoken spoken spoken spokenmemememememememememememememememememememememememericricricricricricricricricricricricricricricricric,The women of the village are working hard to contain the spread of COVID-19.,11.566206212576098,False
7byz3fdI-Ss--16,zero,now it's very different from this,Now lets see what happens.,10.1545842217484,True
809a3a5e02d1-119,zero,different from what's about this,Now your friend will ask you the same questions.,12.508971987296553,False
Rc99bcSdhak--14,zero,This is because it's very different from,She was treated like an animal.,9.684546982212817,False
v0g35qCOCwU--0,zero,This is because of a new year's life.,These days many couples propose in creative ways such as by giving flowers to each other.,8.715140511414498,False
N6jpL7uibFI_e2,zero,"This is because of a virus from from from from a small town town town town town, which is from from from a small town town town town.","After her trip to Venezuela, she felt inspired to learn Spanish.",11.407595398099312,False
MYGqMojGwBE--282,zero,What is your problem? It's very important to use this,"If you found this video useful, share it with all your friends and family",16.0215821762325,False
mjvqIq_fvRY--10,zero,This is because of a virus called called called ' 'Junk'' from from E Equequeque Ka Kamemememememememememememememememememememememememememememememememememere'''',Pooja said she wanted to apply for a learner's license but could not due to financial difficulties.,10.519076487962497,False
lZarpnV0alw--12,zero,This is because of a new year's new year's new year's intervals.,All her clothes were hand-me-downs.,10.869734142854181,False
mXq8axygjdE--28,zero,It is similar to Sprenon't in UK UK UK UK UK UK UKmememememememememememememememememememememememememememememememememememememememememememememe,He saw a deer and rode after it. It ran deep into the forest followed by the king. Soon the king lost his way.,6.838884486979641,False
IjeHLt1vNoM--3,zero,This is because of a new year's new year's new year's life.,People consider pets their family but flights do not allow pets onboard.,11.159972629354979,False
6_yO8Lc8Hd4--16,zero,is different from this,"If it is good, only then it can be served. They must do this regularly.",9.20898764294915,False
HBQwzyxvkZA--237,zero,different from what's about this,This helps the rain water and snow to slide off easily.,12.52952318947801,False
CRJSZ2e7BU0--8,zero,It is similar to Sprenon't in UK UK UK UK UK UKmemememememememememememememememememememememememememememememememememememememememememememememe,"The CM politely listened and after Abhijeet left, he wrote a letter to Prime Minister's Office.",8.203474827709886,False
K4eNr2k2Lls--19,zero,What is your problem? It's very close to it.,was held between 9th to 12th February 2020 in Hyderabad.,9.334577641847638,False
U5Tq9r7saZU--19,zero,What is your problem? It's very important to,The trust were shocked that they were blacklisted without a discussion.,10.136997207289681,False
uYaUCNl1j10--3,zero,It is similar to Spreada's intervensmemememememememememememememememememememememememememememememememememememe into into into into into into into into into into into into,"The Sports Authority of India (SAI) tweeted, ""Congratulations, Team India won a total of 9 medals.""",9.942468380439248,False
3gKelnCwuj8--0,zero,This is because of a new year's new year's new year's intervals.,"Today, the Supreme Court's CJI Ranjan Gogoi,",8.556918944492773,False
ZVE_KjrY_po--22,zero,This is because of a new year's new year's new year year's life.,"For example look at film stars, cricketers, sportspersons, businessmen, etc.",9.912370192210787,False
i4j5Bj2NL1c--11,zero,This is because of a small virus called called called called ' 'Jetetet'' from from a new year year year old meat.,"If you have used up your 15 GB free storage across Gmail, Google Drive and Google Photos",12.942531464362474,False
9b0136913690-57,zero,What is your problem? It's very close to it.,Finish shaving at once! The Sultana exclaimed.,10.25973426069579,False
wwpptVjgAws--10,zero,This is because of a new year's new year's new year's life.,he also teaches then to lightly place glasses on the table and other manners. The Deaf team has grown thanks to him.,9.171819130762694,False
gp0w_zrLgfw--13,zero,This is because of a virus called called called called ' 'Jetetetet'' from from from a  query of of of of intromemememememememememememememememememememememememememememememe,Zelensky said that the decision should be left on people to decide whether they want to be with Russia and Ukraine.,11.84033453359359,False
HBQwzyxvkZA--129,zero,This is because of a new year's new year's new year year's life.,Several kinds of plants and animals live in the same habitat.,10.781358025701032,False
fqJW-F3WIYc--0,zero,This is because of a small virus called called called called ' 'Jetetet'' from from a new year year year old meat.,"ISH News has constantly been releasing about cyclones, heatwaves, pollution, etc.",14.415439953984826,False
