uid,condition,n_tokens,ref_ll,n_content,content_ll
l9bZYazJQ1w--7,correct,20,-57.98116388171911,7,-32.9651320874691
9b0136913690-114,correct,19,-76.67667374014854,5,-53.18340393900871
ZMsnY_khlNQ--12,correct,21,-69.1871040109545,7,-47.36046280898154
809a3a5e02d1-67,correct,12,-49.166124761104584,4,-44.26693630218506
DP1ly_MsHHQ--36,correct,18,-75.69763196632266,7,-44.1737197637558
dPuKX_lM4Zc--118,correct,31,-156.82708687335253,13,-91.47622153162956
wwpptVjgAws--20,correct,40,-151.12451157998294,13,-110.52327351924032
48couwymlMM--18,correct,19,-73.60022350400686,8,-53.85185698419809
809a3a5e02d1-108,correct,11,-27.183476366102695,4,-17.74515364319086
4DhGy83DK_s--30,correct,13,-50.1174962669611,5,-37.622514843940735
rZG7T9ujMEo--0,correct,28,-111.19649069523439,13,-84.82495378470048
7byz3fdI-Ss--0,correct,15,-27.0246162712574,6,-9.172346621751785
eabe1f38221a-18,correct,31,-149.35936900577508,9,-77.73697119555436
0kldzhToGLc--6,correct,22,-97.67745573446155,8,-75.38458392396569
pMbMjjSj1fM--17,correct,18,-48.91332016699016,10,-33.56402540206909
MYGqMojGwBE--267,correct,17,-81.28473750501871,3,-24.985973209142685
C-cgPb_N2dY--9,correct,12,-15.304492676164955,3,-9.021800839807838
ef52bca1a454-22,correct,12,-45.51354628056288,4,-32.857214748859406
fulQKWknVhw--7,correct,19,-21.303617388010025,7,-20.715939131565392
ijrjSBx7WTc--84,correct,8,-8.933673869818449,1,-0.7117071151733398
oAhfJ8yB1j0--10,correct,10,-44.13449214398861,2,-27.801412105560303
Zc2bgIDZ-Ks--72,correct,12,-31.574237074702978,3,-8.26093077659607
mjvqIq_fvRY--11,correct,19,-86.47705679945648,7,-70.17158710025251
IoifXQnhN4E--4,correct,24,-44.44155844300985,8,-26.37915152311325
HBQwzyxvkZA--276,correct,20,-72.49042403697968,6,-60.42847214639187
o44YnPMhwPU--12,correct,15,-55.19671769440174,5,-37.22640684992075
myIXH3PjvoI--76,correct,13,-56.93596762418747,4,-24.890798687934875
faZQNy4aErk--15,correct,23,-80.19809976965189,7,-35.303906843066216
Rc99bcSdhak--0,correct,21,-50.48647826164961,7,-20.096188127994537
0kldzhToGLc--2,correct,14,-53.60913937538862,6,-33.21376425772905
5n_IGU5rYYk--30,correct,22,-85.25982730090618,7,-59.38278566300869
myIXH3PjvoI--89,correct,19,-81.04450420290232,7,-52.302346505224705
S9ymb66ZqqY--9,correct,25,-118.57335405424237,12,-85.99584560468793
dPuKX_lM4Zc--54,correct,19,-71.74821761250496,6,-56.60341848433018
oPITLi0VKh8--10,correct,16,-46.043318009004,6,-36.09276229701936
17OIKvJmrK8--4,correct,13,-57.77268847823143,6,-37.347816072404385
yb7efY9x78U--12,correct,23,-58.39103351905942,5,-23.080339908599854
zu_bd3r2GIA--9,correct,12,-35.531144827604294,6,-29.975129671394825
eabe1f38221a-5,correct,29,-95.33156870305538,8,-49.157242730259895
QiGhWfjM2FI--31,correct,24,-86.07340019344701,10,-72.97256844266667
fvHtYcL913U--3,correct,11,-26.3898833678104,3,-11.852830786723644
sktRu3sp97g--4,correct,20,-68.08159942738712,5,-37.727710170671344
BTqVQCBPUzg--97,correct,10,-31.018258973956108,4,-27.783990122377872
hYNyIXYmoYs--17,correct,24,-95.13991806656122,12,-80.26518083363771
3Pk2c_Z4ahk--1,correct,9,-17.796017557382584,3,-13.371685579419136
9xc24mAlprE--1,correct,16,-27.597885321592912,4,-14.869724344229326
ZMsnY_khlNQ--7,correct,21,-74.10102257877588,8,-39.19743935018778
fulQKWknVhw--42,correct,22,-64.19946026569232,7,-40.34391577029601
W4YzurwHpfw--6,correct,14,-32.57286357320845,6,-32.236363887786865
glNqZ8w4iy8--9,correct,25,-109.32388092391193,10,-64.52148344181478
o44YnPMhwPU--25,correct,18,-51.63818648637971,5,-24.616364406363573
UBnqDwRds3A--2,correct,13,-36.784710355103016,6,-29.669898241758347
wmTrG799MAo--19,correct,13,-67.38059912621975,6,-51.4538311958313
lPzmjeJmsXo--13,correct,20,-81.71040909737349,9,-78.16926776617765
ZCBew8Fv0qA--12,correct,12,-36.47527821548283,5,-18.719045855104923
39at7Lxu6Yo--19,correct,34,-105.88593708351254,13,-73.92896612733603
EIwWHTO5rZw--8,correct,26,-102.01280524767935,9,-84.96887756884098
MYGqMojGwBE--116,correct,20,-105.07901247777045,7,-74.23900269903243
BTqVQCBPUzg--47,correct,10,-22.55623235553503,4,-11.541380621492863
myIXH3PjvoI--93,correct,8,-46.23294521868229,4,-36.19182217121124
bU_v22EtHIU--1,correct,23,-95.67958872020245,6,-73.47490406036377
uR-nzhB6D8g--2,correct,15,-52.120654195547104,6,-38.352580577135086
OEM3CR-HYmk--15,correct,24,-106.8603492602706,7,-65.06780483573675
uR-nzhB6D8g--3,correct,18,-53.69364206492901,9,-40.02924796938896
NaXDBBT5pkw--6,correct,9,-18.76354963053018,4,-1.164184045046568
wefigjf46u4--2,correct,14,-47.80077166855335,7,-31.029605016112328
MYGqMojGwBE--30,correct,19,-51.489338252693415,4,-21.212647441774607
fYxijWb0b_s--9,correct,17,-64.45680671650916,9,-45.07256681192666
Rc99bcSdhak--16,correct,15,-65.83906621485949,3,-26.698743142187595
_IyhoG9jXuM--15,correct,25,-98.48668096959591,7,-31.738978058099747
uYaUCNl1j10--12,correct,22,-75.19132127426565,8,-56.50745583884418
o9DARfrZg2o--16,correct,14,-30.6811602730304,5,-18.468825528398156
MYGqMojGwBE--42,correct,19,-80.70405418798327,7,-56.065244261175394
ixXF2UGOyoU--5,correct,9,-31.826594844460487,3,-13.42483115196228
BESRE5mtipE--0,correct,21,-38.97149323485792,8,-37.00051078014076
8DmlFztO2XM--2,correct,25,-79.9260656167753,6,-68.13323945598677
jLwvQ4URDFY--1,correct,43,-181.6513591571711,14,-120.90436442336068
5QMD024bDYs--15,correct,19,-48.77414669468999,7,-24.109319772571325
jLwvQ4URDFY--31,correct,33,-92.4894203916192,12,-76.37675844877958
aDwdB7xHAOE--1,correct,28,-130.55235557444394,10,-92.06583789922297
wSEeoT9BqE0--13,correct,11,-29.716076580807567,4,-19.92349479161203
d5Lx_5-UiHY--41,correct,11,-45.64734012261033,5,-40.04290609434247
BTqVQCBPUzg--18,correct,9,-52.07205283641815,4,-51.14765930175781
faZQNy4aErk--62,correct,12,-19.670031387358904,4,-14.181696701794863
LvN9Dxq2iLY--88,correct,10,-56.804950535297394,1,-15.301437675952911
HBQwzyxvkZA--256,correct,19,-59.93315493315458,6,-44.60097374022007
xFEQrtosric--18,correct,19,-32.54202698083827,5,-28.385327638185117
KmW8f1GVTYY--40,correct,27,-83.16577993612736,10,-46.99866185337305
nXA9Qpj2z7E--6,correct,12,-59.245009342208505,3,-29.134278619661927
kytITkHoyls--7,correct,39,-132.43420385569334,12,-117.01730025559664
ef52bca1a454-6,correct,15,-65.93497166223824,5,-58.51159528829157
iwYL-ivQm6o--19,correct,14,-48.42649642750621,5,-14.678507883101702
9b0136913690-41,correct,17,-68.76708388328552,7,-46.882275462150574
K4eNr2k2Lls--1,correct,29,-91.31892357394099,8,-65.23567354306579
pMbMjjSj1fM--28,correct,11,-34.46659302711487,3,-29.839596331119537
MYGqMojGwBE--161,correct,18,-60.318557895720005,6,-32.55401214957237
mXq8axygjdE--32,correct,24,-51.136227699462324,6,-34.96658273274079
4vfboqjtAXo_d,correct,18,-84.501230224967,5,-38.79207241535187
HBQwzyxvkZA--261,correct,20,-67.85031843185425,5,-40.45736712217331
CAzt5cxtSjQ--23,correct,10,-28.327539645135403,6,-26.74793803691864
d5Lx_5-UiHY--51,correct,15,-74.38334169238806,5,-40.9681236743927
klepEQSaeIk--9,correct,18,-49.03934847190976,5,-31.157935347408056
48couwymlMM--10,correct,16,-67.30052177608013,4,-61.55635802447796
K4eNr2k2Lls--0,correct,11,-10.567792822606862,5,-8.09969347435981
zu_bd3r2GIA--16,correct,23,-88.42563880980015,8,-61.661065846681595
ef52bca1a454-76,correct,11,-48.54645822942257,4,-24.77310186624527
ixXF2UGOyoU--2,correct,14,-66.7588477358222,5,-37.840292096138
o44YnPMhwPU--37,correct,17,-58.280979715287685,7,-41.49477359652519
CRJSZ2e7BU0--12,correct,22,-87.65736930072308,7,-62.13752994686365
91GVHgxW8RA--2,correct,8,-12.495158066041768,3,-10.581132525578141
gXa0qcoWrsQ--7,correct,22,-100.54660685360432,9,-88.32952076941729
m3Mmtpr-jjA--42,correct,20,-61.400479566305876,6,-27.860052581876516
lcBujGRLwE0--29,correct,35,-138.219966866076,13,-102.35893487557769
MYGqMojGwBE--205,correct,23,-69.78407302498817,7,-32.48245017975569
d5Lx_5-UiHY--22,correct,24,-75.78326249308884,7,-36.14604302868247
9b0136913690-89,correct,12,-43.658828884363174,2,-32.611225575208664
8E-llRXuhl0--5,correct,24,-71.07876570150256,6,-58.24163728952408
iGdg-iGlUFg--11,correct,18,-49.99610348790884,7,-34.65211685746908
jMdxYlvrkbk--9,correct,20,-91.0741159170866,8,-50.49489322304726
vbq8QbOwOt4--15,correct,11,-24.63243041560054,3,-16.308169841766357
m3Mmtpr-jjA--8,correct,10,-44.479420280084014,3,-33.70216411910951
o44YnPMhwPU--11,correct,10,-32.143431067466736,5,-18.735376358032227
o9DARfrZg2o--12,correct,12,-36.51840288937092,3,-30.286883749067783
rYcw__0tDhw--9,correct,20,-69.47874850034714,5,-46.36328026652336
eabe1f38221a-51,correct,10,-28.329446762800217,3,-19.502298086881638
HBQwzyxvkZA--116,correct,8,-24.432441741228104,3,-12.066579014062881
LvN9Dxq2iLY--139,correct,7,-24.28074961900711,2,-18.589386224746704
8w6k4jEJJlU--19,correct,24,-71.56042441353202,9,-38.805806282907724
Kq5HfchSWv8--7,correct,14,-34.07463430892676,4,-27.145420680753887
NDYHcIF50eE--2,correct,16,-41.512714352458715,4,-31.844038870185614
809a3a5e02d1-65,correct,8,-21.227416016161442,2,-10.409793853759766
AVb1VABiJJ8--18,correct,12,-42.90408822428435,7,-33.87877296190709
HBQwzyxvkZA--265,correct,16,-87.17138311266899,5,-51.413225412368774
ijrjSBx7WTc--59,correct,9,-6.922196296975017,3,-4.261069184169173
IjeHLt1vNoM--13,correct,20,-79.54512127488852,7,-44.008651591837406
BTqVQCBPUzg--122,correct,17,-71.88571425527334,5,-43.599748097360134
NaXDBBT5pkw--25,correct,27,-68.20847532898188,9,-44.1698709204793
4DhGy83DK_s--8,correct,9,-48.42268180847168,3,-25.263760805130005
zu_bd3r2GIA--29,correct,18,-78.38892732188106,5,-56.51664565131068
xFEQrtosric--19,correct,19,-69.12998495437205,6,-53.10808170773089
rYcw__0tDhw--11,correct,8,-32.42483305931091,3,-19.564067363739014
DP1ly_MsHHQ--25,correct,21,-92.7290750653483,7,-54.66294417902827
myIXH3PjvoI--106,correct,12,-43.77087518572807,4,-28.926914483308792
KI0avgGkWiU--25,correct,11,-45.64560195989907,4,-36.12797903083265
-hZpPIT6N4U_d,correct,17,-42.00732995942235,5,-30.07152386382222
myIXH3PjvoI--102,correct,14,-50.74684556853026,4,-27.165742973797023
MYGqMojGwBE--46,correct,16,-77.09607802145183,5,-33.75574223510921
3vCea9zWFek--10,correct,13,-23.74257603287697,2,-5.650727391242981
MYGqMojGwBE--172,correct,13,-62.20548461377621,3,-33.320926666259766
d5Lx_5-UiHY--100,correct,14,-54.26461230078712,3,-18.888531662523746
iwYL-ivQm6o--5,correct,15,-50.068502217531204,4,-33.95916084200144
Xmm9ZyMy12g--19,correct,24,-110.13594222068787,7,-87.40869751572609
hgaKby5Mha4--15,correct,20,-60.10101664438844,7,-41.07375543192029
MnCcM6PZrug--9,correct,15,-54.887370305135846,5,-32.14955108053982
bqE5C2tmc9c--9,correct,22,-72.33561569452286,9,-43.95107711851597
OEM3CR-HYmk--0,correct,21,-90.81146967224777,6,-87.2912266086787
faZQNy4aErk--82,correct,20,-83.57794155180454,9,-70.91829155385494
C-cgPb_N2dY--0,correct,24,-53.89333396436996,8,-29.60062334718532
AVb1VABiJJ8--10,correct,23,-83.33214911818504,10,-63.97732564806938
Lt5GAA6MIuM--1,correct,19,-76.31481026113033,8,-58.767851799726486
gp0w_zrLgfw--10,correct,12,-39.877905279397964,6,-27.787741124629974
eBj_HUu0CNw--29,correct,12,-28.855624675750732,4,-16.21386229991913
QiJgNpX3zN0--11,correct,21,-68.10428105667233,8,-59.118313159793615
faZQNy4aErk--32,correct,20,-62.69598975032568,5,-35.71818865835667
aDwdB7xHAOE--10,correct,17,-59.601278943941,9,-45.677556259557605
YsuSHJ3klEs--7,correct,24,-86.85711443284526,8,-75.57025032350793
MYGqMojGwBE--217,correct,13,-43.24522060714662,6,-29.028096675872803
8DmlFztO2XM--0,correct,21,-61.681326917838305,5,-46.41261962382123
gp0w_zrLgfw--20,correct,28,-147.74160481244326,10,-107.9780412465334
MYGqMojGwBE--258,correct,15,-52.55178107134998,5,-32.839263094589114
40BjLI5XtJE--10,correct,22,-82.33836708217859,7,-45.63716944307089
fulQKWknVhw--12,correct,31,-78.63981373142451,7,-33.521648067981005
myIXH3PjvoI--122,correct,12,-37.99786271713674,4,-16.14939451776445
jMdxYlvrkbk--7,correct,22,-74.1444709263742,6,-49.0301587022841
-X_zmve1y00--14,correct,19,-106.14150530844927,8,-65.82297778129578
sktRu3sp97g--15,correct,16,-34.212517865002155,7,-19.222569227218628
7byz3fdI-Ss--16,correct,9,-2.957519800402224,4,-2.527889103628695
809a3a5e02d1-119,correct,11,-34.980361852794886,4,-13.120194733142853
Rc99bcSdhak--14,correct,8,-25.676263630390167,3,-12.934173345565796
v0g35qCOCwU--0,correct,25,-104.02140423189849,10,-72.06782089173794
N6jpL7uibFI_e2,correct,24,-69.131368432194,6,-56.42010943219066
MYGqMojGwBE--282,correct,16,-34.08877746760845,6,-19.12661626189947
mjvqIq_fvRY--10,correct,25,-70.59464098513126,9,-55.32236234471202
lZarpnV0alw--12,correct,14,-63.54757878393866,2,-53.271248730132356
mXq8axygjdE--28,correct,32,-85.9762865640223,12,-55.29468123987317
IjeHLt1vNoM--3,correct,20,-75.97983443550766,8,-55.88496853411198
6_yO8Lc8Hd4--16,correct,21,-62.0388863440603,3,-23.509321918711066
HBQwzyxvkZA--237,correct,16,-59.218321833759546,7,-49.352123994380236
CRJSZ2e7BU0--8,correct,30,-103.93185624200851,10,-82.0464784251526
K4eNr2k2Lls--19,correct,14,-23.92225904762745,6,-8.719868674874306
U5Tq9r7saZU--19,correct,16,-60.729571640491486,5,-35.9328138679266
uYaUCNl1j10--3,correct,34,-82.44808453833684,11,-62.74934615707025
3gKelnCwuj8--0,correct,17,-13.402810788713396,6,-13.13336484786123
ZVE_KjrY_po--22,correct,21,-40.753829778172076,8,-32.43712987843901
i4j5Bj2NL1c--11,correct,28,-141.41440080106258,10,-97.40139327943325
9b0136913690-57,correct,20,-110.04304715245962,4,-85.19265681505203
wwpptVjgAws--10,correct,32,-161.05715614929795,11,-107.80277439579368
gp0w_zrLgfw--13,correct,28,-94.38528679963201,10,-58.93041693326086
HBQwzyxvkZA--129,correct,15,-33.89865016378462,6,-23.75059374049306
fqJW-F3WIYc--0,correct,21,-45.33261429332197,8,-35.88763119839132
xnY08sy7Sqk--6,correct,13,-67.70023202896118,4,-58.913538455963135
maCRL8WG0GQ--3,correct,10,-29.33697450137697,5,-12.010327845579013
xnY08sy7Sqk--3,correct,25,-115.35735727101564,9,-95.95820722728968
AVb1VABiJJ8--13,correct,16,-46.13488209247589,7,-42.45297656953335
HBQwzyxvkZA--331,correct,16,-50.65200414508581,4,-39.38556910306215
HBQwzyxvkZA--79,correct,24,-90.15082820225507,8,-51.07537912670523
0bk98uIiTS8--18,correct,15,-52.1614585891366,5,-37.06286848336458
OJxSniCPUpI--2,correct,15,-60.74651002883911,6,-56.79072862863541
m-w_78fDg9M--11,correct,28,-104.5667425962165,9,-79.83087627310306
mDUCHJerTtE--9,correct,14,-30.572417601943016,4,-22.97401275485754
BTqVQCBPUzg--94,correct,8,-36.231091037392616,2,-17.356899976730347
CAzt5cxtSjQ--13,correct,23,-114.5061926394701,11,-84.10060468316078
8DmlFztO2XM--1,correct,27,-66.84414570545778,10,-50.188228575047106
ZVE_KjrY_po--4,correct,16,-67.34892925620079,4,-57.133394569158554
9b0136913690-78,correct,20,-86.11866408586502,7,-41.799976497888565
5n_IGU5rYYk--24,correct,29,-125.30164808128029,11,-60.36035222839564
HBQwzyxvkZA--131,correct,18,-75.87340899184346,4,-66.91719438508153
lZarpnV0alw--2,correct,21,-95.30284856073558,7,-76.98793773166835
6_yO8Lc8Hd4--5,correct,25,-80.66474269377068,8,-41.78368642786518
u7wx4rUBg_k--5,correct,22,-94.70463109575212,7,-59.36588282883167
w_xCnJVyPYA_e1,correct,17,-74.9072416909039,5,-58.25861221924424
BTqVQCBPUzg--105,correct,15,-52.12073331512511,5,-37.62611277587712
d5Lx_5-UiHY--111,correct,11,-68.97146074473858,2,-15.865287959575653
HBQwzyxvkZA--330,correct,33,-111.88911750065745,10,-61.00902476432384
lcBujGRLwE0--38,correct,31,-105.60839157109149,9,-98.24892844562419
oPITLi0VKh8--1,correct,19,-41.63440642086789,7,-20.59191023884341
s_8IbRRsr0Q--0,correct,35,-119.9020071066916,9,-70.47128463350236
lZarpnV0alw--11,correct,18,-58.955085726454854,5,-26.35261219739914
NDYHcIF50eE--19,correct,9,-27.59910270012915,2,-14.001562545076013
fqJW-F3WIYc--5,correct,25,-85.49996181763709,8,-76.86436224915087
yb7efY9x78U--0,correct,33,-98.26346050016582,9,-60.40065165050328
fYxijWb0b_s--28,correct,16,-83.11103316396475,6,-74.78938072919846
HBQwzyxvkZA--140,correct,19,-88.14162166416645,6,-76.47567339241505
ojYFIliNLGI--2,correct,22,-98.95977551676333,11,-77.25161311216652
q4RnudGCU18--15,correct,20,-82.26721601188183,5,-53.55756713449955
xnY08sy7Sqk--12,correct,15,-63.006008226424456,5,-54.9659976400435
Zc2bgIDZ-Ks--57,correct,9,-23.175983350723982,4,-16.72813741862774
QiGhWfjM2FI--18,correct,23,-100.28935339301825,7,-58.145964086055756
nvfK4jQ7MH0--7,correct,16,-74.47168223932385,7,-53.426087617874146
OJxSniCPUpI--19,correct,17,-35.49533208273351,9,-29.180693166330457
mDUCHJerTtE--0,correct,14,-21.060022175312042,5,-12.975421360693872
dPuKX_lM4Zc--114,correct,8,-11.641533508896828,3,-11.100272983312607
pMbMjjSj1fM--24,correct,24,-125.15712585300207,5,-109.35506834089756
AZ2s4Adm9RU--25,correct,15,-43.32591712474823,5,-22.168880105018616
KmW8f1GVTYY--45,correct,20,-89.81701929494739,8,-84.52197010442615
faZQNy4aErk--59,correct,21,-72.49729831889272,6,-55.75907402858138
HBQwzyxvkZA--69,correct,20,-97.82574152946472,8,-54.596932128071785
9b0136913690-9,correct,11,-38.43880560994148,5,-24.701875805854797
ef52bca1a454-70,correct,8,-32.55352067947388,3,-26.728195667266846
wUH1dDbu9B4--3,correct,26,-153.46935188770294,6,-150.84206546097994
nvfK4jQ7MH0--1,correct,20,-29.26301161199808,4,-9.78279833495617
HBQwzyxvkZA--229,correct,17,-32.53450658172369,7,-20.763191916048527
HBQwzyxvkZA--76,correct,16,-49.54471831768751,5,-26.641344398260117
1xJ_dkBcAIU--6,correct,16,-56.873320473358035,7,-53.883353961631656
vyBaeFU8J_k--0,correct,13,-43.62803307175636,4,-42.21109566092491
lSLqIyupXrk--15,correct,15,-48.0012380219996,6,-37.16053682938218
HBQwzyxvkZA--280,correct,17,-76.35603339225054,6,-56.25136160850525
0bk98uIiTS8--29,correct,22,-92.39523892849684,6,-53.22658258676529
faZQNy4aErk--43,correct,41,-163.12281587556936,13,-133.66491876379587
XcXCB---N9M--37,correct,23,-78.4961913600564,7,-64.20627660304308
LvN9Dxq2iLY--137,correct,11,-38.425545355305076,4,-29.09393402002752
_r1S90f_nsM--6,correct,17,-59.8859983291477,6,-34.135613640770316
8E-llRXuhl0--17,correct,20,-87.30364039540291,7,-63.55286440998316
ijrjSBx7WTc--68,correct,8,-24.069402053952217,3,-11.850773513317108
4DhGy83DK_s--26,correct,15,-29.531865559518337,4,-10.671913675963879
oPITLi0VKh8--17,correct,21,-87.71804905310273,6,-55.81143021211028
bOZ_Lap5FNA--17,correct,22,-72.52369988104329,8,-49.55574854603037
4DhGy83DK_s--3,correct,15,-56.53956359811127,4,-43.865215407684445
ZCBew8Fv0qA--22,correct,42,-144.9043836146593,12,-101.90597847476602
klepEQSaeIk--12,correct,16,-30.922432251274586,4,-13.566611021757126
lZarpnV0alw--9,correct,10,-45.154223427176476,5,-41.866607174277306
o9DARfrZg2o--6,correct,15,-55.007828718051314,3,-44.16741538606584
o9DARfrZg2o--3,correct,18,-70.42513892706484,5,-49.910566753707826
AVb1VABiJJ8--8,correct,8,-36.861573934555054,3,-23.64083218574524
ijrjSBx7WTc--42,correct,8,-34.12924373149872,2,-19.197415351867676
kES_ZNjFKz8--10,correct,17,-52.39501316100359,7,-43.8619996458292
ckGC5hUffDU--13,correct,9,-37.82601034641266,3,-28.662119150161743
fqJW-F3WIYc--16,correct,43,-137.8293943144381,13,-109.38178494945168
8E-llRXuhl0--21,correct,20,-74.46516658738256,9,-55.948423344641924
MYGqMojGwBE--277,correct,15,-84.49118637666106,6,-46.95513525232673
myIXH3PjvoI--48,correct,17,-54.214707251638174,3,-27.62365299090743
KHL0wkbu0-s--4,correct,16,-66.77392356842756,6,-33.86931275576353
jC6VuHNpTLM--8,correct,28,-77.98651884123683,10,-60.74913225695491
myIXH3PjvoI--52,correct,12,-18.766091354191303,3,-13.30646962672472
C-cgPb_N2dY--7,correct,18,-70.08754023909569,7,-56.67156147956848
myIXH3PjvoI--92,correct,13,-42.732033118605614,5,-29.418349027633667
6_yO8Lc8Hd4--11,correct,26,-83.57586182141677,8,-62.49319572607055
o44YnPMhwPU--26,correct,23,-100.47128765285015,9,-84.07174064218998
XcXCB---N9M--40,correct,28,-130.61495513282716,9,-81.48560350947082
HBQwzyxvkZA--326,correct,28,-129.1696541160345,9,-68.80524982511997
dkavvNigK7s--3,correct,16,-68.40613651461899,6,-59.534777821972966
LvN9Dxq2iLY--9,correct,14,-52.08708697557449,4,-36.428731232881546
QiJgNpX3zN0--2,correct,13,-30.55387606425211,3,-21.95265148440376
KI0avgGkWiU--14,correct,21,-70.25687492080033,9,-52.55571696348488
48couwymlMM--0,correct,21,-56.69141959294211,6,-46.43516904755961
XcXCB---N9M--25,correct,18,-83.43864341266453,7,-51.9409455973655
myIXH3PjvoI--39,correct,16,-55.3815321191214,5,-38.486855240073055
nvfK4jQ7MH0--26,correct,12,-29.03745386004448,3,-16.096437335014343
MYGqMojGwBE--103,correct,15,-71.97684621810913,5,-42.06972932815552
LvN9Dxq2iLY--24,correct,11,-50.298812195658684,3,-32.35050541162491
Sqa3ig2NN9Q--13,correct,17,-52.69113275408745,6,-33.55699834227562
809a3a5e02d1-86,correct,8,-30.153464041650295,2,-9.819667100906372
MYGqMojGwBE--62,correct,15,-46.15275643020868,4,-29.152684904634953
pMbMjjSj1fM--16,correct,23,-66.09765586582944,11,-53.570145580451936
mXq8axygjdE--66,correct,18,-18.74432337284088,4,-16.497104950249195
vbq8QbOwOt4--17,correct,20,-72.95675758086145,5,-57.927330169826746
dPuKX_lM4Zc--110,correct,27,-121.63961205631495,11,-90.1443462073803
eabe1f38221a-52,correct,15,-79.82418912649155,6,-57.57122850418091
LvN9Dxq2iLY--210,correct,18,-80.12250267527997,5,-58.34207543544471
0bk98uIiTS8--42,correct,22,-103.42877118662,10,-79.78820662200451
faZQNy4aErk--40,correct,17,-42.97988820448518,7,-40.435481283813715
Kq5HfchSWv8--2,correct,9,-27.70456038415432,4,-17.95476871728897
ZMsnY_khlNQ--5,correct,21,-75.0381575729698,7,-59.51688786968589
80Cx4CH-AVI--4,correct,22,-99.88624232262373,8,-83.42039980739355
HBQwzyxvkZA--283,correct,23,-112.63314143568277,10,-78.32572094351053
Nv3WLYio7Lc--1,correct,20,-94.76752534229308,5,-82.78103910107166
KHL0wkbu0-s--24,correct,18,-25.7504770886153,9,-11.989129027351737
BO1ehFUMWEs--21,correct,27,-173.9003255814314,9,-139.81291258335114
QXsIVtanWdw--8,correct,16,-61.080679113045335,5,-41.14375444687903
jN2lbHzIneI--10,correct,16,-43.46302318945527,5,-22.655905853956938
_IyhoG9jXuM--10,correct,11,-41.3268951959908,4,-36.474481511861086
Kq5HfchSWv8--23,correct,17,-67.05686175567098,7,-41.85559975844808
LvN9Dxq2iLY--61,correct,18,-106.5014238730073,7,-79.72674993425608
T-5au9lZhYI--9,correct,11,-26.41561369970441,4,-21.362796891480684
mXq8axygjdE--81,correct,19,-16.558942791074514,6,-9.506077993661165
HBQwzyxvkZA--213,correct,23,-49.85151535645127,8,-38.00652665272355
fYxijWb0b_s--23,correct,9,-31.52347131073475,3,-9.563373729586601
a8zp7ivHwBU--8,correct,15,-53.719833336770535,7,-35.487490594387054
xnY08sy7Sqk--19,correct,14,-44.76992220431566,5,-33.23834915459156
9bqfEh7BD3c--14,correct,7,-23.036003533750772,3,-5.183654326945543
Zc2bgIDZ-Ks--48,correct,8,-20.935720905661583,3,-14.163116246461868
ZCBew8Fv0qA--4,correct,15,-45.46044873073697,5,-19.677901316434145
VwsRPJN7txM--8,correct,18,-81.59554941952229,9,-57.66884273290634
W4YzurwHpfw--17,correct,17,-42.95693192537874,8,-41.355134203098714
HBQwzyxvkZA--120,correct,11,-47.899783723056316,5,-33.495643585920334
T-5au9lZhYI--6,correct,14,-45.02757376804948,6,-34.922357086092234
5QMD024bDYs--23,correct,16,-63.000316835939884,7,-35.72298200428486
AVb1VABiJJ8--22,correct,20,-81.83089981228113,10,-69.47760845720768
QiJgNpX3zN0--9,correct,18,-74.57439675927162,7,-54.071909964084625
nXA9Qpj2z7E--16,correct,20,-68.62795249093324,6,-66.46355042327195
kytITkHoyls--2,correct,10,-37.337453339248896,3,-14.682138033211231
KmW8f1GVTYY--42,correct,23,-95.37887458130717,8,-63.110520709306
m3Mmtpr-jjA--9,correct,19,-56.54496772587299,6,-40.64033453911543
o44YnPMhwPU--42,correct,11,-29.52086220867932,3,-9.89731745608151
BTqVQCBPUzg--96,correct,11,-69.13381686806679,4,-50.62432074546814
uYaUCNl1j10--0,correct,26,-49.98480941168964,10,-41.41081205569208
oAhfJ8yB1j0--1,correct,15,-48.30526639148593,4,-41.359977815300226
yb7efY9x78U--4,correct,15,-48.49705804139376,5,-27.644838601350784
K4eNr2k2Lls--29,correct,23,-42.6214484795928,6,-29.18428362905979
faZQNy4aErk--7,correct,16,-66.64186032861471,4,-34.979710936546326
XcXCB---N9M--14,correct,23,-79.25930912047625,7,-62.41957151144743
NaXDBBT5pkw--0,correct,20,-59.489403534680605,5,-37.496585231274366
rZG7T9ujMEo--3,correct,9,-31.292874455451965,2,-14.46833610534668
0bk98uIiTS8--24,correct,27,-100.36251688748598,8,-48.436132565140724
jN2lbHzIneI--8,correct,29,-110.7094705752097,11,-80.05183261400089
wSEeoT9BqE0--16,correct,27,-128.5232814066112,13,-96.87407995015383
wwpptVjgAws--2,correct,13,-38.03173482045531,4,-16.21835156902671
xnY08sy7Sqk--15,correct,9,-31.76242631673813,3,-17.666187673807144
eyqLkKS5Qkw--22,correct,16,-33.74166198633611,7,-29.095540387555957
Sqa3ig2NN9Q--1,correct,18,-59.03033810527995,5,-43.381949183065444
eabe1f38221a-65,correct,14,-46.74403979629278,4,-14.416497118771076
ozS8Mx8AdH8--2,correct,24,-96.19637228175998,10,-81.22434834763408
rZG7T9ujMEo--5,correct,24,-67.57311480492353,8,-36.26413540542126
cw1YIV30nQM--2,correct,10,-47.05085289478302,4,-37.24026441574097
MnCcM6PZrug--6,correct,39,-171.15078936330974,13,-129.6937589328736
MnCcM6PZrug--4,correct,23,-71.5894979937002,9,-57.824618133716285
K4eNr2k2Lls--16,correct,15,-44.617435328662395,10,-42.36562402546406
W4YzurwHpfw--14,correct,13,-42.48750672861934,4,-33.591918867081404
UBnqDwRds3A--18,correct,23,-89.07517037633806,10,-70.53285607043654
ZVE_KjrY_po--12,correct,19,-38.67887880653143,7,-18.955583818256855
IjeHLt1vNoM--6,correct,29,-116.729850448668,11,-89.21096908301115
BESRE5mtipE--14,correct,11,-42.20137692335993,5,-25.662202880717814
9xc24mAlprE--12,correct,9,-23.129954935982823,5,-16.06644773669541
6U9AFGakrn0--1,correct,15,-45.54623904824257,5,-37.95179891586304
Lt5GAA6MIuM--14,correct,12,-52.15010014548898,5,-35.491188909858465
Zc2bgIDZ-Ks--76,correct,17,-30.261604025028646,3,-9.447442292235792
XcXCB---N9M--24,correct,17,-97.78279700875282,5,-67.73839771747589
9xc24mAlprE--9,correct,19,-48.10302798449993,6,-33.69357389211655
BESRE5mtipE--17,correct,20,-53.45190840214491,10,-43.158638551831245
MYGqMojGwBE--32,correct,14,-77.16776949167252,4,-63.833737552165985
Zc2bgIDZ-Ks--58,correct,37,-65.59591569378972,11,-36.7474885545671
zu_bd3r2GIA--5,correct,25,-102.9863853380084,4,-43.804561257362366
mjvqIq_fvRY--1,correct,18,-45.0057653831318,6,-27.440052245743573
NaXDBBT5pkw--1,correct,7,-7.0039491429924965,2,-0.5808187201619148
vyBaeFU8J_k--15,correct,28,-131.43851084075868,8,-112.27299326471984
vyBaeFU8J_k--21,correct,19,-60.5842822752893,8,-51.6901021823287
3Pk2c_Z4ahk--14,correct,12,-31.007158190011978,5,-18.80707824230194
ZVE_KjrY_po--23,correct,11,-50.357346661388874,3,-23.417998790740967
Lt5GAA6MIuM--11,correct,34,-144.85669253766537,15,-109.12626991048455
lPzmjeJmsXo--40,correct,12,-29.965593613684177,7,-20.68808940052986
lPzmjeJmsXo--11,correct,17,-84.00093043129891,6,-59.888263943605125
91GVHgxW8RA--18,correct,25,-75.15216275677085,8,-64.96020155772567
rZG7T9ujMEo--19,correct,21,-98.80827980488539,8,-72.69500589370728
36YV-IPiUXM--11,correct,31,-154.08986689522862,10,-123.89076558873057
Zc2bgIDZ-Ks--23,correct,30,-39.63782686088234,11,-29.68630674574524
3gKelnCwuj8--9,correct,17,-60.68012836575508,8,-53.61668314039707
BTqVQCBPUzg--53,correct,11,-48.92154935002327,5,-38.048425793647766
MYGqMojGwBE--86,correct,16,-50.62201114650816,6,-30.659170447848737
R6_v5nqXuGg--0,correct,23,-66.2416929602623,13,-66.12681086361408
lZarpnV0alw--4,correct,20,-109.92343880329281,6,-92.81195114646107
0kldzhToGLc--0,correct,21,-77.49502349132672,6,-67.82157504791394
Sqa3ig2NN9Q--8,correct,16,-39.537104146555066,4,-27.64118678122759
Rblg5TE6TI0--29,correct,28,-126.48099223524332,10,-83.70472611486912
nvfK4jQ7MH0--8,correct,21,-96.01311564445496,10,-79.50733524560928
fYxijWb0b_s--18,correct,15,-85.70435214042664,5,-67.55057215690613
HBQwzyxvkZA--267,correct,7,-44.311187505722046,2,-22.06501531600952
gp0w_zrLgfw--7,correct,29,-135.8187207877636,11,-77.32597447931767
3Pk2c_Z4ahk--20,correct,27,-120.14298183540814,8,-93.19043757836334
Zc2bgIDZ-Ks--39,correct,22,-38.518043499439955,7,-26.353232571855187
ZCBew8Fv0qA--7,correct,16,-64.14989127218723,4,-43.617738500237465
MYGqMojGwBE--26,correct,34,-170.70932049304247,7,-139.37507593631744
MYGqMojGwBE--36,correct,10,-37.433353543281555,4,-21.270262956619263
36YV-IPiUXM--17,correct,53,-224.56376565247774,14,-198.19930428266525
pMbMjjSj1fM--4,correct,18,-33.02204844728112,6,-26.086942319758236
809a3a5e02d1-27,correct,22,-118.7714496254921,6,-53.2524069994688
9xc24mAlprE--25,correct,14,-49.91582050919533,6,-30.86184448003769
0kldzhToGLc--9,correct,22,-91.00811023265123,9,-68.34896553680301
aDwdB7xHAOE--13,correct,17,-41.139618524350226,6,-31.521698200143874
wUH1dDbu9B4--18,correct,17,-62.11255609244108,7,-32.77749226987362
BO1ehFUMWEs--29,correct,34,-156.61137125641108,8,-108.53466269373894
mXq8axygjdE--48,correct,20,-49.03461625427008,7,-45.8238512724638
VwsRPJN7txM--7,correct,11,-30.19241973757744,5,-29.265682138502598
ZMsnY_khlNQ--6,correct,15,-74.80298087000847,6,-58.82782706618309
KHL0wkbu0-s--21,correct,12,-36.90681830048561,5,-15.689290076494217
mjvqIq_fvRY--15,correct,9,-31.305593349039555,5,-26.17084801197052
o44YnPMhwPU--6,correct,9,-44.469236105680466,4,-36.051087856292725
s_8IbRRsr0Q--11,correct,38,-148.97023505496327,11,-126.01507539080922
ZMsnY_khlNQ--4,correct,19,-47.23437186423689,8,-37.413519815541804
9b0136913690-50,correct,20,-79.72207024693489,6,-34.52597291022539
5QMD024bDYs--4,correct,19,-80.02032961323857,6,-54.485705588012934
MYGqMojGwBE--19,correct,10,-58.522460639476776,5,-51.83523780107498
UBnqDwRds3A--16,correct,21,-107.79977824538946,8,-50.89760138839483
q4RnudGCU18--23,correct,24,-92.72771172598004,8,-59.34264023974538
vyBaeFU8J_k--3,correct,14,-64.46251843869686,6,-36.591823756694794
jN2lbHzIneI--15,correct,23,-69.29722587950528,8,-40.866695472970605
W4YzurwHpfw--5,correct,13,-54.841609209775925,5,-36.226409398019314
3vCea9zWFek--3,correct,17,-40.564462438225746,5,-26.49788635969162
wwpptVjgAws--15,correct,47,-227.29636961594224,13,-183.0940752439201
DF4fto_X1Y4--13,correct,12,-19.173186242580414,4,-4.049359694123268
fulQKWknVhw--1,correct,21,-52.20740012463648,8,-45.65877150010783
hgaKby5Mha4--34,correct,21,-97.91749624162912,7,-76.03940510749817
48couwymlMM--15,correct,23,-73.28063349425793,7,-54.18886344879866
i4j5Bj2NL1c--3,correct,24,-93.24830659199506,11,-79.45392131526023
cw1YIV30nQM--6,correct,17,-83.3103404212743,7,-51.87798415310681
fqJW-F3WIYc--8,correct,12,-37.235388204455376,5,-25.28953781723976
HBQwzyxvkZA--316,correct,15,-60.57917644828558,6,-46.366992093622684
LvN9Dxq2iLY--200,correct,12,-74.28016141057014,5,-54.9170238673687
6MxCP_583q8_e4,correct,9,-53.25106733292341,4,-42.86432708054781
HBQwzyxvkZA--57,correct,21,-85.09566424414515,7,-55.078891314566135
yb7efY9x78U--15,correct,23,-86.43095991760492,7,-67.54475724697113
l9bZYazJQ1w--2,correct,9,-5.423778895288706,4,-4.376849684864283
3gKelnCwuj8--16,correct,16,-53.331098191440105,7,-39.99613490700722
lSLqIyupXrk--7,correct,11,-21.225666105747223,4,-14.96875374019146
HBQwzyxvkZA--230,correct,15,-45.600264728069305,5,-21.468347743153572
q4RnudGCU18--11,correct,10,-41.23690423928201,4,-33.85180979780853
AZ2s4Adm9RU--9,correct,14,-77.61673380434513,5,-37.02792765200138
MYGqMojGwBE--95,correct,18,-65.14986145496368,9,-55.37212109565735
17OIKvJmrK8--11,correct,28,-140.7000138759613,9,-133.150776386261
HBQwzyxvkZA--146,correct,20,-76.81905923783779,7,-63.88441136479378
HBQwzyxvkZA--77,correct,10,-28.882547616958618,3,-8.373910009860992
MYGqMojGwBE--235,correct,8,-37.74720788002014,3,-22.10663652420044
JqYder5vRP4--0,correct,11,-9.353289723861963,5,-5.5846560900099576
eyqLkKS5Qkw--3,correct,16,-86.63015561550856,8,-73.28160804510117
48couwymlMM--24,correct,12,-41.62925608828664,5,-31.814784694463015
iGdg-iGlUFg--12,correct,19,-77.69477692246437,4,-50.85780368000269
K5lgB4YzOO0--4,correct,27,-120.69589786231518,9,-109.11052832007408
m3Mmtpr-jjA--34,correct,16,-30.66705486457795,9,-22.788318696431816
HBQwzyxvkZA--303,correct,16,-68.19726267457008,3,-46.43626481294632
Rblg5TE6TI0--19,correct,23,-140.7357523739338,12,-100.19629315286875
tDrI-9pSul0--6,correct,21,-96.56681130826473,9,-76.09248181059957
6_yO8Lc8Hd4--19,correct,11,-23.981375851668417,3,-5.305508673191071
faZQNy4aErk--51,correct,22,-56.16484830342233,8,-24.057717218995094
d5Lx_5-UiHY--85,correct,25,-93.45159600675106,10,-57.42755252122879
lSLqIyupXrk--2,correct,12,-37.16699407249689,6,-25.316823698580265
sktRu3sp97g--3,correct,15,-37.830242563039064,3,-9.687650203704834
MnCcM6PZrug--19,correct,36,-136.9684774968773,11,-92.21470703370869
DP1ly_MsHHQ--2,correct,20,-53.4744969420135,8,-36.535618625581264
mXq8axygjdE--65,correct,15,-37.326599380001426,5,-21.24034791253507
Rblg5TE6TI0--32,correct,12,-37.69597654789686,4,-25.322368286550045
4vfboqjtAXo_e3,correct,14,-60.233294293284416,4,-45.08908334374428
HBQwzyxvkZA--313,correct,21,-88.95450334250927,5,-75.6802321523428
vyBaeFU8J_k--5,correct,33,-127.97447939962149,8,-86.71125362813473
5QMD024bDYs--5,correct,15,-38.43493230268359,5,-30.43454824015498
3gKelnCwuj8--7,correct,16,-39.52034251904115,6,-32.19336559390649
ef52bca1a454-78,correct,16,-22.91098985262215,5,-15.05289694853127
4DhGy83DK_s--17,correct,28,-74.63986385066528,8,-48.89240432635415
mXq8axygjdE--64,correct,14,-42.161726851947606,5,-24.80071406532079
yAAWlkm-_KA--8,correct,24,-75.54059514403343,10,-47.755610913038254
BTqVQCBPUzg--81,correct,16,-93.19075061380863,7,-87.42100474238396
R6_v5nqXuGg--12,correct,22,-57.862865664064884,6,-37.46416682749987
iwYL-ivQm6o--7,correct,17,-46.71660722861998,6,-29.51311840186827
pMbMjjSj1fM--18,correct,14,-33.77977434179047,6,-28.01608522614697
aDwdB7xHAOE--2,correct,19,-79.75653249025345,4,-39.99406814575195
HBQwzyxvkZA--41,correct,15,-55.539444129914045,4,-28.021774142980576
LvN9Dxq2iLY--174,correct,20,-97.21767291426659,6,-87.29986283183098
faZQNy4aErk--55,correct,14,-53.686421662569046,7,-39.16214460134506
uY7i-Y8gxn8--5,correct,22,-52.29419882968068,6,-48.756940830498934
faZQNy4aErk--31,correct,18,-47.97757426649332,8,-33.31010340154171
HBQwzyxvkZA--130,correct,26,-71.37961103394628,8,-57.79896368458867
5QMD024bDYs--16,correct,22,-71.15140925347805,8,-58.25049499422312
0bk98uIiTS8--41,correct,27,-107.5329024810344,11,-81.966204630211
Kq5HfchSWv8--27,correct,18,-33.311474692076445,4,-24.34873389825225
kES_ZNjFKz8--15,correct,18,-63.49931176751852,4,-58.63390037417412
vZt56rnH8QQ--0,correct,16,-35.93100817967206,9,-24.24924034345895
n12WICGyBJ4--35,correct,15,-57.04964092373848,6,-39.05978402495384
MYGqMojGwBE--122,correct,10,-34.19409744441509,3,-20.743203695863485
lcBujGRLwE0--8,correct,29,-138.77381794899702,9,-78.44256410002708
ckGC5hUffDU--8,correct,18,-93.36842120066285,5,-82.10807770863175
jN2lbHzIneI--11,correct,38,-174.4560909345746,12,-140.16145842522383
MYGqMojGwBE--284,correct,16,-47.72010934911668,6,-29.004917681217194
aDwdB7xHAOE--6,correct,27,-127.71185693331063,9,-73.7376303281635
g4GfKC7z-2M--22,correct,19,-92.81580643355846,4,-61.74291340261698
XcXCB---N9M--6,correct,12,-21.234420858323574,5,-16.036441631615162
zu_bd3r2GIA--8,correct,16,-25.468755007255822,5,-13.52070526080206
u7wx4rUBg_k--8,correct,19,-71.3000341001898,9,-46.367374831810594
-X_zmve1y00--11,correct,14,-42.29696109890938,4,-17.251020073890686
DP1ly_MsHHQ--27,correct,34,-85.78392820485169,9,-61.024110716360155
MYGqMojGwBE--163,correct,13,-50.14822697639465,3,-28.05169129371643
HBQwzyxvkZA--191,correct,10,-18.907609321177006,3,-17.754595682024956
8E-llRXuhl0--14,correct,25,-92.11058019241318,8,-74.0452150888741
LvN9Dxq2iLY--130,correct,11,-43.75050847232342,4,-28.91953945159912
lcBujGRLwE0--12,correct,25,-112.58901461213827,8,-99.28899078071117
809a3a5e02d1-35,correct,17,-79.51958703994751,8,-67.47935628890991
myIXH3PjvoI--5,correct,25,-99.61962600797415,9,-61.29013379663229
ZCBew8Fv0qA--14,correct,15,-35.820015743374825,4,-22.844515770673752
jC6VuHNpTLM--22,correct,19,-72.63436642661691,6,-63.7744250446558
MYGqMojGwBE--241,correct,27,-114.62044140696526,6,-78.57296453416348
m-w_78fDg9M--7,correct,22,-94.27410563826561,7,-56.55819034576416
0kldzhToGLc--16,correct,15,-49.88881196081638,7,-30.665485251694918
vbq8QbOwOt4--0,correct,25,-104.91304982081056,13,-71.62134340032935
8w6k4jEJJlU--3,correct,11,-50.389747821725905,5,-36.47679063025862
eGkBCS1t9-E--16,correct,24,-85.22101950086653,8,-72.21151677332819
Rblg5TE6TI0--33,correct,26,-71.54666491225362,11,-52.07653845474124
0Z5d6D2vBbc--3,correct,12,-37.7248295918107,4,-32.825773783028126
ijrjSBx7WTc--53,correct,21,-47.107128124684095,5,-27.33601389452815
HBQwzyxvkZA--169,correct,17,-75.2815123014152,7,-54.029339130967855
LvN9Dxq2iLY--104,correct,7,-35.577726572752,4,-28.749283850193024
vZt56rnH8QQ--9,correct,15,-52.15134453959763,7,-35.095599703490734
UBnqDwRds3A--12,correct,9,-56.5726338326931,2,-19.183560371398926
w_xCnJVyPYA_e3,correct,13,-27.075694324448705,3,-14.454727919772267
BESRE5mtipE--10,correct,14,-35.590946566313505,5,-13.868362408131361
eBj_HUu0CNw--7,correct,17,-48.52302447706461,6,-36.42844311892986
mXq8axygjdE--8,correct,9,-47.81805935502052,3,-30.298921585083008
jC6VuHNpTLM--10,correct,19,-102.55845525860786,8,-71.37161779403687
Rc99bcSdhak--15,correct,23,-85.2858039700659,8,-70.87814953934867
ef52bca1a454-75,correct,9,-22.0581019744277,5,-20.903431832790375
vbq8QbOwOt4--13,correct,23,-54.890321405022405,7,-54.73508201667573
vbq8QbOwOt4--5,correct,25,-90.24418842792511,5,-63.884190022945404
UBnqDwRds3A--15,correct,19,-73.99932239763439,6,-51.326224863529205
2B2z46vgaAA--19,correct,14,-42.91227377858013,5,-38.36705124285072
xnY08sy7Sqk--22,correct,21,-115.05015208944678,7,-99.923649456352
lAFiWmUUHOg--15,correct,15,-63.77362141851336,5,-32.33885004464537
MYGqMojGwBE--65,correct,13,-26.623462703078985,6,-25.446481190621853
zu_bd3r2GIA--12,correct,17,-78.28519961237907,4,-49.99784615635872
9b0136913690-90,correct,15,-72.08046697452664,4,-48.49993608519435
fqJW-F3WIYc--18,correct,21,-89.78735088557005,9,-68.20475912094116
jLwvQ4URDFY--16,correct,9,-30.363185618072748,3,-14.81735059991479
BO1ehFUMWEs--37,correct,12,-44.74098086357117,3,-28.225550413131714
fYxijWb0b_s--5,correct,12,-53.1330161690712,4,-50.58697384595871
6_yO8Lc8Hd4--3,correct,36,-111.17871682345867,14,-85.09275471419096
17OIKvJmrK8--7,correct,16,-64.55202601850033,7,-39.98165683448315
iGdg-iGlUFg--7,correct,20,-64.95334266126156,8,-44.7239855080843
ZMsnY_khlNQ--11,correct,29,-109.53609493747354,8,-89.88724394515157
-X_zmve1y00--9,correct,17,-73.19758877623826,6,-39.75011633802205
fqJW-F3WIYc--11,correct,28,-104.39253950770944,7,-52.92808177229017
Lt5GAA6MIuM--27,correct,21,-87.1786660850048,7,-61.31577442586422
tDrI-9pSul0--9,correct,24,-71.61530135339126,8,-67.66646021371707
maCRL8WG0GQ--9,correct,18,-52.738192425109446,8,-31.418408632278442
HBQwzyxvkZA--179,correct,13,-41.482006538659334,4,-22.765157893300056
C6CIPVno_yQ--10,correct,22,-86.13125859200954,7,-41.28259593248367
dkavvNigK7s--13,correct,29,-125.95024390518665,12,-88.45896616578102
9bqfEh7BD3c--2,correct,27,-108.18256160616875,9,-63.51542191207409
spDHZsNp4RA_d,correct,22,-117.32002751156688,8,-103.13959774747491
KI0avgGkWiU--9,correct,23,-45.19781576655805,6,-32.7404673602432
jLwvQ4URDFY--27,correct,36,-134.46695336187258,10,-91.80810947576538
BO1ehFUMWEs--30,correct,37,-227.9169928357005,11,-149.23408341407776
lPzmjeJmsXo--31,correct,21,-71.30017541348934,7,-44.83725414425135
vyBaeFU8J_k--8,correct,11,-26.097235769964755,4,-16.11976989824325
BESRE5mtipE--19,correct,21,-81.35926185920835,8,-50.3993912525475
NDYHcIF50eE--0,correct,33,-92.51219061762094,15,-74.6972551420331
MYGqMojGwBE--109,correct,20,-99.25397101044655,9,-91.39592850208282
9b0136913690-8,correct,17,-52.162209732457995,4,-39.77674103341997
_T-35xhqSkE--11,correct,17,-63.197331480681896,3,-51.10580711811781
myIXH3PjvoI--37,correct,11,-35.87541416473687,3,-26.189131202176213
ozS8Mx8AdH8--13,correct,21,-65.06972960825078,6,-41.927894686115906
NDYHcIF50eE--3,correct,26,-65.4498796146363,12,-56.097259191796184
809a3a5e02d1-19,correct,16,-59.60782738775015,7,-36.99153396487236
rYcw__0tDhw--17,correct,21,-59.89530002139509,4,-27.727425441145897
HBQwzyxvkZA--311,correct,16,-46.70577373355627,4,-37.42037484794855
HBQwzyxvkZA--236,correct,14,-58.57476545870304,3,-43.407477378845215
wUH1dDbu9B4--29,correct,18,-80.74457552284002,8,-63.58383146673441
l9bZYazJQ1w--18,correct,23,-102.16721084713936,6,-69.58325904607773
faZQNy4aErk--76,correct,28,-58.15259486204013,6,-38.27829269832
dkavvNigK7s--14,correct,17,-52.26634685322642,6,-32.757061909884214
YsuSHJ3klEs--14,correct,17,-35.923042482696474,6,-27.759893713518977
MYGqMojGwBE--38,correct,21,-90.42642107605934,6,-50.17334997653961
dPuKX_lM4Zc--107,correct,12,-52.267964258790016,3,-35.42969822883606
OJxSniCPUpI--9,correct,17,-31.607772570103407,4,-27.593132209032774
CRJSZ2e7BU0--10,correct,17,-60.59958639089018,7,-42.234093927778304
MYGqMojGwBE--128,correct,16,-58.52846847474575,5,-29.881357431411743
myIXH3PjvoI--47,correct,18,-78.74472795426846,4,-59.2820278853178
cw1YIV30nQM--22,correct,17,-73.52645252645016,4,-60.65915210545063
KmW8f1GVTYY--10,correct,13,-37.64548908174038,6,-33.43368345499039
ijrjSBx7WTc--67,correct,24,-87.9944844674319,7,-73.87478890828788
gXa0qcoWrsQ--4,correct,13,-20.06312487460673,3,-12.838431416079402
Zc2bgIDZ-Ks--45,correct,36,-52.68571593472734,12,-38.976879066322
36YV-IPiUXM--10,correct,39,-172.8574793934822,11,-133.3998493179679
36YV-IPiUXM--8,correct,32,-111.74361730901,10,-93.24182347742317
HBQwzyxvkZA--320,correct,16,-76.20858869701624,5,-49.84960427135229
QiJgNpX3zN0--1,correct,12,-39.50643625296652,4,-32.94142995774746
U5Tq9r7saZU--15,correct,31,-121.21328850509599,13,-86.99456953676417
pMbMjjSj1fM--11,correct,16,-60.97743631899357,7,-39.78989115357399
oPITLi0VKh8--20,correct,17,-42.35985949868336,4,-16.361259865108877
ci_iGsLDZ9w_e1,correct,18,-68.71229395270348,5,-63.547453977167606
NDYHcIF50eE--16,correct,32,-106.67590659856796,9,-82.27373887598515
KmW8f1GVTYY--15,correct,16,-71.20136209018528,6,-44.88353801704943
ci_iGsLDZ9w_d,correct,8,-53.75541853904724,3,-30.9455144405365
6OlSDCcwM10--25,correct,12,-54.9549415409565,3,-33.94365242123604
8w6k4jEJJlU--0,correct,20,-38.93327113613486,6,-25.31174587085843
myIXH3PjvoI--97,correct,17,-74.17705899477005,6,-51.756544679403305
9b0136913690-12,correct,8,-21.73870674520731,2,-16.228140354156494
91GVHgxW8RA--7,correct,33,-110.20459444634616,11,-81.12970585934818
eabe1f38221a-36,correct,10,-24.25317570567131,3,-11.36462588608265
6_yO8Lc8Hd4--2,correct,17,-83.14860273897648,7,-43.652125000953674
KmW8f1GVTYY--46,correct,12,-35.56721139140427,4,-25.60704364068806
9bqfEh7BD3c--13,correct,18,-73.849057123065,5,-63.630198046565056
VwsRPJN7txM--9,correct,18,-51.06192339211702,6,-43.4108202457428
QXsIVtanWdw--5,correct,9,-9.149451941251755,3,-2.7086174488067627
S9ymb66ZqqY--8,correct,11,-29.800549685955048,5,-19.375051617622375
LvN9Dxq2iLY--33,correct,12,-41.131478725001216,5,-36.43877385370433
K4eNr2k2Lls--21,correct,21,-75.36775214225054,8,-66.9048545435071
wSEeoT9BqE0--21,correct,34,-98.02857932262123,9,-74.88776255957782
LvN9Dxq2iLY--12,correct,16,-51.956364288926125,4,-35.36209315061569
faZQNy4aErk--6,correct,14,-40.22285709530115,5,-30.432103343307972
WabgM-SmPzU_e1,correct,12,-45.04237059690058,4,-35.719182098284364
wmTrG799MAo--12,correct,17,-48.84951564669609,6,-17.581286191940308
i4j5Bj2NL1c--13,correct,14,-48.7920828218339,5,-41.3443024008302
nvfK4jQ7MH0--3,correct,22,-103.66650853306055,7,-94.00401593744755
ojYFIliNLGI--0,correct,23,-65.2257172964164,8,-45.87749396782601
HBQwzyxvkZA--203,correct,12,-49.43029073625803,6,-40.33664458990097
vZt56rnH8QQ--1,correct,11,-20.37969921529293,5,-19.41968059539795
NaXDBBT5pkw--17,correct,16,-52.78350070491433,5,-35.88720740377903
9bqfEh7BD3c--23,correct,20,-57.97555884812027,9,-32.78269224707037
eyqLkKS5Qkw--20,correct,12,-35.3342599272728,5,-29.18000566959381
vbq8QbOwOt4--14,correct,26,-88.29768340289593,13,-65.40629590302706
faZQNy4aErk--25,correct,13,-52.715774974785745,2,-47.574459329247475
s_8IbRRsr0Q--13,correct,12,-42.079421126283705,6,-30.369502272456884
lcBujGRLwE0--7,correct,25,-100.25732651166618,7,-66.05106673948467
CAzt5cxtSjQ--17,correct,15,-59.28846175968647,4,-32.41072699427605
m3Mmtpr-jjA--22,correct,9,-31.296299954876304,4,-25.30033653974533
9b0136913690-67,correct,8,-40.989807173609734,1,-9.816229820251465
HBQwzyxvkZA--34,correct,14,-62.9240695387125,5,-50.15642750263214
HBQwzyxvkZA--151,correct,15,-75.48595714569092,6,-66.12283296883106
ozS8Mx8AdH8--14,correct,25,-103.3352580089122,9,-80.62176533229649
AZ2s4Adm9RU--14,correct,14,-62.00897538661957,3,-36.58828477561474
KmW8f1GVTYY--48,correct,12,-62.1909039542079,6,-42.943610459566116
dPuKX_lM4Zc--103,correct,10,-32.195538967847824,3,-22.309210777282715
OEM3CR-HYmk--22,correct,16,-54.089946426451206,3,-36.9725561439991
lcBujGRLwE0--11,correct,28,-139.15675347484648,9,-122.06142792291939
d5Lx_5-UiHY--101,correct,8,-19.202953319996595,1,-7.461683988571167
vZt56rnH8QQ--8,correct,27,-97.15227440092713,12,-45.59433835092932
BO1ehFUMWEs--7,correct,18,-41.94170118123293,6,-28.461675375699997
HBQwzyxvkZA--99,correct,11,-24.629086460918188,5,-23.481247447431087
s_8IbRRsr0Q--22,correct,13,-52.10029290616512,5,-35.63004609942436
fvHtYcL913U--15,correct,13,-32.196940627880394,5,-12.619981851428747
sktRu3sp97g--2,correct,11,-45.154210928827524,6,-32.023521803319454
BO1ehFUMWEs--10,correct,27,-128.82376289740205,6,-100.41576400399208
lSLqIyupXrk--18,correct,23,-70.16423196718097,8,-49.52555638551712
xFEQrtosric--9,correct,9,-14.514993510209024,4,-11.161259293556213
ef52bca1a454-29,correct,10,-22.037077562883496,3,-13.465406699106097
q4RnudGCU18--28,correct,30,-157.95616926252842,14,-98.59277540445328
HBQwzyxvkZA--93,correct,15,-55.27209201455116,6,-33.93234306573868
ijrjSBx7WTc--51,correct,20,-31.158870548009872,7,-25.551271118223667
U5Tq9r7saZU--13,correct,33,-134.38470639992738,11,-120.59024918038631
d5Lx_5-UiHY--73,correct,11,-36.001959443092346,3,-16.63960886001587
s_8IbRRsr0Q--25,correct,19,-59.11769799888134,7,-35.93495315313339
LvN9Dxq2iLY--17,correct,13,-42.71423754841089,3,-26.31634010374546
lcBujGRLwE0--19,correct,31,-166.76248762756586,12,-127.74260932207108
9bqfEh7BD3c--18,correct,12,-31.072921201586723,4,-17.531290411949158
iwYL-ivQm6o--16,correct,20,-68.42534352838993,5,-38.24194699525833
myIXH3PjvoI--115,correct,16,-63.10639891028404,7,-43.32188791036606
gXa0qcoWrsQ--23,correct,23,-64.12541243620217,6,-34.75505578704178
hYNyIXYmoYs--0,correct,14,-68.76250073686242,5,-59.89605987071991
40BjLI5XtJE--1,correct,12,-52.14900369942188,5,-30.805854871869087
Zc2bgIDZ-Ks--28,correct,16,-29.327727891504765,6,-28.249364145100117
vbq8QbOwOt4--18,correct,21,-73.97141880821437,8,-34.26988774072379
fulQKWknVhw--25,correct,23,-75.9383670464158,7,-39.451569367200136
n12WICGyBJ4--17,correct,11,-71.13106727600098,5,-64.976243019104
OEM3CR-HYmk--8,correct,9,-38.458866745233536,3,-11.182829558849335
6OlSDCcwM10--0,correct,14,-29.025956355035305,4,-6.339665964245796
K4eNr2k2Lls--31,correct,18,-67.40684204921126,7,-40.49704414233565
8DmlFztO2XM--4,correct,22,-77.11408356949687,7,-55.88749806210399
gXa0qcoWrsQ--1,correct,29,-103.3699419144541,8,-84.2786095160991
6_yO8Lc8Hd4--18,correct,33,-92.40850919252262,7,-52.26806485792622
dPuKX_lM4Zc--81,correct,19,-63.19163015857339,6,-29.919556211680174
egjhIFJbR2I--1,correct,17,-42.57564651221037,5,-41.76502440869808
3vCea9zWFek--8,correct,15,-20.737795723602176,4,-11.639029560610652
2B2z46vgaAA--25,correct,9,-26.049540035426617,4,-22.602021165192127
QiGhWfjM2FI--29,correct,13,-59.34512136131525,6,-44.0997713804245
wefigjf46u4--7,correct,22,-72.9288632646203,9,-43.74986642599106
MYGqMojGwBE--188,correct,10,-29.778744658455253,4,-20.252937516197562
Kq5HfchSWv8--3,correct,10,-35.5840594349429,3,-16.396311208605766
5n_IGU5rYYk--31,correct,24,-91.91460874304175,11,-61.23247101530433
HBQwzyxvkZA--43,correct,13,-48.48719757795334,4,-21.760573610663414
7byz3fdI-Ss--10,correct,16,-41.363427355885506,5,-18.459519252181053
mjvqIq_fvRY--2,correct,20,-66.16098963934928,8,-36.91272647399455
Lt5GAA6MIuM--8,correct,19,-76.66428734362125,5,-42.5350116789341
uR-nzhB6D8g--11,correct,13,-42.96856316179037,5,-33.58921957015991
vyBaeFU8J_k--16,correct,25,-69.4749146355316,6,-24.86674244236201
myIXH3PjvoI--85,correct,21,-102.73564800899476,7,-76.0767372874543
gW1N-ttBBTo--2,correct,9,-25.59266559034586,2,-7.574878454208374
K4eNr2k2Lls--30,correct,29,-89.04783116281033,9,-73.19706366211176
s_8IbRRsr0Q--20,correct,21,-45.318291233852506,10,-43.862234339118004
rZG7T9ujMEo--13,correct,12,-40.94290448538959,4,-36.22856548242271
_IyhoG9jXuM--1,correct,17,-34.74995630653575,8,-25.4657637742348
6OlSDCcwM10--15,correct,18,-70.18620946072042,7,-60.13724653236568
OtlvzXZG_Uk_e1,correct,15,-68.69049775600433,4,-48.38583829253912
iwYL-ivQm6o--8,correct,9,-20.888667568564415,4,-11.177707806229591
Lt5GAA6MIuM--4,correct,25,-118.43865161389112,8,-85.8335862532258
mDUCHJerTtE--6,correct,23,-79.3311769515276,8,-64.36558227986097
BTqVQCBPUzg--107,correct,21,-91.12835304439068,8,-60.836629986763
80Cx4CH-AVI--17,correct,8,-19.049841221421957,6,-13.019564922899008
0Z5d6D2vBbc--11,correct,35,-192.65039639174938,13,-148.36985212936997
BTqVQCBPUzg--110,correct,8,-37.18887799978256,3,-27.78538203239441
lZarpnV0alw--14,correct,11,-54.50988637236878,4,-31.64597988128662
mjvqIq_fvRY--22,correct,20,-82.50611670129001,9,-52.416147058829665
g4GfKC7z-2M--7,correct,20,-87.53900983929634,7,-73.75503215193748
gp0w_zrLgfw--17,correct,29,-112.83173677395098,10,-71.07212890754454
UBnqDwRds3A--8,correct,25,-84.0377562334761,7,-45.16873302962631
MYGqMojGwBE--219,correct,10,-50.123621702194214,4,-28.272249221801758
809a3a5e02d1-116,correct,9,-18.28400120139122,3,-11.480391427874565
ckGC5hUffDU--5,correct,15,-37.80222803726792,5,-13.234395522624254
faZQNy4aErk--18,correct,23,-113.563570946455,7,-107.59357687830925
uYaUCNl1j10--8,correct,25,-88.8392910854891,10,-60.232471202500165
jN2lbHzIneI--4,correct,31,-150.18061033636332,10,-141.83307859301567
LvN9Dxq2iLY--86,correct,12,-88.06601309776306,2,-62.682828187942505
Zc2bgIDZ-Ks--85,correct,25,-89.23913045506924,6,-62.40956214349717
m3Mmtpr-jjA--38,correct,26,-101.97870613448322,11,-92.75132983922958
q4RnudGCU18--13,correct,26,-112.85945734381676,9,-74.75614474713802
aDwdB7xHAOE--5,correct,15,-47.380235366523266,4,-39.94401501864195
s_8IbRRsr0Q--8,correct,8,-30.000238463282585,2,-13.27926778793335
C-cgPb_N2dY--3,correct,12,-31.301167204976082,6,-22.5135128647089
sktRu3sp97g--11,correct,19,-60.419377729296684,7,-52.45715790987015
4DhGy83DK_s--13,correct,17,-47.83399456180632,5,-32.57405000925064
MYGqMojGwBE--182,correct,18,-99.40542155504227,7,-58.49809277057648
l9bZYazJQ1w--16,correct,12,-54.930118925869465,5,-28.786858558654785
Xmm9ZyMy12g--8,correct,16,-42.19559356570244,4,-36.31125862151384
C6CIPVno_yQ--20,correct,22,-101.42545992787927,9,-89.14107545558363
DF4fto_X1Y4--2,correct,14,-30.006511041894555,5,-23.997503163293004
HBQwzyxvkZA--100,correct,12,-23.410674042068422,2,-2.643561914563179
dkavvNigK7s--30,correct,14,-41.678258057683706,6,-39.63548829779029
4DhGy83DK_s--35,correct,28,-79.049009177892,6,-32.8763156561763
ZVE_KjrY_po--8,correct,23,-79.84531485661864,9,-54.341871332377195
lPzmjeJmsXo--14,correct,27,-112.9448074400425,10,-82.77706080675125
d5Lx_5-UiHY--36,correct,12,-45.89854770898819,4,-19.959004998207092
xFEQrtosric--2,correct,26,-115.54232627898455,9,-105.59596160054207
MYGqMojGwBE--215,correct,15,-48.00107795000076,6,-19.11342418193817
6_yO8Lc8Hd4--6,correct,29,-98.85600001458079,10,-78.8784313434735
vbq8QbOwOt4--1,correct,16,-36.115496069192886,6,-13.393520049750805
5n_IGU5rYYk--2,correct,20,-51.952340580523014,8,-42.127406522631645
ZMsnY_khlNQ--15,correct,9,-21.00477559119463,2,-5.675228774547577
myIXH3PjvoI--4,correct,14,-30.409409634768963,6,-14.629140987992287
q4RnudGCU18--26,correct,28,-100.76975263282657,10,-81.44903786107898
HBQwzyxvkZA--165,correct,12,-36.74761482095346,4,-34.15185480332002
o9DARfrZg2o--1,correct,21,-68.69142178818583,8,-48.09620116651058
uR-nzhB6D8g--1,correct,16,-31.92223099246621,6,-14.007363423705101
RIwfym39VVM_e3,correct,21,-96.454867888242,6,-60.811027869582176
wwpptVjgAws--0,correct,29,-42.801976170856506,13,-36.317705212626606
9b0136913690-52,correct,14,-66.14932142198086,3,-31.753020137548447
Lt5GAA6MIuM--17,correct,22,-92.48041198030114,10,-68.64950223267078
klepEQSaeIk--1,correct,36,-126.16674134717323,11,-80.45376032055356
Lt5GAA6MIuM--28,correct,13,-38.26734080258757,4,-24.11040146742016
ef52bca1a454-8,correct,13,-46.40122605860233,6,-27.100361227989197
jLwvQ4URDFY--14,correct,34,-114.62729431258049,10,-88.72701703326311
LvN9Dxq2iLY--82,correct,14,-66.18076005578041,4,-35.93899789452553
iwYL-ivQm6o--11,correct,14,-45.841752640902996,4,-24.61299467086792
9b0136913690-59,correct,16,-80.88994699716568,4,-74.6386656165123
KmW8f1GVTYY--33,correct,13,-60.30988931655884,5,-52.29150605201721
NDYHcIF50eE--11,correct,20,-67.51816245540977,3,-42.66623942926526
MYGqMojGwBE--279,correct,9,-28.276285869069397,5,-26.985140007920563
tDrI-9pSul0--10,correct,29,-197.05003936961293,10,-180.38314080238342
5n_IGU5rYYk--32,correct,31,-105.18352955020964,7,-32.39135399647057
ijrjSBx7WTc--23,correct,26,-99.06180673837662,9,-67.45893204212189
a8zp7ivHwBU--4,correct,18,-45.967403246089816,6,-39.68208780884743
9bqfEh7BD3c--24,correct,18,-71.90342298150063,5,-55.66175968199968
U5Tq9r7saZU--29,correct,21,-76.85046069696546,11,-61.335180316120386
wSEeoT9BqE0--14,correct,27,-95.05759666115046,8,-83.33010775595903
QiGhWfjM2FI--9,correct,24,-49.180067801848054,11,-38.479476222768426
809a3a5e02d1-64,correct,14,-69.99008986726403,4,-52.31302535533905
ckGC5hUffDU--6,correct,26,-95.95674634724855,6,-67.79887576773763
o44YnPMhwPU--36,correct,22,-42.43323639500886,11,-38.56982230115682
HBQwzyxvkZA--193,correct,9,-26.345088677480817,4,-20.85762416012585
Kq5HfchSWv8--36,correct,16,-42.14518580120057,4,-24.019783680327237
ZCBew8Fv0qA--3,correct,13,-38.71411782409996,3,-22.548630378209054
91GVHgxW8RA--33,correct,22,-58.12590555101633,6,-18.19669620320201
MYGqMojGwBE--211,correct,13,-70.51273107528687,7,-41.51607584953308
hgaKby5Mha4--28,correct,25,-114.2751531843096,8,-61.92897290177643
-X_zmve1y00--1,correct,12,-23.883968494832516,3,-10.259911216795444
hgaKby5Mha4--1,correct,23,-72.14468028023839,8,-56.650427002459764
BO1ehFUMWEs--1,correct,21,-100.31032761186361,6,-86.61478568613529
OEM3CR-HYmk--3,correct,12,-54.74855136871338,3,-30.51653265953064
R6_v5nqXuGg--5,correct,18,-52.02008325792849,6,-34.88154465891421
rZG7T9ujMEo--2,correct,14,-70.6301825940609,6,-60.26644119620323
HBQwzyxvkZA--143,correct,9,-21.873982571065426,4,-20.568721123039722
HBQwzyxvkZA--319,correct,22,-115.68935878574848,7,-84.34413032233715
3vCea9zWFek--39,correct,23,-73.24694623053074,9,-42.40872065722942
tDrI-9pSul0--11,correct,12,-61.76149308681488,6,-47.82318288087845
kxz4AA9lNmY_e4,correct,17,-69.69283873587847,4,-60.033472053706646
zu_bd3r2GIA--28,correct,14,-68.56612564623356,5,-59.29730714857578
Xmm9ZyMy12g--13,correct,22,-78.79901899024844,6,-65.50105402991176
NTc0m4Q1-xU--0,correct,17,-44.336477836593986,7,-34.31713276356459
9xc24mAlprE--14,correct,23,-63.34182361885905,9,-42.35091344639659
Rc99bcSdhak--5,correct,37,-123.43887777812779,11,-87.17971818894148
HBQwzyxvkZA--286,correct,24,-100.68859890848398,10,-76.63779509812593
Zc2bgIDZ-Ks--79,correct,15,-38.281689499970526,4,-20.427677360828966
wefigjf46u4--10,correct,8,-33.731839656829834,2,-17.676132798194885
wSEeoT9BqE0--2,correct,20,-33.338206466054544,7,-28.330476570641622
o9DARfrZg2o--0,correct,21,-52.425736935809255,7,-43.6169477570802
DP1ly_MsHHQ--15,correct,30,-98.14989051688462,7,-65.10564571339637
C-cgPb_N2dY--16,correct,21,-65.35758264642209,7,-37.29632360022515
6U9AFGakrn0--5,correct,14,-22.076895870268345,4,-10.074290931224823
0kldzhToGLc--15,correct,10,-14.762581512331963,3,-5.770461395382881
oyWhLo5brto--1,correct,21,-59.79735398013145,9,-32.59036743361503
bqE5C2tmc9c--13,correct,14,-39.80352180451155,6,-28.394274085760117
ijrjSBx7WTc--32,correct,21,-38.915755569934845,7,-29.701693907380104
MYGqMojGwBE--149,correct,17,-64.70880216732621,3,-34.58074909821153
n12WICGyBJ4--43,correct,17,-51.8170275175944,6,-51.11470791697502
Zc2bgIDZ-Ks--43,correct,19,-74.54763608425856,4,-31.79147832840681
IjeHLt1vNoM--9,correct,20,-93.2494274303317,6,-56.85132193565369
rYcw__0tDhw--1,correct,33,-81.21407750900835,8,-55.42167333420366
Sqa3ig2NN9Q--4,correct,14,-52.778508722782135,5,-39.49216252565384
IjeHLt1vNoM--17,correct,15,-48.51771828532219,5,-28.263757474720478
9b0136913690-70,correct,12,-45.52691012620926,3,-33.037551403045654
Kq5HfchSWv8--28,correct,15,-22.78530024806969,4,-15.947547773830593
ojYFIliNLGI--9,correct,16,-41.516519993543625,6,-23.465943589806557
m3Mmtpr-jjA--30,correct,23,-65.69977151975036,9,-50.98076082393527
6u-ZspWSpwE--14,correct,17,-64.24969833367504,6,-42.8629995661322
HBQwzyxvkZA--111,correct,13,-54.86247244477272,5,-39.32335138320923
xFJw5GMtlCk--4,correct,8,-24.980081126093864,1,-1.7929661870002747
U5Tq9r7saZU--18,correct,18,-54.9945578686893,5,-40.69680583104491
QiJgNpX3zN0--17,correct,11,-53.00600525736809,4,-38.07028265297413
9bqfEh7BD3c--9,correct,19,-56.64795162901282,7,-38.51902302727103
5n_IGU5rYYk--17,correct,31,-102.58694158238359,11,-63.086970252217725
kES_ZNjFKz8--18,correct,12,-27.72296867519617,4,-12.207694046199322
nvfK4jQ7MH0--19,correct,12,-34.18325502239168,3,-15.5506377723068
LvN9Dxq2iLY--71,correct,26,-66.97719425614923,6,-32.03337714727968
aDwdB7xHAOE--8,correct,19,-76.71422357764095,9,-56.198057933710515
HBQwzyxvkZA--1,correct,10,-28.022845149040222,2,-10.767468392848969
gW1N-ttBBTo--6,correct,30,-113.83043109998107,9,-90.81547741219401
ef52bca1a454-57,correct,17,-41.1212275326252,5,-18.101385593414307
_r1S90f_nsM--13,correct,13,-46.204550974071026,4,-16.150426596403122
Xmm9ZyMy12g--12,correct,16,-41.61347923986614,3,-26.328625947237015
fulQKWknVhw--29,correct,34,-135.88681400194764,12,-117.08783922344446
BTqVQCBPUzg--116,correct,10,-56.33468935987912,2,-27.48599801561795
Zc2bgIDZ-Ks--9,correct,16,-21.66883833974134,4,-9.250805984134786
eBj_HUu0CNw--22,correct,13,-47.60791980288923,5,-30.13824080489576
K4eNr2k2Lls--33,correct,29,-125.71526646241546,10,-108.97074860706925
jMdxYlvrkbk--10,correct,24,-97.08099462091923,9,-77.55566395819187
jLwvQ4URDFY--3,correct,28,-103.09568518772721,14,-82.71474238112569
R6_v5nqXuGg--14,correct,18,-93.31323039531708,7,-78.08309909701347
Sqa3ig2NN9Q--25,correct,20,-91.18016855418682,3,-61.365458473563194
gW1N-ttBBTo--10,correct,37,-135.55366055341437,12,-103.74192857416347
cw1YIV30nQM--20,correct,21,-75.31750915944576,7,-51.920084938406944
BESRE5mtipE--1,correct,20,-70.40637678280473,5,-53.753680262714624
KHL0wkbu0-s--8,correct,24,-93.41937122493982,9,-67.31757682561874
eGkBCS1t9-E--20,correct,22,-70.81569167971611,5,-55.701578073203564
EIwWHTO5rZw--14,correct,13,-31.1320521235466,4,-12.47093677520752
eBj_HUu0CNw--24,correct,17,-59.86955534666777,6,-38.21766532957554
gXa0qcoWrsQ--12,correct,21,-84.69424595218152,6,-60.790333214215934
80Cx4CH-AVI--8,correct,21,-109.9488989263773,6,-84.4479193687439
ckGC5hUffDU--2,correct,19,-75.43608016520739,5,-74.86375150084496
K5lgB4YzOO0--6,correct,19,-46.648954099509865,5,-32.972167572472245
-X_zmve1y00--12,correct,18,-54.31809047982097,8,-41.21300082653761
xFEQrtosric--7,correct,25,-76.9464980927296,10,-71.24609488295391
HBQwzyxvkZA--121,correct,22,-82.88774009048939,7,-55.6375090777874
bOZ_Lap5FNA--11,correct,19,-64.94066812843084,9,-35.37007537484169
rYcw__0tDhw--2,correct,21,-72.85327541828156,8,-52.06148147396743
xFJw5GMtlCk--10,correct,24,-55.94859636062756,7,-36.841540083289146
9b0136913690-106,correct,8,-24.349422924220562,3,-14.452745266258717
rZG7T9ujMEo--21,correct,9,-32.392717599868774,2,-12.790753364562988
mXq8axygjdE--51,correct,36,-29.31789681641385,15,-16.707733172457665
m-w_78fDg9M--18,correct,17,-54.60013745352626,4,-29.809021528810263
XcXCB---N9M--3,correct,20,-93.05187902972102,6,-61.40522360429168
K4eNr2k2Lls--2,correct,16,-36.60506795439869,6,-29.255135566927493
BTqVQCBPUzg--154,correct,8,-25.04655434936285,3,-20.279706433415413
Zc2bgIDZ-Ks--60,correct,17,-15.735770086292177,6,-8.310988558921963
gW1N-ttBBTo--7,correct,28,-146.26697335205972,10,-128.53612569533288
0bk98uIiTS8--32,correct,30,-98.3604477159679,12,-82.70002580806613
BTqVQCBPUzg--148,correct,12,-57.28567480575293,6,-40.915532316081226
lAFiWmUUHOg--25,correct,27,-80.8746428177692,6,-55.62568021425977
bGqx2eKgdB0_e4,correct,10,-44.848757050931454,3,-37.18113136291504
ZVE_KjrY_po--21,correct,8,-37.85308241844177,2,-23.85010528564453
BTqVQCBPUzg--34,correct,13,-55.883516527712345,4,-45.12110947817564
XcXCB---N9M--20,correct,30,-143.79510683380067,8,-96.1134885456413
o9DARfrZg2o--9,correct,13,-19.845172088826075,3,-4.990756630897522
HBQwzyxvkZA--228,correct,13,-50.44942135736346,4,-40.23964899033308
80Cx4CH-AVI--2,correct,29,-96.72073686122894,11,-79.7219999730587
Zc2bgIDZ-Ks--12,correct,11,-28.58604020625353,3,-2.655728802084923
vbq8QbOwOt4--7,correct,17,-38.02645468711853,6,-24.740887735038996
HBQwzyxvkZA--291,correct,31,-130.3372027091682,9,-91.48734479025006
i4j5Bj2NL1c--9,correct,19,-81.89809750765562,6,-58.0816638097167
5QMD024bDYs--8,correct,21,-70.43582881987095,6,-55.92749547958374
faZQNy4aErk--44,correct,24,-132.2714268192649,9,-115.14096853882074
oPITLi0VKh8--18,correct,13,-41.56145587190986,5,-24.63119636103511
Xmm9ZyMy12g--14,correct,16,-33.543112970888615,5,-17.19521129131317
-X_zmve1y00--29,correct,11,-41.296936311759055,4,-38.32907728198916
HBQwzyxvkZA--278,correct,12,-56.88407927751541,5,-36.24069118499756
OEM3CR-HYmk--2,correct,13,-55.02372471243143,4,-47.10857395082712
1xJ_dkBcAIU--20,correct,20,-76.25832412019372,6,-59.529518727213144
IoifXQnhN4E--5,correct,9,-36.61163004487753,5,-28.918921552598476
jMdxYlvrkbk--6,correct,15,-78.03257670998573,5,-41.50661754608154
q4RnudGCU18--5,correct,22,-77.97972731664777,6,-57.59038120135665
lcBujGRLwE0--30,correct,25,-93.16735153179616,9,-59.085213765501976
egjhIFJbR2I--8,correct,16,-51.80089524388313,5,-30.9335927516222
oAhfJ8yB1j0--5,correct,27,-86.18266964331269,10,-77.89417869225144
klepEQSaeIk--15,correct,11,-20.15704621374607,6,-10.812444135546684
Rc99bcSdhak--27,correct,30,-130.0869355071336,10,-85.90372955985367
iwYL-ivQm6o--3,correct,29,-107.61116033792496,9,-74.3707986176014
MYGqMojGwBE--248,correct,24,-85.82322306931019,8,-56.02186584472656
mjvqIq_fvRY--12,correct,23,-84.09719453006983,6,-62.97390807420015
s_8IbRRsr0Q--1,correct,28,-104.34963135421276,8,-62.808622911572456
6OlSDCcwM10--2,correct,7,-16.356351256370544,2,-8.251309379935265
m3Mmtpr-jjA--44,correct,24,-93.16273406799883,6,-57.9610084136948
9b0136913690-31,correct,17,-65.20277821272612,5,-33.87335757911205
HBQwzyxvkZA--207,correct,13,-41.972258634865284,4,-28.307628393173218
Nv3WLYio7Lc--9,correct,17,-66.0528527572751,5,-47.31555474549532
Nv3WLYio7Lc--14,correct,11,-37.47144671715796,5,-25.01397837139666
hYNyIXYmoYs--2,correct,19,-34.72644680459052,8,-19.648424801416695
ef52bca1a454-69,correct,9,-29.16844718158245,3,-12.096303939819336
HBQwzyxvkZA--90,correct,11,-53.22593468427658,4,-31.609998166561127
C6CIPVno_yQ--21,correct,22,-91.62453623767942,8,-71.20153056737036
LvN9Dxq2iLY--26,correct,22,-162.78841830044985,7,-156.8297097682953
HBQwzyxvkZA--318,correct,18,-83.76451449468732,8,-67.92613189294934
zu_bd3r2GIA--30,correct,18,-66.17176133394241,7,-46.49265669286251
oAhfJ8yB1j0--3,correct,23,-97.33034813776612,6,-89.91091985628009
5n_IGU5rYYk--6,correct,17,-43.10826342366636,6,-24.409342050552368
nvfK4jQ7MH0--27,correct,17,-59.97492851968855,7,-52.60646366234869
kytITkHoyls--15,correct,21,-68.47569741867483,5,-41.21443480812013
dPuKX_lM4Zc--120,correct,31,-166.08325294218957,13,-93.29916342906654
5n_IGU5rYYk--3,correct,21,-60.06053156865528,7,-48.65492780221393
dPuKX_lM4Zc--129,correct,23,-108.2428173571825,9,-63.08633057773113
9xc24mAlprE--26,correct,18,-76.312645457685,5,-69.22068982571363
oyWhLo5brto--5,correct,21,-50.807341769337654,5,-26.48515774309635
ojYFIliNLGI--16,correct,37,-151.4159512910992,13,-127.98252363689244
LvN9Dxq2iLY--124,correct,18,-82.62099453806877,4,-39.906201645731926
lcBujGRLwE0--4,correct,34,-101.61396108241752,12,-82.30214928137138
wwpptVjgAws--7,correct,39,-201.9352454226464,10,-165.2991694714874
Kq5HfchSWv8--18,correct,16,-34.252555335871875,4,-25.871731027960777
mjvqIq_fvRY--6,correct,27,-91.73626227676868,10,-74.8123809248209
Nv3WLYio7Lc--13,correct,30,-93.69190438836813,7,-48.08424565196037
6_yO8Lc8Hd4--7,correct,14,-37.32972913980484,6,-34.95573890209198
0Z5d6D2vBbc--6,correct,17,-58.00074888020754,8,-37.17750662565231
80Cx4CH-AVI--11,correct,28,-111.7628500694409,9,-62.18126153293997
xFJw5GMtlCk--5,correct,24,-64.21562177687883,10,-19.666020199656487
9b0136913690-80,correct,17,-72.42292848229408,4,-26.71222686767578
AVb1VABiJJ8--9,correct,19,-74.85288483835757,7,-34.91971559263766
xFEQrtosric--4,correct,14,-31.70728839887306,4,-22.803906065877527
iGdg-iGlUFg--2,correct,42,-197.9940441455692,12,-141.02805682830513
wUH1dDbu9B4--26,correct,23,-119.44968762993813,6,-115.7142534032464
LvN9Dxq2iLY--101,correct,14,-71.49257220327854,4,-48.738882541656494
HBQwzyxvkZA--67,correct,9,-20.795558650046587,2,-7.069185134023428
QiGhWfjM2FI--1,correct,19,-73.03439304232597,9,-51.14351440221071
LvN9Dxq2iLY--168,correct,9,-19.138312235474586,4,-10.927945226430893
MYGqMojGwBE--2,correct,18,-75.10417817905545,8,-47.51143806055188
mjvqIq_fvRY--18,correct,14,-58.077339821495116,7,-44.630063825286925
m-w_78fDg9M--3,correct,17,-90.01117068529129,7,-70.21255360543728
8E-llRXuhl0--22,correct,20,-70.5081021990627,7,-60.474904185160995
lPzmjeJmsXo--2,correct,32,-88.19721405627206,13,-66.941034339834
rYcw__0tDhw--10,correct,22,-97.72019215486944,6,-58.50866955332458
mXq8axygjdE--62,correct,9,-35.035256415605545,3,-20.28031937777996
AZ2s4Adm9RU--1,correct,28,-72.55008202046156,7,-12.239293418824673
CRJSZ2e7BU0--4,correct,25,-87.59822782874107,10,-59.49268659949303
HBQwzyxvkZA--272,correct,14,-85.44115781784058,5,-51.43252491950989
kES_ZNjFKz8--16,correct,21,-83.55958274216391,8,-73.53594996989705
MYGqMojGwBE--206,correct,13,-53.8799549639225,6,-40.029193341732025
glNqZ8w4iy8--5,correct,11,-22.80259663425386,3,-14.602450044825673
Rblg5TE6TI0--30,correct,34,-137.361597687006,12,-84.79236371070147
809a3a5e02d1-77,correct,11,-54.86735591292381,4,-45.29247510433197
lSLqIyupXrk--5,correct,17,-90.50115107744932,7,-80.68994264118373
eabe1f38221a-48,correct,10,-26.870599208399653,3,-20.72899505496025
jLwvQ4URDFY--5,correct,11,-31.698546037077904,4,-24.721885561943054
m3Mmtpr-jjA--2,correct,11,-42.463133692741394,4,-38.60671478509903
HBQwzyxvkZA--155,correct,22,-75.14806735515594,7,-55.58666046708822
K5lgB4YzOO0--12,correct,15,-48.23656619526446,6,-39.722363866865635
Rblg5TE6TI0--1,correct,23,-61.378366246819496,7,-30.39627880603075
dkavvNigK7s--27,correct,27,-116.63588668964803,12,-99.48212509043515
NaXDBBT5pkw--3,correct,11,-12.644397307187319,4,-6.282342404127121
LvN9Dxq2iLY--164,correct,20,-65.10713432729244,8,-44.71512001007795
vZt56rnH8QQ--3,correct,11,-35.24365988560021,5,-33.1851848680526
mXq8axygjdE--67,correct,12,-46.540538341738284,4,-24.898198113776743
7byz3fdI-Ss--7,correct,18,-28.662446212023497,7,-20.980573888868093
dkavvNigK7s--9,correct,17,-68.04222445189953,6,-57.48022001981735
g4GfKC7z-2M--9,correct,19,-75.53006514161825,5,-68.63077522069216
6OlSDCcwM10--20,correct,16,-51.483729265630245,8,-42.76562421023846
KI0avgGkWiU--1,correct,23,-87.01725693047047,7,-54.56700163334608
iwYL-ivQm6o--0,correct,7,-2.3022668659687042,3,-1.1182326823472977
OEM3CR-HYmk--19,correct,18,-66.41427429020405,4,-55.092215567827225
6OlSDCcwM10--11,correct,17,-37.84206406399608,11,-31.829237308353186
e4rWudmfrfY--0,correct,9,-21.248925909399986,1,-1.5716853141784668
o44YnPMhwPU--1,correct,11,-8.010300051886588,3,-5.598842692095786
l9bZYazJQ1w--7,wrong_length,20,-98.99367658700794,7,-54.53458364959806
9b0136913690-114,wrong_length,19,-100.27275624126196,5,-64.82551725953817
ZMsnY_khlNQ--12,wrong_length,21,-98.31871837750077,7,-59.3541196025908
809a3a5e02d1-67,wrong_length,12,-72.03337743878365,4,-61.72192597389221
DP1ly_MsHHQ--36,wrong_length,18,-97.6532116215676,7,-58.84151887893677
dPuKX_lM4Zc--118,wrong_length,31,-188.07450246810913,13,-131.40741435438395
wwpptVjgAws--20,wrong_length,40,-214.18059456162155,13,-151.24516722746193
48couwymlMM--18,wrong_length,19,-118.15638282522559,8,-85.41140378639102
809a3a5e02d1-108,wrong_length,11,-50.20222532749176,4,-38.03154528141022
4DhGy83DK_s--30,wrong_length,13,-68.25129653513432,5,-50.23237895965576
rZG7T9ujMEo--0,wrong_length,28,-151.14370990172029,13,-109.91341705992818
7byz3fdI-Ss--0,wrong_length,15,-70.01008374989033,6,-50.707842230796814
eabe1f38221a-18,wrong_length,31,-182.30543738789856,9,-95.00774643011391
0kldzhToGLc--6,wrong_length,22,-139.3112760707736,8,-102.76228553056717
pMbMjjSj1fM--17,wrong_length,18,-95.5344305112958,10,-80.78825759887695
MYGqMojGwBE--267,wrong_length,17,-93.00880292057991,3,-35.329479932785034
C-cgPb_N2dY--9,wrong_length,12,-41.63380845822394,3,-30.587821209803224
ef52bca1a454-22,wrong_length,12,-78.77535659074783,4,-55.544119000434875
fulQKWknVhw--7,wrong_length,19,-51.534383999183774,7,-43.726123133674264
ijrjSBx7WTc--84,wrong_length,8,-38.22366761043668,1,-7.4091691970825195
oAhfJ8yB1j0--10,wrong_length,10,-50.620535582304,2,-27.160135090351105
Zc2bgIDZ-Ks--72,wrong_length,12,-85.60261255502701,3,-37.314526081085205
mjvqIq_fvRY--11,wrong_length,19,-96.11172160692513,7,-77.99869095347822
IoifXQnhN4E--4,wrong_length,24,-94.54189319908619,8,-70.051848590374
HBQwzyxvkZA--276,wrong_length,20,-103.5889371111989,6,-86.52478510141373
o44YnPMhwPU--12,wrong_length,15,-95.47782265767455,5,-68.6382663808763
myIXH3PjvoI--76,wrong_length,13,-68.59850499033928,4,-33.40954414010048
faZQNy4aErk--15,wrong_length,23,-119.69425187259912,7,-57.188181944191456
Rc99bcSdhak--0,wrong_length,21,-108.98221472650766,7,-62.48108223825693
0kldzhToGLc--2,wrong_length,14,-91.24892660602927,6,-64.81746333837509
5n_IGU5rYYk--30,wrong_length,22,-98.75636240839958,7,-69.79565036296844
myIXH3PjvoI--89,wrong_length,19,-116.01936346292496,7,-77.19226132333279
S9ymb66ZqqY--9,wrong_length,25,-158.10744574293494,12,-111.96505242213607
dPuKX_lM4Zc--54,wrong_length,19,-94.33938816189766,6,-69.25790879875422
oPITLi0VKh8--10,wrong_length,16,-66.76533041335642,6,-58.696591475978494
17OIKvJmrK8--4,wrong_length,13,-81.43939593434334,6,-67.87904542684555
yb7efY9x78U--12,wrong_length,23,-130.66759407520294,5,-49.524967938661575
zu_bd3r2GIA--9,wrong_length,12,-47.93350504338741,6,-41.27401401847601
eabe1f38221a-5,wrong_length,29,-164.4248746484518,8,-76.80911982059479
QiGhWfjM2FI--31,wrong_length,24,-130.96695043053478,10,-106.00137191917747
fvHtYcL913U--3,wrong_length,11,-46.18064400553703,3,-19.536521911621094
sktRu3sp97g--4,wrong_length,20,-95.66275810729712,5,-45.775019648484886
BTqVQCBPUzg--97,wrong_length,10,-33.28074772655964,4,-31.802251994609833
hYNyIXYmoYs--17,wrong_length,24,-117.79801592230797,12,-100.10011089593172
3Pk2c_Z4ahk--1,wrong_length,9,-56.91078731417656,3,-31.9973563849926
9xc24mAlprE--1,wrong_length,16,-62.94489745050669,4,-40.877942837774754
ZMsnY_khlNQ--7,wrong_length,21,-113.61183831375092,8,-56.20506307762116
fulQKWknVhw--42,wrong_length,22,-104.24277501553297,7,-65.44628489017487
W4YzurwHpfw--6,wrong_length,14,-80.37142135202885,6,-78.54980352520943
glNqZ8w4iy8--9,wrong_length,25,-149.06823042035103,10,-84.1647641658783
o44YnPMhwPU--25,wrong_length,18,-90.56776377244387,5,-52.36116029007826
UBnqDwRds3A--2,wrong_length,13,-70.13781375437975,6,-53.83487766981125
wmTrG799MAo--19,wrong_length,13,-73.37216284498572,6,-53.985356092453
lPzmjeJmsXo--13,wrong_length,20,-102.64770381897688,9,-99.30450015515089
ZCBew8Fv0qA--12,wrong_length,12,-72.37630036100745,5,-48.570918798446655
39at7Lxu6Yo--19,wrong_length,34,-135.14683485031128,13,-104.73132931813598
EIwWHTO5rZw--8,wrong_length,26,-142.238874707371,9,-123.42697145789862
MYGqMojGwBE--116,wrong_length,20,-116.36764140427113,7,-82.10827612876892
BTqVQCBPUzg--47,wrong_length,10,-36.867002964019775,4,-25.72891926765442
myIXH3PjvoI--93,wrong_length,8,-36.857731990516186,4,-29.367632269859314
bU_v22EtHIU--1,wrong_length,23,-92.53425061702728,6,-73.4816567748785
uR-nzhB6D8g--2,wrong_length,15,-84.40501133352518,6,-68.8091204315424
OEM3CR-HYmk--15,wrong_length,24,-111.44081952422857,7,-64.17655231803656
uR-nzhB6D8g--3,wrong_length,18,-112.38264101743698,9,-86.97149500250816
NaXDBBT5pkw--6,wrong_length,9,-49.631299167871475,4,-25.763819694519043
wefigjf46u4--2,wrong_length,14,-64.14343842864037,7,-53.32868480682373
MYGqMojGwBE--30,wrong_length,19,-72.6447794623673,4,-30.833569835871458
fYxijWb0b_s--9,wrong_length,17,-83.67444185167551,9,-64.32814037799835
Rc99bcSdhak--16,wrong_length,15,-78.64797491580248,3,-29.436594150960445
_IyhoG9jXuM--15,wrong_length,25,-143.6610911488533,7,-66.60680088400841
uYaUCNl1j10--12,wrong_length,22,-100.83458890067413,8,-75.65121254371479
o9DARfrZg2o--16,wrong_length,14,-67.45511583983898,5,-39.09754757583141
MYGqMojGwBE--42,wrong_length,19,-100.12900083139539,7,-71.1392305009067
ixXF2UGOyoU--5,wrong_length,9,-42.801957815885544,3,-25.526989817619324
BESRE5mtipE--0,wrong_length,21,-72.39994095638394,8,-68.10712202265859
8DmlFztO2XM--2,wrong_length,25,-111.39194437721744,6,-97.98811659077182
jLwvQ4URDFY--1,wrong_length,43,-231.35523726418614,14,-189.77090354636312
5QMD024bDYs--15,wrong_length,19,-90.61234905570745,7,-56.38735932856798
jLwvQ4URDFY--31,wrong_length,33,-141.55933393444866,12,-118.12278531398624
aDwdB7xHAOE--1,wrong_length,28,-155.3478649687022,10,-101.04659359715879
wSEeoT9BqE0--13,wrong_length,11,-45.82947563380003,4,-31.66306781768799
d5Lx_5-UiHY--41,wrong_length,11,-57.36180687695742,5,-53.07905864715576
BTqVQCBPUzg--18,wrong_length,9,-57.51421630382538,4,-52.16884803771973
faZQNy4aErk--62,wrong_length,12,-49.11337116546929,4,-36.08829699642956
LvN9Dxq2iLY--88,wrong_length,10,-55.41801857948303,1,-16.147050142288208
HBQwzyxvkZA--256,wrong_length,19,-68.70861339941621,6,-58.55889867991209
xFEQrtosric--18,wrong_length,19,-65.46332576638088,5,-49.15073957806453
KmW8f1GVTYY--40,wrong_length,27,-129.85813668277115,10,-85.65959193184972
nXA9Qpj2z7E--6,wrong_length,12,-43.837027080357075,3,-27.093695610761642
kytITkHoyls--7,wrong_length,39,-168.6843305118382,12,-147.15873597189784
ef52bca1a454-6,wrong_length,15,-70.6325546503067,5,-59.86416399478912
iwYL-ivQm6o--19,wrong_length,14,-83.57924871146679,5,-34.67541046440601
9b0136913690-41,wrong_length,17,-84.32080858200788,7,-60.858413986861706
K4eNr2k2Lls--1,wrong_length,29,-126.34646876901388,8,-103.52404131740332
pMbMjjSj1fM--28,wrong_length,11,-36.939816609025,3,-31.916459634900093
MYGqMojGwBE--161,wrong_length,18,-75.86945325881243,6,-42.553433790802956
mXq8axygjdE--32,wrong_length,24,-91.12695025000721,6,-62.933607743121684
4vfboqjtAXo_d,wrong_length,18,-112.68340802937746,5,-55.60506981611252
HBQwzyxvkZA--261,wrong_length,20,-111.11624592542648,5,-61.63217616081238
CAzt5cxtSjQ--23,wrong_length,10,-57.15102484822273,6,-52.77445471286774
d5Lx_5-UiHY--51,wrong_length,15,-82.95264171808958,5,-45.71629214286804
klepEQSaeIk--9,wrong_length,18,-80.69825434312224,5,-55.90776439383626
48couwymlMM--10,wrong_length,16,-83.82357300445437,4,-78.55043436214328
K4eNr2k2Lls--0,wrong_length,11,-56.24701979756355,5,-48.645369470119476
zu_bd3r2GIA--16,wrong_length,23,-108.4945717677474,8,-77.48599123954773
ef52bca1a454-76,wrong_length,11,-56.135351814329624,4,-35.1562227755785
ixXF2UGOyoU--2,wrong_length,14,-85.55639135837555,5,-52.58123731613159
o44YnPMhwPU--37,wrong_length,17,-86.11067601293325,7,-50.79924010485411
CRJSZ2e7BU0--12,wrong_length,22,-92.27054120227695,7,-70.7147343531251
91GVHgxW8RA--2,wrong_length,8,-30.74030702933669,3,-23.511893272399902
gXa0qcoWrsQ--7,wrong_length,22,-102.6093596983701,9,-89.18470202572644
m3Mmtpr-jjA--42,wrong_length,20,-100.09193532168865,6,-55.70192989706993
lcBujGRLwE0--29,wrong_length,35,-167.6975025208667,13,-132.536205467768
MYGqMojGwBE--205,wrong_length,23,-120.13972117006779,7,-58.501755356788635
d5Lx_5-UiHY--22,wrong_length,24,-104.5085413493216,7,-60.05790147557855
9b0136913690-89,wrong_length,12,-53.69191209971905,2,-37.19702064990997
8E-llRXuhl0--5,wrong_length,24,-132.72203189134598,6,-87.85068789124489
iGdg-iGlUFg--11,wrong_length,18,-98.24226878210902,7,-83.39549658820033
jMdxYlvrkbk--9,wrong_length,20,-110.84101557731628,8,-75.13854837417603
vbq8QbOwOt4--15,wrong_length,11,-43.2613111436367,3,-24.586369037628174
m3Mmtpr-jjA--8,wrong_length,10,-59.88238634169102,3,-36.92663085460663
o44YnPMhwPU--11,wrong_length,10,-58.38937494903803,5,-39.50525498390198
o9DARfrZg2o--12,wrong_length,12,-51.03847034275532,3,-42.11072611808777
rYcw__0tDhw--9,wrong_length,20,-111.05891312658787,5,-69.40041981637478
eabe1f38221a-51,wrong_length,10,-61.07429149746895,3,-46.41050499677658
HBQwzyxvkZA--116,wrong_length,8,-46.92503786087036,3,-32.827327728271484
LvN9Dxq2iLY--139,wrong_length,7,-33.536136627197266,2,-21.89122200012207
8w6k4jEJJlU--19,wrong_length,24,-117.41166771948338,9,-75.10912728309631
Kq5HfchSWv8--7,wrong_length,14,-55.42144360020757,4,-42.38533993437886
NDYHcIF50eE--2,wrong_length,16,-77.83784420788288,4,-50.10459618270397
809a3a5e02d1-65,wrong_length,8,-54.55402846634388,2,-19.70628070831299
AVb1VABiJJ8--18,wrong_length,12,-88.46372710168362,7,-77.62053779512644
HBQwzyxvkZA--265,wrong_length,16,-105.91178915649652,5,-60.774752616882324
ijrjSBx7WTc--59,wrong_length,9,-26.97316873073578,3,-23.29268941283226
IjeHLt1vNoM--13,wrong_length,20,-125.62779043614864,7,-72.71331524848938
BTqVQCBPUzg--122,wrong_length,17,-100.66540697962046,5,-52.75114846229553
NaXDBBT5pkw--25,wrong_length,27,-132.46353675797582,9,-73.82869740203023
4DhGy83DK_s--8,wrong_length,9,-66.16571068763733,3,-31.763677835464478
zu_bd3r2GIA--29,wrong_length,18,-94.29026308655739,5,-70.96970155835152
xFEQrtosric--19,wrong_length,19,-91.39999986317707,6,-67.21309225138975
rYcw__0tDhw--11,wrong_length,8,-51.38028830289841,3,-34.30630445480347
DP1ly_MsHHQ--25,wrong_length,21,-123.4787559658289,7,-61.90606997907162
myIXH3PjvoI--106,wrong_length,12,-39.804245825856924,4,-27.765715673565865
KI0avgGkWiU--25,wrong_length,11,-64.50617187470198,4,-57.98481776565313
-hZpPIT6N4U_d,wrong_length,17,-77.25010133907199,5,-50.400341760367155
myIXH3PjvoI--102,wrong_length,14,-77.91874781996012,4,-50.71179298311472
MYGqMojGwBE--46,wrong_length,16,-82.26384377479553,5,-42.48304808139801
3vCea9zWFek--10,wrong_length,13,-62.09770479798317,2,-25.25272274017334
MYGqMojGwBE--172,wrong_length,13,-76.58793345838785,3,-39.082388162612915
d5Lx_5-UiHY--100,wrong_length,14,-77.01350761577487,3,-27.020000517368317
iwYL-ivQm6o--5,wrong_length,15,-70.36405691504478,4,-44.176465809345245
Xmm9ZyMy12g--19,wrong_length,24,-140.46504312753677,7,-109.82517671585083
hgaKby5Mha4--15,wrong_length,20,-119.67602470191196,7,-76.6381188374944
MnCcM6PZrug--9,wrong_length,15,-101.88911912590265,5,-54.29805276542902
bqE5C2tmc9c--9,wrong_length,22,-102.67987589538097,9,-72.38745051622391
OEM3CR-HYmk--0,wrong_length,21,-106.05647587776184,6,-97.4332190155983
faZQNy4aErk--82,wrong_length,20,-124.25689551979303,9,-112.58358712494373
C-cgPb_N2dY--0,wrong_length,24,-115.49863896955503,8,-68.05629573453916
AVb1VABiJJ8--10,wrong_length,23,-104.92423596605659,10,-80.81953942403197
Lt5GAA6MIuM--1,wrong_length,19,-115.12592649459839,8,-88.61364059150219
gp0w_zrLgfw--10,wrong_length,12,-93.54212882369757,6,-68.26595565676689
eBj_HUu0CNw--29,wrong_length,12,-41.75495224446058,4,-20.6228985786438
QiJgNpX3zN0--11,wrong_length,21,-114.36357983201742,8,-94.57271361351013
faZQNy4aErk--32,wrong_length,20,-103.07148881722242,5,-43.36018291581422
aDwdB7xHAOE--10,wrong_length,17,-94.84726196527481,9,-78.5323974788189
YsuSHJ3klEs--7,wrong_length,24,-114.7992703136988,8,-98.9863169384189
MYGqMojGwBE--217,wrong_length,13,-89.70577032864094,6,-51.54236173629761
8DmlFztO2XM--0,wrong_length,21,-108.02737091481686,5,-69.16776584088802
gp0w_zrLgfw--20,wrong_length,28,-182.9860577583313,10,-133.85714000463486
MYGqMojGwBE--258,wrong_length,15,-73.97693261131644,5,-42.26291522011161
40BjLI5XtJE--10,wrong_length,22,-124.41165618598461,7,-72.60381296277046
fulQKWknVhw--12,wrong_length,31,-147.16925320308656,7,-76.12211525719613
myIXH3PjvoI--122,wrong_length,12,-64.90666159242392,4,-41.07940711081028
jMdxYlvrkbk--7,wrong_length,22,-111.14410673081875,6,-77.25889579206705
-X_zmve1y00--14,wrong_length,19,-140.37536254525185,8,-101.85307168960571
sktRu3sp97g--15,wrong_length,16,-75.5482407771051,7,-51.80133453011513
7byz3fdI-Ss--16,wrong_length,9,-26.274584831669927,4,-24.19401271082461
809a3a5e02d1-119,wrong_length,11,-56.52713596820831,4,-36.96847891807556
Rc99bcSdhak--14,wrong_length,8,-30.98188090324402,3,-13.863302499055862
v0g35qCOCwU--0,wrong_length,25,-115.88801562413573,10,-85.94684727489948
N6jpL7uibFI_e2,wrong_length,24,-99.81710327975452,6,-71.44861034862697
MYGqMojGwBE--282,wrong_length,16,-83.0888838917017,6,-44.672745034098625
mjvqIq_fvRY--10,wrong_length,25,-137.62670158594847,9,-108.11612287163734
lZarpnV0alw--12,wrong_length,14,-77.663325533038,2,-57.48390029347502
mXq8axygjdE--28,wrong_length,32,-200.5658067315817,12,-136.79110568761826
IjeHLt1vNoM--3,wrong_length,20,-94.62982047349215,8,-76.00261762738228
6_yO8Lc8Hd4--16,wrong_length,21,-84.28492830879986,3,-24.56056130118668
HBQwzyxvkZA--237,wrong_length,16,-93.88429309427738,7,-74.13459622859955
CRJSZ2e7BU0--8,wrong_length,30,-125.94959180429578,10,-102.41522123292089
K4eNr2k2Lls--19,wrong_length,14,-81.02669481188059,6,-59.52306838333607
U5Tq9r7saZU--19,wrong_length,16,-91.3178777769208,5,-59.71409797668457
uYaUCNl1j10--3,wrong_length,34,-154.7176148444414,11,-129.28719547390938
3gKelnCwuj8--0,wrong_length,17,-62.180260417982936,6,-51.87490868382156
ZVE_KjrY_po--22,wrong_length,21,-87.37912532314658,8,-77.37948336824775
i4j5Bj2NL1c--11,wrong_length,28,-191.35063219070435,10,-139.3125274181366
9b0136913690-57,wrong_length,20,-99.49476420879364,4,-78.57450842857361
wwpptVjgAws--10,wrong_length,32,-185.67081571370363,11,-125.19563211500645
gp0w_zrLgfw--13,wrong_length,28,-127.13127371389419,10,-91.27343484852463
HBQwzyxvkZA--129,wrong_length,15,-48.40507663600147,6,-37.59307588636875
fqJW-F3WIYc--0,wrong_length,21,-90.64808455301682,8,-76.66074748529354
xnY08sy7Sqk--6,wrong_length,13,-70.17325702309608,4,-60.181525468826294
maCRL8WG0GQ--3,wrong_length,10,-62.1777640581131,5,-29.69079625606537
xnY08sy7Sqk--3,wrong_length,25,-134.09244083985686,9,-98.28407895192504
AVb1VABiJJ8--13,wrong_length,16,-88.82697715982795,7,-78.2290978692472
HBQwzyxvkZA--331,wrong_length,16,-68.47314163669944,4,-55.77053486928344
HBQwzyxvkZA--79,wrong_length,24,-123.81755246967077,8,-72.85244638472795
0bk98uIiTS8--18,wrong_length,15,-77.71484737098217,5,-55.54210326075554
OJxSniCPUpI--2,wrong_length,15,-73.89723747968674,6,-64.30296891927719
m-w_78fDg9M--11,wrong_length,28,-171.79713072441518,9,-107.38925916515291
mDUCHJerTtE--9,wrong_length,14,-77.81210726499557,4,-41.879704654216766
BTqVQCBPUzg--94,wrong_length,8,-50.61996752768755,2,-22.69787311553955
CAzt5cxtSjQ--13,wrong_length,23,-140.251971706748,11,-101.5128581225872
8DmlFztO2XM--1,wrong_length,27,-123.44144405203406,10,-91.59033776971046
ZVE_KjrY_po--4,wrong_length,16,-87.64537385851145,4,-71.80839400738478
9b0136913690-78,wrong_length,20,-128.10871888697147,7,-69.18866685032845
5n_IGU5rYYk--24,wrong_length,29,-198.33768193796277,11,-102.50429236888885
HBQwzyxvkZA--131,wrong_length,18,-103.48989276587963,4,-93.34936261177063
lZarpnV0alw--2,wrong_length,21,-108.88081252202392,7,-86.01622460409999
6_yO8Lc8Hd4--5,wrong_length,25,-130.11440301686525,8,-76.83653670549393
u7wx4rUBg_k--5,wrong_length,22,-119.42803414165974,7,-78.74665054678917
w_xCnJVyPYA_e1,wrong_length,17,-88.36704989522696,5,-72.76253589242697
BTqVQCBPUzg--105,wrong_length,15,-68.28255388326943,5,-53.597349585965276
d5Lx_5-UiHY--111,wrong_length,11,-61.8817480802536,2,-20.32194983959198
HBQwzyxvkZA--330,wrong_length,33,-155.69928262382746,10,-101.19071730971336
lcBujGRLwE0--38,wrong_length,31,-154.65822684392333,9,-136.9081211052835
oPITLi0VKh8--1,wrong_length,19,-78.04110040795058,7,-53.212609994225204
s_8IbRRsr0Q--0,wrong_length,35,-178.3568884730339,9,-107.84190268442035
lZarpnV0alw--11,wrong_length,18,-99.50554065406322,5,-49.1459376513958
NDYHcIF50eE--19,wrong_length,9,-32.520408645272255,2,-18.646172419190407
fqJW-F3WIYc--5,wrong_length,25,-126.71975766401738,8,-112.19605166744441
yb7efY9x78U--0,wrong_length,33,-159.818945299834,9,-86.75572330877185
fYxijWb0b_s--28,wrong_length,16,-105.34924431890249,6,-91.51971244812012
HBQwzyxvkZA--140,wrong_length,19,-100.6296594440937,6,-89.21274104714394
ojYFIliNLGI--2,wrong_length,22,-125.70246786624193,11,-94.33676231652498
q4RnudGCU18--15,wrong_length,20,-108.6093718111515,5,-81.06404945254326
xnY08sy7Sqk--12,wrong_length,15,-77.61512106657028,5,-64.54116959869862
Zc2bgIDZ-Ks--57,wrong_length,9,-36.93675954639912,4,-31.342297315597534
QiGhWfjM2FI--18,wrong_length,23,-119.40762182511389,7,-68.47448060847819
nvfK4jQ7MH0--7,wrong_length,16,-101.3432475104928,7,-71.72310066223145
OJxSniCPUpI--19,wrong_length,17,-80.30793973058462,9,-64.1404035165906
mDUCHJerTtE--0,wrong_length,14,-55.219572469592094,5,-36.00603886693716
dPuKX_lM4Zc--114,wrong_length,8,-45.38004752993584,3,-35.97291651368141
pMbMjjSj1fM--24,wrong_length,24,-149.5045277401805,5,-130.36127454787493
AZ2s4Adm9RU--25,wrong_length,15,-85.1917856708169,5,-45.10394728183746
KmW8f1GVTYY--45,wrong_length,20,-99.78758181072772,8,-95.53199901618063
faZQNy4aErk--59,wrong_length,21,-97.20673364959657,6,-71.63507596962154
HBQwzyxvkZA--69,wrong_length,20,-150.0920371711254,8,-85.76071605086327
9b0136913690-9,wrong_length,11,-49.069984287023544,5,-33.52871775627136
ef52bca1a454-70,wrong_length,8,-50.00362200289965,3,-36.46982717514038
wUH1dDbu9B4--3,wrong_length,26,-160.1182390525937,6,-148.00724744796753
nvfK4jQ7MH0--1,wrong_length,20,-67.29403930902481,4,-24.753497302532196
HBQwzyxvkZA--229,wrong_length,17,-72.42880342155695,7,-64.24120702594519
HBQwzyxvkZA--76,wrong_length,16,-56.53971612453461,5,-30.035083532333374
1xJ_dkBcAIU--6,wrong_length,16,-124.79586905241013,7,-100.61804693937302
vyBaeFU8J_k--0,wrong_length,13,-86.72022837400436,4,-71.72748124599457
lSLqIyupXrk--15,wrong_length,15,-61.69075342267752,6,-48.17068159580231
HBQwzyxvkZA--280,wrong_length,17,-83.62240485846996,6,-54.777748465538025
0bk98uIiTS8--29,wrong_length,22,-126.1265786960721,6,-74.73597522079945
faZQNy4aErk--43,wrong_length,41,-218.3249191059731,13,-169.4079883932136
XcXCB---N9M--37,wrong_length,23,-129.59499282762408,7,-85.31089909002185
LvN9Dxq2iLY--137,wrong_length,11,-36.58015829604119,4,-31.32544747274369
_r1S90f_nsM--6,wrong_length,17,-94.78764282073826,6,-52.05415429826826
8E-llRXuhl0--17,wrong_length,20,-119.05253718607128,7,-84.04900192469358
ijrjSBx7WTc--68,wrong_length,8,-45.56825006008148,3,-29.305063009262085
4DhGy83DK_s--26,wrong_length,15,-60.26832974422723,4,-28.346067612059414
oPITLi0VKh8--17,wrong_length,21,-108.22550762072206,6,-71.83696112409234
bOZ_Lap5FNA--17,wrong_length,22,-86.48915837472305,8,-66.23973996704444
4DhGy83DK_s--3,wrong_length,15,-57.983100175857544,4,-47.491786420345306
ZCBew8Fv0qA--22,wrong_length,42,-239.02253203839064,12,-175.4069705232978
klepEQSaeIk--12,wrong_length,16,-59.63876360654831,4,-28.80906616151333
lZarpnV0alw--9,wrong_length,10,-60.32076898217201,5,-56.33354368805885
o9DARfrZg2o--6,wrong_length,15,-72.69493044912815,3,-62.38718682527542
o9DARfrZg2o--3,wrong_length,18,-88.20908261835575,5,-59.08615358918905
AVb1VABiJJ8--8,wrong_length,8,-53.132995545864105,3,-31.613196313381195
ijrjSBx7WTc--42,wrong_length,8,-45.33087186515331,2,-21.415913701057434
kES_ZNjFKz8--10,wrong_length,17,-100.58629143610597,7,-75.39201068878174
ckGC5hUffDU--13,wrong_length,9,-53.47600997984409,3,-28.67516030371189
fqJW-F3WIYc--16,wrong_length,43,-228.56404984556139,13,-197.54925887100399
8E-llRXuhl0--21,wrong_length,20,-108.63443283736706,9,-83.3164985626936
MYGqMojGwBE--277,wrong_length,15,-116.2635992988944,6,-57.313438318669796
myIXH3PjvoI--48,wrong_length,17,-95.0621722638607,3,-46.941273763775826
KHL0wkbu0-s--4,wrong_length,16,-99.94656920433044,6,-62.53381571173668
jC6VuHNpTLM--8,wrong_length,28,-90.18792084045708,10,-71.02166304178536
myIXH3PjvoI--52,wrong_length,12,-31.37794477492571,3,-18.763748541474342
C-cgPb_N2dY--7,wrong_length,18,-103.05028448998928,7,-82.39226061105728
myIXH3PjvoI--92,wrong_length,13,-66.1528531126678,5,-40.289531230926514
6_yO8Lc8Hd4--11,wrong_length,26,-94.89013092825189,8,-60.92876504966989
o44YnPMhwPU--26,wrong_length,23,-136.10158943012357,9,-101.34208196774125
XcXCB---N9M--40,wrong_length,28,-171.38082447648048,9,-100.91641160845757
HBQwzyxvkZA--326,wrong_length,28,-178.9241582043469,9,-114.89764577150345
dkavvNigK7s--3,wrong_length,16,-72.44012346118689,6,-54.34338629245758
LvN9Dxq2iLY--9,wrong_length,14,-70.54531490057707,4,-40.285559229552746
QiJgNpX3zN0--2,wrong_length,13,-70.89691238105297,3,-31.925543665885925
KI0avgGkWiU--14,wrong_length,21,-99.64922225102782,9,-72.61721723154187
48couwymlMM--0,wrong_length,21,-120.20730696618557,6,-106.92832343280315
XcXCB---N9M--25,wrong_length,18,-110.80240937322378,7,-77.87597046047449
myIXH3PjvoI--39,wrong_length,16,-55.57393199077342,5,-35.61864808073733
nvfK4jQ7MH0--26,wrong_length,12,-48.332524448633194,3,-31.085987389087677
MYGqMojGwBE--103,wrong_length,15,-79.89028346538544,5,-43.92373466491699
LvN9Dxq2iLY--24,wrong_length,11,-76.37780976295471,3,-39.62753772735596
Sqa3ig2NN9Q--13,wrong_length,17,-86.86474511772394,6,-60.8270898014307
809a3a5e02d1-86,wrong_length,8,-55.28040659427643,2,-23.639330506324768
MYGqMojGwBE--62,wrong_length,15,-48.501971028745174,4,-33.559064231812954
pMbMjjSj1fM--16,wrong_length,23,-107.9351194864721,11,-92.47838081332156
mXq8axygjdE--66,wrong_length,18,-67.40549007803202,4,-55.27218730002642
vbq8QbOwOt4--17,wrong_length,20,-127.09037627279758,5,-90.13995184004307
dPuKX_lM4Zc--110,wrong_length,27,-138.51730345003307,11,-108.92905700393021
eabe1f38221a-52,wrong_length,15,-99.28234739601612,6,-73.59599995613098
LvN9Dxq2iLY--210,wrong_length,18,-88.91267860587686,5,-58.8482204740867
0bk98uIiTS8--42,wrong_length,22,-121.56681311270222,10,-99.17450055480003
faZQNy4aErk--40,wrong_length,17,-91.8332989513874,7,-72.11169436573982
Kq5HfchSWv8--2,wrong_length,9,-49.29660823941231,4,-35.59101986885071
ZMsnY_khlNQ--5,wrong_length,21,-140.60167821124196,7,-114.21986097097397
80Cx4CH-AVI--4,wrong_length,22,-118.9626232162118,8,-95.14985027909279
HBQwzyxvkZA--283,wrong_length,23,-114.97980134189129,10,-90.57592855393887
Nv3WLYio7Lc--1,wrong_length,20,-125.67078929394484,5,-111.08187800645828
KHL0wkbu0-s--24,wrong_length,18,-68.69711957871914,9,-56.610169261693954
BO1ehFUMWEs--21,wrong_length,27,-175.14195645600557,9,-140.120054602623
QXsIVtanWdw--8,wrong_length,16,-82.2938745431602,5,-59.003712471574545
jN2lbHzIneI--10,wrong_length,16,-57.355016212910414,5,-31.024962309747934
_IyhoG9jXuM--10,wrong_length,11,-64.0325842499733,4,-55.855701357126236
Kq5HfchSWv8--23,wrong_length,17,-91.6600431650877,7,-57.576482973992825
LvN9Dxq2iLY--61,wrong_length,18,-89.76798289036378,7,-70.65998001908883
T-5au9lZhYI--9,wrong_length,11,-52.51819908618927,4,-42.37625136971474
mXq8axygjdE--81,wrong_length,19,-67.79788542538881,6,-45.71949288249016
HBQwzyxvkZA--213,wrong_length,23,-75.23437216877937,8,-56.02479663491249
fYxijWb0b_s--23,wrong_length,9,-40.07027322053909,3,-18.310319662094116
a8zp7ivHwBU--8,wrong_length,15,-71.02761216461658,7,-48.95386204123497
xnY08sy7Sqk--19,wrong_length,14,-77.52421456575394,5,-64.48861491680145
9bqfEh7BD3c--14,wrong_length,7,-52.44096755981445,3,-27.70853900909424
Zc2bgIDZ-Ks--48,wrong_length,8,-48.639915466308594,3,-28.368359565734863
ZCBew8Fv0qA--4,wrong_length,15,-73.17353209108114,5,-48.520914018154144
VwsRPJN7txM--8,wrong_length,18,-120.87838898971677,9,-78.37320786714554
W4YzurwHpfw--17,wrong_length,17,-98.10679767280817,8,-77.63967257738113
HBQwzyxvkZA--120,wrong_length,11,-60.042556658387184,5,-42.629064098000526
T-5au9lZhYI--6,wrong_length,14,-76.1388585343957,6,-55.67598833143711
5QMD024bDYs--23,wrong_length,16,-77.25171975046396,7,-47.612596690654755
AVb1VABiJJ8--22,wrong_length,20,-143.0150006748736,10,-112.38504729047418
QiJgNpX3zN0--9,wrong_length,18,-124.88064498454332,7,-88.79841303825378
nXA9Qpj2z7E--16,wrong_length,20,-116.02244108170271,6,-108.0001505613327
kytITkHoyls--2,wrong_length,10,-55.52338860183954,3,-30.018801674246788
KmW8f1GVTYY--42,wrong_length,23,-144.10316415131092,8,-104.8858118057251
m3Mmtpr-jjA--9,wrong_length,19,-105.96229799091816,6,-71.56840401887894
o44YnPMhwPU--42,wrong_length,11,-38.92388780415058,3,-14.299540720880032
BTqVQCBPUzg--96,wrong_length,11,-107.62795482575893,4,-81.79462766647339
uYaUCNl1j10--0,wrong_length,26,-133.46233850717545,10,-97.95282989740372
oAhfJ8yB1j0--1,wrong_length,15,-94.03477622568607,4,-83.6678811609745
yb7efY9x78U--4,wrong_length,15,-83.02227402478456,5,-57.42705541849136
K4eNr2k2Lls--29,wrong_length,23,-105.7663800031878,6,-69.62959875026718
faZQNy4aErk--7,wrong_length,16,-94.60887720435858,4,-45.90229892730713
XcXCB---N9M--14,wrong_length,23,-106.57385952025652,7,-66.29136385023594
NaXDBBT5pkw--0,wrong_length,20,-123.39818704128265,5,-96.1080561876297
rZG7T9ujMEo--3,wrong_length,9,-47.52356743812561,2,-17.391614198684692
0bk98uIiTS8--24,wrong_length,27,-149.9406903758645,8,-72.77996549010277
jN2lbHzIneI--8,wrong_length,29,-123.40055291354656,11,-95.61166057735682
wSEeoT9BqE0--16,wrong_length,27,-152.48582590557635,13,-110.79395863413811
wwpptVjgAws--2,wrong_length,13,-55.87356236577034,4,-23.14555125683546
xnY08sy7Sqk--15,wrong_length,9,-63.02989774942398,3,-33.47185277938843
eyqLkKS5Qkw--22,wrong_length,16,-72.07160967588425,7,-63.471939757466316
Sqa3ig2NN9Q--1,wrong_length,18,-101.7127027399838,5,-72.97821902111173
eabe1f38221a-65,wrong_length,14,-56.23035695031285,4,-18.711716890335083
ozS8Mx8AdH8--2,wrong_length,24,-109.2927168160677,10,-96.78743863105774
rZG7T9ujMEo--5,wrong_length,24,-138.40812367200851,8,-84.10193626582623
cw1YIV30nQM--2,wrong_length,10,-67.8162989616394,4,-49.891891956329346
MnCcM6PZrug--6,wrong_length,39,-189.3638508953154,13,-145.05517299845815
MnCcM6PZrug--4,wrong_length,23,-125.81669795513153,9,-104.28307738155127
K4eNr2k2Lls--16,wrong_length,15,-86.97982378304005,10,-82.55887877196074
W4YzurwHpfw--14,wrong_length,13,-66.26211672648787,4,-54.62991116195917
UBnqDwRds3A--18,wrong_length,23,-136.22324576228857,10,-119.27630683779716
ZVE_KjrY_po--12,wrong_length,19,-101.57294803857803,7,-49.788465559482574
IjeHLt1vNoM--6,wrong_length,29,-153.5058248564601,11,-121.61723082512617
BESRE5mtipE--14,wrong_length,11,-63.35034266859293,5,-41.45799294114113
9xc24mAlprE--12,wrong_length,9,-53.81368792057037,5,-40.910070061683655
6U9AFGakrn0--1,wrong_length,15,-64.06012465059757,5,-46.667959079146385
Lt5GAA6MIuM--14,wrong_length,12,-66.33152562379837,5,-47.848421439528465
Zc2bgIDZ-Ks--76,wrong_length,17,-59.278620179742575,3,-26.53878140076995
XcXCB---N9M--24,wrong_length,17,-126.10216272622347,5,-95.48165231198072
9xc24mAlprE--9,wrong_length,19,-68.78610918670893,6,-55.09288150072098
BESRE5mtipE--17,wrong_length,20,-87.67678337171674,10,-64.51747012138367
MYGqMojGwBE--32,wrong_length,14,-105.44260108470917,4,-75.92337691783905
Zc2bgIDZ-Ks--58,wrong_length,37,-167.01549326628447,11,-92.46454575657845
zu_bd3r2GIA--5,wrong_length,25,-142.90434609353542,4,-52.20531901717186
mjvqIq_fvRY--1,wrong_length,18,-74.51529037579894,6,-47.904787730425596
NaXDBBT5pkw--1,wrong_length,7,-25.60408067703247,2,-3.5197090804576874
vyBaeFU8J_k--15,wrong_length,28,-148.09025993570685,8,-125.41999259218574
vyBaeFU8J_k--21,wrong_length,19,-83.3404191955924,8,-69.71658408641815
3Pk2c_Z4ahk--14,wrong_length,12,-74.47430170699954,5,-53.86180533096194
ZVE_KjrY_po--23,wrong_length,11,-54.02609188109636,3,-23.90165686607361
Lt5GAA6MIuM--11,wrong_length,34,-162.40307955257595,15,-134.68993426673114
lPzmjeJmsXo--40,wrong_length,12,-53.217966351658106,7,-43.72318568825722
lPzmjeJmsXo--11,wrong_length,17,-116.72458938509226,6,-85.26273745298386
91GVHgxW8RA--18,wrong_length,25,-123.25741973333061,8,-113.18951473198831
rZG7T9ujMEo--19,wrong_length,21,-143.20725014805794,8,-104.67889428138733
36YV-IPiUXM--11,wrong_length,31,-153.0691929385066,10,-129.32323852181435
Zc2bgIDZ-Ks--23,wrong_length,30,-158.72437766194344,11,-121.39747726917267
3gKelnCwuj8--9,wrong_length,17,-84.23743801377714,8,-75.86030179262161
BTqVQCBPUzg--53,wrong_length,11,-66.73508131504059,5,-50.255868434906006
MYGqMojGwBE--86,wrong_length,16,-71.44962582737207,6,-47.502948857843876
R6_v5nqXuGg--0,wrong_length,23,-137.2416130900383,13,-137.05867120623589
lZarpnV0alw--4,wrong_length,20,-115.53067093901336,6,-101.10448375158012
0kldzhToGLc--0,wrong_length,21,-120.31448020040989,6,-109.04428304731846
Sqa3ig2NN9Q--8,wrong_length,16,-63.55981659144163,4,-40.7757728099823
Rblg5TE6TI0--29,wrong_length,28,-147.9924178123474,10,-101.3848124742508
nvfK4jQ7MH0--8,wrong_length,21,-133.39473179727793,10,-111.71448737382889
fYxijWb0b_s--18,wrong_length,15,-93.84424528479576,5,-70.1058259010315
HBQwzyxvkZA--267,wrong_length,7,-47.86355364322662,2,-20.07057523727417
gp0w_zrLgfw--7,wrong_length,29,-180.33412854373455,11,-119.55327481776476
3Pk2c_Z4ahk--20,wrong_length,27,-153.5589381940663,8,-136.32751467451453
Zc2bgIDZ-Ks--39,wrong_length,22,-99.53412145748734,7,-74.81353737786412
ZCBew8Fv0qA--7,wrong_length,16,-88.50770163536072,4,-74.86745870113373
MYGqMojGwBE--26,wrong_length,34,-212.1356638967991,7,-171.88426458835602
MYGqMojGwBE--36,wrong_length,10,-59.12292754650116,4,-26.036041378974915
36YV-IPiUXM--17,wrong_length,53,-294.39723031781614,14,-256.06612674705684
pMbMjjSj1fM--4,wrong_length,18,-92.90338188409805,6,-78.63962991535664
809a3a5e02d1-27,wrong_length,22,-134.96636225283146,6,-66.91320414841175
9xc24mAlprE--25,wrong_length,14,-85.51441609859467,6,-64.49491667747498
0kldzhToGLc--9,wrong_length,22,-107.8291172105819,9,-80.34401858784258
aDwdB7xHAOE--13,wrong_length,17,-67.73056558519602,6,-48.55044066905975
wUH1dDbu9B4--18,wrong_length,17,-97.35168372839689,7,-51.50908017158508
BO1ehFUMWEs--29,wrong_length,34,-217.0152756422758,8,-142.5510228574276
mXq8axygjdE--48,wrong_length,20,-105.33826754242182,7,-97.07571959495544
VwsRPJN7txM--7,wrong_length,11,-56.614629819989204,5,-54.565867483615875
ZMsnY_khlNQ--6,wrong_length,15,-80.10055103898048,6,-63.52414259314537
KHL0wkbu0-s--21,wrong_length,12,-50.69688241556287,5,-32.25512595102191
mjvqIq_fvRY--15,wrong_length,9,-48.49728686362505,5,-40.1935909986496
o44YnPMhwPU--6,wrong_length,9,-59.31238269805908,4,-48.839601039886475
s_8IbRRsr0Q--11,wrong_length,38,-177.6654756590724,11,-142.53026868402958
ZMsnY_khlNQ--4,wrong_length,19,-96.11960589326918,8,-78.65141126699746
9b0136913690-50,wrong_length,20,-115.33109427988529,6,-69.8679227232933
5QMD024bDYs--4,wrong_length,19,-100.46521142497659,6,-67.27517371997237
MYGqMojGwBE--19,wrong_length,10,-82.6841230392456,5,-69.28275871276855
UBnqDwRds3A--16,wrong_length,21,-137.81120821088552,8,-74.78726776689291
q4RnudGCU18--23,wrong_length,24,-127.33736222982407,8,-71.008949033916
vyBaeFU8J_k--3,wrong_length,14,-96.2856747508049,6,-55.87237536907196
jN2lbHzIneI--15,wrong_length,23,-98.56982463225722,8,-66.16327806189656
W4YzurwHpfw--5,wrong_length,13,-69.22582058608532,5,-53.371823236346245
3vCea9zWFek--3,wrong_length,17,-100.04674108326435,5,-62.70644000172615
wwpptVjgAws--15,wrong_length,47,-227.1461176830344,13,-182.4151577684097
DF4fto_X1Y4--13,wrong_length,12,-50.624808087944984,4,-23.927680104970932
fulQKWknVhw--1,wrong_length,21,-86.36611934285611,8,-71.47959464322776
hgaKby5Mha4--34,wrong_length,21,-135.38458936661482,7,-106.81373846530914
48couwymlMM--15,wrong_length,23,-114.32696763426065,7,-79.53934267908335
i4j5Bj2NL1c--3,wrong_length,24,-149.93172466009855,11,-131.40891485661268
cw1YIV30nQM--6,wrong_length,17,-96.40931244194508,7,-59.159354880452156
fqJW-F3WIYc--8,wrong_length,12,-62.93333891406655,5,-51.2557649128139
HBQwzyxvkZA--316,wrong_length,15,-71.7670898558572,6,-58.890202415175736
LvN9Dxq2iLY--200,wrong_length,12,-66.28386092931032,5,-50.66202235966921
6MxCP_583q8_e4,wrong_length,9,-54.865951374173164,4,-44.18313431739807
HBQwzyxvkZA--57,wrong_length,21,-126.15626229345798,7,-79.6916482001543
yb7efY9x78U--15,wrong_length,23,-139.4047783059068,7,-107.61122796684504
l9bZYazJQ1w--2,wrong_length,9,-41.6967786103487,4,-33.46761666238308
3gKelnCwuj8--16,wrong_length,16,-80.1007788553834,7,-65.42062163352966
lSLqIyupXrk--7,wrong_length,11,-53.90917857736349,4,-36.3435849994421
HBQwzyxvkZA--230,wrong_length,15,-68.30245530605316,5,-38.25917732715607
q4RnudGCU18--11,wrong_length,10,-51.007253892719746,4,-38.94261336326599
AZ2s4Adm9RU--9,wrong_length,14,-78.81607639789581,5,-46.52232825756073
MYGqMojGwBE--95,wrong_length,18,-78.35551328584552,9,-63.723844576627016
17OIKvJmrK8--11,wrong_length,28,-150.1089890152216,9,-138.7663765102625
HBQwzyxvkZA--146,wrong_length,20,-100.01030346378684,7,-77.96196421980858
HBQwzyxvkZA--77,wrong_length,10,-40.35784361511469,3,-15.411670565605164
MYGqMojGwBE--235,wrong_length,8,-60.50925803184509,3,-24.824167251586914
JqYder5vRP4--0,wrong_length,11,-43.73709570802748,5,-32.41354977525771
eyqLkKS5Qkw--3,wrong_length,16,-110.31704693287611,8,-89.62751661241055
48couwymlMM--24,wrong_length,12,-55.23846314847469,5,-43.38008902966976
iGdg-iGlUFg--12,wrong_length,19,-92.5522857606411,4,-63.95220220088959
K5lgB4YzOO0--4,wrong_length,27,-130.48831349611282,9,-119.29414008557796
m3Mmtpr-jjA--34,wrong_length,16,-79.75177377462387,9,-75.837582051754
HBQwzyxvkZA--303,wrong_length,16,-70.08144012838602,3,-51.87048378586769
Rblg5TE6TI0--19,wrong_length,23,-175.14197597652674,12,-138.298018142581
tDrI-9pSul0--6,wrong_length,21,-113.40489952266216,9,-91.95793142914772
6_yO8Lc8Hd4--19,wrong_length,11,-52.150749117136,3,-13.747590214014053
faZQNy4aErk--51,wrong_length,22,-138.44412243366241,8,-65.98641324043274
d5Lx_5-UiHY--85,wrong_length,25,-131.25797816738486,10,-99.27833686769009
lSLqIyupXrk--2,wrong_length,12,-64.5970955491066,6,-47.36117744445801
sktRu3sp97g--3,wrong_length,15,-78.71235151961446,3,-26.201308250427246
MnCcM6PZrug--19,wrong_length,36,-170.81036159396172,11,-119.95325002074242
DP1ly_MsHHQ--2,wrong_length,20,-116.53003934770823,8,-71.28173355013132
mXq8axygjdE--65,wrong_length,15,-71.93023806624115,5,-52.27471644245088
Rblg5TE6TI0--32,wrong_length,12,-52.989446613937616,4,-34.77702906355262
4vfboqjtAXo_e3,wrong_length,14,-72.89189606904984,4,-49.13073270767927
HBQwzyxvkZA--313,wrong_length,21,-112.5121087282896,5,-84.22045312821865
vyBaeFU8J_k--5,wrong_length,33,-215.95490900799632,8,-133.15015168115497
5QMD024bDYs--5,wrong_length,15,-52.50280084088445,5,-41.01347878575325
3gKelnCwuj8--7,wrong_length,16,-58.95578405819833,6,-42.9425299372524
ef52bca1a454-78,wrong_length,16,-49.37002794072032,5,-33.07509822025895
4DhGy83DK_s--17,wrong_length,28,-112.05230861785822,8,-64.95314103248529
mXq8axygjdE--64,wrong_length,14,-91.28320713341236,5,-54.47510375082493
yAAWlkm-_KA--8,wrong_length,24,-126.82692724466324,10,-76.37345719337463
BTqVQCBPUzg--81,wrong_length,16,-87.4477324038744,7,-83.15919353812933
R6_v5nqXuGg--12,wrong_length,22,-80.13175317272544,6,-52.941320821642876
iwYL-ivQm6o--7,wrong_length,17,-94.7425909913145,6,-73.56700905924663
pMbMjjSj1fM--18,wrong_length,14,-51.48889800242614,6,-50.2207896792097
aDwdB7xHAOE--2,wrong_length,19,-97.84819729626179,4,-37.208519995212555
HBQwzyxvkZA--41,wrong_length,15,-84.22322784364223,4,-51.95904412865639
LvN9Dxq2iLY--174,wrong_length,20,-137.03875259310007,6,-125.71915769577026
faZQNy4aErk--55,wrong_length,14,-73.10966211557388,7,-52.08178472518921
uY7i-Y8gxn8--5,wrong_length,22,-134.35048875585198,6,-113.62592322006822
faZQNy4aErk--31,wrong_length,18,-115.28767289221287,8,-79.04490685462952
HBQwzyxvkZA--130,wrong_length,26,-126.21731955558062,8,-110.10692636668682
5QMD024bDYs--16,wrong_length,22,-115.38358122110367,8,-93.95008705556393
0bk98uIiTS8--41,wrong_length,27,-167.33218447864056,11,-122.65681863576174
Kq5HfchSWv8--27,wrong_length,18,-90.92193351686001,4,-70.4056106209755
kES_ZNjFKz8--15,wrong_length,18,-106.05838260054588,4,-94.96481236815453
vZt56rnH8QQ--0,wrong_length,16,-102.010562825948,9,-72.56798668578267
n12WICGyBJ4--35,wrong_length,15,-105.03784441947937,6,-79.64964002370834
MYGqMojGwBE--122,wrong_length,10,-56.62555545568466,3,-32.43645089864731
lcBujGRLwE0--8,wrong_length,29,-152.4320069178939,9,-92.65410152077675
ckGC5hUffDU--8,wrong_length,18,-123.35940589010715,5,-111.38168460130692
jN2lbHzIneI--11,wrong_length,38,-198.62814278155565,12,-156.4969919025898
MYGqMojGwBE--284,wrong_length,16,-83.66220364719629,6,-40.91384315490723
aDwdB7xHAOE--6,wrong_length,27,-149.19895845558494,9,-103.61678991373628
g4GfKC7z-2M--22,wrong_length,19,-103.84484647959471,4,-76.53999222815037
XcXCB---N9M--6,wrong_length,12,-45.8445377536118,5,-31.21321414783597
zu_bd3r2GIA--8,wrong_length,16,-53.20966774877161,5,-34.17807813640684
u7wx4rUBg_k--8,wrong_length,19,-114.108483068645,9,-68.12479942291975
-X_zmve1y00--11,wrong_length,14,-59.314726427197456,4,-31.383642613887787
DP1ly_MsHHQ--27,wrong_length,34,-160.6573808111716,9,-98.10917213489302
MYGqMojGwBE--163,wrong_length,13,-73.78693078458309,3,-31.304573878645897
HBQwzyxvkZA--191,wrong_length,10,-51.503633096814156,3,-38.59489953517914
8E-llRXuhl0--14,wrong_length,25,-146.31061667203903,8,-93.46589908003807
LvN9Dxq2iLY--130,wrong_length,11,-61.612261306494474,4,-38.8295693397522
lcBujGRLwE0--12,wrong_length,25,-123.27436402533203,8,-112.1377082625404
809a3a5e02d1-35,wrong_length,17,-119.36784852296114,8,-102.5740737915039
myIXH3PjvoI--5,wrong_length,25,-103.25613065063953,9,-64.82798582315445
ZCBew8Fv0qA--14,wrong_length,15,-64.75315326452255,4,-39.01170337200165
jC6VuHNpTLM--22,wrong_length,19,-106.04518021643162,6,-92.74016579985619
MYGqMojGwBE--241,wrong_length,27,-115.37111195828766,6,-68.56990055646747
m-w_78fDg9M--7,wrong_length,22,-151.64734340459108,7,-86.77309813350439
0kldzhToGLc--16,wrong_length,15,-82.48972000926733,7,-62.015186823904514
vbq8QbOwOt4--0,wrong_length,25,-162.82109596766531,13,-119.63423617184162
8w6k4jEJJlU--3,wrong_length,11,-85.65765661001205,5,-70.84935039281845
eGkBCS1t9-E--16,wrong_length,24,-127.59593538194895,8,-110.5108772739768
Rblg5TE6TI0--33,wrong_length,26,-137.10757153481245,11,-113.4920085221529
0Z5d6D2vBbc--3,wrong_length,12,-45.08924750238657,4,-32.65663515776396
ijrjSBx7WTc--53,wrong_length,21,-114.96123774908483,5,-87.43257889710367
HBQwzyxvkZA--169,wrong_length,17,-80.18297950923443,7,-56.491637632250786
LvN9Dxq2iLY--104,wrong_length,7,-35.08446078002453,4,-30.713629841804504
vZt56rnH8QQ--9,wrong_length,15,-68.22378841042519,7,-57.429998487234116
UBnqDwRds3A--12,wrong_length,9,-65.36083491146564,2,-21.86963176727295
w_xCnJVyPYA_e3,wrong_length,13,-54.91345316916704,3,-23.578318662941456
BESRE5mtipE--10,wrong_length,14,-54.3121183924377,5,-35.74069122597575
eBj_HUu0CNw--7,wrong_length,17,-83.17325714230537,6,-66.14791280031204
mXq8axygjdE--8,wrong_length,9,-75.62169647216797,3,-53.56936025619507
jC6VuHNpTLM--10,wrong_length,19,-120.44958877563477,8,-92.00318574905396
Rc99bcSdhak--15,wrong_length,23,-121.87449128460139,8,-88.42345457803458
ef52bca1a454-75,wrong_length,9,-51.569706320762634,5,-47.01007318496704
vbq8QbOwOt4--13,wrong_length,23,-87.49656125716865,7,-86.49450394324958
vbq8QbOwOt4--5,wrong_length,25,-108.7578460406512,5,-81.01788437180221
UBnqDwRds3A--15,wrong_length,19,-134.07613760977983,6,-80.62481737136841
2B2z46vgaAA--19,wrong_length,14,-69.73995942249894,5,-49.15150719508529
xnY08sy7Sqk--22,wrong_length,21,-129.0004654712975,7,-112.58083375170827
lAFiWmUUHOg--15,wrong_length,15,-89.15111593902111,5,-56.116481348872185
MYGqMojGwBE--65,wrong_length,13,-64.13423471152782,6,-56.96591906249523
zu_bd3r2GIA--12,wrong_length,17,-79.24905669689178,4,-51.544740319252014
9b0136913690-90,wrong_length,15,-75.11893580853939,4,-44.128814071416855
fqJW-F3WIYc--18,wrong_length,21,-106.41154845803976,9,-77.18910623341799
jLwvQ4URDFY--16,wrong_length,9,-45.918488301336765,3,-26.98551443964243
BO1ehFUMWEs--37,wrong_length,12,-58.901866376399994,3,-28.24298644065857
fYxijWb0b_s--5,wrong_length,12,-66.2189896479249,4,-64.1752005815506
6_yO8Lc8Hd4--3,wrong_length,36,-197.7683136165142,14,-145.24294270575047
17OIKvJmrK8--7,wrong_length,16,-110.48204031586647,7,-66.92824530601501
iGdg-iGlUFg--7,wrong_length,20,-80.5325372889638,8,-61.6115996837616
ZMsnY_khlNQ--11,wrong_length,29,-129.85324189066887,8,-98.56425079703331
-X_zmve1y00--9,wrong_length,17,-95.07514667557552,6,-54.520942330826074
fqJW-F3WIYc--11,wrong_length,28,-108.3793309899047,7,-67.28883026260883
Lt5GAA6MIuM--27,wrong_length,21,-94.44072613120079,7,-64.00911618024111
tDrI-9pSul0--9,wrong_length,24,-105.875163866207,8,-90.86719007603824
maCRL8WG0GQ--9,wrong_length,18,-114.36221247166395,8,-84.37824010848999
HBQwzyxvkZA--179,wrong_length,13,-71.5758158415556,4,-37.91549460589886
C6CIPVno_yQ--10,wrong_length,22,-120.1640884578228,7,-71.3599922657013
dkavvNigK7s--13,wrong_length,29,-159.67500741407275,12,-114.77175836265087
9bqfEh7BD3c--2,wrong_length,27,-152.74704056978226,9,-109.20508992671967
spDHZsNp4RA_d,wrong_length,22,-119.80111771821976,8,-108.49024459719658
KI0avgGkWiU--9,wrong_length,23,-79.78633392043412,6,-54.020114647224545
jLwvQ4URDFY--27,wrong_length,36,-201.5532841226086,10,-144.49987624492496
BO1ehFUMWEs--30,wrong_length,37,-259.99249836057425,11,-172.75002116709948
lPzmjeJmsXo--31,wrong_length,21,-127.96745205298066,7,-81.75609129667282
vyBaeFU8J_k--8,wrong_length,11,-55.50660356879234,4,-30.95448663830757
BESRE5mtipE--19,wrong_length,21,-112.15527453273535,8,-81.85655703395605
NDYHcIF50eE--0,wrong_length,33,-159.63694621250033,15,-127.83416422083974
MYGqMojGwBE--109,wrong_length,20,-143.65936946868896,9,-126.29819774627686
9b0136913690-8,wrong_length,17,-70.8485094755888,4,-44.184761084616184
_T-35xhqSkE--11,wrong_length,17,-90.27114889770746,3,-70.11526045948267
myIXH3PjvoI--37,wrong_length,11,-57.76763251423836,3,-41.64436510205269
ozS8Mx8AdH8--13,wrong_length,21,-97.82977083045989,6,-75.27390654850751
NDYHcIF50eE--3,wrong_length,26,-149.43830579146743,12,-121.49305972829461
809a3a5e02d1-19,wrong_length,16,-107.48203029483557,7,-73.07555866241455
rYcw__0tDhw--17,wrong_length,21,-113.53683318942785,4,-37.536450646817684
HBQwzyxvkZA--311,wrong_length,16,-57.89862897247076,4,-45.20749010890722
HBQwzyxvkZA--236,wrong_length,14,-65.52272149920464,3,-43.26024806499481
wUH1dDbu9B4--29,wrong_length,18,-98.78100408241153,8,-73.17617192491889
l9bZYazJQ1w--18,wrong_length,23,-135.4342051530257,6,-81.4240735033527
faZQNy4aErk--76,wrong_length,28,-102.94648197479546,6,-59.340340761467814
dkavvNigK7s--14,wrong_length,17,-97.54952646791935,6,-64.87272316217422
YsuSHJ3klEs--14,wrong_length,17,-63.22178530693054,6,-32.43403489142656
MYGqMojGwBE--38,wrong_length,21,-91.00850069522858,6,-53.4765335470438
dPuKX_lM4Zc--107,wrong_length,12,-64.95834878645837,3,-49.20152568817139
OJxSniCPUpI--9,wrong_length,17,-75.74919168651104,4,-62.84185987710953
CRJSZ2e7BU0--10,wrong_length,17,-88.28503935784101,7,-62.477711863815784
MYGqMojGwBE--128,wrong_length,16,-79.17568156123161,5,-42.19756555557251
myIXH3PjvoI--47,wrong_length,18,-80.5491191111505,4,-64.18231394514441
cw1YIV30nQM--22,wrong_length,17,-67.74800788238645,4,-41.29214984551072
KmW8f1GVTYY--10,wrong_length,13,-78.09587377309799,6,-59.70075482130051
ijrjSBx7WTc--67,wrong_length,24,-130.3035411387682,7,-102.34638565778732
gXa0qcoWrsQ--4,wrong_length,13,-44.54034096375108,3,-36.56544607505202
Zc2bgIDZ-Ks--45,wrong_length,36,-184.66553860157728,12,-138.01620840281248
36YV-IPiUXM--10,wrong_length,39,-215.62198704760522,11,-132.93675248604268
36YV-IPiUXM--8,wrong_length,32,-184.60693058581091,10,-154.38769118697383
HBQwzyxvkZA--320,wrong_length,16,-89.28907415270805,5,-62.85083232820034
QiJgNpX3zN0--1,wrong_length,12,-49.56689851731062,4,-44.46924418956041
U5Tq9r7saZU--15,wrong_length,31,-163.09950051270425,13,-121.7913773264736
pMbMjjSj1fM--11,wrong_length,16,-110.79694890975952,7,-82.77563637495041
oPITLi0VKh8--20,wrong_length,17,-73.12260267324746,4,-40.92153248377144
ci_iGsLDZ9w_e1,wrong_length,18,-83.1037165466696,5,-76.32452058047056
NDYHcIF50eE--16,wrong_length,32,-140.11624141037464,9,-102.80467142164707
KmW8f1GVTYY--15,wrong_length,16,-115.58197984099388,6,-81.52571281790733
ci_iGsLDZ9w_d,wrong_length,8,-64.93711099028587,3,-37.29678449034691
6OlSDCcwM10--25,wrong_length,12,-52.471976578235626,3,-35.96544051170349
8w6k4jEJJlU--0,wrong_length,20,-96.8241459839046,6,-65.42538626119494
myIXH3PjvoI--97,wrong_length,17,-92.86434564739466,6,-61.27298986911774
9b0136913690-12,wrong_length,8,-43.078518718481064,2,-28.39745807647705
91GVHgxW8RA--7,wrong_length,33,-201.96819952875376,11,-158.1475203409791
eabe1f38221a-36,wrong_length,10,-46.266532108187675,3,-26.62334418296814
6_yO8Lc8Hd4--2,wrong_length,17,-87.21047078818083,7,-58.804654985666275
KmW8f1GVTYY--46,wrong_length,12,-53.67511202022433,4,-35.30161887034774
9bqfEh7BD3c--13,wrong_length,18,-92.84998893737793,5,-82.78129771351814
VwsRPJN7txM--9,wrong_length,18,-92.1848375336267,6,-75.72179342666641
QXsIVtanWdw--5,wrong_length,9,-31.823091462254524,3,-20.751375377178192
S9ymb66ZqqY--8,wrong_length,11,-65.9981227517128,5,-42.269403517246246
LvN9Dxq2iLY--33,wrong_length,12,-75.4252425134182,5,-65.81249368190765
K4eNr2k2Lls--21,wrong_length,21,-118.38830256462097,8,-116.06075485050678
wSEeoT9BqE0--21,wrong_length,34,-122.69885896891356,9,-101.37180297076702
LvN9Dxq2iLY--12,wrong_length,16,-98.46802921593189,4,-63.53333520889282
faZQNy4aErk--6,wrong_length,14,-70.9248163625598,5,-41.062154948711395
WabgM-SmPzU_e1,wrong_length,12,-59.8380524776876,4,-44.039692144840956
wmTrG799MAo--12,wrong_length,17,-70.43243324011564,6,-36.253625333309174
i4j5Bj2NL1c--13,wrong_length,14,-93.59765612706542,5,-80.64399134740233
nvfK4jQ7MH0--3,wrong_length,22,-135.94615771248937,7,-113.00408545136452
ojYFIliNLGI--0,wrong_length,23,-88.9864365098183,8,-64.45886754366802
HBQwzyxvkZA--203,wrong_length,12,-53.51055899262428,6,-44.26000353693962
vZt56rnH8QQ--1,wrong_length,11,-51.129677534103394,5,-45.485568299889565
NaXDBBT5pkw--17,wrong_length,16,-86.31635392457247,5,-64.59187853336334
9bqfEh7BD3c--23,wrong_length,20,-103.85417850315571,9,-74.45027716457844
eyqLkKS5Qkw--20,wrong_length,12,-72.52769482135773,5,-54.8371399641037
vbq8QbOwOt4--14,wrong_length,26,-144.2887813039124,13,-104.24067747592926
faZQNy4aErk--25,wrong_length,13,-69.90861782804132,2,-57.57477569580078
s_8IbRRsr0Q--13,wrong_length,12,-71.29569041728973,6,-56.41708588600159
lcBujGRLwE0--7,wrong_length,25,-117.08833583630621,7,-79.99104597605765
CAzt5cxtSjQ--17,wrong_length,15,-68.74476004391909,4,-32.887305945158005
m3Mmtpr-jjA--22,wrong_length,9,-47.79263201355934,4,-34.080471992492676
9b0136913690-67,wrong_length,8,-50.86033356189728,1,-10.21335506439209
HBQwzyxvkZA--34,wrong_length,14,-85.50077147036791,5,-66.60017484426498
HBQwzyxvkZA--151,wrong_length,15,-93.85161505639553,6,-82.02793192118406
ozS8Mx8AdH8--14,wrong_length,25,-134.44929876364768,9,-109.54259678907692
AZ2s4Adm9RU--14,wrong_length,14,-91.75904928892851,3,-57.20906883478165
KmW8f1GVTYY--48,wrong_length,12,-48.506337121129036,6,-33.327589958906174
dPuKX_lM4Zc--103,wrong_length,10,-36.51672750711441,3,-23.537567138671875
OEM3CR-HYmk--22,wrong_length,16,-59.34309113770723,3,-44.98757670074701
lcBujGRLwE0--11,wrong_length,28,-150.6536710113287,9,-140.39264106750488
d5Lx_5-UiHY--101,wrong_length,8,-38.482267275452614,1,-12.940782845020294
vZt56rnH8QQ--8,wrong_length,27,-165.4979019165039,12,-102.77795846015215
BO1ehFUMWEs--7,wrong_length,18,-90.08635684102774,6,-71.30732244253159
HBQwzyxvkZA--99,wrong_length,11,-53.34768833965063,5,-42.12632817775011
s_8IbRRsr0Q--22,wrong_length,13,-64.1668961495161,5,-47.15421423316002
fvHtYcL913U--15,wrong_length,13,-63.76083065569401,5,-41.67497944831848
sktRu3sp97g--2,wrong_length,11,-56.167131043970585,6,-40.93933844566345
BO1ehFUMWEs--10,wrong_length,27,-152.40689568966627,6,-110.34063194692135
lSLqIyupXrk--18,wrong_length,23,-120.86917527765036,8,-99.1288441196084
xFEQrtosric--9,wrong_length,9,-37.992160711437464,4,-29.7908773124218
ef52bca1a454-29,wrong_length,10,-47.97074547410011,3,-23.25612723827362
q4RnudGCU18--28,wrong_length,30,-175.1727049537003,14,-122.83484460413456
HBQwzyxvkZA--93,wrong_length,15,-71.09767430275679,6,-47.15968084335327
ijrjSBx7WTc--51,wrong_length,20,-106.18187716603279,7,-92.38360464572906
U5Tq9r7saZU--13,wrong_length,33,-169.0684585813433,11,-152.25364034809172
d5Lx_5-UiHY--73,wrong_length,11,-56.7324697971344,3,-26.002782583236694
s_8IbRRsr0Q--25,wrong_length,19,-75.77961058914661,7,-48.1278657913208
LvN9Dxq2iLY--17,wrong_length,13,-66.0735228061676,3,-38.23063242435455
lcBujGRLwE0--19,wrong_length,31,-152.5446350723505,12,-120.77551047503948
9bqfEh7BD3c--18,wrong_length,12,-80.44831824302673,4,-53.95787525177002
iwYL-ivQm6o--16,wrong_length,20,-90.94219960272312,5,-58.824402898550034
myIXH3PjvoI--115,wrong_length,16,-96.9997147321701,7,-78.31759214401245
gXa0qcoWrsQ--23,wrong_length,23,-104.6330193807371,6,-63.431715266779065
hYNyIXYmoYs--0,wrong_length,14,-69.03747757524252,5,-62.355521619319916
40BjLI5XtJE--1,wrong_length,12,-75.39713606238365,5,-41.97498998045921
Zc2bgIDZ-Ks--28,wrong_length,16,-56.437514113029465,6,-54.29350565536879
vbq8QbOwOt4--18,wrong_length,21,-108.04069695994258,8,-51.852853801101446
fulQKWknVhw--25,wrong_length,23,-131.0503430927638,7,-65.55863904603757
n12WICGyBJ4--17,wrong_length,11,-68.95082932710648,5,-63.550250828266144
OEM3CR-HYmk--8,wrong_length,9,-52.559181213378906,3,-17.105878829956055
6OlSDCcwM10--0,wrong_length,14,-76.09292302280664,4,-36.20889465510845
K4eNr2k2Lls--31,wrong_length,18,-123.67508310079575,7,-86.53034752607346
8DmlFztO2XM--4,wrong_length,22,-114.70214853435755,7,-84.9980737566948
gXa0qcoWrsQ--1,wrong_length,29,-146.6526213362813,8,-123.95471251010895
6_yO8Lc8Hd4--18,wrong_length,33,-140.63428662531078,7,-80.70451174490154
dPuKX_lM4Zc--81,wrong_length,19,-105.98436717689037,6,-55.28890576958656
egjhIFJbR2I--1,wrong_length,17,-74.12660600058734,5,-70.31084686331451
3vCea9zWFek--8,wrong_length,15,-68.71016862988472,4,-50.42899063229561
2B2z46vgaAA--25,wrong_length,9,-53.00120912492275,4,-40.35424207150936
QiGhWfjM2FI--29,wrong_length,13,-73.60872299969196,6,-52.45925164222717
wefigjf46u4--7,wrong_length,22,-136.69635173678398,9,-81.16136038303375
MYGqMojGwBE--188,wrong_length,10,-44.7098520770669,4,-27.93191096931696
Kq5HfchSWv8--3,wrong_length,10,-53.027815610170364,3,-21.47388380765915
5n_IGU5rYYk--31,wrong_length,24,-140.2790771983564,11,-92.64301052317023
HBQwzyxvkZA--43,wrong_length,13,-77.61286239698529,4,-41.043741796165705
7byz3fdI-Ss--10,wrong_length,16,-93.25813658069819,5,-46.928271817974746
mjvqIq_fvRY--2,wrong_length,20,-104.04429810494184,8,-62.38174641132355
Lt5GAA6MIuM--8,wrong_length,19,-110.18515457957983,5,-56.40449416637421
uR-nzhB6D8g--11,wrong_length,13,-83.98926348239183,5,-67.38810433447361
vyBaeFU8J_k--16,wrong_length,25,-108.63930055312812,6,-38.08162754587829
myIXH3PjvoI--85,wrong_length,21,-115.67611975967884,7,-90.03294989466667
gW1N-ttBBTo--2,wrong_length,9,-45.6707221865654,2,-11.773266792297363
K4eNr2k2Lls--30,wrong_length,29,-159.36682895198464,9,-118.504777867347
s_8IbRRsr0Q--20,wrong_length,21,-109.48953033983707,10,-89.10886013507843
rZG7T9ujMEo--13,wrong_length,12,-61.1071277782321,4,-57.55259143561125
_IyhoG9jXuM--1,wrong_length,17,-80.78746633976698,8,-68.13474064320326
6OlSDCcwM10--15,wrong_length,18,-112.3813587911427,7,-102.4415720589459
OtlvzXZG_Uk_e1,wrong_length,15,-80.42231094837189,4,-65.2875155210495
iwYL-ivQm6o--8,wrong_length,9,-53.81208981946111,4,-39.86181606724858
Lt5GAA6MIuM--4,wrong_length,25,-175.94202669337392,8,-132.80736227706075
mDUCHJerTtE--6,wrong_length,23,-118.07390002161264,8,-90.67744243144989
BTqVQCBPUzg--107,wrong_length,21,-118.71498543024063,8,-81.52507692575455
80Cx4CH-AVI--17,wrong_length,8,-49.894874930381775,6,-33.096134543418884
0Z5d6D2vBbc--11,wrong_length,35,-238.43703066650778,13,-184.39813545439392
BTqVQCBPUzg--110,wrong_length,8,-59.44511377811432,3,-43.532711029052734
lZarpnV0alw--14,wrong_length,11,-83.19191473722458,4,-48.206122398376465
mjvqIq_fvRY--22,wrong_length,20,-119.849250882864,9,-81.89988589286804
g4GfKC7z-2M--7,wrong_length,20,-129.25392252206802,7,-105.75427889823914
gp0w_zrLgfw--17,wrong_length,29,-138.3536505434895,10,-89.25886396656279
UBnqDwRds3A--8,wrong_length,25,-119.56894810823724,7,-69.52358664898202
MYGqMojGwBE--219,wrong_length,10,-75.73493123054504,4,-36.59778690338135
809a3a5e02d1-116,wrong_length,9,-26.73671728372574,3,-18.671246588230133
ckGC5hUffDU--5,wrong_length,15,-82.57334925234318,5,-41.58430387079716
faZQNy4aErk--18,wrong_length,23,-141.189333319664,7,-135.675257563591
uYaUCNl1j10--8,wrong_length,25,-107.41606415063143,10,-80.03775033354759
jN2lbHzIneI--4,wrong_length,31,-158.95885941013694,10,-149.58132987096906
LvN9Dxq2iLY--86,wrong_length,12,-86.0541262626648,2,-56.702895164489746
Zc2bgIDZ-Ks--85,wrong_length,25,-124.82330261170864,6,-79.62515687942505
m3Mmtpr-jjA--38,wrong_length,26,-121.6489469781518,11,-107.53481753915548
q4RnudGCU18--13,wrong_length,26,-128.60417761281133,9,-90.149080645293
aDwdB7xHAOE--5,wrong_length,15,-71.72259962558746,4,-57.21091163158417
s_8IbRRsr0Q--8,wrong_length,8,-45.009913600981236,2,-21.24776554107666
C-cgPb_N2dY--3,wrong_length,12,-54.343028120696545,6,-44.04681557416916
sktRu3sp97g--11,wrong_length,19,-97.39596837759018,7,-78.5137028247118
4DhGy83DK_s--13,wrong_length,17,-66.9391711615026,5,-54.57762487605214
MYGqMojGwBE--182,wrong_length,18,-113.95725107192993,7,-65.7375055551529
l9bZYazJQ1w--16,wrong_length,12,-86.59114605933428,5,-48.68079191446304
Xmm9ZyMy12g--8,wrong_length,16,-81.59966026246548,4,-72.21267157793045
C6CIPVno_yQ--20,wrong_length,22,-115.83891746215522,9,-104.65307136066258
DF4fto_X1Y4--2,wrong_length,14,-99.74148818850517,5,-70.96416787803173
HBQwzyxvkZA--100,wrong_length,12,-39.58649601042271,2,-12.887578964233398
dkavvNigK7s--30,wrong_length,14,-80.70473432913423,6,-64.01983249559999
4DhGy83DK_s--35,wrong_length,28,-109.23155958391726,6,-53.71393165178597
ZVE_KjrY_po--8,wrong_length,23,-105.03162715490907,9,-79.86868991609663
lPzmjeJmsXo--14,wrong_length,27,-171.43936971202493,10,-134.6437501050532
d5Lx_5-UiHY--36,wrong_length,12,-68.79347018897533,4,-29.724186420440674
xFEQrtosric--2,wrong_length,26,-153.91117893904448,9,-132.35029573738575
MYGqMojGwBE--215,wrong_length,15,-98.23345112800598,6,-41.73960566520691
6_yO8Lc8Hd4--6,wrong_length,29,-116.18519141641445,10,-92.7327022489626
vbq8QbOwOt4--1,wrong_length,16,-85.93294464051723,6,-44.94970691204071
5n_IGU5rYYk--2,wrong_length,20,-114.37142225727439,8,-94.62752481922507
ZMsnY_khlNQ--15,wrong_length,9,-54.29922140389681,2,-17.786699295043945
myIXH3PjvoI--4,wrong_length,14,-70.21847772598267,6,-45.91791528463364
q4RnudGCU18--26,wrong_length,28,-121.25736413896084,10,-98.09014640003443
HBQwzyxvkZA--165,wrong_length,12,-52.827833753079176,4,-45.26041464135051
o9DARfrZg2o--1,wrong_length,21,-114.82755468040705,8,-86.25694853067398
uR-nzhB6D8g--1,wrong_length,16,-57.43800758942962,6,-42.258893545717
RIwfym39VVM_e3,wrong_length,21,-119.32675041258335,6,-72.6579470783472
wwpptVjgAws--0,wrong_length,29,-129.67836017161608,13,-109.9279469922185
9b0136913690-52,wrong_length,14,-83.45862708240747,3,-35.525421261787415
Lt5GAA6MIuM--17,wrong_length,22,-115.36988231539726,10,-97.60178308188915
klepEQSaeIk--1,wrong_length,36,-171.28344946936704,11,-104.07596310344525
Lt5GAA6MIuM--28,wrong_length,13,-65.46437394246459,4,-42.2333301268518
ef52bca1a454-8,wrong_length,13,-96.92783868312836,6,-62.67680788040161
jLwvQ4URDFY--14,wrong_length,34,-181.55839012633078,10,-132.35689476202242
LvN9Dxq2iLY--82,wrong_length,14,-59.71436017751694,4,-36.2937331199646
iwYL-ivQm6o--11,wrong_length,14,-81.17719382792711,4,-42.28032207489014
9b0136913690-59,wrong_length,16,-86.50399404764175,4,-83.97134983539581
KmW8f1GVTYY--33,wrong_length,13,-84.55729413032532,5,-74.32429814338684
NDYHcIF50eE--11,wrong_length,20,-75.9468997195363,3,-48.607086420059204
MYGqMojGwBE--279,wrong_length,9,-40.26932185329497,5,-34.31331115402281
tDrI-9pSul0--10,wrong_length,29,-212.60508957505226,10,-192.79699802398682
5n_IGU5rYYk--32,wrong_length,31,-159.70239124121144,7,-64.1632441249676
ijrjSBx7WTc--23,wrong_length,26,-151.66448684316128,9,-109.04804793279618
a8zp7ivHwBU--4,wrong_length,18,-97.99486192688346,6,-77.62412587180734
9bqfEh7BD3c--24,wrong_length,18,-96.60615037381649,5,-73.12766560167074
U5Tq9r7saZU--29,wrong_length,21,-98.91848916560411,11,-82.13771259784698
wSEeoT9BqE0--14,wrong_length,27,-159.80217192322016,8,-140.60213793814182
QiGhWfjM2FI--9,wrong_length,24,-128.90522945811972,11,-115.69133008411154
809a3a5e02d1-64,wrong_length,14,-76.81431019306183,4,-55.223672181367874
ckGC5hUffDU--6,wrong_length,26,-129.0406580399722,6,-91.47746789455414
o44YnPMhwPU--36,wrong_length,22,-122.4375099055469,11,-105.45852768048644
HBQwzyxvkZA--193,wrong_length,9,-53.54873815178871,4,-43.3760769367218
Kq5HfchSWv8--36,wrong_length,16,-84.38502614945173,4,-44.90990850329399
ZCBew8Fv0qA--3,wrong_length,13,-65.2425396554172,3,-41.47860845550895
91GVHgxW8RA--33,wrong_length,22,-96.68174967169762,6,-43.58429151773453
MYGqMojGwBE--211,wrong_length,13,-103.40594363212585,7,-67.82087516784668
hgaKby5Mha4--28,wrong_length,25,-117.19162167981267,8,-72.43306491151452
-X_zmve1y00--1,wrong_length,12,-42.87546678259969,3,-28.40781907364726
hgaKby5Mha4--1,wrong_length,23,-106.02474261820316,8,-77.2286192625761
BO1ehFUMWEs--1,wrong_length,21,-121.8917647972703,6,-109.17979329824448
OEM3CR-HYmk--3,wrong_length,12,-74.88509948179126,3,-44.158965706825256
R6_v5nqXuGg--5,wrong_length,18,-89.47573140263557,6,-71.97605231404305
rZG7T9ujMEo--2,wrong_length,14,-88.03702861908823,6,-68.1821034187451
HBQwzyxvkZA--143,wrong_length,9,-25.50404181331396,4,-24.621528893709183
HBQwzyxvkZA--319,wrong_length,22,-143.09808851778507,7,-110.61664777994156
3vCea9zWFek--39,wrong_length,23,-126.12215550988913,9,-76.08741402626038
tDrI-9pSul0--11,wrong_length,12,-70.04531729221344,6,-57.51150918006897
kxz4AA9lNmY_e4,wrong_length,17,-86.33466043323278,4,-72.43610237538815
zu_bd3r2GIA--28,wrong_length,14,-84.7871146723628,5,-77.15348606556654
Xmm9ZyMy12g--13,wrong_length,22,-127.81958295404911,6,-98.11998093128204
NTc0m4Q1-xU--0,wrong_length,17,-91.11112795956433,7,-71.43787732720375
9xc24mAlprE--14,wrong_length,23,-106.10668021440506,9,-94.5136122405529
Rc99bcSdhak--5,wrong_length,37,-189.81774354726076,11,-140.33851543813944
HBQwzyxvkZA--286,wrong_length,24,-148.1065371967852,10,-104.95555663108826
Zc2bgIDZ-Ks--79,wrong_length,15,-63.97779768006876,4,-40.831340305972844
wefigjf46u4--10,wrong_length,8,-43.009262919425964,2,-25.59052801132202
wSEeoT9BqE0--2,wrong_length,20,-72.79989926656708,7,-55.65923495730385
o9DARfrZg2o--0,wrong_length,21,-145.16744148731232,7,-114.3800038099289
DP1ly_MsHHQ--15,wrong_length,30,-122.04671614291146,7,-93.0613434878178
C-cgPb_N2dY--16,wrong_length,21,-110.5611617602408,7,-63.241922944784164
6U9AFGakrn0--5,wrong_length,14,-54.97741128504276,4,-32.05389589071274
0kldzhToGLc--15,wrong_length,10,-31.26766638457775,3,-12.371141001582146
oyWhLo5brto--1,wrong_length,21,-118.11909101903439,9,-68.93156679719687
bqE5C2tmc9c--13,wrong_length,14,-94.6735018491745,6,-64.40674924850464
ijrjSBx7WTc--32,wrong_length,21,-73.84795570746064,7,-59.74058238044381
MYGqMojGwBE--149,wrong_length,17,-92.52272452414036,3,-50.729512348771095
n12WICGyBJ4--43,wrong_length,17,-91.71142055466771,6,-80.96183156222105
Zc2bgIDZ-Ks--43,wrong_length,19,-114.00004724040627,4,-47.73322565481067
IjeHLt1vNoM--9,wrong_length,20,-136.6171397715807,6,-89.36551809310913
rYcw__0tDhw--1,wrong_length,33,-117.26693783467636,8,-92.68544666236266
Sqa3ig2NN9Q--4,wrong_length,14,-102.73043537139893,5,-75.86695909500122
IjeHLt1vNoM--17,wrong_length,15,-68.07005021721125,5,-46.74124173074961
9b0136913690-70,wrong_length,12,-63.27722994983196,3,-34.541375666856766
Kq5HfchSWv8--28,wrong_length,15,-73.88568361848593,4,-34.7246453538537
ojYFIliNLGI--9,wrong_length,16,-65.7010988034308,6,-39.440422002226114
m3Mmtpr-jjA--30,wrong_length,23,-104.85514979809523,9,-73.03334135562181
6u-ZspWSpwE--14,wrong_length,17,-106.1368693485856,6,-71.67951433360577
HBQwzyxvkZA--111,wrong_length,13,-81.33453154563904,5,-55.68390476703644
xFJw5GMtlCk--4,wrong_length,8,-35.91683464497328,1,-8.936579525470734
U5Tq9r7saZU--18,wrong_length,18,-87.957752764225,5,-67.15301465988159
QiJgNpX3zN0--17,wrong_length,11,-59.18042916804552,4,-40.69152267277241
9bqfEh7BD3c--9,wrong_length,19,-95.36651834845543,7,-62.79406677931547
5n_IGU5rYYk--17,wrong_length,31,-138.47779058571905,11,-91.62287834193558
kES_ZNjFKz8--18,wrong_length,12,-57.87684450298548,4,-35.24099254608154
nvfK4jQ7MH0--19,wrong_length,12,-68.57601886987686,3,-41.35332590341568
LvN9Dxq2iLY--71,wrong_length,26,-112.21320055425167,6,-61.80265298485756
aDwdB7xHAOE--8,wrong_length,19,-92.73871989920735,9,-77.5749265179038
HBQwzyxvkZA--1,wrong_length,10,-33.18472159653902,2,-11.217617236077785
gW1N-ttBBTo--6,wrong_length,30,-163.17595610022545,9,-130.94470500946045
ef52bca1a454-57,wrong_length,17,-76.90870898962021,5,-31.596508502960205
_r1S90f_nsM--13,wrong_length,13,-55.65875320136547,4,-23.003301918506622
Xmm9ZyMy12g--12,wrong_length,16,-75.31849618256092,3,-26.65111154317856
fulQKWknVhw--29,wrong_length,34,-167.87470095977187,12,-140.91025195270777
BTqVQCBPUzg--116,wrong_length,10,-55.276195265352726,2,-30.915373660624027
Zc2bgIDZ-Ks--9,wrong_length,16,-62.29476559907198,4,-45.4209461286664
eBj_HUu0CNw--22,wrong_length,13,-54.70480766147375,5,-39.979786813259125
K4eNr2k2Lls--33,wrong_length,29,-162.90729385614395,10,-144.95673236995935
jMdxYlvrkbk--10,wrong_length,24,-138.07108921557665,9,-110.92574125528336
jLwvQ4URDFY--3,wrong_length,28,-130.1096579581499,14,-101.00266490504146
R6_v5nqXuGg--14,wrong_length,18,-92.90641344338655,7,-78.9039922952652
Sqa3ig2NN9Q--25,wrong_length,20,-113.71337828785181,3,-73.59464997053146
gW1N-ttBBTo--10,wrong_length,37,-169.3790894560516,12,-139.95758609473705
cw1YIV30nQM--20,wrong_length,21,-111.6423864364624,7,-68.49238610267639
BESRE5mtipE--1,wrong_length,20,-79.86330978386104,5,-51.36600345186889
KHL0wkbu0-s--8,wrong_length,24,-138.15779212117195,9,-91.94516643881798
eGkBCS1t9-E--20,wrong_length,22,-107.80142684280872,5,-85.30895376205444
EIwWHTO5rZw--14,wrong_length,13,-63.81211121380329,4,-32.05277895927429
eBj_HUu0CNw--24,wrong_length,17,-86.40224096179008,6,-52.375980369746685
gXa0qcoWrsQ--12,wrong_length,21,-113.9097191169858,6,-84.69720704853535
80Cx4CH-AVI--8,wrong_length,21,-122.37158318608999,6,-97.92896568775177
ckGC5hUffDU--2,wrong_length,19,-106.09354861453176,5,-103.95452673360705
K5lgB4YzOO0--6,wrong_length,19,-82.10702101886272,5,-54.65728269517422
-X_zmve1y00--12,wrong_length,18,-92.70402957871556,8,-76.0065055899322
xFEQrtosric--7,wrong_length,25,-121.59273082017899,10,-114.49428862333298
HBQwzyxvkZA--121,wrong_length,22,-97.60173622518778,7,-74.22271609306335
bOZ_Lap5FNA--11,wrong_length,19,-107.49738765694201,9,-64.92323147319257
rYcw__0tDhw--2,wrong_length,21,-113.16775489412248,8,-91.40406030230224
xFJw5GMtlCk--10,wrong_length,24,-89.23935401299968,7,-53.55733885988593
9b0136913690-106,wrong_length,8,-31.72407676279545,3,-19.53595730662346
rZG7T9ujMEo--21,wrong_length,9,-44.84195041656494,2,-17.548842430114746
mXq8axygjdE--51,wrong_length,36,-188.70644704974256,15,-135.77837702608667
m-w_78fDg9M--18,wrong_length,17,-98.38662710040808,4,-51.23866844177246
XcXCB---N9M--3,wrong_length,20,-107.12354312837124,6,-72.74838019907475
K4eNr2k2Lls--2,wrong_length,16,-77.83153223991394,6,-57.56260871887207
BTqVQCBPUzg--154,wrong_length,8,-28.897401923313737,3,-21.92055437900126
Zc2bgIDZ-Ks--60,wrong_length,17,-62.017478220164776,6,-44.67446657270193
gW1N-ttBBTo--7,wrong_length,28,-177.37895802408457,10,-158.07851503789425
0bk98uIiTS8--32,wrong_length,30,-140.00106959138066,12,-122.54132394585758
BTqVQCBPUzg--148,wrong_length,12,-79.34404282644391,6,-45.91832499578595
lAFiWmUUHOg--25,wrong_length,27,-139.53098622336984,6,-99.95083998516202
bGqx2eKgdB0_e4,wrong_length,10,-71.70854783058167,3,-46.3602933883667
ZVE_KjrY_po--21,wrong_length,8,-58.92677140235901,2,-25.730887174606323
BTqVQCBPUzg--34,wrong_length,13,-54.46432803571224,4,-40.800955802202225
XcXCB---N9M--20,wrong_length,30,-151.4110785536468,8,-105.18766997382045
o9DARfrZg2o--9,wrong_length,13,-68.18180158734322,3,-25.490341186523438
HBQwzyxvkZA--228,wrong_length,13,-61.64270584285259,4,-51.356643319129944
80Cx4CH-AVI--2,wrong_length,29,-150.8488008901477,11,-113.42073272913694
Zc2bgIDZ-Ks--12,wrong_length,11,-46.978342443704605,3,-13.643774598836899
vbq8QbOwOt4--7,wrong_length,17,-84.45282658189535,6,-45.722326815128326
HBQwzyxvkZA--291,wrong_length,31,-168.8409240618348,9,-118.00150486826897
i4j5Bj2NL1c--9,wrong_length,19,-112.9734142459929,6,-81.78355580940843
5QMD024bDYs--8,wrong_length,21,-87.45779114961624,6,-71.80665081739426
faZQNy4aErk--44,wrong_length,24,-158.3739299364388,9,-127.88261726498604
oPITLi0VKh8--18,wrong_length,13,-57.60886140912771,5,-40.98799782991409
Xmm9ZyMy12g--14,wrong_length,16,-84.7525690048933,5,-48.241506576538086
-X_zmve1y00--29,wrong_length,11,-57.90910968929529,4,-51.411321975290775
HBQwzyxvkZA--278,wrong_length,12,-67.17342579364777,5,-40.68030643463135
OEM3CR-HYmk--2,wrong_length,13,-77.94714763760567,4,-61.80867317318916
1xJ_dkBcAIU--20,wrong_length,20,-94.24282110668719,6,-73.53039023280144
IoifXQnhN4E--5,wrong_length,9,-60.912192672491074,5,-45.25729927420616
jMdxYlvrkbk--6,wrong_length,15,-81.65715631097555,5,-46.26482319831848
q4RnudGCU18--5,wrong_length,22,-102.09459437802434,6,-72.57365996018052
lcBujGRLwE0--30,wrong_length,25,-120.59763240121538,9,-80.8145641242736
egjhIFJbR2I--8,wrong_length,16,-82.50793316960335,5,-49.76685678958893
oAhfJ8yB1j0--5,wrong_length,27,-126.99623951688409,10,-119.65041492506862
klepEQSaeIk--15,wrong_length,11,-54.229031916707754,6,-47.474115043878555
Rc99bcSdhak--27,wrong_length,30,-145.24671028926969,10,-94.02843936905265
iwYL-ivQm6o--3,wrong_length,29,-152.86073857545853,9,-95.40217071771622
MYGqMojGwBE--248,wrong_length,24,-162.535056527704,8,-92.65670579299331
mjvqIq_fvRY--12,wrong_length,23,-106.1067861020565,6,-68.82996073365211
s_8IbRRsr0Q--1,wrong_length,28,-139.73129339888692,8,-89.09486561641097
6OlSDCcwM10--2,wrong_length,7,-29.513001814484596,2,-15.984259963035583
m3Mmtpr-jjA--44,wrong_length,24,-119.15404492616653,6,-69.53745467960835
9b0136913690-31,wrong_length,17,-78.22364638745785,5,-47.416657239198685
HBQwzyxvkZA--207,wrong_length,13,-76.853958979249,4,-54.19212880730629
Nv3WLYio7Lc--9,wrong_length,17,-87.6925687044859,5,-64.36651913821697
Nv3WLYio7Lc--14,wrong_length,11,-72.75535305589437,5,-59.21979697793722
hYNyIXYmoYs--2,wrong_length,19,-76.4827496279031,8,-53.4214053619653
ef52bca1a454-69,wrong_length,9,-55.95228537917137,3,-23.97712993621826
HBQwzyxvkZA--90,wrong_length,11,-65.37269258499146,4,-41.23232054710388
C6CIPVno_yQ--21,wrong_length,22,-111.85144639667124,8,-80.85302971210331
LvN9Dxq2iLY--26,wrong_length,22,-176.07077499479055,7,-169.60351598262787
HBQwzyxvkZA--318,wrong_length,18,-105.71937147155404,8,-80.51750871539116
zu_bd3r2GIA--30,wrong_length,18,-79.02761495113373,7,-55.050858080387115
oAhfJ8yB1j0--3,wrong_length,23,-126.86966562271118,6,-114.45604568719864
5n_IGU5rYYk--6,wrong_length,17,-70.20694318041205,6,-45.8052784204483
nvfK4jQ7MH0--27,wrong_length,17,-91.72555260360241,7,-73.9035789296031
kytITkHoyls--15,wrong_length,21,-102.99584776163101,5,-62.82436567544937
dPuKX_lM4Zc--120,wrong_length,31,-184.89709893241525,13,-125.33802160993218
5n_IGU5rYYk--3,wrong_length,21,-85.3824433653499,7,-72.63040250231279
dPuKX_lM4Zc--129,wrong_length,23,-130.3018536567688,9,-69.58889985084534
9xc24mAlprE--26,wrong_length,18,-108.71049810945988,5,-95.94471262395382
oyWhLo5brto--5,wrong_length,21,-73.97075244411826,5,-45.69346722587943
ojYFIliNLGI--16,wrong_length,37,-221.28806544840336,13,-179.64165787398815
LvN9Dxq2iLY--124,wrong_length,18,-87.62085696589202,4,-41.108426871709526
lcBujGRLwE0--4,wrong_length,34,-123.48164871102199,12,-90.46052903449163
wwpptVjgAws--7,wrong_length,39,-241.32207376509905,10,-190.0731272622943
Kq5HfchSWv8--18,wrong_length,16,-84.94644003547728,4,-35.01682219840586
mjvqIq_fvRY--6,wrong_length,27,-159.3204380273819,10,-132.7985724210739
Nv3WLYio7Lc--13,wrong_length,30,-146.1327491849661,7,-81.02603112906218
6_yO8Lc8Hd4--7,wrong_length,14,-72.08123376220465,6,-58.30601978302002
0Z5d6D2vBbc--6,wrong_length,17,-95.0652321651578,8,-68.9419713318348
80Cx4CH-AVI--11,wrong_length,28,-137.63381001539528,9,-89.74738047458231
xFJw5GMtlCk--5,wrong_length,24,-116.77706138044596,10,-64.70827262103558
9b0136913690-80,wrong_length,17,-105.58662247657776,4,-39.1392388343811
AVb1VABiJJ8--9,wrong_length,19,-95.2273458763957,7,-68.08155140280724
xFEQrtosric--4,wrong_length,14,-76.07898189499974,4,-41.10669902339578
iGdg-iGlUFg--2,wrong_length,42,-232.4436803087592,12,-163.51625227928162
wUH1dDbu9B4--26,wrong_length,23,-168.41563214734197,6,-164.50626826658845
LvN9Dxq2iLY--101,wrong_length,14,-84.93085261434317,4,-60.72860735654831
HBQwzyxvkZA--67,wrong_length,9,-31.21337916329503,2,-13.39185643196106
QiGhWfjM2FI--1,wrong_length,19,-127.47482440248132,9,-96.35766623541713
LvN9Dxq2iLY--168,wrong_length,9,-38.47530145943165,4,-31.23251473903656
MYGqMojGwBE--2,wrong_length,18,-123.19455015845597,8,-79.53925526328385
mjvqIq_fvRY--18,wrong_length,14,-81.19620013237,7,-65.02328813076019
m-w_78fDg9M--3,wrong_length,17,-97.46095114946365,7,-84.03761839866638
8E-llRXuhl0--22,wrong_length,20,-96.00765838846564,7,-85.5434962771833
lPzmjeJmsXo--2,wrong_length,32,-149.0732706747949,13,-128.1934849061072
rYcw__0tDhw--10,wrong_length,22,-147.33790849335492,6,-105.6314766202122
mXq8axygjdE--62,wrong_length,9,-46.73120582103729,3,-27.53419280052185
AZ2s4Adm9RU--1,wrong_length,28,-113.00423850119114,7,-35.80717787146568
CRJSZ2e7BU0--4,wrong_length,25,-160.56241196393967,10,-122.65254807472229
HBQwzyxvkZA--272,wrong_length,14,-91.79942718148232,5,-59.176644802093506
kES_ZNjFKz8--16,wrong_length,21,-94.79638096690178,8,-85.67223609983921
MYGqMojGwBE--206,wrong_length,13,-66.19571587443352,6,-53.58536583185196
glNqZ8w4iy8--5,wrong_length,11,-32.35888797044754,3,-14.967750653624535
Rblg5TE6TI0--30,wrong_length,34,-177.8091878183186,12,-127.1430443264544
809a3a5e02d1-77,wrong_length,11,-67.0319139957428,4,-54.8199257850647
lSLqIyupXrk--5,wrong_length,17,-118.70532860606909,7,-102.23959282785654
eabe1f38221a-48,wrong_length,10,-41.52926332503557,3,-31.852678604424
jLwvQ4URDFY--5,wrong_length,11,-33.287199944257736,4,-24.624966621398926
m3Mmtpr-jjA--2,wrong_length,11,-62.84719681739807,4,-58.38397789001465
HBQwzyxvkZA--155,wrong_length,22,-138.7399516031146,7,-113.73293614387512
K5lgB4YzOO0--12,wrong_length,15,-73.29016898944974,6,-57.95035092905164
Rblg5TE6TI0--1,wrong_length,23,-95.28748690336943,7,-50.85105875134468
dkavvNigK7s--27,wrong_length,27,-151.43207911588252,12,-130.36807725019753
NaXDBBT5pkw--3,wrong_length,11,-54.28306872397661,4,-34.435477651655674
LvN9Dxq2iLY--164,wrong_length,20,-101.98139706254005,8,-73.23818671703339
vZt56rnH8QQ--3,wrong_length,11,-76.525411054492,5,-66.0156749933958
mXq8axygjdE--67,wrong_length,12,-57.715715856291354,4,-30.478423201479018
7byz3fdI-Ss--7,wrong_length,18,-66.483517318964,7,-56.38718527555466
dkavvNigK7s--9,wrong_length,17,-100.1929007768631,6,-78.41509222984314
g4GfKC7z-2M--9,wrong_length,19,-112.30448086746037,5,-99.91626925952733
6OlSDCcwM10--20,wrong_length,16,-84.2984539270401,8,-68.93201430141926
KI0avgGkWiU--1,wrong_length,23,-129.0335574671626,7,-79.42302805185318
iwYL-ivQm6o--0,wrong_length,7,-38.60379493236542,3,-26.789551258087158
OEM3CR-HYmk--19,wrong_length,18,-73.13369345664978,4,-62.04758012294769
6OlSDCcwM10--11,wrong_length,17,-89.83708061277866,11,-78.32761526107788
e4rWudmfrfY--0,wrong_length,9,-62.58655494451523,1,-10.313731074333191
o44YnPMhwPU--1,wrong_length,11,-38.63411956652999,3,-31.821128342300653
l9bZYazJQ1w--7,wrong_topic,20,-103.59400012902915,7,-59.66993021778762
9b0136913690-114,wrong_topic,19,-100.33619073778391,5,-61.23759341984987
ZMsnY_khlNQ--12,wrong_topic,21,-106.26681064069271,7,-61.35901467502117
809a3a5e02d1-67,wrong_topic,12,-77.28104515373707,4,-65.5739152431488
DP1ly_MsHHQ--36,wrong_topic,18,-102.07966780569404,7,-71.45973443984985
dPuKX_lM4Zc--118,wrong_topic,31,-163.62566772848368,13,-91.17425332963467
wwpptVjgAws--20,wrong_topic,40,-196.5086163971573,13,-142.04108517803252
48couwymlMM--18,wrong_topic,19,-97.8237781226635,8,-70.60973161458969
809a3a5e02d1-108,wrong_topic,11,-13.747605569660664,4,-11.809774808585644
4DhGy83DK_s--30,wrong_topic,13,-71.04251706600189,5,-54.3041775226593
rZG7T9ujMEo--0,wrong_topic,28,-151.40070127672516,13,-114.80408560461365
7byz3fdI-Ss--0,wrong_topic,15,-45.896919541060925,6,-27.41335343569517
eabe1f38221a-18,wrong_topic,31,-169.70079136732966,9,-91.38632451090962
0kldzhToGLc--6,wrong_topic,22,-114.2497535571456,8,-87.25765413045883
pMbMjjSj1fM--17,wrong_topic,18,-81.12223118916154,10,-67.00323558598757
MYGqMojGwBE--267,wrong_topic,17,-98.85337240621448,3,-32.848070461302996
C-cgPb_N2dY--9,wrong_topic,12,-31.8376532047987,3,-24.881388530135155
ef52bca1a454-22,wrong_topic,12,-57.23810802400112,4,-36.26150441169739
fulQKWknVhw--7,wrong_topic,19,-58.22021160647273,7,-48.344574958086014
ijrjSBx7WTc--84,wrong_topic,8,-21.103180767968297,1,-3.313572883605957
oAhfJ8yB1j0--10,wrong_topic,10,-40.185382544994354,2,-22.267527043819427
Zc2bgIDZ-Ks--72,wrong_topic,12,-61.29564583301544,3,-26.081292629241943
mjvqIq_fvRY--11,wrong_topic,19,-101.39540385454893,7,-78.95515151321888
IoifXQnhN4E--4,wrong_topic,24,-112.95773168699816,8,-78.4556600456126
HBQwzyxvkZA--276,wrong_topic,20,-77.06238169968128,6,-59.765673995018005
o44YnPMhwPU--12,wrong_topic,15,-75.8608184158802,5,-56.84952187538147
myIXH3PjvoI--76,wrong_topic,13,-46.59158121049404,4,-18.966630697250366
faZQNy4aErk--15,wrong_topic,23,-100.3587655723095,7,-45.40375630557537
Rc99bcSdhak--0,wrong_topic,21,-113.17197075486183,7,-68.27937044203281
0kldzhToGLc--2,wrong_topic,14,-70.51907539367676,6,-45.52374616265297
5n_IGU5rYYk--30,wrong_topic,22,-109.43984998762608,7,-79.34232011437416
myIXH3PjvoI--89,wrong_topic,19,-79.63421919941902,7,-55.41494030505419
S9ymb66ZqqY--9,wrong_topic,25,-164.2186071947217,12,-124.51698214560747
dPuKX_lM4Zc--54,wrong_topic,19,-85.44497973844409,6,-66.82387506589293
oPITLi0VKh8--10,wrong_topic,16,-48.918001513928175,6,-44.884884003549814
17OIKvJmrK8--4,wrong_topic,13,-73.99011681228876,6,-58.83229208737612
yb7efY9x78U--12,wrong_topic,23,-126.09651924669743,5,-41.630429312586784
zu_bd3r2GIA--9,wrong_topic,12,-65.90043112263083,6,-52.124015524983406
eabe1f38221a-5,wrong_topic,29,-137.67279241979122,8,-68.727712854743
QiGhWfjM2FI--31,wrong_topic,24,-143.9623740548268,10,-112.84753223974258
fvHtYcL913U--3,wrong_topic,11,-51.75738347508013,3,-22.889818051829934
sktRu3sp97g--4,wrong_topic,20,-97.02873321436346,5,-48.2783625330776
BTqVQCBPUzg--97,wrong_topic,10,-56.971711315214634,4,-46.51427644491196
hYNyIXYmoYs--17,wrong_topic,24,-119.95954344421625,12,-107.11382506787777
3Pk2c_Z4ahk--1,wrong_topic,9,-32.42562188953161,3,-24.10040906816721
9xc24mAlprE--1,wrong_topic,16,-64.34773679822683,4,-47.79113068431616
ZMsnY_khlNQ--7,wrong_topic,21,-96.69428734853864,8,-54.993453312665224
fulQKWknVhw--42,wrong_topic,22,-83.98007405549288,7,-48.777779798954725
W4YzurwHpfw--6,wrong_topic,14,-61.17734305560589,6,-60.58010694384575
glNqZ8w4iy8--9,wrong_topic,25,-114.49646028876305,10,-69.51252876222134
o44YnPMhwPU--25,wrong_topic,18,-67.00791482813656,5,-40.89260360784829
UBnqDwRds3A--2,wrong_topic,13,-59.385260224342346,6,-49.57744973897934
wmTrG799MAo--19,wrong_topic,13,-73.6848746240139,6,-53.261173725128174
lPzmjeJmsXo--13,wrong_topic,20,-105.20335999131203,9,-104.4825963973999
ZCBew8Fv0qA--12,wrong_topic,12,-61.89154264330864,5,-44.46549952030182
39at7Lxu6Yo--19,wrong_topic,34,-141.05511891841888,13,-104.31371496245265
EIwWHTO5rZw--8,wrong_topic,26,-151.7480606548488,9,-129.42971907183528
MYGqMojGwBE--116,wrong_topic,20,-90.312045738101,7,-61.50776295363903
BTqVQCBPUzg--47,wrong_topic,10,-47.77536226063967,4,-28.957945227622986
myIXH3PjvoI--93,wrong_topic,8,-47.75022592395544,4,-37.47570884227753
bU_v22EtHIU--1,wrong_topic,23,-93.70969251077622,6,-70.19934502523392
uR-nzhB6D8g--2,wrong_topic,15,-55.49430399388075,6,-41.514919847249985
OEM3CR-HYmk--15,wrong_topic,24,-134.45357912778854,7,-78.12306469678879
uR-nzhB6D8g--3,wrong_topic,18,-91.82663492113352,9,-68.43265226483345
NaXDBBT5pkw--6,wrong_topic,9,-28.54171783849597,4,-3.3896079771220684
wefigjf46u4--2,wrong_topic,14,-68.00113170593977,7,-57.75875860452652
MYGqMojGwBE--30,wrong_topic,19,-73.77203672192991,4,-31.46501982025802
fYxijWb0b_s--9,wrong_topic,17,-70.69804288446903,9,-54.324342615902424
Rc99bcSdhak--16,wrong_topic,15,-63.21039354801178,3,-29.86347384750843
_IyhoG9jXuM--15,wrong_topic,25,-156.05653829872608,7,-50.70085233449936
uYaUCNl1j10--12,wrong_topic,22,-97.57603494869545,8,-76.82555342512205
o9DARfrZg2o--16,wrong_topic,14,-56.69120833929628,5,-41.71563450153917
MYGqMojGwBE--42,wrong_topic,19,-106.36206162720919,7,-79.70811245590448
ixXF2UGOyoU--5,wrong_topic,9,-38.07942018657923,3,-21.219623923301697
BESRE5mtipE--0,wrong_topic,21,-76.7693319581449,8,-72.96787741407752
8DmlFztO2XM--2,wrong_topic,25,-112.58988499827683,6,-94.5397772565484
jLwvQ4URDFY--1,wrong_topic,43,-216.89009641017765,14,-163.0322052007541
5QMD024bDYs--15,wrong_topic,19,-81.44280713424087,7,-45.76646160706878
jLwvQ4URDFY--31,wrong_topic,33,-130.16990345250815,12,-114.1359413890168
aDwdB7xHAOE--1,wrong_topic,28,-177.05874094739556,10,-109.77223056927323
wSEeoT9BqE0--13,wrong_topic,11,-36.148225873708725,4,-29.005029127001762
d5Lx_5-UiHY--41,wrong_topic,11,-41.996008813381195,5,-34.45683588087559
BTqVQCBPUzg--18,wrong_topic,9,-51.956276297569275,4,-48.11207723617554
faZQNy4aErk--62,wrong_topic,12,-41.93950252607465,4,-29.057409930974245
LvN9Dxq2iLY--88,wrong_topic,10,-54.809022694826126,1,-17.09298112988472
HBQwzyxvkZA--256,wrong_topic,19,-69.08400012739003,6,-51.23301002010703
xFEQrtosric--18,wrong_topic,19,-77.99886378529482,5,-60.96645531686954
KmW8f1GVTYY--40,wrong_topic,27,-168.19527933001518,10,-103.96646875143051
nXA9Qpj2z7E--6,wrong_topic,12,-33.828927390277386,3,-23.873866960406303
kytITkHoyls--7,wrong_topic,39,-209.24706718325615,12,-179.51689925044775
ef52bca1a454-6,wrong_topic,15,-72.20786048471928,5,-66.70721837133169
iwYL-ivQm6o--19,wrong_topic,14,-63.66889585927129,5,-23.869783353060484
9b0136913690-41,wrong_topic,17,-85.78824272379279,7,-56.75524804368615
K4eNr2k2Lls--1,wrong_topic,29,-133.81692438572645,8,-99.11421293020248
pMbMjjSj1fM--28,wrong_topic,11,-43.168980181217194,3,-39.361976742744446
MYGqMojGwBE--161,wrong_topic,18,-87.09341944754124,6,-37.358744360506535
mXq8axygjdE--32,wrong_topic,24,-91.71792062371969,6,-69.99234458059072
4vfboqjtAXo_d,wrong_topic,18,-93.86139454692602,5,-47.31036067008972
HBQwzyxvkZA--261,wrong_topic,20,-73.41443748772144,5,-42.583772242069244
CAzt5cxtSjQ--23,wrong_topic,10,-48.07666128128767,6,-46.936728715896606
d5Lx_5-UiHY--51,wrong_topic,15,-78.27621575444937,5,-34.57064995914698
klepEQSaeIk--9,wrong_topic,18,-77.21130308695138,5,-55.73191715218127
48couwymlMM--10,wrong_topic,16,-75.17512553185225,4,-67.57580401748419
K4eNr2k2Lls--0,wrong_topic,11,-49.924554884433746,5,-41.30780965089798
zu_bd3r2GIA--16,wrong_topic,23,-110.96389926970005,8,-85.03771422803402
ef52bca1a454-76,wrong_topic,11,-38.931995049118996,4,-20.244561582803726
ixXF2UGOyoU--2,wrong_topic,14,-88.43148151785135,5,-48.41453331708908
o44YnPMhwPU--37,wrong_topic,17,-76.46816315501928,7,-49.508113503456116
CRJSZ2e7BU0--12,wrong_topic,22,-112.69988300651312,7,-77.25759732723236
91GVHgxW8RA--2,wrong_topic,8,-15.070415142923594,3,-12.892417181283236
gXa0qcoWrsQ--7,wrong_topic,22,-110.36576725542545,9,-98.9806717634201
m3Mmtpr-jjA--42,wrong_topic,20,-97.6484519019723,6,-54.734501741826534
lcBujGRLwE0--29,wrong_topic,35,-164.7928016996011,13,-132.95740499254316
MYGqMojGwBE--205,wrong_topic,23,-96.85303413122892,7,-38.96252378821373
d5Lx_5-UiHY--22,wrong_topic,24,-86.50836563948542,7,-43.08754424098879
9b0136913690-89,wrong_topic,12,-46.18206509947777,2,-32.18918922543526
8E-llRXuhl0--5,wrong_topic,24,-119.21109401807189,6,-73.6274731643498
iGdg-iGlUFg--11,wrong_topic,18,-75.43927832879126,7,-58.49006279744208
jMdxYlvrkbk--9,wrong_topic,20,-95.28967781364918,8,-51.14182507991791
vbq8QbOwOt4--15,wrong_topic,11,-34.21421664953232,3,-23.544283509254456
m3Mmtpr-jjA--8,wrong_topic,10,-56.73751221597195,3,-37.80381605029106
o44YnPMhwPU--11,wrong_topic,10,-41.34635676443577,5,-27.191248580813408
o9DARfrZg2o--12,wrong_topic,12,-39.54555979371071,3,-34.13141207396984
rYcw__0tDhw--9,wrong_topic,20,-95.90700456313789,5,-65.31287292949855
eabe1f38221a-51,wrong_topic,10,-38.55592851340771,3,-30.841597080230713
HBQwzyxvkZA--116,wrong_topic,8,-45.4168016910553,3,-27.548154830932617
LvN9Dxq2iLY--139,wrong_topic,7,-28.194778241217136,2,-21.250232845544815
8w6k4jEJJlU--19,wrong_topic,24,-80.81501827389002,9,-43.24572438746691
Kq5HfchSWv8--7,wrong_topic,14,-50.592421053443104,4,-39.1935301409103
NDYHcIF50eE--2,wrong_topic,16,-60.07138318568468,4,-37.5308066084981
809a3a5e02d1-65,wrong_topic,8,-31.983322620391846,2,-14.449726581573486
AVb1VABiJJ8--18,wrong_topic,12,-84.92933170124888,7,-72.4245583564043
HBQwzyxvkZA--265,wrong_topic,16,-78.07821153104305,5,-39.105690717697144
ijrjSBx7WTc--59,wrong_topic,9,-33.00413230061531,3,-21.593322664499283
IjeHLt1vNoM--13,wrong_topic,20,-87.02700374647975,7,-49.0872548930347
BTqVQCBPUzg--122,wrong_topic,17,-118.58623761683702,5,-60.723100900650024
NaXDBBT5pkw--25,wrong_topic,27,-129.73288588225842,9,-79.43547666072845
4DhGy83DK_s--8,wrong_topic,9,-68.82224321365356,3,-43.157530784606934
zu_bd3r2GIA--29,wrong_topic,18,-103.75109821557999,5,-69.87258321046829
xFEQrtosric--19,wrong_topic,19,-95.21128661092371,6,-69.23731078859419
rYcw__0tDhw--11,wrong_topic,8,-54.92867332696915,3,-38.373894691467285
DP1ly_MsHHQ--25,wrong_topic,21,-108.06634423369542,7,-49.09218684816733
myIXH3PjvoI--106,wrong_topic,12,-59.19995154440403,4,-38.863985143601894
KI0avgGkWiU--25,wrong_topic,11,-53.65014832094312,4,-49.05139024928212
-hZpPIT6N4U_d,wrong_topic,17,-49.11824198439717,5,-36.407967288047075
myIXH3PjvoI--102,wrong_topic,14,-70.23921786621213,4,-47.47294967249036
MYGqMojGwBE--46,wrong_topic,16,-94.54134488105774,5,-43.94853949546814
3vCea9zWFek--10,wrong_topic,13,-51.2060102969408,2,-18.550765991210938
MYGqMojGwBE--172,wrong_topic,13,-79.433867841959,3,-41.366515159606934
d5Lx_5-UiHY--100,wrong_topic,14,-79.55798801220953,3,-20.175650442019105
iwYL-ivQm6o--5,wrong_topic,15,-54.80297864973545,4,-32.639643907547
Xmm9ZyMy12g--19,wrong_topic,24,-129.5087441392243,7,-95.4291691146791
hgaKby5Mha4--15,wrong_topic,20,-94.84116530418396,7,-61.605474941432476
MnCcM6PZrug--9,wrong_topic,15,-98.73095370829105,5,-62.17431379854679
bqE5C2tmc9c--9,wrong_topic,22,-92.13201416283846,9,-71.1228945106268
OEM3CR-HYmk--0,wrong_topic,21,-129.59645342826843,6,-114.97032952308655
faZQNy4aErk--82,wrong_topic,20,-121.68572371453047,9,-111.23410135507584
C-cgPb_N2dY--0,wrong_topic,24,-112.40110623650253,8,-66.50556891970336
AVb1VABiJJ8--10,wrong_topic,23,-97.67588420212269,10,-74.29860585927963
Lt5GAA6MIuM--1,wrong_topic,19,-93.30551130510867,8,-74.83458164334297
gp0w_zrLgfw--10,wrong_topic,12,-72.93180105090141,6,-47.62280875444412
eBj_HUu0CNw--29,wrong_topic,12,-49.20031117647886,4,-27.115413665771484
QiJgNpX3zN0--11,wrong_topic,21,-118.34034674614668,8,-91.97559725493193
faZQNy4aErk--32,wrong_topic,20,-77.4650600804016,5,-37.82284745108336
aDwdB7xHAOE--10,wrong_topic,17,-100.22983989864588,9,-81.32409387081861
YsuSHJ3klEs--7,wrong_topic,24,-88.84698114544153,8,-76.61473177745938
MYGqMojGwBE--217,wrong_topic,13,-69.4401744902134,6,-40.42200016975403
8DmlFztO2XM--0,wrong_topic,21,-89.49762652814388,5,-65.36629398912191
gp0w_zrLgfw--20,wrong_topic,28,-180.68224285542965,10,-133.09350603073835
MYGqMojGwBE--258,wrong_topic,15,-70.3979954496026,5,-34.51920685917139
40BjLI5XtJE--10,wrong_topic,22,-111.50725271552801,7,-61.2727507352829
fulQKWknVhw--12,wrong_topic,31,-159.91519437730312,7,-76.27869860827923
myIXH3PjvoI--122,wrong_topic,12,-56.74143858253956,4,-36.119604244828224
jMdxYlvrkbk--7,wrong_topic,22,-92.4046372026205,6,-65.67398871481419
-X_zmve1y00--14,wrong_topic,19,-123.13848316669464,8,-79.81005954742432
sktRu3sp97g--15,wrong_topic,16,-62.58753062784672,7,-43.24934375286102
7byz3fdI-Ss--16,wrong_topic,9,-5.727658307179809,4,-5.577865922823548
809a3a5e02d1-119,wrong_topic,11,-44.16489773988724,4,-18.316774487495422
Rc99bcSdhak--14,wrong_topic,8,-37.23571866750717,3,-19.31617510318756
v0g35qCOCwU--0,wrong_topic,25,-125.16016820073128,10,-94.84896484017372
N6jpL7uibFI_e2,wrong_topic,24,-103.00209117215127,6,-78.58246616553515
MYGqMojGwBE--282,wrong_topic,16,-85.22443211078644,6,-47.475563645362854
mjvqIq_fvRY--10,wrong_topic,25,-132.44854268059134,9,-100.03877491503954
lZarpnV0alw--12,wrong_topic,14,-74.4376016985625,2,-53.029567612335086
mXq8axygjdE--28,wrong_topic,32,-164.72972471266985,12,-113.22241277992725
IjeHLt1vNoM--3,wrong_topic,20,-105.75494368001819,8,-77.62366206943989
6_yO8Lc8Hd4--16,wrong_topic,21,-83.33948165178299,3,-31.622608244419098
HBQwzyxvkZA--237,wrong_topic,16,-76.27124065347016,7,-61.18381674773991
CRJSZ2e7BU0--8,wrong_topic,30,-125.07657925412059,10,-102.97566564008594
K4eNr2k2Lls--19,wrong_topic,14,-58.17384226992726,6,-37.375024892389774
U5Tq9r7saZU--19,wrong_topic,16,-80.07050865143538,5,-59.24647602438927
uYaUCNl1j10--3,wrong_topic,34,-107.24042160157114,11,-86.80561915878206
3gKelnCwuj8--0,wrong_topic,17,-47.007584765553474,6,-44.7832023948431
ZVE_KjrY_po--22,wrong_topic,21,-101.36314933001995,8,-91.53569009900093
i4j5Bj2NL1c--11,wrong_topic,28,-182.45629693567753,10,-135.53082372248173
9b0136913690-57,wrong_topic,20,-109.17191535234451,4,-80.3707794547081
wwpptVjgAws--10,wrong_topic,32,-155.8212867192924,11,-102.53985498473048
gp0w_zrLgfw--13,wrong_topic,28,-115.76045799255371,10,-75.86685276776552
HBQwzyxvkZA--129,wrong_topic,15,-52.824180226773024,6,-42.430993273854256
fqJW-F3WIYc--0,wrong_topic,21,-94.04826430915273,8,-81.24881519316114
xnY08sy7Sqk--6,wrong_topic,13,-61.25730788707733,4,-56.01655662059784
maCRL8WG0GQ--3,wrong_topic,10,-52.88364252448082,5,-21.224696964025497
xnY08sy7Sqk--3,wrong_topic,25,-132.97092556767166,9,-98.42811238579452
AVb1VABiJJ8--13,wrong_topic,16,-80.18707139790058,7,-71.69885720312595
HBQwzyxvkZA--331,wrong_topic,16,-64.08172405511141,4,-51.924802251160145
HBQwzyxvkZA--79,wrong_topic,24,-97.37855997122824,8,-54.77428369410336
0bk98uIiTS8--18,wrong_topic,15,-52.10359758883715,5,-41.486522793769836
OJxSniCPUpI--2,wrong_topic,15,-70.10336689651012,6,-62.530612990260124
m-w_78fDg9M--11,wrong_topic,28,-167.16850604116917,9,-102.77749480307102
mDUCHJerTtE--9,wrong_topic,14,-86.02974927425385,4,-42.310895055532455
BTqVQCBPUzg--94,wrong_topic,8,-48.77820473909378,2,-21.37492036819458
CAzt5cxtSjQ--13,wrong_topic,23,-127.90334551781416,11,-92.72038017213345
8DmlFztO2XM--1,wrong_topic,27,-128.44474600243848,10,-94.12472423294093
ZVE_KjrY_po--4,wrong_topic,16,-68.15543433371931,4,-59.298259102739394
9b0136913690-78,wrong_topic,20,-107.75479131937027,7,-53.70782868564129
5n_IGU5rYYk--24,wrong_topic,29,-173.01632323116064,11,-78.99451547116041
HBQwzyxvkZA--131,wrong_topic,18,-88.60622251033783,4,-74.97651895880699
lZarpnV0alw--2,wrong_topic,21,-108.27691520005465,7,-83.79874172061682
6_yO8Lc8Hd4--5,wrong_topic,25,-114.90039070695639,8,-61.50643314421177
u7wx4rUBg_k--5,wrong_topic,22,-105.76078160852194,7,-64.36728537082672
w_xCnJVyPYA_e1,wrong_topic,17,-82.78170961141586,5,-61.43248438835144
BTqVQCBPUzg--105,wrong_topic,15,-55.40742149949074,5,-36.544945165514946
d5Lx_5-UiHY--111,wrong_topic,11,-69.13988536596298,2,-22.47737717628479
HBQwzyxvkZA--330,wrong_topic,33,-145.16120669990778,10,-84.95091914385557
lcBujGRLwE0--38,wrong_topic,31,-108.95454655424692,9,-91.07962582842447
oPITLi0VKh8--1,wrong_topic,19,-72.09477257868275,7,-53.891320244874805
s_8IbRRsr0Q--0,wrong_topic,35,-161.49301651492715,9,-89.4751352854073
lZarpnV0alw--11,wrong_topic,18,-89.6140048801899,5,-39.67505420744419
NDYHcIF50eE--19,wrong_topic,9,-38.06951308995485,2,-19.762188620865345
fqJW-F3WIYc--5,wrong_topic,25,-122.33558862656355,8,-107.67375160753727
yb7efY9x78U--0,wrong_topic,33,-150.49030105024576,9,-87.50883612781763
fYxijWb0b_s--28,wrong_topic,16,-91.47478741407394,6,-78.08597844839096
HBQwzyxvkZA--140,wrong_topic,19,-95.07371166534722,6,-83.9412312824279
ojYFIliNLGI--2,wrong_topic,22,-108.81254818849266,11,-85.57382232509553
q4RnudGCU18--15,wrong_topic,20,-95.43539208173752,5,-70.43688187003136
xnY08sy7Sqk--12,wrong_topic,15,-72.57185580581427,5,-63.56150584667921
Zc2bgIDZ-Ks--57,wrong_topic,9,-30.89771308749914,4,-26.201720416545868
QiGhWfjM2FI--18,wrong_topic,23,-108.55526307970285,7,-60.87307117879391
nvfK4jQ7MH0--7,wrong_topic,16,-91.08907973021269,7,-59.41769778728485
OJxSniCPUpI--19,wrong_topic,17,-65.05770320445299,9,-47.51932991668582
mDUCHJerTtE--0,wrong_topic,14,-66.47201434895396,5,-47.654954474419355
dPuKX_lM4Zc--114,wrong_topic,8,-18.21079859137535,3,-16.329098641872406
pMbMjjSj1fM--24,wrong_topic,24,-168.13019286096096,5,-137.53408335149288
AZ2s4Adm9RU--25,wrong_topic,15,-59.355716682970524,5,-33.401086926460266
KmW8f1GVTYY--45,wrong_topic,20,-105.61548366397619,8,-97.18474092334509
faZQNy4aErk--59,wrong_topic,21,-101.43947543390095,6,-78.59570600278676
HBQwzyxvkZA--69,wrong_topic,20,-128.6191572546959,8,-72.35706615447998
9b0136913690-9,wrong_topic,11,-48.06937861442566,5,-34.14110255241394
ef52bca1a454-70,wrong_topic,8,-39.71043598651886,3,-25.238311529159546
wUH1dDbu9B4--3,wrong_topic,26,-150.8845560103655,6,-136.22397731244564
nvfK4jQ7MH0--1,wrong_topic,20,-60.634504213929176,4,-19.220868796110153
HBQwzyxvkZA--229,wrong_topic,17,-68.92955968528986,7,-50.10546064376831
HBQwzyxvkZA--76,wrong_topic,16,-82.1151235550642,5,-48.11111640930176
1xJ_dkBcAIU--6,wrong_topic,16,-122.42959100008011,7,-100.78545933961868
vyBaeFU8J_k--0,wrong_topic,13,-59.00084449350834,4,-45.44415944814682
lSLqIyupXrk--15,wrong_topic,15,-48.03353697806597,6,-42.17670634388924
HBQwzyxvkZA--280,wrong_topic,17,-77.08549186587334,6,-53.083546459674835
0bk98uIiTS8--29,wrong_topic,22,-90.46395094692707,6,-48.44829052686691
faZQNy4aErk--43,wrong_topic,41,-193.23177024675533,13,-146.9374613459222
XcXCB---N9M--37,wrong_topic,23,-109.16679259762168,7,-67.3313149921596
LvN9Dxq2iLY--137,wrong_topic,11,-48.57242005318403,4,-35.62208440154791
_r1S90f_nsM--6,wrong_topic,17,-87.09620526619256,6,-42.13492916710675
8E-llRXuhl0--17,wrong_topic,20,-129.84844950214028,7,-90.07203330472112
ijrjSBx7WTc--68,wrong_topic,8,-36.99560667574406,3,-20.721577063202858
4DhGy83DK_s--26,wrong_topic,15,-43.19894030014984,4,-14.080387972993776
oPITLi0VKh8--17,wrong_topic,21,-94.08775142580271,6,-59.39252323657274
bOZ_Lap5FNA--17,wrong_topic,22,-79.62101377733052,8,-61.87713312916458
4DhGy83DK_s--3,wrong_topic,15,-78.55932581424713,4,-58.787015587091446
ZCBew8Fv0qA--22,wrong_topic,42,-225.86381855607033,12,-173.45457836985588
klepEQSaeIk--12,wrong_topic,16,-51.33561720699072,4,-17.25635851919651
lZarpnV0alw--9,wrong_topic,10,-54.64902140200138,5,-49.87837828695774
o9DARfrZg2o--6,wrong_topic,15,-60.37369213998318,3,-51.454087629914284
o9DARfrZg2o--3,wrong_topic,18,-91.89399218559265,5,-64.07275387644768
AVb1VABiJJ8--8,wrong_topic,8,-53.132995545864105,3,-31.613196313381195
ijrjSBx7WTc--42,wrong_topic,8,-48.36804795265198,2,-22.481446266174316
kES_ZNjFKz8--10,wrong_topic,17,-80.61743369698524,7,-70.15183392167091
ckGC5hUffDU--13,wrong_topic,9,-38.868609350174665,3,-24.865796487778425
fqJW-F3WIYc--16,wrong_topic,43,-218.81603796593845,13,-182.71016952209175
8E-llRXuhl0--21,wrong_topic,20,-96.64734724909067,9,-74.36523310095072
MYGqMojGwBE--277,wrong_topic,15,-107.20141381025314,6,-47.329621732234955
myIXH3PjvoI--48,wrong_topic,17,-98.5511117093265,3,-42.628920804709196
KHL0wkbu0-s--4,wrong_topic,16,-86.53618059307337,6,-40.64196302741766
jC6VuHNpTLM--8,wrong_topic,28,-104.13069650530815,10,-86.1663130223751
myIXH3PjvoI--52,wrong_topic,12,-44.05497622489929,3,-30.321985244750977
C-cgPb_N2dY--7,wrong_topic,18,-93.47115777432919,7,-72.44445890188217
myIXH3PjvoI--92,wrong_topic,13,-42.55909377336502,5,-26.008316606283188
6_yO8Lc8Hd4--11,wrong_topic,26,-101.02206275751814,8,-73.33307595690712
o44YnPMhwPU--26,wrong_topic,23,-119.03513279557228,9,-88.7699812501669
XcXCB---N9M--40,wrong_topic,28,-170.06505350768566,9,-95.06964203715324
HBQwzyxvkZA--326,wrong_topic,28,-177.9206056445837,9,-103.85540309548378
dkavvNigK7s--3,wrong_topic,16,-87.79091197252274,6,-55.612004697322845
LvN9Dxq2iLY--9,wrong_topic,14,-69.48078486323357,4,-42.89456531405449
QiJgNpX3zN0--2,wrong_topic,13,-66.84840717166662,3,-26.107146620750427
KI0avgGkWiU--14,wrong_topic,21,-97.66690978780389,9,-71.65057974681258
48couwymlMM--0,wrong_topic,21,-84.32409743592143,6,-77.24649412557483
XcXCB---N9M--25,wrong_topic,18,-110.49738869071007,7,-78.06688944250345
myIXH3PjvoI--39,wrong_topic,16,-62.2820356534794,5,-40.42196859139949
nvfK4jQ7MH0--26,wrong_topic,12,-50.15708839893341,3,-34.84232997894287
MYGqMojGwBE--103,wrong_topic,15,-77.9686849117279,5,-38.85264849662781
LvN9Dxq2iLY--24,wrong_topic,11,-77.46876988559961,3,-37.941245317459106
Sqa3ig2NN9Q--13,wrong_topic,17,-72.86917091161013,6,-44.756320640444756
809a3a5e02d1-86,wrong_topic,8,-38.724127531051636,2,-19.498225688934326
MYGqMojGwBE--62,wrong_topic,15,-74.54078184068203,4,-43.09547363221645
pMbMjjSj1fM--16,wrong_topic,23,-96.98239799169824,11,-85.74181010155007
mXq8axygjdE--66,wrong_topic,18,-65.81149293482304,4,-56.62020979821682
vbq8QbOwOt4--17,wrong_topic,20,-111.01048966124654,5,-79.55328365042806
dPuKX_lM4Zc--110,wrong_topic,27,-136.20648039120715,11,-106.05287211248651
eabe1f38221a-52,wrong_topic,15,-86.87319159507751,6,-61.764238715171814
LvN9Dxq2iLY--210,wrong_topic,18,-100.8764647655189,5,-76.19063014909625
0bk98uIiTS8--42,wrong_topic,22,-127.67611388489604,10,-98.22012943029404
faZQNy4aErk--40,wrong_topic,17,-68.83748276904225,7,-46.49867673590779
Kq5HfchSWv8--2,wrong_topic,9,-54.69240027666092,4,-41.987508893013
ZMsnY_khlNQ--5,wrong_topic,21,-146.06713052093983,7,-123.40799783170223
80Cx4CH-AVI--4,wrong_topic,22,-111.471156001091,8,-94.15318751335144
HBQwzyxvkZA--283,wrong_topic,23,-109.95962080359459,10,-79.41215571761131
Nv3WLYio7Lc--1,wrong_topic,20,-116.90969084948301,5,-106.17758455127478
KHL0wkbu0-s--24,wrong_topic,18,-48.49062246270478,9,-39.030895026400685
BO1ehFUMWEs--21,wrong_topic,27,-176.39334093779325,9,-147.3984296321869
QXsIVtanWdw--8,wrong_topic,16,-78.12820510193706,5,-55.728528674691916
jN2lbHzIneI--10,wrong_topic,16,-54.63262918032706,5,-29.25065922923386
_IyhoG9jXuM--10,wrong_topic,11,-52.56619385443628,4,-49.52032925747335
Kq5HfchSWv8--23,wrong_topic,17,-67.74043830111623,7,-46.396683286875486
LvN9Dxq2iLY--61,wrong_topic,18,-109.6357806827873,7,-90.01688717864454
T-5au9lZhYI--9,wrong_topic,11,-40.477038603276014,4,-35.213209759444
mXq8axygjdE--81,wrong_topic,19,-58.2262733951211,6,-43.39165226370096
HBQwzyxvkZA--213,wrong_topic,23,-90.33918938413262,8,-61.122799418866634
fYxijWb0b_s--23,wrong_topic,9,-36.29063003510237,3,-17.369582772254944
a8zp7ivHwBU--8,wrong_topic,15,-81.3522227704525,7,-47.93140496313572
xnY08sy7Sqk--19,wrong_topic,14,-62.59386482834816,5,-46.368312656879425
9bqfEh7BD3c--14,wrong_topic,7,-37.59523057937622,3,-16.705317497253418
Zc2bgIDZ-Ks--48,wrong_topic,8,-42.237639993429184,3,-28.144217252731323
ZCBew8Fv0qA--4,wrong_topic,15,-70.51650911569595,5,-39.13023084402084
VwsRPJN7txM--8,wrong_topic,18,-105.21304832398891,9,-74.78181898593903
W4YzurwHpfw--17,wrong_topic,17,-65.79887202754617,8,-58.239847499877214
HBQwzyxvkZA--120,wrong_topic,11,-56.39510637521744,5,-44.72536537051201
T-5au9lZhYI--6,wrong_topic,14,-70.21006535738707,6,-46.20573607087135
5QMD024bDYs--23,wrong_topic,16,-62.402126386761665,7,-42.44712233543396
AVb1VABiJJ8--22,wrong_topic,20,-127.4268803447485,10,-93.28923352062702
QiJgNpX3zN0--9,wrong_topic,18,-90.42040178738534,7,-65.37412250041962
nXA9Qpj2z7E--16,wrong_topic,20,-128.95762833580375,6,-114.53321448341012
kytITkHoyls--2,wrong_topic,10,-58.66002388484776,3,-27.219001250341535
KmW8f1GVTYY--42,wrong_topic,23,-136.47181971371174,8,-97.1964340209961
m3Mmtpr-jjA--9,wrong_topic,19,-79.15751649439335,6,-53.56063771247864
o44YnPMhwPU--42,wrong_topic,11,-43.21627500653267,3,-20.492979243397713
BTqVQCBPUzg--96,wrong_topic,11,-78.21449536085129,4,-53.451284289360046
uYaUCNl1j10--0,wrong_topic,26,-109.95270493626595,10,-81.59883662313223
oAhfJ8yB1j0--1,wrong_topic,15,-59.097674656659365,4,-57.00757518038154
yb7efY9x78U--4,wrong_topic,15,-60.420323468744755,5,-37.32428400963545
K4eNr2k2Lls--29,wrong_topic,23,-81.96570282569155,6,-61.30101994192228
faZQNy4aErk--7,wrong_topic,16,-82.2917839474976,4,-32.62153722718358
XcXCB---N9M--14,wrong_topic,23,-109.54469365626574,7,-73.14320082217455
NaXDBBT5pkw--0,wrong_topic,20,-105.68112054467201,5,-76.27930268645287
rZG7T9ujMEo--3,wrong_topic,9,-34.028211772441864,2,-5.0357062220573425
0bk98uIiTS8--24,wrong_topic,27,-129.52048242092133,8,-70.56278073787689
jN2lbHzIneI--8,wrong_topic,29,-128.7164265178144,11,-99.8147606216371
wSEeoT9BqE0--16,wrong_topic,27,-132.05152115225792,13,-100.4417864754796
wwpptVjgAws--2,wrong_topic,13,-32.21065949648619,4,-13.035109110176563
xnY08sy7Sqk--15,wrong_topic,9,-36.4043689891696,3,-17.432486534118652
eyqLkKS5Qkw--22,wrong_topic,16,-65.67396695166826,7,-61.863743618130684
Sqa3ig2NN9Q--1,wrong_topic,18,-100.4088661596179,5,-72.88255523890257
eabe1f38221a-65,wrong_topic,14,-71.24260745407082,4,-23.153336743125692
ozS8Mx8AdH8--2,wrong_topic,24,-119.65577724948525,10,-95.72445579245687
rZG7T9ujMEo--5,wrong_topic,24,-116.03022975474596,8,-77.69751359522343
cw1YIV30nQM--2,wrong_topic,10,-72.59913325309753,4,-44.736804723739624
MnCcM6PZrug--6,wrong_topic,39,-207.7148211095482,13,-158.94049923308194
MnCcM6PZrug--4,wrong_topic,23,-117.03089296072721,9,-99.54433016479015
K4eNr2k2Lls--16,wrong_topic,15,-73.99749038368464,10,-73.39506673812866
W4YzurwHpfw--14,wrong_topic,13,-65.7452645227313,4,-57.358909979462624
UBnqDwRds3A--18,wrong_topic,23,-111.44421096146107,10,-95.19592751562595
ZVE_KjrY_po--12,wrong_topic,19,-71.57110055908561,7,-40.2416159324348
IjeHLt1vNoM--6,wrong_topic,29,-166.87955775856972,11,-131.78883929550648
BESRE5mtipE--14,wrong_topic,11,-60.57000084966421,5,-39.92367208003998
9xc24mAlprE--12,wrong_topic,9,-31.643762063235044,5,-21.811954325065017
6U9AFGakrn0--1,wrong_topic,15,-65.4624000415206,5,-47.925518691539764
Lt5GAA6MIuM--14,wrong_topic,12,-65.82530730962753,5,-45.431947842240334
Zc2bgIDZ-Ks--76,wrong_topic,17,-56.53733970876783,3,-21.778974181972444
XcXCB---N9M--24,wrong_topic,17,-122.5396654009819,5,-90.75767439603806
9xc24mAlprE--9,wrong_topic,19,-60.610888443887234,6,-47.934036873281
BESRE5mtipE--17,wrong_topic,20,-116.82450026273727,10,-94.41665744781494
MYGqMojGwBE--32,wrong_topic,14,-64.64543282985687,4,-54.51286232471466
Zc2bgIDZ-Ks--58,wrong_topic,37,-161.8820998687297,11,-92.70222085155547
zu_bd3r2GIA--5,wrong_topic,25,-112.93323794007301,4,-47.97908580303192
mjvqIq_fvRY--1,wrong_topic,18,-77.21118988469243,6,-52.585618156939745
NaXDBBT5pkw--1,wrong_topic,7,-12.731745980679989,2,-0.4613262191414833
vyBaeFU8J_k--15,wrong_topic,28,-153.65219042543322,8,-117.5356315607205
vyBaeFU8J_k--21,wrong_topic,19,-90.06798777729273,8,-76.07494834810495
3Pk2c_Z4ahk--14,wrong_topic,12,-66.03686353564262,5,-51.10851415991783
ZVE_KjrY_po--23,wrong_topic,11,-52.4045385196805,3,-25.81863510608673
Lt5GAA6MIuM--11,wrong_topic,34,-175.05716748349369,15,-137.35320462845266
lPzmjeJmsXo--40,wrong_topic,12,-50.21469144523144,7,-36.121656596660614
lPzmjeJmsXo--11,wrong_topic,17,-102.62622535973787,6,-71.06678195297718
91GVHgxW8RA--18,wrong_topic,25,-127.44153539463878,8,-116.90440995618701
rZG7T9ujMEo--19,wrong_topic,21,-108.74357264116406,8,-79.03643584251404
36YV-IPiUXM--11,wrong_topic,31,-161.86790812760592,10,-140.23750936985016
Zc2bgIDZ-Ks--23,wrong_topic,30,-146.43223103135824,11,-112.08243560791016
3gKelnCwuj8--9,wrong_topic,17,-74.7799945436418,8,-65.974943254143
BTqVQCBPUzg--53,wrong_topic,11,-60.71741722524166,5,-43.9820773601532
MYGqMojGwBE--86,wrong_topic,16,-67.7299192249775,6,-46.95472678542137
R6_v5nqXuGg--0,wrong_topic,23,-120.55218266509473,13,-117.76499675773084
lZarpnV0alw--4,wrong_topic,20,-115.79792823642492,6,-100.22446344792843
0kldzhToGLc--0,wrong_topic,21,-119.75924905389547,6,-110.62874659150839
Sqa3ig2NN9Q--8,wrong_topic,16,-65.4842654466629,4,-44.218757182359695
Rblg5TE6TI0--29,wrong_topic,28,-131.62372792512178,10,-88.99102631211281
nvfK4jQ7MH0--8,wrong_topic,21,-130.9356908276677,10,-96.98601281642914
fYxijWb0b_s--18,wrong_topic,15,-89.02632938325405,5,-67.69888532161713
HBQwzyxvkZA--267,wrong_topic,7,-46.87924408912659,2,-19.73998236656189
gp0w_zrLgfw--7,wrong_topic,29,-154.60205932334065,11,-86.98380631580949
3Pk2c_Z4ahk--20,wrong_topic,27,-141.13375241309404,8,-115.1660972610116
Zc2bgIDZ-Ks--39,wrong_topic,22,-105.36650203168392,7,-71.38737976551056
ZCBew8Fv0qA--7,wrong_topic,16,-95.01330399513245,4,-70.679447889328
MYGqMojGwBE--26,wrong_topic,34,-216.7887042760849,7,-176.83710503578186
MYGqMojGwBE--36,wrong_topic,10,-46.46286553144455,4,-30.39341640472412
36YV-IPiUXM--17,wrong_topic,53,-290.4281603433192,14,-252.81419910863042
pMbMjjSj1fM--4,wrong_topic,18,-86.32450972124934,6,-76.63227526471019
809a3a5e02d1-27,wrong_topic,22,-123.33671986311674,6,-56.421561650931835
9xc24mAlprE--25,wrong_topic,14,-85.86389597505331,6,-64.74120426177979
0kldzhToGLc--9,wrong_topic,22,-113.57765406556427,9,-78.34867631085217
aDwdB7xHAOE--13,wrong_topic,17,-53.5103265454527,6,-36.832457314943895
wUH1dDbu9B4--18,wrong_topic,17,-96.05674266070127,7,-51.135702311992645
BO1ehFUMWEs--29,wrong_topic,34,-195.66811698675156,8,-124.64281278848648
mXq8axygjdE--48,wrong_topic,20,-111.82185930758715,7,-101.65240731835365
VwsRPJN7txM--7,wrong_topic,11,-50.659529738128185,5,-50.097906582057476
ZMsnY_khlNQ--6,wrong_topic,15,-76.48899243026972,6,-60.299746215343475
KHL0wkbu0-s--21,wrong_topic,12,-69.59830248355865,5,-39.37938290834427
mjvqIq_fvRY--15,wrong_topic,9,-40.256241127848625,5,-34.50348460674286
o44YnPMhwPU--6,wrong_topic,9,-52.94323015213013,4,-39.814592123031616
s_8IbRRsr0Q--11,wrong_topic,38,-188.40857795253396,11,-157.67205599322915
ZMsnY_khlNQ--4,wrong_topic,19,-50.824519731104374,8,-43.94260220974684
9b0136913690-50,wrong_topic,20,-107.19123351573944,6,-54.32132199406624
5QMD024bDYs--4,wrong_topic,19,-93.21725669130683,6,-57.33067699894309
MYGqMojGwBE--19,wrong_topic,10,-75.69349920749664,5,-64.68209671974182
UBnqDwRds3A--16,wrong_topic,21,-159.3741938471794,8,-80.40148836374283
q4RnudGCU18--23,wrong_topic,24,-118.41501458734274,8,-73.77655769139528
vyBaeFU8J_k--3,wrong_topic,14,-88.81936290860176,6,-56.15337207913399
jN2lbHzIneI--15,wrong_topic,23,-103.05377093702555,8,-70.16008321940899
W4YzurwHpfw--5,wrong_topic,13,-60.05962182581425,5,-41.44314370304346
3vCea9zWFek--3,wrong_topic,17,-74.3296507941559,5,-39.47616264689714
wwpptVjgAws--15,wrong_topic,47,-234.84759968612343,13,-186.66811975929886
DF4fto_X1Y4--13,wrong_topic,12,-53.63037322461605,4,-26.94150859117508
fulQKWknVhw--1,wrong_topic,21,-62.06267456803471,8,-52.127109684981406
hgaKby5Mha4--34,wrong_topic,21,-116.38787016272545,7,-93.1117614209652
48couwymlMM--15,wrong_topic,23,-84.588284984231,7,-59.27646628767252
i4j5Bj2NL1c--3,wrong_topic,24,-115.65930151194334,11,-95.4760403484106
cw1YIV30nQM--6,wrong_topic,17,-105.7925203293562,7,-65.3552875816822
fqJW-F3WIYc--8,wrong_topic,12,-56.978485176339746,5,-46.680042961612344
HBQwzyxvkZA--316,wrong_topic,15,-64.16637927293777,6,-50.33980964124203
LvN9Dxq2iLY--200,wrong_topic,12,-76.08850298821926,5,-55.52660070359707
6MxCP_583q8_e4,wrong_topic,9,-72.37332464009523,4,-49.771875001490116
HBQwzyxvkZA--57,wrong_topic,21,-89.27760001644492,7,-58.37328486517072
yb7efY9x78U--15,wrong_topic,23,-108.39596324786544,7,-82.13603737205267
l9bZYazJQ1w--2,wrong_topic,9,-26.48678293824196,4,-16.149684011936188
3gKelnCwuj8--16,wrong_topic,16,-74.72777938842773,7,-56.95539700984955
lSLqIyupXrk--7,wrong_topic,11,-45.452540427446365,4,-27.792943499982357
HBQwzyxvkZA--230,wrong_topic,15,-42.88161099143326,5,-23.889918506145477
q4RnudGCU18--11,wrong_topic,10,-48.47894099354744,4,-33.05174493789673
AZ2s4Adm9RU--9,wrong_topic,14,-71.37974718213081,5,-38.902166306972504
MYGqMojGwBE--95,wrong_topic,18,-95.88272329419851,9,-77.50411912053823
17OIKvJmrK8--11,wrong_topic,28,-143.02696934714913,9,-130.18925658240914
HBQwzyxvkZA--146,wrong_topic,20,-91.58001375198364,7,-70.24195575714111
HBQwzyxvkZA--77,wrong_topic,10,-53.74783259630203,3,-17.556640148162842
MYGqMojGwBE--235,wrong_topic,8,-64.28878045082092,3,-27.06279182434082
JqYder5vRP4--0,wrong_topic,11,-61.39095692336559,5,-45.02052693068981
eyqLkKS5Qkw--3,wrong_topic,16,-91.06258134543896,8,-75.72580233216286
48couwymlMM--24,wrong_topic,12,-53.816408812999725,5,-41.075741708278656
iGdg-iGlUFg--12,wrong_topic,19,-83.38141629099846,4,-55.66792447119951
K5lgB4YzOO0--4,wrong_topic,27,-153.4923892915249,9,-134.81628248095512
m3Mmtpr-jjA--34,wrong_topic,16,-86.38295998424292,9,-73.01811089366674
HBQwzyxvkZA--303,wrong_topic,16,-80.84960210695863,3,-60.2358208745718
Rblg5TE6TI0--19,wrong_topic,23,-157.8450327925384,12,-124.63728249445558
tDrI-9pSul0--6,wrong_topic,21,-102.13714538887143,9,-84.72831070795655
6_yO8Lc8Hd4--19,wrong_topic,11,-41.634286642074585,3,-15.033334732055664
faZQNy4aErk--51,wrong_topic,22,-120.07252392917871,8,-42.13275317847729
d5Lx_5-UiHY--85,wrong_topic,25,-104.50140857696533,10,-71.24996334314346
lSLqIyupXrk--2,wrong_topic,12,-62.954904578626156,6,-53.34300088882446
sktRu3sp97g--3,wrong_topic,15,-63.29139842092991,3,-20.99334216117859
MnCcM6PZrug--19,wrong_topic,36,-158.94852292910218,11,-102.95442708954215
DP1ly_MsHHQ--2,wrong_topic,20,-113.65907719358802,8,-66.84754278883338
mXq8axygjdE--65,wrong_topic,15,-62.78829945996404,5,-39.690884817391634
Rblg5TE6TI0--32,wrong_topic,12,-38.16709050908685,4,-28.886878218501806
4vfboqjtAXo_e3,wrong_topic,14,-71.20393398404121,4,-50.71820789575577
HBQwzyxvkZA--313,wrong_topic,21,-113.43945238366723,5,-84.25476795807481
vyBaeFU8J_k--5,wrong_topic,33,-152.6843836195767,8,-103.17126724496484
5QMD024bDYs--5,wrong_topic,15,-70.67297217994928,5,-43.824874579906464
3gKelnCwuj8--7,wrong_topic,16,-60.437584896571934,6,-45.92988546658307
ef52bca1a454-78,wrong_topic,16,-50.92376217991114,5,-36.29831425100565
4DhGy83DK_s--17,wrong_topic,28,-110.29615603759885,8,-72.99236380308867
mXq8axygjdE--64,wrong_topic,14,-64.60114526748657,5,-37.85032004117966
yAAWlkm-_KA--8,wrong_topic,24,-115.47697704285383,10,-72.80225884914398
BTqVQCBPUzg--81,wrong_topic,16,-86.44292607158422,7,-78.22509118914604
R6_v5nqXuGg--12,wrong_topic,22,-61.028819646686316,6,-37.95133125409484
iwYL-ivQm6o--7,wrong_topic,17,-95.86124806758016,6,-70.18406300898641
pMbMjjSj1fM--18,wrong_topic,14,-58.085959170013666,6,-50.06459667533636
aDwdB7xHAOE--2,wrong_topic,19,-85.82344314455986,4,-35.42273606359959
HBQwzyxvkZA--41,wrong_topic,15,-72.18855679035187,4,-39.44418078660965
LvN9Dxq2iLY--174,wrong_topic,20,-107.75018724799156,6,-98.33640968799591
faZQNy4aErk--55,wrong_topic,14,-71.81439112126827,7,-63.84257793426514
uY7i-Y8gxn8--5,wrong_topic,22,-134.1838258355856,6,-111.64449349045753
faZQNy4aErk--31,wrong_topic,18,-74.0238415747881,8,-48.470290035009384
HBQwzyxvkZA--130,wrong_topic,26,-114.06187398917973,8,-87.07816212810576
5QMD024bDYs--16,wrong_topic,22,-105.02100110799074,8,-78.16036432236433
0bk98uIiTS8--41,wrong_topic,27,-136.40025279065594,11,-98.82883301516995
Kq5HfchSWv8--27,wrong_topic,18,-64.90133538842201,4,-48.68844437599182
kES_ZNjFKz8--15,wrong_topic,18,-112.61956191062927,4,-105.35010576248169
vZt56rnH8QQ--0,wrong_topic,16,-86.41192957339808,9,-55.45285078464076
n12WICGyBJ4--35,wrong_topic,15,-99.54971140623093,6,-71.01859021186829
MYGqMojGwBE--122,wrong_topic,10,-46.95263385772705,3,-24.425395011901855
lcBujGRLwE0--8,wrong_topic,29,-150.08088260143995,9,-90.36623927950859
ckGC5hUffDU--8,wrong_topic,18,-129.59631609916687,5,-114.37391775846481
jN2lbHzIneI--11,wrong_topic,38,-184.16095953434706,12,-143.26187989860773
MYGqMojGwBE--284,wrong_topic,16,-83.15039192140102,6,-44.894553422927856
aDwdB7xHAOE--6,wrong_topic,27,-143.78453673946206,9,-96.60290572571103
g4GfKC7z-2M--22,wrong_topic,19,-117.36070421338081,4,-77.39422202855349
XcXCB---N9M--6,wrong_topic,12,-34.82234694249928,5,-29.717244753614068
zu_bd3r2GIA--8,wrong_topic,16,-59.35735086351633,5,-34.09841287136078
u7wx4rUBg_k--8,wrong_topic,19,-106.62229666113853,9,-59.975308895111084
-X_zmve1y00--11,wrong_topic,14,-58.93232160806656,4,-25.764438152313232
DP1ly_MsHHQ--27,wrong_topic,34,-130.19001082377508,9,-90.87326420517638
MYGqMojGwBE--163,wrong_topic,13,-79.46804188191891,3,-43.71633718907833
HBQwzyxvkZA--191,wrong_topic,10,-47.59753651916981,3,-33.47217380255461
8E-llRXuhl0--14,wrong_topic,25,-132.51236280519515,8,-88.00952892471105
LvN9Dxq2iLY--130,wrong_topic,11,-56.84399953484535,4,-36.10035654902458
lcBujGRLwE0--12,wrong_topic,25,-112.15359234530479,8,-97.63931569177657
809a3a5e02d1-35,wrong_topic,17,-96.32509186863899,8,-78.76150035858154
myIXH3PjvoI--5,wrong_topic,25,-116.35907788574696,9,-69.93960855901241
ZCBew8Fv0qA--14,wrong_topic,15,-79.10180953145027,4,-41.2100572809577
jC6VuHNpTLM--22,wrong_topic,19,-92.69498120620847,6,-77.19012179970741
MYGqMojGwBE--241,wrong_topic,27,-107.95444268360734,6,-63.35418464243412
m-w_78fDg9M--7,wrong_topic,22,-133.3747954070568,7,-73.18506345152855
0kldzhToGLc--16,wrong_topic,15,-69.58471677452326,7,-48.15237349271774
vbq8QbOwOt4--0,wrong_topic,25,-147.886994227767,13,-107.88999308645725
8w6k4jEJJlU--3,wrong_topic,11,-68.92467266321182,5,-54.943571627140045
eGkBCS1t9-E--16,wrong_topic,24,-124.00388146191835,8,-108.68922370672226
Rblg5TE6TI0--33,wrong_topic,26,-153.1411316394806,11,-123.38090075552464
0Z5d6D2vBbc--3,wrong_topic,12,-50.33991513028741,4,-38.819555435329676
ijrjSBx7WTc--53,wrong_topic,21,-103.1232412494719,5,-80.99828399345279
HBQwzyxvkZA--169,wrong_topic,17,-86.48931597173214,7,-60.08157330751419
LvN9Dxq2iLY--104,wrong_topic,7,-35.9558390378952,4,-28.843077659606934
vZt56rnH8QQ--9,wrong_topic,15,-67.25361681729555,7,-51.62112136930227
UBnqDwRds3A--12,wrong_topic,9,-60.98678942024708,2,-22.38980770111084
w_xCnJVyPYA_e3,wrong_topic,13,-19.35390216112137,3,-8.803676333278418
BESRE5mtipE--10,wrong_topic,14,-62.36501422338188,5,-33.41241535358131
eBj_HUu0CNw--7,wrong_topic,17,-70.89490018412471,6,-48.77810685709119
mXq8axygjdE--8,wrong_topic,9,-64.93330025672913,3,-46.82600712776184
jC6VuHNpTLM--10,wrong_topic,19,-111.06846943497658,8,-81.7548942565918
Rc99bcSdhak--15,wrong_topic,23,-128.14707846567035,8,-83.85807056352496
ef52bca1a454-75,wrong_topic,9,-25.01325537264347,5,-23.792594507336617
vbq8QbOwOt4--13,wrong_topic,23,-64.33435160899535,7,-64.22150232130662
vbq8QbOwOt4--5,wrong_topic,25,-104.17177307605743,5,-67.2119887471199
UBnqDwRds3A--15,wrong_topic,19,-117.98788630962372,6,-67.86902046203613
2B2z46vgaAA--19,wrong_topic,14,-57.13033135840669,5,-40.59932120749727
xnY08sy7Sqk--22,wrong_topic,21,-131.20334173738956,7,-112.3669736534357
lAFiWmUUHOg--15,wrong_topic,15,-83.27360171824694,5,-54.32926697283983
MYGqMojGwBE--65,wrong_topic,13,-66.45344373956323,6,-58.52267334237695
zu_bd3r2GIA--12,wrong_topic,17,-63.70659862458706,4,-44.09332458674908
9b0136913690-90,wrong_topic,15,-82.03132486343384,4,-52.35103955864906
fqJW-F3WIYc--18,wrong_topic,21,-115.61264295876026,9,-85.94429997354746
jLwvQ4URDFY--16,wrong_topic,9,-43.782092206180096,3,-26.819784991443157
BO1ehFUMWEs--37,wrong_topic,12,-56.441882871091366,3,-30.755861520767212
fYxijWb0b_s--5,wrong_topic,12,-55.403101317584515,4,-53.479166746139526
6_yO8Lc8Hd4--3,wrong_topic,36,-212.45671892911196,14,-159.96143148094416
17OIKvJmrK8--7,wrong_topic,16,-98.38057389855385,7,-58.48664501309395
iGdg-iGlUFg--7,wrong_topic,20,-100.5578548759222,8,-70.88716833293438
ZMsnY_khlNQ--11,wrong_topic,29,-118.5300868973136,8,-103.42563476413488
-X_zmve1y00--9,wrong_topic,17,-93.42265971004963,6,-61.105389788746834
fqJW-F3WIYc--11,wrong_topic,28,-105.2581697688438,7,-59.015301084611565
Lt5GAA6MIuM--27,wrong_topic,21,-81.11223504692316,7,-58.33592963963747
tDrI-9pSul0--9,wrong_topic,24,-106.99551768787205,8,-95.143036050722
maCRL8WG0GQ--9,wrong_topic,18,-86.11907088756561,8,-60.09400916099548
HBQwzyxvkZA--179,wrong_topic,13,-72.05366235971451,4,-39.82628136873245
C6CIPVno_yQ--10,wrong_topic,22,-107.05451723188162,7,-61.29232579469681
dkavvNigK7s--13,wrong_topic,29,-167.06613993644714,12,-123.28144973516464
9bqfEh7BD3c--2,wrong_topic,27,-136.66930729150772,9,-99.9331595748663
spDHZsNp4RA_d,wrong_topic,22,-108.08112931251526,8,-98.29895757138729
KI0avgGkWiU--9,wrong_topic,23,-83.30509843025357,6,-56.71426908764988
jLwvQ4URDFY--27,wrong_topic,36,-187.95244165626355,10,-139.49025273439474
BO1ehFUMWEs--30,wrong_topic,37,-252.5087799038738,11,-182.03397591225803
lPzmjeJmsXo--31,wrong_topic,21,-119.6766941845417,7,-85.00138540565968
vyBaeFU8J_k--8,wrong_topic,11,-36.811347022652626,4,-21.061359882354736
BESRE5mtipE--19,wrong_topic,21,-79.34564020577818,8,-58.24503588769585
NDYHcIF50eE--0,wrong_topic,33,-150.55943552963436,15,-131.2891937624663
MYGqMojGwBE--109,wrong_topic,20,-146.36733162403107,9,-136.10127651691437
9b0136913690-8,wrong_topic,17,-58.6293317489326,4,-37.26253321394324
_T-35xhqSkE--11,wrong_topic,17,-90.1097713559866,3,-68.25691090524197
myIXH3PjvoI--37,wrong_topic,11,-47.60264652967453,3,-31.883062541484833
ozS8Mx8AdH8--13,wrong_topic,21,-96.72310737502994,6,-70.22436692548217
NDYHcIF50eE--3,wrong_topic,26,-100.08489144034684,12,-75.29397527314723
809a3a5e02d1-19,wrong_topic,16,-91.05415403097868,7,-58.410611629486084
rYcw__0tDhw--17,wrong_topic,21,-82.6083482503891,4,-28.107910230755806
HBQwzyxvkZA--311,wrong_topic,16,-59.20419195201248,4,-50.13707778509706
HBQwzyxvkZA--236,wrong_topic,14,-65.49515839666128,3,-47.554088830947876
wUH1dDbu9B4--29,wrong_topic,18,-103.66845835000277,8,-78.17739401757717
l9bZYazJQ1w--18,wrong_topic,23,-106.87116630375385,6,-70.42799454927444
faZQNy4aErk--76,wrong_topic,28,-90.39411826059222,6,-52.183925192803144
dkavvNigK7s--14,wrong_topic,17,-83.80753609538078,6,-46.627430982887745
YsuSHJ3klEs--14,wrong_topic,17,-72.14389988034964,6,-33.15462526679039
MYGqMojGwBE--38,wrong_topic,21,-95.04918212071061,6,-52.39929622039199
dPuKX_lM4Zc--107,wrong_topic,12,-50.3951905220747,3,-37.214627265930176
OJxSniCPUpI--9,wrong_topic,17,-71.83069467544556,4,-64.34685984253883
CRJSZ2e7BU0--10,wrong_topic,17,-82.17887362092733,7,-55.82637605071068
MYGqMojGwBE--128,wrong_topic,16,-59.03496342897415,5,-34.72825241088867
myIXH3PjvoI--47,wrong_topic,18,-77.27130543394014,4,-60.85718189878389
cw1YIV30nQM--22,wrong_topic,17,-78.16774918884039,4,-49.72054339945316
KmW8f1GVTYY--10,wrong_topic,13,-55.75928324460983,6,-43.85121786594391
ijrjSBx7WTc--67,wrong_topic,24,-122.33917918801308,7,-96.82196372747421
gXa0qcoWrsQ--4,wrong_topic,13,-50.45699559152126,3,-42.930960178375244
Zc2bgIDZ-Ks--45,wrong_topic,36,-151.48597772046924,12,-109.32287107035518
36YV-IPiUXM--10,wrong_topic,39,-231.05475060921162,11,-132.71571364533156
36YV-IPiUXM--8,wrong_topic,32,-137.43992572219577,10,-120.32660607935395
HBQwzyxvkZA--320,wrong_topic,16,-97.3413569405675,5,-62.89271193742752
QiJgNpX3zN0--1,wrong_topic,12,-43.977187272161245,4,-37.263704277575016
U5Tq9r7saZU--15,wrong_topic,31,-129.69379994040355,13,-100.23586196219549
pMbMjjSj1fM--11,wrong_topic,16,-97.74332883954048,7,-81.69354236125946
oPITLi0VKh8--20,wrong_topic,17,-70.16418002545834,4,-34.50144662708044
ci_iGsLDZ9w_e1,wrong_topic,18,-95.97421834617853,5,-79.74524612724781
NDYHcIF50eE--16,wrong_topic,32,-154.88905622065067,9,-116.7945601940155
KmW8f1GVTYY--15,wrong_topic,16,-101.53743497282267,6,-70.41439384967089
ci_iGsLDZ9w_d,wrong_topic,8,-61.578052908182144,3,-37.64624634385109
6OlSDCcwM10--25,wrong_topic,12,-51.709945037961006,3,-38.1636009067297
8w6k4jEJJlU--0,wrong_topic,20,-85.49547475203872,6,-56.620879743248224
myIXH3PjvoI--97,wrong_topic,17,-78.0144526809454,6,-59.51710864901543
9b0136913690-12,wrong_topic,8,-38.00207191705704,2,-23.700082778930664
91GVHgxW8RA--7,wrong_topic,33,-233.52831719443202,11,-192.71082232519984
eabe1f38221a-36,wrong_topic,10,-54.342485189437866,3,-22.31440019607544
6_yO8Lc8Hd4--2,wrong_topic,17,-80.89443987235427,7,-54.27432992681861
KmW8f1GVTYY--46,wrong_topic,12,-37.574409591034055,4,-29.96250242739916
9bqfEh7BD3c--13,wrong_topic,18,-70.5356798171997,5,-63.741902470588684
VwsRPJN7txM--9,wrong_topic,18,-55.80262553226203,6,-39.59502989426255
QXsIVtanWdw--5,wrong_topic,9,-25.522726595401764,3,-15.021541431546211
S9ymb66ZqqY--8,wrong_topic,11,-38.37828855216503,5,-22.955923423171043
LvN9Dxq2iLY--33,wrong_topic,12,-53.63762944564223,5,-48.92940805479884
K4eNr2k2Lls--21,wrong_topic,21,-89.00976909324527,8,-83.7316024787724
wSEeoT9BqE0--21,wrong_topic,34,-158.64046694338322,9,-120.92495401203632
LvN9Dxq2iLY--12,wrong_topic,16,-55.66562186181545,4,-41.37987773120403
faZQNy4aErk--6,wrong_topic,14,-53.01083132624626,5,-29.400115191936493
WabgM-SmPzU_e1,wrong_topic,12,-35.702638544142246,4,-25.730247475206852
wmTrG799MAo--12,wrong_topic,17,-61.50419294182211,6,-21.008562543429434
i4j5Bj2NL1c--13,wrong_topic,14,-72.96279368363321,5,-66.83544466458261
nvfK4jQ7MH0--3,wrong_topic,22,-115.48441335558891,7,-99.21103093028069
ojYFIliNLGI--0,wrong_topic,23,-71.54220967652509,8,-54.50731982948491
HBQwzyxvkZA--203,wrong_topic,12,-58.80784413963556,6,-51.22850353270769
vZt56rnH8QQ--1,wrong_topic,11,-28.929293751716614,5,-27.254053443670273
NaXDBBT5pkw--17,wrong_topic,16,-58.02980740368366,5,-45.629825331270695
9bqfEh7BD3c--23,wrong_topic,20,-90.51339198835194,9,-60.87610896117985
eyqLkKS5Qkw--20,wrong_topic,12,-63.310657143592834,5,-42.95087391138077
vbq8QbOwOt4--14,wrong_topic,26,-125.91188844293356,13,-90.85532317310572
faZQNy4aErk--25,wrong_topic,13,-79.11021512746811,2,-59.533608198165894
s_8IbRRsr0Q--13,wrong_topic,12,-53.5394539097324,6,-33.642375067807734
lcBujGRLwE0--7,wrong_topic,25,-136.05930128041655,7,-87.91846986953169
CAzt5cxtSjQ--17,wrong_topic,15,-61.71997753158212,4,-28.582434479147196
m3Mmtpr-jjA--22,wrong_topic,9,-41.28122270852327,4,-33.01739823818207
9b0136913690-67,wrong_topic,8,-56.66815257072449,1,-8.301177978515625
HBQwzyxvkZA--34,wrong_topic,14,-60.30593731999397,5,-48.126714147627354
HBQwzyxvkZA--151,wrong_topic,15,-73.74356358498335,6,-61.87363924086094
ozS8Mx8AdH8--14,wrong_topic,25,-135.057174237445,9,-104.17836806364357
AZ2s4Adm9RU--14,wrong_topic,14,-80.70125550031662,3,-44.087939858436584
KmW8f1GVTYY--48,wrong_topic,12,-65.34423094242811,6,-51.01236513257027
dPuKX_lM4Zc--103,wrong_topic,10,-47.572512567043304,3,-27.460403442382812
OEM3CR-HYmk--22,wrong_topic,16,-63.16152389347553,3,-43.67949082702398
lcBujGRLwE0--11,wrong_topic,28,-146.8151374682784,9,-131.13802574947476
d5Lx_5-UiHY--101,wrong_topic,8,-38.088975727558136,1,-14.657838225364685
vZt56rnH8QQ--8,wrong_topic,27,-157.41718436405063,12,-90.42653062567115
BO1ehFUMWEs--7,wrong_topic,18,-104.42944861203432,6,-80.11407822370529
HBQwzyxvkZA--99,wrong_topic,11,-40.524913255125284,5,-28.427884317934513
s_8IbRRsr0Q--22,wrong_topic,13,-70.07361128181219,5,-44.058700770139694
fvHtYcL913U--15,wrong_topic,13,-56.16942384839058,5,-33.283094227313995
sktRu3sp97g--2,wrong_topic,11,-49.957993254065514,6,-36.01147194951773
BO1ehFUMWEs--10,wrong_topic,27,-160.84956352040172,6,-126.70807198062539
lSLqIyupXrk--18,wrong_topic,23,-105.70721831917763,8,-82.32654841244221
xFEQrtosric--9,wrong_topic,9,-35.840717658400536,4,-30.489241063594818
ef52bca1a454-29,wrong_topic,10,-56.329462110996246,3,-23.8156259059906
q4RnudGCU18--28,wrong_topic,30,-173.88784024864435,14,-112.7363602668047
HBQwzyxvkZA--93,wrong_topic,15,-78.26631578803062,6,-42.95326727628708
ijrjSBx7WTc--51,wrong_topic,20,-78.89111216366291,7,-67.216323569417
U5Tq9r7saZU--13,wrong_topic,33,-167.33936681973864,11,-138.11495047438075
d5Lx_5-UiHY--73,wrong_topic,11,-45.32936930656433,3,-20.23573136329651
s_8IbRRsr0Q--25,wrong_topic,19,-81.99802699685097,7,-47.857914596796036
LvN9Dxq2iLY--17,wrong_topic,13,-53.601722560822964,3,-29.552251398563385
lcBujGRLwE0--19,wrong_topic,31,-138.98272087797523,12,-108.64511662721634
9bqfEh7BD3c--18,wrong_topic,12,-54.995431780815125,4,-37.856449127197266
iwYL-ivQm6o--16,wrong_topic,20,-69.96945153549314,5,-28.787046048790216
myIXH3PjvoI--115,wrong_topic,16,-73.06718148291111,7,-53.09256458282471
gXa0qcoWrsQ--23,wrong_topic,23,-107.82523485645652,6,-65.2158589027822
hYNyIXYmoYs--0,wrong_topic,14,-75.32780712842941,5,-65.17677187919617
40BjLI5XtJE--1,wrong_topic,12,-76.26535665988922,5,-43.06677556037903
Zc2bgIDZ-Ks--28,wrong_topic,16,-57.36816021054983,6,-54.61788085103035
vbq8QbOwOt4--18,wrong_topic,21,-98.49094875901937,8,-44.637481935322285
fulQKWknVhw--25,wrong_topic,23,-126.28761395346373,7,-59.33540893625468
n12WICGyBJ4--17,wrong_topic,11,-80.06641346216202,5,-70.60232788324356
OEM3CR-HYmk--8,wrong_topic,9,-50.783809036016464,3,-16.333577156066895
6OlSDCcwM10--0,wrong_topic,14,-54.26728292554617,4,-23.11657840758562
K4eNr2k2Lls--31,wrong_topic,18,-95.13635437190533,7,-64.904899969697
8DmlFztO2XM--4,wrong_topic,22,-96.8956092223525,7,-70.34042938798666
gXa0qcoWrsQ--1,wrong_topic,29,-164.32524205744267,8,-130.99895138293505
6_yO8Lc8Hd4--18,wrong_topic,33,-137.2094001499936,7,-74.83419952075928
dPuKX_lM4Zc--81,wrong_topic,19,-79.43636361509562,6,-36.91542110592127
egjhIFJbR2I--1,wrong_topic,17,-78.95783049613237,5,-76.00315350294113
3vCea9zWFek--8,wrong_topic,15,-50.207635790109634,4,-36.358279429376125
2B2z46vgaAA--25,wrong_topic,9,-40.540865778923035,4,-35.745166063308716
QiGhWfjM2FI--29,wrong_topic,13,-74.42091277986765,6,-55.59430384635925
wefigjf46u4--7,wrong_topic,22,-98.16052788496017,9,-61.6852251291275
MYGqMojGwBE--188,wrong_topic,10,-45.45562171936035,4,-27.121752977371216
Kq5HfchSWv8--3,wrong_topic,10,-53.70626047253609,3,-26.503321588039398
5n_IGU5rYYk--31,wrong_topic,24,-108.56320754811168,11,-81.87483669444919
HBQwzyxvkZA--43,wrong_topic,13,-78.34632886946201,4,-44.06879399716854
7byz3fdI-Ss--10,wrong_topic,16,-86.88228843710385,5,-47.45153364143334
mjvqIq_fvRY--2,wrong_topic,20,-73.60839364863932,8,-41.7744806278497
Lt5GAA6MIuM--8,wrong_topic,19,-104.23562943190336,5,-52.65328285098076
uR-nzhB6D8g--11,wrong_topic,13,-68.1447828412056,5,-52.740386843681335
vyBaeFU8J_k--16,wrong_topic,25,-106.27742627263069,6,-45.78703314065933
myIXH3PjvoI--85,wrong_topic,21,-92.88895602151752,7,-69.711788918823
gW1N-ttBBTo--2,wrong_topic,9,-45.6217423081398,2,-18.63731288909912
K4eNr2k2Lls--30,wrong_topic,29,-175.88226088881493,9,-141.30746740102768
s_8IbRRsr0Q--20,wrong_topic,21,-98.22910449653864,10,-83.92485439032316
rZG7T9ujMEo--13,wrong_topic,12,-53.153476897627115,4,-48.306552831083536
_IyhoG9jXuM--1,wrong_topic,17,-67.57848778832704,8,-55.51432559359819
6OlSDCcwM10--15,wrong_topic,18,-113.42572651803493,7,-106.18183968961239
OtlvzXZG_Uk_e1,wrong_topic,15,-96.30352023243904,4,-74.35246467590332
iwYL-ivQm6o--8,wrong_topic,9,-40.582434900105,4,-21.05191796272993
Lt5GAA6MIuM--4,wrong_topic,25,-157.26307220757008,8,-112.8675273284316
mDUCHJerTtE--6,wrong_topic,23,-97.88897756487131,8,-68.67964228987694
BTqVQCBPUzg--107,wrong_topic,21,-113.67034596204758,8,-75.3824650645256
80Cx4CH-AVI--17,wrong_topic,8,-34.46213883161545,6,-21.70411866903305
0Z5d6D2vBbc--11,wrong_topic,35,-207.7380193285644,13,-163.7292488180101
BTqVQCBPUzg--110,wrong_topic,8,-38.59653374180198,3,-32.300111055374146
lZarpnV0alw--14,wrong_topic,11,-69.05507707595825,4,-34.57100868225098
mjvqIq_fvRY--22,wrong_topic,20,-111.77793873101473,9,-82.71820878982544
g4GfKC7z-2M--7,wrong_topic,20,-117.45216033607721,7,-93.5246769785881
gp0w_zrLgfw--17,wrong_topic,29,-146.16887537017465,10,-87.10346538573503
UBnqDwRds3A--8,wrong_topic,25,-97.50094340089709,7,-52.151590892113745
MYGqMojGwBE--219,wrong_topic,10,-63.81932592391968,4,-35.209969997406006
809a3a5e02d1-116,wrong_topic,9,-27.02576994523406,3,-21.75382736325264
ckGC5hUffDU--5,wrong_topic,15,-67.81956534832716,5,-38.401729226112366
faZQNy4aErk--18,wrong_topic,23,-133.66242903470993,7,-132.99065870046616
uYaUCNl1j10--8,wrong_topic,25,-89.24300817027688,10,-59.73251572623849
jN2lbHzIneI--4,wrong_topic,31,-155.97138100117445,10,-144.4576631784439
LvN9Dxq2iLY--86,wrong_topic,12,-84.21583634614944,2,-61.607563972473145
Zc2bgIDZ-Ks--85,wrong_topic,25,-138.84324330836535,6,-95.98842817544937
m3Mmtpr-jjA--38,wrong_topic,26,-122.46144551597536,11,-108.82901469804347
q4RnudGCU18--13,wrong_topic,26,-151.7453213557601,9,-104.71375273913145
aDwdB7xHAOE--5,wrong_topic,15,-70.3291485607624,4,-62.290430188179016
s_8IbRRsr0Q--8,wrong_topic,8,-30.382947854697704,2,-13.299618244171143
C-cgPb_N2dY--3,wrong_topic,12,-43.33283281326294,6,-36.976708859205246
sktRu3sp97g--11,wrong_topic,19,-85.83637679740787,7,-70.96013219282031
4DhGy83DK_s--13,wrong_topic,17,-59.47450772114098,5,-51.13254499435425
MYGqMojGwBE--182,wrong_topic,18,-110.28835493326187,7,-65.21233850717545
l9bZYazJQ1w--16,wrong_topic,12,-63.25863619148731,5,-30.944029927253723
Xmm9ZyMy12g--8,wrong_topic,16,-73.35624316334724,4,-62.710399121046066
C6CIPVno_yQ--20,wrong_topic,22,-103.55712155718356,9,-88.14689072221518
DF4fto_X1Y4--2,wrong_topic,14,-65.83209080994129,5,-49.305029198527336
HBQwzyxvkZA--100,wrong_topic,12,-30.732851325534284,2,-4.8786232471466064
dkavvNigK7s--30,wrong_topic,14,-70.7418357655406,6,-56.547206692397594
4DhGy83DK_s--35,wrong_topic,28,-102.85375378467143,6,-45.939276242628694
ZVE_KjrY_po--8,wrong_topic,23,-92.06257294118404,9,-64.0786865055561
lPzmjeJmsXo--14,wrong_topic,27,-146.8585420846939,10,-118.44743010401726
d5Lx_5-UiHY--36,wrong_topic,12,-44.409227430820465,4,-14.265923514962196
xFEQrtosric--2,wrong_topic,26,-155.09534265100956,9,-139.1674677953124
MYGqMojGwBE--215,wrong_topic,15,-91.5312728881836,6,-33.810078620910645
6_yO8Lc8Hd4--6,wrong_topic,29,-134.5159217894543,10,-110.29511296306737
vbq8QbOwOt4--1,wrong_topic,16,-68.36372585594654,6,-34.2996781617403
5n_IGU5rYYk--2,wrong_topic,20,-76.02940147998743,8,-63.26995527255349
ZMsnY_khlNQ--15,wrong_topic,9,-51.857620775699615,2,-20.42342472076416
myIXH3PjvoI--4,wrong_topic,14,-41.821053843945265,6,-26.00943172723055
q4RnudGCU18--26,wrong_topic,28,-108.66150623559952,10,-86.39409901946783
HBQwzyxvkZA--165,wrong_topic,12,-59.88253661245108,4,-50.438759468495846
o9DARfrZg2o--1,wrong_topic,21,-103.06643219292164,8,-74.27243581414223
uR-nzhB6D8g--1,wrong_topic,16,-62.18980352580547,6,-33.99946636706591
RIwfym39VVM_e3,wrong_topic,21,-87.8082228563726,6,-48.613081980496645
wwpptVjgAws--0,wrong_topic,29,-117.88306006696075,13,-91.06708497460932
9b0136913690-52,wrong_topic,14,-81.57293751835823,3,-39.11933481693268
Lt5GAA6MIuM--17,wrong_topic,22,-101.78163155307993,10,-81.88057183614
klepEQSaeIk--1,wrong_topic,36,-163.66013249382377,11,-90.32046031393111
Lt5GAA6MIuM--28,wrong_topic,13,-57.550799541175365,4,-37.78597056120634
ef52bca1a454-8,wrong_topic,13,-78.46540358662605,6,-40.90201411396265
jLwvQ4URDFY--14,wrong_topic,34,-177.32286728103645,10,-140.81726112146862
LvN9Dxq2iLY--82,wrong_topic,14,-72.43367942422628,4,-38.41458910703659
iwYL-ivQm6o--11,wrong_topic,14,-70.78163603693247,4,-42.322574615478516
9b0136913690-59,wrong_topic,16,-81.23034857213497,4,-76.41288101673126
KmW8f1GVTYY--33,wrong_topic,13,-91.30777253955603,5,-80.35763444751501
NDYHcIF50eE--11,wrong_topic,20,-102.08287142217159,3,-58.470576629042625
MYGqMojGwBE--279,wrong_topic,9,-42.109426856040955,5,-34.663005113601685
tDrI-9pSul0--10,wrong_topic,29,-203.12661135196686,10,-186.02103567123413
5n_IGU5rYYk--32,wrong_topic,31,-117.70726679253858,7,-39.455791592481546
ijrjSBx7WTc--23,wrong_topic,26,-125.60260335542262,9,-91.84178789891303
a8zp7ivHwBU--4,wrong_topic,18,-104.811762355268,6,-80.54549789428711
9bqfEh7BD3c--24,wrong_topic,18,-99.78809694387019,5,-80.67514870502055
U5Tq9r7saZU--29,wrong_topic,21,-109.04371692985296,11,-90.44499602168798
wSEeoT9BqE0--14,wrong_topic,27,-172.30421385914087,8,-141.8488316088915
QiGhWfjM2FI--9,wrong_topic,24,-87.62404573801905,11,-76.95375932846218
809a3a5e02d1-64,wrong_topic,14,-74.7771741785109,4,-59.81064734980464
ckGC5hUffDU--6,wrong_topic,26,-103.46727781742811,6,-75.5561549635604
o44YnPMhwPU--36,wrong_topic,22,-85.0249322578311,11,-69.91750338673592
HBQwzyxvkZA--193,wrong_topic,9,-32.562467731535435,4,-26.403842248022556
Kq5HfchSWv8--36,wrong_topic,16,-77.34616100788116,4,-43.77318796515465
ZCBew8Fv0qA--3,wrong_topic,13,-66.29432572424412,3,-36.83821156620979
91GVHgxW8RA--33,wrong_topic,22,-75.02008595690131,6,-26.093596313148737
MYGqMojGwBE--211,wrong_topic,13,-101.54698657989502,7,-55.50681161880493
hgaKby5Mha4--28,wrong_topic,25,-116.63314516935498,8,-58.86427696142346
-X_zmve1y00--1,wrong_topic,12,-27.57502257078886,3,-16.963163405656815
hgaKby5Mha4--1,wrong_topic,23,-91.14342906698585,8,-69.49599598348141
BO1ehFUMWEs--1,wrong_topic,21,-112.62902364879847,6,-98.32297891378403
OEM3CR-HYmk--3,wrong_topic,12,-68.07101038098335,3,-36.695549577474594
R6_v5nqXuGg--5,wrong_topic,18,-93.73836106061935,6,-67.1164180636406
rZG7T9ujMEo--2,wrong_topic,14,-93.3839862048626,6,-75.22954389452934
HBQwzyxvkZA--143,wrong_topic,9,-26.605204448103905,4,-25.237221851944923
HBQwzyxvkZA--319,wrong_topic,22,-137.00134366750717,7,-93.85018995404243
3vCea9zWFek--39,wrong_topic,23,-112.5271914228797,9,-62.04026836156845
tDrI-9pSul0--11,wrong_topic,12,-67.24120354652405,6,-51.296724796295166
kxz4AA9lNmY_e4,wrong_topic,17,-86.44176702946424,4,-66.05690678954124
zu_bd3r2GIA--28,wrong_topic,14,-88.32552760466933,5,-80.01029556617141
Xmm9ZyMy12g--13,wrong_topic,22,-131.51212582737207,6,-102.19483280181885
NTc0m4Q1-xU--0,wrong_topic,17,-86.4249039888382,7,-66.51775289326906
9xc24mAlprE--14,wrong_topic,23,-113.51480033993721,9,-89.07308004796505
Rc99bcSdhak--5,wrong_topic,37,-160.67146771028638,11,-118.9512454085052
HBQwzyxvkZA--286,wrong_topic,24,-118.72057110443711,10,-87.19445402920246
Zc2bgIDZ-Ks--79,wrong_topic,15,-51.726586969103664,4,-24.870921240653843
wefigjf46u4--10,wrong_topic,8,-38.00809244811535,2,-23.692552089691162
wSEeoT9BqE0--2,wrong_topic,20,-34.33956593647599,7,-28.387185540050268
o9DARfrZg2o--0,wrong_topic,21,-109.47436651587486,7,-90.5110504925251
DP1ly_MsHHQ--15,wrong_topic,30,-127.12977824313566,7,-93.05399542255327
C-cgPb_N2dY--16,wrong_topic,21,-91.33744035940617,7,-59.84810848813504
6U9AFGakrn0--5,wrong_topic,14,-47.542457826435566,4,-21.877951949834824
0kldzhToGLc--15,wrong_topic,10,-34.97489708662033,3,-6.537828505039215
oyWhLo5brto--1,wrong_topic,21,-91.11020006239414,9,-49.06574513018131
bqE5C2tmc9c--13,wrong_topic,14,-96.77602750062943,6,-65.71112585067749
ijrjSBx7WTc--32,wrong_topic,21,-87.39796230010688,7,-75.26693586818874
MYGqMojGwBE--149,wrong_topic,17,-93.3823903799057,3,-45.264005064964294
n12WICGyBJ4--43,wrong_topic,17,-57.77354175597429,6,-44.32995969057083
Zc2bgIDZ-Ks--43,wrong_topic,19,-125.58014337718487,4,-47.1048309057951
IjeHLt1vNoM--9,wrong_topic,20,-127.47295578476042,6,-76.88483428955078
rYcw__0tDhw--1,wrong_topic,33,-137.6569005716592,8,-98.88993520475924
Sqa3ig2NN9Q--4,wrong_topic,14,-74.4144583940506,5,-51.907158851623535
IjeHLt1vNoM--17,wrong_topic,15,-51.377354277297854,5,-33.637693559750915
9b0136913690-70,wrong_topic,12,-46.799375772476196,3,-29.103704571723938
Kq5HfchSWv8--28,wrong_topic,15,-46.59005717560649,4,-19.449365757405758
ojYFIliNLGI--9,wrong_topic,16,-58.91045220196247,6,-36.58328936994076
m3Mmtpr-jjA--30,wrong_topic,23,-96.208674993366,9,-69.1372302621603
6u-ZspWSpwE--14,wrong_topic,17,-70.65648989379406,6,-47.95323899388313
HBQwzyxvkZA--111,wrong_topic,13,-64.93807953596115,5,-48.3505397439003
xFJw5GMtlCk--4,wrong_topic,8,-29.307694002985954,1,-4.044701337814331
U5Tq9r7saZU--18,wrong_topic,18,-71.30430901795626,5,-57.086587965488434
QiJgNpX3zN0--17,wrong_topic,11,-57.15532177500427,4,-38.14720541983843
9bqfEh7BD3c--9,wrong_topic,19,-80.54865313321352,7,-55.96880228072405
5n_IGU5rYYk--17,wrong_topic,31,-139.60156529117376,11,-98.35980831552297
kES_ZNjFKz8--18,wrong_topic,12,-38.71559009887278,4,-25.716306308284402
nvfK4jQ7MH0--19,wrong_topic,12,-54.01570808514953,3,-30.67048567533493
LvN9Dxq2iLY--71,wrong_topic,26,-51.17958424822427,6,-24.993772505084053
aDwdB7xHAOE--8,wrong_topic,19,-90.89082650095224,9,-69.03088767826557
HBQwzyxvkZA--1,wrong_topic,10,-39.04973296076059,2,-13.25010646134615
gW1N-ttBBTo--6,wrong_topic,30,-136.455291736871,9,-107.12185192480683
ef52bca1a454-57,wrong_topic,17,-66.90515740960836,5,-25.920654773712158
_r1S90f_nsM--13,wrong_topic,13,-43.82026045769453,4,-13.146703705191612
Xmm9ZyMy12g--12,wrong_topic,16,-59.260653741657734,3,-21.164297871291637
fulQKWknVhw--29,wrong_topic,34,-177.57670029252768,12,-141.78708777949214
BTqVQCBPUzg--116,wrong_topic,10,-46.21368191437796,2,-16.794157959986478
Zc2bgIDZ-Ks--9,wrong_topic,16,-48.16607689205557,4,-27.88643040228635
eBj_HUu0CNw--22,wrong_topic,13,-41.69704312086105,5,-28.191379830241203
K4eNr2k2Lls--33,wrong_topic,29,-135.3923207372427,10,-120.7141811400652
jMdxYlvrkbk--10,wrong_topic,24,-137.55301037430763,9,-110.28421922773123
jLwvQ4URDFY--3,wrong_topic,28,-146.230231564492,14,-114.37224636599422
R6_v5nqXuGg--14,wrong_topic,18,-86.51665070652962,7,-75.1766859292984
Sqa3ig2NN9Q--25,wrong_topic,20,-111.38633767515421,3,-68.6809376552701
gW1N-ttBBTo--10,wrong_topic,37,-190.4577816389501,12,-149.2629897557199
cw1YIV30nQM--20,wrong_topic,21,-111.5099160913378,7,-58.942376704886556
BESRE5mtipE--1,wrong_topic,20,-84.37065030448139,5,-56.46949721686542
KHL0wkbu0-s--8,wrong_topic,24,-115.43269653618336,9,-84.05081522464752
eGkBCS1t9-E--20,wrong_topic,22,-105.06000686436892,5,-82.9873579442501
EIwWHTO5rZw--14,wrong_topic,13,-39.4278761446476,4,-18.55836319923401
eBj_HUu0CNw--24,wrong_topic,17,-81.95004808157682,6,-48.24742891639471
gXa0qcoWrsQ--12,wrong_topic,21,-110.81754969805479,6,-92.7611468359828
80Cx4CH-AVI--8,wrong_topic,21,-111.82811203598976,6,-92.60869586467743
ckGC5hUffDU--2,wrong_topic,19,-99.21607587486506,5,-98.79350383579731
K5lgB4YzOO0--6,wrong_topic,19,-68.90521880052984,5,-47.97518082521856
-X_zmve1y00--12,wrong_topic,18,-80.03307119384408,8,-63.127567663788795
xFEQrtosric--7,wrong_topic,25,-109.44852925091982,10,-103.32622257620096
HBQwzyxvkZA--121,wrong_topic,22,-123.92875014990568,7,-81.92007667571306
bOZ_Lap5FNA--11,wrong_topic,19,-97.48596793413162,9,-61.14696230739355
rYcw__0tDhw--2,wrong_topic,21,-93.3166471645236,8,-66.62621764838696
xFJw5GMtlCk--10,wrong_topic,24,-91.44664872344583,7,-57.3965967297554
9b0136913690-106,wrong_topic,8,-31.10485553741455,3,-16.873755276203156
rZG7T9ujMEo--21,wrong_topic,9,-49.74895107001066,2,-24.11233901977539
mXq8axygjdE--51,wrong_topic,36,-86.26313354633749,15,-60.897872215136886
m-w_78fDg9M--18,wrong_topic,17,-98.45760662853718,4,-52.43708389997482
XcXCB---N9M--3,wrong_topic,20,-94.60063333809376,6,-64.6632557362318
K4eNr2k2Lls--2,wrong_topic,16,-59.85568275861442,6,-46.42712560109794
BTqVQCBPUzg--154,wrong_topic,8,-19.30704376101494,3,-15.704122304916382
Zc2bgIDZ-Ks--60,wrong_topic,17,-51.46581440232694,6,-35.0982896219939
gW1N-ttBBTo--7,wrong_topic,28,-170.6867432743311,10,-150.3051677197218
0bk98uIiTS8--32,wrong_topic,30,-153.39454932371154,12,-143.43612982193008
BTqVQCBPUzg--148,wrong_topic,12,-62.211679711937904,6,-40.14434505999088
lAFiWmUUHOg--25,wrong_topic,27,-96.11073202220723,6,-64.83583463309333
bGqx2eKgdB0_e4,wrong_topic,10,-53.39267507195473,3,-34.18115967512131
ZVE_KjrY_po--21,wrong_topic,8,-50.52465635538101,2,-28.223709106445312
BTqVQCBPUzg--34,wrong_topic,13,-52.94715863466263,4,-40.996158957481384
XcXCB---N9M--20,wrong_topic,30,-150.3895054757595,8,-113.25747448951006
o9DARfrZg2o--9,wrong_topic,13,-62.88731028139591,3,-20.75794756412506
HBQwzyxvkZA--228,wrong_topic,13,-62.28025425970554,4,-51.458773612976074
80Cx4CH-AVI--2,wrong_topic,29,-148.20376153290272,11,-113.71370367705822
Zc2bgIDZ-Ks--12,wrong_topic,11,-58.83796754851937,3,-16.739085137844086
vbq8QbOwOt4--7,wrong_topic,17,-44.72292396053672,6,-19.889885410666466
HBQwzyxvkZA--291,wrong_topic,31,-142.3061298467219,9,-103.02505575865507
i4j5Bj2NL1c--9,wrong_topic,19,-100.47934886068106,6,-65.91318644583225
5QMD024bDYs--8,wrong_topic,21,-75.93503437004983,6,-55.411591513082385
faZQNy4aErk--44,wrong_topic,24,-137.377963013947,9,-110.82035922259092
oPITLi0VKh8--18,wrong_topic,13,-50.633687706664205,5,-32.54613015241921
Xmm9ZyMy12g--14,wrong_topic,16,-71.85726204514503,5,-39.06101131439209
-X_zmve1y00--29,wrong_topic,11,-54.28059062361717,4,-50.603675574064255
HBQwzyxvkZA--278,wrong_topic,12,-72.37740793824196,5,-42.173052072525024
OEM3CR-HYmk--2,wrong_topic,13,-74.74636656045914,4,-62.35966992378235
1xJ_dkBcAIU--20,wrong_topic,20,-94.05016317218542,6,-69.03835255652666
IoifXQnhN4E--5,wrong_topic,9,-45.126982532441616,5,-37.78629096597433
jMdxYlvrkbk--6,wrong_topic,15,-77.05041801184416,5,-42.24737215042114
q4RnudGCU18--5,wrong_topic,22,-97.98545618355274,6,-69.8316794410348
lcBujGRLwE0--30,wrong_topic,25,-94.97198389098048,9,-55.455063316971064
egjhIFJbR2I--8,wrong_topic,16,-66.12117289751768,5,-40.098273277282715
oAhfJ8yB1j0--5,wrong_topic,27,-121.21684708073735,10,-111.90793914720416
klepEQSaeIk--15,wrong_topic,11,-30.866064250469208,6,-27.77457122504711
Rc99bcSdhak--27,wrong_topic,30,-140.60595256835222,10,-95.9577837139368
iwYL-ivQm6o--3,wrong_topic,29,-121.48664823919535,9,-79.9021418839693
MYGqMojGwBE--248,wrong_topic,24,-145.57862263917923,8,-85.50440484285355
mjvqIq_fvRY--12,wrong_topic,23,-114.41952707618475,6,-68.10033135861158
s_8IbRRsr0Q--1,wrong_topic,28,-103.41837489046156,8,-58.22081591002643
6OlSDCcwM10--2,wrong_topic,7,-33.70483614504337,2,-21.745932042598724
m3Mmtpr-jjA--44,wrong_topic,24,-131.50497686490417,6,-74.68951032683253
9b0136913690-31,wrong_topic,17,-73.28010446950793,5,-44.26212691888213
HBQwzyxvkZA--207,wrong_topic,13,-65.59385516494513,4,-44.198937237262726
Nv3WLYio7Lc--9,wrong_topic,17,-77.15390490740538,5,-53.96995913237333
Nv3WLYio7Lc--14,wrong_topic,11,-48.43433290719986,5,-40.53659706749022
hYNyIXYmoYs--2,wrong_topic,19,-45.05132225342095,8,-30.08123905211687
ef52bca1a454-69,wrong_topic,9,-38.69401253759861,3,-15.391220092773438
HBQwzyxvkZA--90,wrong_topic,11,-69.56654047966003,4,-40.24028730392456
C6CIPVno_yQ--21,wrong_topic,22,-97.37857030332088,8,-78.52548091113567
LvN9Dxq2iLY--26,wrong_topic,22,-179.719927161932,7,-171.8265106678009
HBQwzyxvkZA--318,wrong_topic,18,-116.37071390450001,8,-89.65347743034363
zu_bd3r2GIA--30,wrong_topic,18,-75.70324541628361,7,-53.278115049004555
oAhfJ8yB1j0--3,wrong_topic,23,-129.3672585040331,6,-112.72052296996117
5n_IGU5rYYk--6,wrong_topic,17,-67.92392831295729,6,-41.756671726703644
nvfK4jQ7MH0--27,wrong_topic,17,-71.45357565395534,7,-55.335372706875205
kytITkHoyls--15,wrong_topic,21,-112.53034898638725,5,-70.96396801620722
dPuKX_lM4Zc--120,wrong_topic,31,-163.71845606155694,13,-99.07623449899256
5n_IGU5rYYk--3,wrong_topic,21,-71.38818902196363,7,-61.52339554252103
dPuKX_lM4Zc--129,wrong_topic,23,-132.0569263100624,9,-78.79230275005102
9xc24mAlprE--26,wrong_topic,18,-106.6038629040122,5,-93.30377950519323
oyWhLo5brto--5,wrong_topic,21,-73.36886004265398,5,-34.399315915070474
ojYFIliNLGI--16,wrong_topic,37,-202.4498559832573,13,-162.02145764231682
LvN9Dxq2iLY--124,wrong_topic,18,-85.42868847772479,4,-43.22855032607913
lcBujGRLwE0--4,wrong_topic,34,-105.19101915229112,12,-88.98969966638833
wwpptVjgAws--7,wrong_topic,39,-243.46297492459416,10,-202.48857779428363
Kq5HfchSWv8--18,wrong_topic,16,-71.41927648708224,4,-29.734597083181143
mjvqIq_fvRY--6,wrong_topic,27,-141.0558786392212,10,-117.45088970661163
Nv3WLYio7Lc--13,wrong_topic,30,-131.12663678079844,7,-78.97571244090796
6_yO8Lc8Hd4--7,wrong_topic,14,-71.48943893611431,6,-51.82060432434082
0Z5d6D2vBbc--6,wrong_topic,17,-83.31281570345163,8,-58.2858589887619
80Cx4CH-AVI--11,wrong_topic,28,-122.82219425216317,9,-71.29385107755661
xFJw5GMtlCk--5,wrong_topic,24,-119.90901974588633,10,-67.73478682339191
9b0136913690-80,wrong_topic,17,-99.3993382230401,4,-30.33625155687332
AVb1VABiJJ8--9,wrong_topic,19,-95.64969427138567,7,-62.190963461995125
xFEQrtosric--4,wrong_topic,14,-63.92056555300951,4,-32.81908322125673
iGdg-iGlUFg--2,wrong_topic,42,-232.82656733691692,12,-159.6073127090931
wUH1dDbu9B4--26,wrong_topic,23,-153.78868581727147,6,-151.42016096785665
LvN9Dxq2iLY--101,wrong_topic,14,-80.34044247865677,4,-54.70899659395218
HBQwzyxvkZA--67,wrong_topic,9,-33.706243708729744,2,-16.942798882722855
QiGhWfjM2FI--1,wrong_topic,19,-88.34592314809561,9,-66.99604406952858
LvN9Dxq2iLY--168,wrong_topic,9,-31.964073456823826,4,-24.286080673336983
MYGqMojGwBE--2,wrong_topic,18,-104.69363843556494,8,-63.54315554257482
mjvqIq_fvRY--18,wrong_topic,14,-72.82532554119825,7,-59.67094874382019
m-w_78fDg9M--3,wrong_topic,17,-102.96589612960815,7,-84.2003242969513
8E-llRXuhl0--22,wrong_topic,20,-101.7630920112133,7,-86.63878005743027
lPzmjeJmsXo--2,wrong_topic,32,-120.46413564309478,13,-100.47523010149598
rYcw__0tDhw--10,wrong_topic,22,-119.04995319293812,6,-81.57165037887171
mXq8axygjdE--62,wrong_topic,9,-40.997984156012535,3,-24.281338453292847
AZ2s4Adm9RU--1,wrong_topic,28,-115.70976822823286,7,-31.581999123096466
CRJSZ2e7BU0--4,wrong_topic,25,-112.73008865490556,10,-84.11821288242936
HBQwzyxvkZA--272,wrong_topic,14,-90.16962026059628,5,-59.614386796951294
kES_ZNjFKz8--16,wrong_topic,21,-110.1122468537651,8,-99.27917378162965
MYGqMojGwBE--206,wrong_topic,13,-53.658842489123344,6,-47.53794717788696
glNqZ8w4iy8--5,wrong_topic,11,-34.727168085984886,3,-19.56835966091603
Rblg5TE6TI0--30,wrong_topic,34,-177.02883494272828,12,-116.13532733544707
809a3a5e02d1-77,wrong_topic,11,-56.420301862061024,4,-48.33220458030701
lSLqIyupXrk--5,wrong_topic,17,-112.09541921317577,7,-103.18788361549377
eabe1f38221a-48,wrong_topic,10,-53.336767107248306,3,-35.175510078668594
jLwvQ4URDFY--5,wrong_topic,11,-40.37132317572832,4,-31.7929128408432
m3Mmtpr-jjA--2,wrong_topic,11,-62.95929342508316,4,-59.31174248456955
HBQwzyxvkZA--155,wrong_topic,22,-103.6826923340559,7,-79.81339582055807
K5lgB4YzOO0--12,wrong_topic,15,-61.61347680166364,6,-44.81678882613778
Rblg5TE6TI0--1,wrong_topic,23,-96.42072279006243,7,-46.55005486309528
dkavvNigK7s--27,wrong_topic,27,-133.58819429762661,12,-113.71628891117871
NaXDBBT5pkw--3,wrong_topic,11,-49.32922413572669,4,-29.420612085610628
LvN9Dxq2iLY--164,wrong_topic,20,-73.14780187234282,8,-47.83597595989704
vZt56rnH8QQ--3,wrong_topic,11,-59.84206390334293,5,-53.65072441054508
mXq8axygjdE--67,wrong_topic,12,-52.34189360588789,4,-25.394130490720272
7byz3fdI-Ss--7,wrong_topic,18,-58.76773623377085,7,-47.837647050619125
dkavvNigK7s--9,wrong_topic,17,-94.28369084745646,6,-74.30148623138666
g4GfKC7z-2M--9,wrong_topic,19,-114.79713078588247,5,-105.38351496309042
6OlSDCcwM10--20,wrong_topic,16,-62.53812159970403,8,-49.93388286605477
KI0avgGkWiU--1,wrong_topic,23,-131.59231438487768,7,-87.26027492433786
iwYL-ivQm6o--0,wrong_topic,7,-45.26502335071564,3,-29.042068600654602
OEM3CR-HYmk--19,wrong_topic,18,-68.99959054589272,4,-54.95716216415167
6OlSDCcwM10--11,wrong_topic,17,-77.90731604211032,11,-60.70863809995353
e4rWudmfrfY--0,wrong_topic,9,-59.83508178591728,1,-13.001836031675339
o44YnPMhwPU--1,wrong_topic,11,-31.384890941379126,3,-25.38261858135229
l9bZYazJQ1w--7,cross_domain,20,-92.35944931209087,7,-58.8059558942914
9b0136913690-114,cross_domain,19,-105.2381720840931,5,-63.71867087483406
ZMsnY_khlNQ--12,cross_domain,21,-93.7177422195673,7,-66.37458898127079
809a3a5e02d1-67,cross_domain,12,-78.92669999599457,4,-68.57759189605713
DP1ly_MsHHQ--36,cross_domain,18,-93.37940814904869,7,-63.60657501220703
dPuKX_lM4Zc--118,cross_domain,31,-172.82145511358976,13,-101.1247588954866
wwpptVjgAws--20,cross_domain,40,-221.5897376537323,13,-160.54248613119125
48couwymlMM--18,cross_domain,19,-89.22662569582462,8,-68.55431881546974
809a3a5e02d1-108,cross_domain,11,-30.999397426843643,4,-21.9023896753788
4DhGy83DK_s--30,cross_domain,13,-82.66737532615662,5,-67.63871097564697
rZG7T9ujMEo--0,cross_domain,28,-143.26934653520584,13,-111.25005754455924
7byz3fdI-Ss--0,cross_domain,15,-67.80664851516485,6,-47.4149512052536
eabe1f38221a-18,cross_domain,31,-186.9183887441177,9,-99.0174694408197
0kldzhToGLc--6,cross_domain,22,-117.50592476129532,8,-88.60229140520096
pMbMjjSj1fM--17,cross_domain,18,-102.37781873345375,10,-85.07463129609823
MYGqMojGwBE--267,cross_domain,17,-89.42694531660527,3,-25.50999592524022
C-cgPb_N2dY--9,cross_domain,12,-57.42669444531202,3,-41.45584150403738
ef52bca1a454-22,cross_domain,12,-69.78454099595547,4,-46.597615003585815
fulQKWknVhw--7,cross_domain,19,-47.41367111634463,7,-42.28094347845763
ijrjSBx7WTc--84,cross_domain,8,-31.66197443008423,1,-5.126152038574219
oAhfJ8yB1j0--10,cross_domain,10,-50.96989208459854,2,-27.60071289539337
Zc2bgIDZ-Ks--72,cross_domain,12,-60.773965895175934,3,-22.639400243759155
mjvqIq_fvRY--11,cross_domain,19,-92.22283575683832,7,-76.6990347020328
IoifXQnhN4E--4,cross_domain,24,-112.70213487651199,8,-76.7457040688023
HBQwzyxvkZA--276,cross_domain,20,-79.51595604419708,6,-63.70706894993782
o44YnPMhwPU--12,cross_domain,15,-99.45247552543879,5,-71.33557937294245
myIXH3PjvoI--76,cross_domain,13,-60.65626045316458,4,-31.695906698703766
faZQNy4aErk--15,cross_domain,23,-101.0107187628746,7,-46.51853163540363
Rc99bcSdhak--0,cross_domain,21,-98.92719524353743,7,-62.49993246048689
0kldzhToGLc--2,cross_domain,14,-76.84318494796753,6,-56.559733882546425
5n_IGU5rYYk--30,cross_domain,22,-102.1934372112155,7,-62.78532379120588
myIXH3PjvoI--89,cross_domain,19,-84.08420008793473,7,-60.69084354862571
S9ymb66ZqqY--9,cross_domain,25,-146.37213756889105,12,-114.03793301433325
dPuKX_lM4Zc--54,cross_domain,19,-73.0978634916246,6,-53.93003659322858
oPITLi0VKh8--10,cross_domain,16,-67.1059405952692,6,-55.13423566520214
17OIKvJmrK8--4,cross_domain,13,-86.37746401131153,6,-64.66687722504139
yb7efY9x78U--12,cross_domain,23,-115.56786039471626,5,-43.84428735077381
zu_bd3r2GIA--9,cross_domain,12,-59.07890521734953,6,-52.06412321329117
eabe1f38221a-5,cross_domain,29,-131.2559958025813,8,-62.41343107819557
QiGhWfjM2FI--31,cross_domain,24,-114.389717321028,10,-100.34260978095699
fvHtYcL913U--3,cross_domain,11,-43.457255236804485,3,-19.556459724903107
sktRu3sp97g--4,cross_domain,20,-105.74395427852869,5,-57.95739731192589
BTqVQCBPUzg--97,cross_domain,10,-42.35508728772402,4,-37.894068002700806
hYNyIXYmoYs--17,cross_domain,24,-129.85536840185523,12,-115.2166863642633
3Pk2c_Z4ahk--1,cross_domain,9,-45.0490354783833,3,-32.88577564433217
9xc24mAlprE--1,cross_domain,16,-50.64108468592167,4,-41.42585904151201
ZMsnY_khlNQ--7,cross_domain,21,-91.90004024188966,8,-50.653013977222145
fulQKWknVhw--42,cross_domain,22,-102.86104913055897,7,-76.00405064225197
W4YzurwHpfw--6,cross_domain,14,-69.51879027485847,6,-68.72204011678696
glNqZ8w4iy8--9,cross_domain,25,-120.07063592970371,10,-76.70421808958054
o44YnPMhwPU--25,cross_domain,18,-75.09938826132566,5,-39.65717311669141
UBnqDwRds3A--2,cross_domain,13,-78.31044307351112,6,-63.68922185897827
wmTrG799MAo--19,cross_domain,13,-74.0917023634538,6,-60.636950969696045
lPzmjeJmsXo--13,cross_domain,20,-99.79091508686543,9,-99.20621679723263
ZCBew8Fv0qA--12,cross_domain,12,-74.29271772503853,5,-47.76109957695007
39at7Lxu6Yo--19,cross_domain,34,-177.4723513321951,13,-140.77213860023767
EIwWHTO5rZw--8,cross_domain,26,-144.9953557252884,9,-124.87562718987465
MYGqMojGwBE--116,cross_domain,20,-103.09913945198059,7,-73.28830357640982
BTqVQCBPUzg--47,cross_domain,10,-46.67951896041632,4,-26.436884224414825
myIXH3PjvoI--93,cross_domain,8,-52.73413694649935,4,-41.61590725183487
bU_v22EtHIU--1,cross_domain,23,-115.71529275551438,6,-82.59072858467698
uR-nzhB6D8g--2,cross_domain,15,-75.58115631341934,6,-61.40215229988098
OEM3CR-HYmk--15,cross_domain,24,-110.82406167685986,7,-71.42986123263836
uR-nzhB6D8g--3,cross_domain,18,-91.67992103286088,9,-77.35189833678305
NaXDBBT5pkw--6,cross_domain,9,-52.6011608839035,4,-27.099981784820557
wefigjf46u4--2,cross_domain,14,-81.13098360598087,7,-62.60276532173157
MYGqMojGwBE--30,cross_domain,19,-85.01099117472768,4,-41.39034362509847
fYxijWb0b_s--9,cross_domain,17,-74.89593142271042,9,-60.278238855302334
Rc99bcSdhak--16,cross_domain,15,-74.05907958000898,3,-30.256427980959415
_IyhoG9jXuM--15,cross_domain,25,-122.5689219199121,7,-45.4596911072731
uYaUCNl1j10--12,cross_domain,22,-103.39494265243411,8,-83.81894264742732
o9DARfrZg2o--16,cross_domain,14,-53.80597451515496,5,-36.087989600375295
MYGqMojGwBE--42,cross_domain,19,-100.73366624861956,7,-70.60356643795967
ixXF2UGOyoU--5,cross_domain,9,-50.64625108242035,3,-29.38935226202011
BESRE5mtipE--0,cross_domain,21,-86.35128262639046,8,-82.28953063488007
8DmlFztO2XM--2,cross_domain,25,-124.02823162451386,6,-106.69461362436414
jLwvQ4URDFY--1,cross_domain,43,-217.99186389148235,14,-170.44460213556886
5QMD024bDYs--15,cross_domain,19,-93.53620593994856,7,-56.064288049936295
jLwvQ4URDFY--31,cross_domain,33,-148.29033679282293,12,-134.1971020451747
aDwdB7xHAOE--1,cross_domain,28,-176.85386262927204,10,-125.34857044462115
wSEeoT9BqE0--13,cross_domain,11,-28.99020577967167,4,-19.61611469089985
d5Lx_5-UiHY--41,cross_domain,11,-45.95427753776312,5,-40.25988399237394
BTqVQCBPUzg--18,cross_domain,9,-46.60769033432007,4,-42.147075176239014
faZQNy4aErk--62,cross_domain,12,-35.42657665722072,4,-24.64375071041286
LvN9Dxq2iLY--88,cross_domain,10,-47.86345887184143,1,-13.041394829750061
HBQwzyxvkZA--256,cross_domain,19,-68.12462899833918,6,-56.20650761947036
xFEQrtosric--18,cross_domain,19,-79.03440156858414,5,-54.6151740802452
KmW8f1GVTYY--40,cross_domain,27,-126.11472628638148,10,-82.62610041722655
nXA9Qpj2z7E--6,cross_domain,12,-54.76081529259682,3,-33.23775365948677
kytITkHoyls--7,cross_domain,39,-178.9339691735804,12,-156.6901221163571
ef52bca1a454-6,cross_domain,15,-65.5886877477169,5,-58.363408505916595
iwYL-ivQm6o--19,cross_domain,14,-80.42960539460182,5,-29.93370544910431
9b0136913690-41,cross_domain,17,-84.31199494376779,7,-55.633676055818796
K4eNr2k2Lls--1,cross_domain,29,-122.77432006970048,8,-103.43465213105083
pMbMjjSj1fM--28,cross_domain,11,-48.02731096744537,3,-38.79370319843292
MYGqMojGwBE--161,cross_domain,18,-67.36268538981676,6,-32.541065879166126
mXq8axygjdE--32,cross_domain,24,-74.90837502694922,6,-51.72336961544352
4vfboqjtAXo_d,cross_domain,18,-103.53915689885616,5,-49.892705872654915
HBQwzyxvkZA--261,cross_domain,20,-75.36017813906074,5,-47.54004645347595
CAzt5cxtSjQ--23,cross_domain,10,-60.544734828174114,6,-55.26648259162903
d5Lx_5-UiHY--51,cross_domain,15,-97.52997602522373,5,-49.28446878492832
klepEQSaeIk--9,cross_domain,18,-73.57799272239208,5,-45.424790889024734
48couwymlMM--10,cross_domain,16,-80.29842127114534,4,-73.81816648691893
K4eNr2k2Lls--0,cross_domain,11,-54.85376234352589,5,-46.72507178783417
zu_bd3r2GIA--16,cross_domain,23,-114.40344960987568,8,-72.98344474285841
ef52bca1a454-76,cross_domain,11,-46.166592322289944,4,-29.578053697943687
ixXF2UGOyoU--2,cross_domain,14,-76.20347517728806,5,-46.593607902526855
o44YnPMhwPU--37,cross_domain,17,-89.47137976624072,7,-56.60165167786181
CRJSZ2e7BU0--12,cross_domain,22,-115.91519588977098,7,-87.12781873345375
91GVHgxW8RA--2,cross_domain,8,-27.005166959017515,3,-20.59869110584259
gXa0qcoWrsQ--7,cross_domain,22,-113.72864153981209,9,-96.24706818163395
m3Mmtpr-jjA--42,cross_domain,20,-97.01792314648628,6,-55.86979603767395
lcBujGRLwE0--29,cross_domain,35,-166.73602703772485,13,-133.04125330410898
MYGqMojGwBE--205,cross_domain,23,-89.34976559132338,7,-40.18262630701065
d5Lx_5-UiHY--22,cross_domain,24,-109.45949100423604,7,-56.834388193674386
9b0136913690-89,cross_domain,12,-44.25652188062668,2,-32.79318678379059
8E-llRXuhl0--5,cross_domain,24,-137.33383421599865,6,-79.51079472899437
iGdg-iGlUFg--11,cross_domain,18,-92.06661061942577,7,-74.76590685546398
jMdxYlvrkbk--9,cross_domain,20,-99.61081862449646,8,-65.802763864398
vbq8QbOwOt4--15,cross_domain,11,-41.721881687641144,3,-21.63935786485672
m3Mmtpr-jjA--8,cross_domain,10,-51.02243934571743,3,-33.711568892002106
o44YnPMhwPU--11,cross_domain,10,-58.81358145177364,5,-45.59809300303459
o9DARfrZg2o--12,cross_domain,12,-42.62586058676243,3,-34.65703767538071
rYcw__0tDhw--9,cross_domain,20,-98.74873062968254,5,-66.82045744359493
eabe1f38221a-51,cross_domain,10,-50.03290291130543,3,-38.498342990875244
HBQwzyxvkZA--116,cross_domain,8,-33.91965389251709,3,-22.332377195358276
LvN9Dxq2iLY--139,cross_domain,7,-25.096571914851665,2,-19.262893676757812
8w6k4jEJJlU--19,cross_domain,24,-105.32793398201466,9,-63.991351433098316
Kq5HfchSWv8--7,cross_domain,14,-51.76146187516861,4,-35.38140790048055
NDYHcIF50eE--2,cross_domain,16,-67.21683250367641,4,-36.77675669640303
809a3a5e02d1-65,cross_domain,8,-44.687971502542496,2,-15.183786869049072
AVb1VABiJJ8--18,cross_domain,12,-89.16503120213747,7,-78.46039545536041
HBQwzyxvkZA--265,cross_domain,16,-90.5198822915554,5,-50.28155755996704
ijrjSBx7WTc--59,cross_domain,9,-31.37449000775814,3,-27.051872566342354
IjeHLt1vNoM--13,cross_domain,20,-100.94906187802553,7,-58.938753463327885
BTqVQCBPUzg--122,cross_domain,17,-65.42541705071926,5,-42.25044043362141
NaXDBBT5pkw--25,cross_domain,27,-140.85177178680897,9,-78.26325210928917
4DhGy83DK_s--8,cross_domain,9,-51.15022611618042,3,-30.059819221496582
zu_bd3r2GIA--29,cross_domain,18,-96.72842165827751,5,-65.9241678416729
xFEQrtosric--19,cross_domain,19,-97.538229922764,6,-69.72539517562836
rYcw__0tDhw--11,cross_domain,8,-50.229667603969574,3,-35.43431830406189
DP1ly_MsHHQ--25,cross_domain,21,-114.9369308501482,7,-59.43686467409134
myIXH3PjvoI--106,cross_domain,12,-68.0063616335392,4,-45.72197875380516
KI0avgGkWiU--25,cross_domain,11,-57.787195079028606,4,-53.126532673835754
-hZpPIT6N4U_d,cross_domain,17,-75.00680862832814,5,-46.46388279367238
myIXH3PjvoI--102,cross_domain,14,-58.12672007828951,4,-37.18908321112394
MYGqMojGwBE--46,cross_domain,16,-80.98253124952316,5,-37.85882580280304
3vCea9zWFek--10,cross_domain,13,-52.17475143074989,2,-25.378934383392334
MYGqMojGwBE--172,cross_domain,13,-64.1017023473978,3,-29.668367862701416
d5Lx_5-UiHY--100,cross_domain,14,-85.46893773972988,3,-27.856469973921776
iwYL-ivQm6o--5,cross_domain,15,-72.73439369350672,4,-52.226443484425545
Xmm9ZyMy12g--19,cross_domain,24,-144.48543804883957,7,-113.1618854701519
hgaKby5Mha4--15,cross_domain,20,-123.24706099648029,7,-78.8794320197776
MnCcM6PZrug--9,cross_domain,15,-88.62201143801212,5,-47.20808292925358
bqE5C2tmc9c--9,cross_domain,22,-103.83529381453991,9,-80.34475153684616
OEM3CR-HYmk--0,cross_domain,21,-120.72845977544785,6,-110.73003196716309
faZQNy4aErk--82,cross_domain,20,-138.39224889874458,9,-122.87302821874619
C-cgPb_N2dY--0,cross_domain,24,-132.38717448711395,8,-76.59712374210358
AVb1VABiJJ8--10,cross_domain,23,-114.43036928027868,10,-89.79764185845852
Lt5GAA6MIuM--1,cross_domain,19,-119.81753678619862,8,-90.74214144051075
gp0w_zrLgfw--10,cross_domain,12,-76.88774020969868,6,-52.37460470199585
eBj_HUu0CNw--29,cross_domain,12,-53.268219873309135,4,-28.96193504333496
QiJgNpX3zN0--11,cross_domain,21,-95.60131260752678,8,-81.31832246482372
faZQNy4aErk--32,cross_domain,20,-105.62272663414478,5,-49.12050384283066
aDwdB7xHAOE--10,cross_domain,17,-105.92467870935798,9,-82.64687442779541
YsuSHJ3klEs--7,cross_domain,24,-117.92047352995723,8,-94.77714915480465
MYGqMojGwBE--217,cross_domain,13,-62.90620228648186,6,-36.393420934677124
8DmlFztO2XM--0,cross_domain,21,-92.15679664351046,5,-66.0757642481476
gp0w_zrLgfw--20,cross_domain,28,-174.8722366131842,10,-126.5265300013125
MYGqMojGwBE--258,cross_domain,15,-75.90398450382054,5,-32.74074240215123
40BjLI5XtJE--10,cross_domain,22,-104.90231664851308,7,-67.49436372891068
fulQKWknVhw--12,cross_domain,31,-151.31767044961452,7,-72.09256387129426
myIXH3PjvoI--122,cross_domain,12,-42.16573476791382,4,-19.722875833511353
jMdxYlvrkbk--7,cross_domain,22,-93.2602917291224,6,-67.97769393399358
-X_zmve1y00--14,cross_domain,19,-129.4702936410904,8,-89.04163599014282
sktRu3sp97g--15,cross_domain,16,-73.78122950159013,7,-56.03837043046951
7byz3fdI-Ss--16,cross_domain,9,-19.92571581620723,4,-19.627903250046074
809a3a5e02d1-119,cross_domain,11,-43.55831989645958,4,-24.79787415266037
Rc99bcSdhak--14,cross_domain,8,-32.699930638074875,3,-16.357367753982544
v0g35qCOCwU--0,cross_domain,25,-121.34890704974532,10,-87.53277957066894
N6jpL7uibFI_e2,cross_domain,24,-101.29441491514444,6,-70.77525835484266
MYGqMojGwBE--282,cross_domain,16,-91.26425739377737,6,-46.25242641568184
mjvqIq_fvRY--10,cross_domain,25,-124.50029700249434,9,-97.7256753668189
lZarpnV0alw--12,cross_domain,14,-83.98465359443799,2,-59.25563411647454
mXq8axygjdE--28,cross_domain,32,-160.79608906805515,12,-105.24706792831421
IjeHLt1vNoM--3,cross_domain,20,-97.83945992588997,8,-76.86651337146759
6_yO8Lc8Hd4--16,cross_domain,21,-95.14053071755916,3,-35.70495515316725
HBQwzyxvkZA--237,cross_domain,16,-70.12050605751574,7,-56.58696031011641
CRJSZ2e7BU0--8,cross_domain,30,-134.35043483646587,10,-109.74623115034774
K4eNr2k2Lls--19,cross_domain,14,-62.88078190386295,6,-43.38015714287758
U5Tq9r7saZU--19,cross_domain,16,-77.0569678246975,5,-54.685989663004875
uYaUCNl1j10--3,cross_domain,34,-149.96001707576215,11,-132.34956829063594
3gKelnCwuj8--0,cross_domain,17,-67.49352700263262,6,-56.908500261604786
ZVE_KjrY_po--22,cross_domain,21,-95.65879014879465,8,-88.01410422474146
i4j5Bj2NL1c--11,cross_domain,28,-171.39465445280075,10,-131.28237676620483
9b0136913690-57,cross_domain,20,-108.43586188554764,4,-84.65917456150055
wwpptVjgAws--10,cross_domain,32,-167.49807032942772,11,-111.93502992391586
gp0w_zrLgfw--13,cross_domain,28,-130.34170252410695,10,-92.5937782744877
HBQwzyxvkZA--129,cross_domain,15,-49.576878387480974,6,-42.81840102374554
fqJW-F3WIYc--0,cross_domain,21,-93.82809241581708,8,-81.75535668898374
xnY08sy7Sqk--6,cross_domain,13,-75.97577363997698,4,-69.86164498329163
maCRL8WG0GQ--3,cross_domain,10,-71.8808012008667,5,-38.358909606933594
xnY08sy7Sqk--3,cross_domain,25,-143.47531889379025,9,-114.58880852162838
AVb1VABiJJ8--13,cross_domain,16,-75.6194265820086,7,-70.54937781766057
HBQwzyxvkZA--331,cross_domain,16,-50.72835668455809,4,-41.13372422289103
HBQwzyxvkZA--79,cross_domain,24,-102.25915323197842,8,-54.83151001483202
0bk98uIiTS8--18,cross_domain,15,-52.874044455587864,5,-40.19878024607897
OJxSniCPUpI--2,cross_domain,15,-72.85944839194417,6,-60.86615987494588
m-w_78fDg9M--11,cross_domain,28,-173.4886654834263,9,-103.66427316470072
mDUCHJerTtE--9,cross_domain,14,-84.93667376041412,4,-43.96976000070572
BTqVQCBPUzg--94,cross_domain,8,-36.44930064678192,2,-16.12211537361145
CAzt5cxtSjQ--13,cross_domain,23,-152.9079726189375,11,-108.55738814175129
8DmlFztO2XM--1,cross_domain,27,-118.64641040656716,10,-96.51845008227974
ZVE_KjrY_po--4,cross_domain,16,-83.004246073775,4,-69.81675090175122
9b0136913690-78,cross_domain,20,-103.69562463462353,7,-56.091961443424225
5n_IGU5rYYk--24,cross_domain,29,-215.22913121432066,11,-99.11938324570656
HBQwzyxvkZA--131,cross_domain,18,-93.79579619318247,4,-81.27277281880379
lZarpnV0alw--2,cross_domain,21,-112.2361892554909,7,-87.44851295091212
6_yO8Lc8Hd4--5,cross_domain,25,-143.58862840756774,8,-85.5114222317934
u7wx4rUBg_k--5,cross_domain,22,-126.05322020500898,7,-86.87588968127966
w_xCnJVyPYA_e1,cross_domain,17,-80.43477655155584,5,-62.06780899269506
BTqVQCBPUzg--105,cross_domain,15,-54.09643480181694,5,-36.84214347600937
d5Lx_5-UiHY--111,cross_domain,11,-90.3692238330841,2,-25.283365488052368
HBQwzyxvkZA--330,cross_domain,33,-142.839473426342,10,-86.28700976073742
lcBujGRLwE0--38,cross_domain,31,-149.16506102867424,9,-132.74073395319283
oPITLi0VKh8--1,cross_domain,19,-79.12549981614575,7,-61.84655972709879
s_8IbRRsr0Q--0,cross_domain,35,-147.84862161614,9,-83.84661458991468
lZarpnV0alw--11,cross_domain,18,-86.85769336670637,5,-43.08237589150667
NDYHcIF50eE--19,cross_domain,9,-24.016718773171306,2,-17.03673735819757
fqJW-F3WIYc--5,cross_domain,25,-129.88051661662757,8,-112.96986469440162
yb7efY9x78U--0,cross_domain,33,-165.0508751012385,9,-96.47688613086939
fYxijWb0b_s--28,cross_domain,16,-87.65020295977592,6,-75.28717869520187
HBQwzyxvkZA--140,cross_domain,19,-87.62284502014518,6,-83.2509898506105
ojYFIliNLGI--2,cross_domain,22,-115.58112109452486,11,-90.75592121481895
q4RnudGCU18--15,cross_domain,20,-108.25739699602127,5,-79.34839802980423
xnY08sy7Sqk--12,cross_domain,15,-88.13753725588322,5,-71.65454380214214
Zc2bgIDZ-Ks--57,cross_domain,9,-19.0005689188838,4,-15.453646577894688
QiGhWfjM2FI--18,cross_domain,23,-118.52680903300643,7,-66.06472758576274
nvfK4jQ7MH0--7,cross_domain,16,-108.8870400711894,7,-73.86650931835175
OJxSniCPUpI--19,cross_domain,17,-96.13736297935247,9,-70.10710706561804
mDUCHJerTtE--0,cross_domain,14,-73.68988852202892,5,-46.16976182162762
dPuKX_lM4Zc--114,cross_domain,8,-42.17589244246483,3,-33.53320464491844
pMbMjjSj1fM--24,cross_domain,24,-155.90374836325645,5,-136.9187417626381
AZ2s4Adm9RU--25,cross_domain,15,-70.36072117835283,5,-43.191642969846725
KmW8f1GVTYY--45,cross_domain,20,-97.73230147734284,8,-89.35260561481118
faZQNy4aErk--59,cross_domain,21,-95.42094661761075,6,-67.92650004196912
HBQwzyxvkZA--69,cross_domain,20,-109.21552297472954,8,-65.98299098014832
9b0136913690-9,cross_domain,11,-55.97340876981616,5,-44.644686222076416
ef52bca1a454-70,cross_domain,8,-39.65044619143009,3,-26.885700225830078
wUH1dDbu9B4--3,cross_domain,26,-172.67169380933046,6,-161.05919748544693
nvfK4jQ7MH0--1,cross_domain,20,-51.336421836167574,4,-22.367788266390562
HBQwzyxvkZA--229,cross_domain,17,-44.03335323929787,7,-30.141405828297138
HBQwzyxvkZA--76,cross_domain,16,-65.74909649789333,5,-41.45085906982422
1xJ_dkBcAIU--6,cross_domain,16,-109.10036028549075,7,-96.06994284316897
vyBaeFU8J_k--0,cross_domain,13,-93.85800182819366,4,-69.14757120609283
lSLqIyupXrk--15,cross_domain,15,-70.6352813784033,6,-59.07107973098755
HBQwzyxvkZA--280,cross_domain,17,-79.17189379036427,6,-54.00417399406433
0bk98uIiTS8--29,cross_domain,22,-120.72745730727911,6,-66.17525836825371
faZQNy4aErk--43,cross_domain,41,-190.21443594433367,13,-145.90869938023388
XcXCB---N9M--37,cross_domain,23,-110.2833936996758,7,-65.45228088274598
LvN9Dxq2iLY--137,cross_domain,11,-48.94423770159483,4,-32.63929712027311
_r1S90f_nsM--6,cross_domain,17,-84.76736388169229,6,-42.402202462777495
8E-llRXuhl0--17,cross_domain,20,-94.78982938081026,7,-69.79466419667006
ijrjSBx7WTc--68,cross_domain,8,-30.966298386454582,3,-21.97685706615448
4DhGy83DK_s--26,cross_domain,15,-60.602949380874634,4,-32.95872014760971
oPITLi0VKh8--17,cross_domain,21,-109.8730916660279,6,-75.17563566379249
bOZ_Lap5FNA--17,cross_domain,22,-100.6719171712175,8,-77.27541345451027
4DhGy83DK_s--3,cross_domain,15,-74.76075691729784,4,-53.54440504312515
ZCBew8Fv0qA--22,cross_domain,42,-233.04144655540586,12,-178.9624874703586
klepEQSaeIk--12,cross_domain,16,-53.60934589058161,4,-28.660250201821327
lZarpnV0alw--9,cross_domain,10,-54.890990018844604,5,-52.12732094526291
o9DARfrZg2o--6,cross_domain,15,-63.898688331246376,3,-50.17576417326927
o9DARfrZg2o--3,cross_domain,18,-85.79980884492397,5,-59.16525553166866
AVb1VABiJJ8--8,cross_domain,8,-54.95998799800873,3,-30.95956599712372
ijrjSBx7WTc--42,cross_domain,8,-36.0628776550293,2,-20.341798067092896
kES_ZNjFKz8--10,cross_domain,17,-88.56263989955187,7,-65.36360114812851
ckGC5hUffDU--13,cross_domain,9,-42.78776654601097,3,-25.791584938764572
fqJW-F3WIYc--16,cross_domain,43,-234.46687334775925,13,-200.1441461518407
8E-llRXuhl0--21,cross_domain,20,-108.95761892199516,9,-85.49388453364372
MYGqMojGwBE--277,cross_domain,15,-87.01192378997803,6,-46.39199757575989
myIXH3PjvoI--48,cross_domain,17,-75.0588262192905,3,-26.29079880937934
KHL0wkbu0-s--4,cross_domain,16,-101.8198561668396,6,-54.512325286865234
jC6VuHNpTLM--8,cross_domain,28,-96.5239661373198,10,-80.31435719504952
myIXH3PjvoI--52,cross_domain,12,-33.63494269549847,3,-20.74800507724285
C-cgPb_N2dY--7,cross_domain,18,-112.63539750874043,7,-90.53928259015083
myIXH3PjvoI--92,cross_domain,13,-49.445523388683796,5,-32.16018545627594
6_yO8Lc8Hd4--11,cross_domain,26,-114.89072167128325,8,-74.67231706529856
o44YnPMhwPU--26,cross_domain,23,-136.5434554964304,9,-109.14232085645199
XcXCB---N9M--40,cross_domain,28,-131.22204734385014,9,-83.06442894786596
HBQwzyxvkZA--326,cross_domain,28,-135.54985508322716,9,-76.06335241347551
dkavvNigK7s--3,cross_domain,16,-84.58912912011147,6,-67.26973041892052
LvN9Dxq2iLY--9,cross_domain,14,-59.993070773780346,4,-41.20779820531607
QiJgNpX3zN0--2,cross_domain,13,-66.81105496734381,3,-34.428419545292854
KI0avgGkWiU--14,cross_domain,21,-93.63179943524301,9,-71.7785348650068
48couwymlMM--0,cross_domain,21,-99.53392526181415,6,-85.25378841580823
XcXCB---N9M--25,cross_domain,18,-114.41982555110008,7,-78.55070337373763
myIXH3PjvoI--39,cross_domain,16,-84.54038754850626,5,-54.66800598800182
nvfK4jQ7MH0--26,cross_domain,12,-43.069240003824234,3,-26.940973788499832
MYGqMojGwBE--103,cross_domain,15,-92.18146276473999,5,-52.06844425201416
LvN9Dxq2iLY--24,cross_domain,11,-70.47032360732555,3,-33.67353504896164
Sqa3ig2NN9Q--13,cross_domain,17,-61.916817259043455,6,-41.0301045961678
809a3a5e02d1-86,cross_domain,8,-47.37085998058319,2,-20.483139991760254
MYGqMojGwBE--62,cross_domain,15,-55.92748822271824,4,-32.649011984467506
pMbMjjSj1fM--16,cross_domain,23,-109.90212446358055,11,-89.95697891619056
mXq8axygjdE--66,cross_domain,18,-68.60476812720299,4,-57.93052141368389
vbq8QbOwOt4--17,cross_domain,20,-128.98202842473984,5,-91.6040820479393
dPuKX_lM4Zc--110,cross_domain,27,-156.15454025217332,11,-118.67987391259521
eabe1f38221a-52,cross_domain,15,-91.03220972418785,6,-66.37251430749893
LvN9Dxq2iLY--210,cross_domain,18,-87.23053157143295,5,-65.09909069351852
0bk98uIiTS8--42,cross_domain,22,-125.57586264796555,10,-98.48785649240017
faZQNy4aErk--40,cross_domain,17,-78.47957682609558,7,-57.974997103214264
Kq5HfchSWv8--2,cross_domain,9,-56.475011706352234,4,-37.686649441719055
ZMsnY_khlNQ--5,cross_domain,21,-128.0339242182672,7,-112.39047990739346
80Cx4CH-AVI--4,cross_domain,22,-120.5758591517806,8,-100.38709273934364
HBQwzyxvkZA--283,cross_domain,23,-138.31657253950834,10,-97.70863925665617
Nv3WLYio7Lc--1,cross_domain,20,-128.0901310555637,5,-113.43503591045737
KHL0wkbu0-s--24,cross_domain,18,-58.863865656778216,9,-42.41393905878067
BO1ehFUMWEs--21,cross_domain,27,-179.61210350319743,9,-147.178495939821
QXsIVtanWdw--8,cross_domain,16,-92.10580564662814,5,-62.271505650132895
jN2lbHzIneI--10,cross_domain,16,-82.44863847643137,5,-51.30697973072529
_IyhoG9jXuM--10,cross_domain,11,-53.365159852430224,4,-46.22410714440048
Kq5HfchSWv8--23,cross_domain,17,-79.1485234098509,7,-49.456846666522324
LvN9Dxq2iLY--61,cross_domain,18,-97.01607613824308,7,-75.17504816316068
T-5au9lZhYI--9,cross_domain,11,-54.284479297697544,4,-44.57185385376215
mXq8axygjdE--81,cross_domain,19,-75.16421178914607,6,-57.63639077730477
HBQwzyxvkZA--213,cross_domain,23,-80.74857163242996,8,-57.04762737266719
fYxijWb0b_s--23,cross_domain,9,-44.427302084863186,3,-19.624791383743286
a8zp7ivHwBU--8,cross_domain,15,-101.23155109584332,7,-66.65952260792255
xnY08sy7Sqk--19,cross_domain,14,-64.13559950143099,5,-51.083325922489166
9bqfEh7BD3c--14,cross_domain,7,-40.598041236400604,3,-22.31448745727539
Zc2bgIDZ-Ks--48,cross_domain,8,-42.068012684583664,3,-28.518259525299072
ZCBew8Fv0qA--4,cross_domain,15,-89.44702160358429,5,-44.701029896736145
VwsRPJN7txM--8,cross_domain,18,-106.86426247656345,9,-68.8506727218628
W4YzurwHpfw--17,cross_domain,17,-81.64976467192173,8,-68.4578625112772
HBQwzyxvkZA--120,cross_domain,11,-57.49925059080124,5,-39.527128130197525
T-5au9lZhYI--6,cross_domain,14,-65.92552636563778,6,-54.01538757234812
5QMD024bDYs--23,cross_domain,16,-81.49428278952837,7,-43.78471487015486
AVb1VABiJJ8--22,cross_domain,20,-113.02164190262556,10,-96.5242944136262
QiJgNpX3zN0--9,cross_domain,18,-102.79061955213547,7,-78.04471755027771
nXA9Qpj2z7E--16,cross_domain,20,-132.91361854970455,6,-124.21524178981781
kytITkHoyls--2,cross_domain,10,-40.71169438958168,3,-15.989648848772049
KmW8f1GVTYY--42,cross_domain,23,-123.50865432620049,8,-91.82038778066635
m3Mmtpr-jjA--9,cross_domain,19,-85.67499412223697,6,-59.477272134274244
o44YnPMhwPU--42,cross_domain,11,-40.09145952761173,3,-20.077162206172943
BTqVQCBPUzg--96,cross_domain,11,-74.68499848246574,4,-53.79888218641281
uYaUCNl1j10--0,cross_domain,26,-122.69795756507665,10,-89.62545242812485
oAhfJ8yB1j0--1,cross_domain,15,-76.44088307768106,4,-64.52699077129364
yb7efY9x78U--4,cross_domain,15,-73.92691598832607,5,-49.4400369822979
K4eNr2k2Lls--29,cross_domain,23,-100.7837810376659,6,-68.92103055957705
faZQNy4aErk--7,cross_domain,16,-79.05002422630787,4,-37.43918550014496
XcXCB---N9M--14,cross_domain,23,-105.48630084097385,7,-66.72227856516838
NaXDBBT5pkw--0,cross_domain,20,-116.66641709208488,5,-84.77351769804955
rZG7T9ujMEo--3,cross_domain,9,-37.1435170173645,2,-9.50873351097107
0bk98uIiTS8--24,cross_domain,27,-141.10407811403275,8,-68.12255894392729
jN2lbHzIneI--8,cross_domain,29,-130.1643484607339,11,-101.21125923842192
wSEeoT9BqE0--16,cross_domain,27,-129.42208922095597,13,-102.45864265412092
wwpptVjgAws--2,cross_domain,13,-44.181187611073256,4,-20.704085912555456
xnY08sy7Sqk--15,cross_domain,9,-37.172573395073414,3,-16.63871455192566
eyqLkKS5Qkw--22,cross_domain,16,-77.19344822317362,7,-66.03864793479443
Sqa3ig2NN9Q--1,cross_domain,18,-115.5210924744606,5,-75.74713903665543
eabe1f38221a-65,cross_domain,14,-64.70094786584377,4,-23.87276577949524
ozS8Mx8AdH8--2,cross_domain,24,-113.27711682766676,10,-90.48631586879492
rZG7T9ujMEo--5,cross_domain,24,-102.26946467533708,8,-74.80362716317177
cw1YIV30nQM--2,cross_domain,10,-55.33064441382885,4,-42.652693673968315
MnCcM6PZrug--6,cross_domain,39,-221.00214763730764,13,-174.10523754358292
MnCcM6PZrug--4,cross_domain,23,-115.30126840807498,9,-90.49809662438929
K4eNr2k2Lls--16,cross_domain,15,-89.07747119665146,10,-88.06108924746513
W4YzurwHpfw--14,cross_domain,13,-70.2859754562378,4,-59.93823817372322
UBnqDwRds3A--18,cross_domain,23,-104.9139658883214,10,-88.57954996824265
ZVE_KjrY_po--12,cross_domain,19,-79.30822880938649,7,-49.32165225222707
IjeHLt1vNoM--6,cross_domain,29,-181.18194802105427,11,-135.53233055770397
BESRE5mtipE--14,cross_domain,11,-59.99076494574547,5,-40.640041172504425
9xc24mAlprE--12,cross_domain,9,-40.74217468500137,5,-31.541379392147064
6U9AFGakrn0--1,cross_domain,15,-66.09275054186583,5,-47.78883135318756
Lt5GAA6MIuM--14,cross_domain,12,-54.24398046545684,5,-39.67574950866401
Zc2bgIDZ-Ks--76,cross_domain,17,-63.070351435570046,3,-24.949257536558434
XcXCB---N9M--24,cross_domain,17,-105.93302497267723,5,-79.9164933860302
9xc24mAlprE--9,cross_domain,19,-64.73182712122798,6,-49.455404337495565
BESRE5mtipE--17,cross_domain,20,-83.26281350851059,10,-66.42141956090927
MYGqMojGwBE--32,cross_domain,14,-57.620583683252335,4,-46.86621180176735
Zc2bgIDZ-Ks--58,cross_domain,37,-160.34838286042213,11,-85.6951421648264
zu_bd3r2GIA--5,cross_domain,25,-112.00154079124331,4,-49.528343200683594
mjvqIq_fvRY--1,cross_domain,18,-82.34821517020464,6,-46.45766814798117
NaXDBBT5pkw--1,cross_domain,7,-27.557169675827026,2,-4.202637076377869
vyBaeFU8J_k--15,cross_domain,28,-140.97505204379559,8,-117.57773477584124
vyBaeFU8J_k--21,cross_domain,19,-94.57778096944094,8,-80.77557773888111
3Pk2c_Z4ahk--14,cross_domain,12,-64.61473955959082,5,-48.458846651017666
ZVE_KjrY_po--23,cross_domain,11,-59.103666469454765,3,-30.461295515298843
Lt5GAA6MIuM--11,cross_domain,34,-151.77047099731863,15,-118.5082466956228
lPzmjeJmsXo--40,cross_domain,12,-58.99830685555935,7,-39.10279040038586
lPzmjeJmsXo--11,cross_domain,17,-107.6771023273468,6,-73.15342023968697
91GVHgxW8RA--18,cross_domain,25,-137.21958127617836,8,-119.0900506079197
rZG7T9ujMEo--19,cross_domain,21,-113.11792081594467,8,-72.29427075386047
36YV-IPiUXM--11,cross_domain,31,-154.8492268398404,10,-131.77274441719055
Zc2bgIDZ-Ks--23,cross_domain,30,-100.96517311036587,11,-82.51610724627972
3gKelnCwuj8--9,cross_domain,17,-92.66064135730267,8,-76.73839163780212
BTqVQCBPUzg--53,cross_domain,11,-59.34006041288376,5,-41.779712080955505
MYGqMojGwBE--86,cross_domain,16,-62.66550410352647,6,-45.21621913276613
R6_v5nqXuGg--0,cross_domain,23,-113.24482548236847,13,-113.11819766461849
lZarpnV0alw--4,cross_domain,20,-111.83500349149108,6,-95.37741207703948
0kldzhToGLc--0,cross_domain,21,-104.83315357193351,6,-92.65272077545524
Sqa3ig2NN9Q--8,cross_domain,16,-63.379257030785084,4,-42.70247322320938
Rblg5TE6TI0--29,cross_domain,28,-160.7583965063095,10,-104.6848862990737
nvfK4jQ7MH0--8,cross_domain,21,-114.72558358311653,10,-87.47624756395817
fYxijWb0b_s--18,cross_domain,15,-81.44649204611778,5,-58.41321378946304
HBQwzyxvkZA--267,cross_domain,7,-39.916680693626404,2,-18.193255305290222
gp0w_zrLgfw--7,cross_domain,29,-178.45579254627228,11,-116.66008912026882
3Pk2c_Z4ahk--20,cross_domain,27,-152.98094986379147,8,-132.71466472744942
Zc2bgIDZ-Ks--39,cross_domain,22,-85.22273471951485,7,-58.00623223185539
ZCBew8Fv0qA--7,cross_domain,16,-98.81339210271835,4,-82.04631614685059
MYGqMojGwBE--26,cross_domain,34,-187.98756543174386,7,-163.47774964571
MYGqMojGwBE--36,cross_domain,10,-49.57408046722412,4,-31.684378147125244
36YV-IPiUXM--17,cross_domain,53,-273.7164500206709,14,-233.2973938137293
pMbMjjSj1fM--4,cross_domain,18,-94.94120901077986,6,-81.02668683975935
809a3a5e02d1-27,cross_domain,22,-124.27849850058556,6,-56.38430365920067
9xc24mAlprE--25,cross_domain,14,-89.88084765523672,6,-64.5766372680664
0kldzhToGLc--9,cross_domain,22,-121.3666588254273,9,-89.31569033488631
aDwdB7xHAOE--13,cross_domain,17,-72.53560355678201,6,-50.969608914107084
wUH1dDbu9B4--18,cross_domain,17,-105.27001929283142,7,-62.31708247959614
BO1ehFUMWEs--29,cross_domain,34,-195.34237275272608,8,-131.3201224207878
mXq8axygjdE--48,cross_domain,20,-99.86266308277845,7,-92.59826962649822
VwsRPJN7txM--7,cross_domain,11,-66.02415676414967,5,-59.115810215473175
ZMsnY_khlNQ--6,cross_domain,15,-88.98995164781809,6,-74.63974200189114
KHL0wkbu0-s--21,cross_domain,12,-58.89579765498638,5,-37.428664565086365
mjvqIq_fvRY--15,cross_domain,9,-42.92577192187309,5,-32.86767256259918
o44YnPMhwPU--6,cross_domain,9,-58.125241458415985,4,-47.99768137931824
s_8IbRRsr0Q--11,cross_domain,38,-170.58426376618445,11,-138.14328108169138
ZMsnY_khlNQ--4,cross_domain,19,-77.99002280086279,8,-62.42744755744934
9b0136913690-50,cross_domain,20,-97.5460375584662,6,-53.143493101000786
5QMD024bDYs--4,cross_domain,19,-89.28526289854199,6,-55.884960376657546
MYGqMojGwBE--19,cross_domain,10,-68.1612001657486,5,-59.884467363357544
UBnqDwRds3A--16,cross_domain,21,-135.1767211034894,8,-82.7177547365427
q4RnudGCU18--23,cross_domain,24,-106.19886598736048,8,-69.10620552301407
vyBaeFU8J_k--3,cross_domain,14,-76.69152228534222,6,-51.7038876414299
jN2lbHzIneI--15,cross_domain,23,-115.94369953125715,8,-80.41142133623362
W4YzurwHpfw--5,cross_domain,13,-72.99779383093119,5,-58.04236948490143
3vCea9zWFek--3,cross_domain,17,-81.12322659697384,5,-52.62109705712646
wwpptVjgAws--15,cross_domain,47,-227.85294928896474,13,-182.62980995822
DF4fto_X1Y4--13,cross_domain,12,-46.72600407153368,4,-23.027369022369385
fulQKWknVhw--1,cross_domain,21,-80.16622258443385,8,-66.74553779233247
hgaKby5Mha4--34,cross_domain,21,-113.50372010469437,7,-87.19258213043213
48couwymlMM--15,cross_domain,23,-93.54812286794186,7,-73.52432425320148
i4j5Bj2NL1c--3,cross_domain,24,-123.98866117745638,11,-108.3465234413743
cw1YIV30nQM--6,cross_domain,17,-86.892831787467,7,-60.46968737989664
fqJW-F3WIYc--8,cross_domain,12,-50.570375338196754,5,-38.41137847304344
HBQwzyxvkZA--316,cross_domain,15,-68.34900460764766,6,-56.63335059210658
LvN9Dxq2iLY--200,cross_domain,12,-74.746297493577,5,-54.753470316529274
6MxCP_583q8_e4,cross_domain,9,-57.53873007744551,4,-47.65511840581894
HBQwzyxvkZA--57,cross_domain,21,-91.03168179094791,7,-60.42680133134127
yb7efY9x78U--15,cross_domain,23,-144.38138832710683,7,-113.71983450651169
l9bZYazJQ1w--2,cross_domain,9,-35.13838731497526,4,-27.5358210131526
3gKelnCwuj8--16,cross_domain,16,-81.04835026711226,7,-64.96275061368942
lSLqIyupXrk--7,cross_domain,11,-41.726120322942734,4,-26.727287270128727
HBQwzyxvkZA--230,cross_domain,15,-54.50693918950856,5,-30.17047780752182
q4RnudGCU18--11,cross_domain,10,-40.61288546025753,4,-30.819672107696533
AZ2s4Adm9RU--9,cross_domain,14,-71.28641146421432,5,-36.59901523590088
MYGqMojGwBE--95,cross_domain,18,-88.77637190371752,9,-78.88540171459317
17OIKvJmrK8--11,cross_domain,28,-150.85189619660378,9,-142.82976070046425
HBQwzyxvkZA--146,cross_domain,20,-81.09477815032005,7,-64.38306531310081
HBQwzyxvkZA--77,cross_domain,10,-44.84703457355499,3,-16.30359411239624
MYGqMojGwBE--235,cross_domain,8,-50.54384922981262,3,-26.446914672851562
JqYder5vRP4--0,cross_domain,11,-55.59645684668794,5,-41.88567574927583
eyqLkKS5Qkw--3,cross_domain,16,-96.23210772126913,8,-83.10719656944275
48couwymlMM--24,cross_domain,12,-56.18468264490366,5,-44.62656483799219
iGdg-iGlUFg--12,cross_domain,19,-106.92390321195126,4,-68.8676235228777
K5lgB4YzOO0--4,cross_domain,27,-158.2334305793047,9,-145.38450598716736
m3Mmtpr-jjA--34,cross_domain,16,-68.26877475529909,9,-63.90407205373049
HBQwzyxvkZA--303,cross_domain,16,-83.42443288490176,3,-62.59434229135513
Rblg5TE6TI0--19,cross_domain,23,-161.07224590331316,12,-126.95203121006489
tDrI-9pSul0--6,cross_domain,21,-120.70275634527206,9,-90.25117947161198
6_yO8Lc8Hd4--19,cross_domain,11,-44.1653897613287,3,-17.630233764648438
faZQNy4aErk--51,cross_domain,22,-126.65261951833963,8,-49.9580956697464
d5Lx_5-UiHY--85,cross_domain,25,-110.6094518750906,10,-79.67813482880592
lSLqIyupXrk--2,cross_domain,12,-53.43803694844246,6,-39.72984266281128
sktRu3sp97g--3,cross_domain,15,-72.48679711669683,3,-20.987701892852783
MnCcM6PZrug--19,cross_domain,36,-177.40846105664968,11,-124.20792139321566
DP1ly_MsHHQ--2,cross_domain,20,-116.41097623109818,8,-63.2751367688179
mXq8axygjdE--65,cross_domain,15,-58.261523391120136,5,-40.405147592537105
Rblg5TE6TI0--32,cross_domain,12,-50.54585666581988,4,-38.30096086487174
4vfboqjtAXo_e3,cross_domain,14,-68.19617635011673,4,-43.31895595788956
HBQwzyxvkZA--313,cross_domain,21,-104.10003526508808,5,-80.8234925866127
vyBaeFU8J_k--5,cross_domain,33,-159.31605317816138,8,-103.32915557548404
5QMD024bDYs--5,cross_domain,15,-71.6115482673049,5,-49.86906100064516
3gKelnCwuj8--7,cross_domain,16,-69.87637159973383,6,-48.974934443831444
ef52bca1a454-78,cross_domain,16,-57.73338082432747,5,-36.79267913848162
4DhGy83DK_s--17,cross_domain,28,-86.94949522754177,8,-55.96736977389082
mXq8axygjdE--64,cross_domain,14,-77.51947857066989,5,-42.80784345790744
yAAWlkm-_KA--8,cross_domain,24,-132.46730292588472,10,-82.73733741044998
BTqVQCBPUzg--81,cross_domain,16,-81.12687776982784,7,-78.16467255353928
R6_v5nqXuGg--12,cross_domain,22,-66.35373047366738,6,-41.860440105199814
iwYL-ivQm6o--7,cross_domain,17,-94.83679980784655,6,-71.86208791285753
pMbMjjSj1fM--18,cross_domain,14,-43.90139409666881,6,-40.617765297647566
aDwdB7xHAOE--2,cross_domain,19,-91.87148202955723,4,-36.90422181785107
HBQwzyxvkZA--41,cross_domain,15,-66.71571161970496,4,-38.37895768880844
LvN9Dxq2iLY--174,cross_domain,20,-109.95403219759464,6,-102.71223324537277
faZQNy4aErk--55,cross_domain,14,-79.25474973022938,7,-60.66261878609657
uY7i-Y8gxn8--5,cross_domain,22,-121.4696409162134,6,-100.21600711904466
faZQNy4aErk--31,cross_domain,18,-90.55977676808834,8,-66.19455759227276
HBQwzyxvkZA--130,cross_domain,26,-117.69231006503105,8,-94.70438546687365
5QMD024bDYs--16,cross_domain,22,-101.45095573365688,8,-78.07615691423416
0bk98uIiTS8--41,cross_domain,27,-135.57119891047478,11,-99.53661429136992
Kq5HfchSWv8--27,cross_domain,18,-86.9223099090159,4,-71.002365950495
kES_ZNjFKz8--15,cross_domain,18,-98.48400716483593,4,-93.13516187667847
vZt56rnH8QQ--0,cross_domain,16,-93.25703255273402,9,-69.73742623068392
n12WICGyBJ4--35,cross_domain,15,-81.32525369524956,6,-57.494722574949265
MYGqMojGwBE--122,cross_domain,10,-58.852277517318726,3,-33.73910617828369
lcBujGRLwE0--8,cross_domain,29,-176.42502790689468,9,-105.1060608625412
ckGC5hUffDU--8,cross_domain,18,-128.64306837320328,5,-115.20789030194283
jN2lbHzIneI--11,cross_domain,38,-178.04570207372308,12,-141.77656084299088
MYGqMojGwBE--284,cross_domain,16,-67.55685282498598,6,-34.455546379089355
aDwdB7xHAOE--6,cross_domain,27,-155.63177191279829,9,-103.86817323230207
g4GfKC7z-2M--22,cross_domain,19,-106.52740336954594,4,-75.22809563577175
XcXCB---N9M--6,cross_domain,12,-42.125318214297295,5,-28.27992272377014
zu_bd3r2GIA--8,cross_domain,16,-53.71760091371834,5,-33.2812581975013
u7wx4rUBg_k--8,cross_domain,19,-117.79366006702185,9,-75.63535945490003
-X_zmve1y00--11,cross_domain,14,-59.247923381626606,4,-27.967492073774338
DP1ly_MsHHQ--27,cross_domain,34,-113.08496236568317,9,-86.63470319425687
MYGqMojGwBE--163,cross_domain,13,-73.70017269998789,3,-37.33093861490488
HBQwzyxvkZA--191,cross_domain,10,-22.00811965763569,3,-19.509340047836304
8E-llRXuhl0--14,cross_domain,25,-136.65543266711757,8,-98.28388414112851
LvN9Dxq2iLY--130,cross_domain,11,-46.715091198682785,4,-30.29152011871338
lcBujGRLwE0--12,cross_domain,25,-136.3867862932384,8,-118.06494969502091
809a3a5e02d1-35,cross_domain,17,-100.29828761518002,8,-83.98947858810425
myIXH3PjvoI--5,cross_domain,25,-109.66943529248238,9,-73.75674004852772
ZCBew8Fv0qA--14,cross_domain,15,-76.05006279051304,4,-41.6080482006073
jC6VuHNpTLM--22,cross_domain,19,-99.58763027191162,6,-84.45471481978893
MYGqMojGwBE--241,cross_domain,27,-125.90378622710705,6,-72.07395948469639
m-w_78fDg9M--7,cross_domain,22,-134.8915741816163,7,-78.09878788888454
0kldzhToGLc--16,cross_domain,15,-79.47753539681435,7,-54.23077639937401
vbq8QbOwOt4--0,cross_domain,25,-168.18843741714954,13,-123.61508417129517
8w6k4jEJJlU--3,cross_domain,11,-83.44757042452693,5,-69.47731552645564
eGkBCS1t9-E--16,cross_domain,24,-126.17174673080444,8,-109.22550395131111
Rblg5TE6TI0--33,cross_domain,26,-147.09010269492865,11,-118.98893877863884
0Z5d6D2vBbc--3,cross_domain,12,-55.03206519410014,4,-41.34570598229766
ijrjSBx7WTc--53,cross_domain,21,-82.65189315006137,5,-62.552388336509466
HBQwzyxvkZA--169,cross_domain,17,-90.24605123698711,7,-68.13331234455109
LvN9Dxq2iLY--104,cross_domain,7,-41.44258031249046,4,-34.67821550369263
vZt56rnH8QQ--9,cross_domain,15,-70.93995633721352,7,-55.235206961631775
UBnqDwRds3A--12,cross_domain,9,-66.04470314830542,2,-19.03466510772705
w_xCnJVyPYA_e3,cross_domain,13,-42.09948929399252,3,-16.567995600402355
BESRE5mtipE--10,cross_domain,14,-76.11083433683962,5,-47.658834910951555
eBj_HUu0CNw--7,cross_domain,17,-79.07882137596607,6,-58.861564218997955
mXq8axygjdE--8,cross_domain,9,-61.65715765953064,3,-43.13879585266113
jC6VuHNpTLM--10,cross_domain,19,-100.74976539611816,8,-73.38553927838802
Rc99bcSdhak--15,cross_domain,23,-124.0627571074292,8,-88.4690012941137
ef52bca1a454-75,cross_domain,9,-38.90906883776188,5,-35.835941314697266
vbq8QbOwOt4--13,cross_domain,23,-81.40865119360387,7,-81.31639100424945
vbq8QbOwOt4--5,cross_domain,25,-105.94774614810012,5,-73.72407480119728
UBnqDwRds3A--15,cross_domain,19,-127.28863742947578,6,-74.17219412326813
2B2z46vgaAA--19,cross_domain,14,-67.0826014727354,5,-47.58407297730446
xnY08sy7Sqk--22,cross_domain,21,-132.97003964334726,7,-117.09332612901926
lAFiWmUUHOg--15,cross_domain,15,-93.3922054991126,5,-56.94938965886831
MYGqMojGwBE--65,cross_domain,13,-55.93313771486282,6,-47.78520566225052
zu_bd3r2GIA--12,cross_domain,17,-80.51508222520351,4,-53.626911863684654
9b0136913690-90,cross_domain,15,-80.42301412671804,4,-48.596341371536255
fqJW-F3WIYc--18,cross_domain,21,-90.16262249648571,9,-70.49532210081816
jLwvQ4URDFY--16,cross_domain,9,-41.9053556304425,3,-29.027574000880122
BO1ehFUMWEs--37,cross_domain,12,-56.74569406360388,3,-29.089823365211487
fYxijWb0b_s--5,cross_domain,12,-62.302156653255224,4,-61.3328332901001
6_yO8Lc8Hd4--3,cross_domain,36,-209.3764799684286,14,-153.1075548529625
17OIKvJmrK8--7,cross_domain,16,-98.14257761836052,7,-64.80318713188171
iGdg-iGlUFg--7,cross_domain,20,-105.91390164196491,8,-72.94809986650944
ZMsnY_khlNQ--11,cross_domain,29,-129.54897987097502,8,-106.01770893484354
-X_zmve1y00--9,cross_domain,17,-91.20410194597207,6,-59.02435007295571
fqJW-F3WIYc--11,cross_domain,28,-109.60298899468035,7,-64.50183432269841
Lt5GAA6MIuM--27,cross_domain,21,-102.91171617433429,7,-67.9101891964674
tDrI-9pSul0--9,cross_domain,24,-106.4843909429037,8,-98.95603845879668
maCRL8WG0GQ--9,cross_domain,18,-95.33243267983198,8,-66.85432331264019
HBQwzyxvkZA--179,cross_domain,13,-55.06363985687494,4,-30.480600096285343
C6CIPVno_yQ--10,cross_domain,22,-120.5999466329813,7,-66.44772851467133
dkavvNigK7s--13,cross_domain,29,-152.36676078289747,12,-122.15236161649227
9bqfEh7BD3c--2,cross_domain,27,-140.51770160440356,9,-99.1937518203631
spDHZsNp4RA_d,cross_domain,22,-138.08305378258228,8,-121.07127292454243
KI0avgGkWiU--9,cross_domain,23,-96.09024304896593,6,-74.16740306466818
jLwvQ4URDFY--27,cross_domain,36,-192.7624790816335,10,-135.11472380149644
BO1ehFUMWEs--30,cross_domain,37,-223.39247535914183,11,-145.28243543952703
lPzmjeJmsXo--31,cross_domain,21,-136.08938144147396,7,-92.68239317834377
vyBaeFU8J_k--8,cross_domain,11,-50.30651630461216,4,-29.709860861301422
BESRE5mtipE--19,cross_domain,21,-101.29319233819842,8,-71.4295536391437
NDYHcIF50eE--0,cross_domain,33,-138.37944556958973,15,-121.32841367460787
MYGqMojGwBE--109,cross_domain,20,-132.92435550689697,9,-121.29845666885376
9b0136913690-8,cross_domain,17,-54.762820187956095,4,-43.520751882344484
_T-35xhqSkE--11,cross_domain,17,-92.4104220867157,3,-75.66459727287292
myIXH3PjvoI--37,cross_domain,11,-36.53968745470047,3,-24.994287312030792
ozS8Mx8AdH8--13,cross_domain,21,-93.21760994195938,6,-73.96614515781403
NDYHcIF50eE--3,cross_domain,26,-105.16364228725433,12,-84.93714594095945
809a3a5e02d1-19,cross_domain,16,-96.41592597961426,7,-64.21206140518188
rYcw__0tDhw--17,cross_domain,21,-87.7264939211309,4,-34.190623845905066
HBQwzyxvkZA--311,cross_domain,16,-57.09399032779038,4,-48.39944572933018
HBQwzyxvkZA--236,cross_domain,14,-61.487773552536964,3,-43.602548122406006
wUH1dDbu9B4--29,cross_domain,18,-91.77692859619856,8,-68.11614092439413
l9bZYazJQ1w--18,cross_domain,23,-128.84698935598135,6,-81.82981169968843
faZQNy4aErk--76,cross_domain,28,-93.78336019581184,6,-64.09002251690254
dkavvNigK7s--14,cross_domain,17,-91.94959420338273,6,-59.688851058483124
YsuSHJ3klEs--14,cross_domain,17,-71.3210697285831,6,-37.71223283186555
MYGqMojGwBE--38,cross_domain,21,-99.85902111977339,6,-64.10438887029886
dPuKX_lM4Zc--107,cross_domain,12,-51.15693937987089,3,-38.178314566612244
OJxSniCPUpI--9,cross_domain,17,-93.57139110565186,4,-86.27511337399483
CRJSZ2e7BU0--10,cross_domain,17,-92.06471603736281,7,-65.52798089012504
MYGqMojGwBE--128,cross_domain,16,-72.91305336356163,5,-35.951419830322266
myIXH3PjvoI--47,cross_domain,18,-95.58203202486038,4,-67.39110857248306
cw1YIV30nQM--22,cross_domain,17,-63.26776006817818,4,-42.876703560352325
KmW8f1GVTYY--10,cross_domain,13,-64.48309710621834,6,-54.40226078033447
ijrjSBx7WTc--67,cross_domain,24,-118.42720578610897,7,-95.22669489681721
gXa0qcoWrsQ--4,cross_domain,13,-54.87824574671686,3,-45.24336142651737
Zc2bgIDZ-Ks--45,cross_domain,36,-152.6181746572256,12,-122.23785312473774
36YV-IPiUXM--10,cross_domain,39,-241.4945214278996,11,-161.72867200896144
36YV-IPiUXM--8,cross_domain,32,-154.3429474295408,10,-130.06485913557117
HBQwzyxvkZA--320,cross_domain,16,-91.64663660526276,5,-66.05308009684086
QiJgNpX3zN0--1,cross_domain,12,-57.75596807524562,4,-47.929332584142685
U5Tq9r7saZU--15,cross_domain,31,-151.54173058411106,13,-106.6094384319149
pMbMjjSj1fM--11,cross_domain,16,-128.9064964056015,7,-102.18657350540161
oPITLi0VKh8--20,cross_domain,17,-91.68208383768797,4,-41.9566669985652
ci_iGsLDZ9w_e1,cross_domain,18,-86.59790601581335,5,-76.79212095588446
NDYHcIF50eE--16,cross_domain,32,-151.93550178408623,9,-113.55259610712528
KmW8f1GVTYY--15,cross_domain,16,-92.84993454068899,6,-64.10673658549786
ci_iGsLDZ9w_d,cross_domain,8,-51.59291186928749,3,-32.089612156152725
6OlSDCcwM10--25,cross_domain,12,-50.40733274817467,3,-33.46160373091698
8w6k4jEJJlU--0,cross_domain,20,-101.14380392432213,6,-67.45417621731758
myIXH3PjvoI--97,cross_domain,17,-61.967462092638016,6,-49.00838482379913
9b0136913690-12,cross_domain,8,-53.52082280814648,2,-31.694470643997192
91GVHgxW8RA--7,cross_domain,33,-175.89833585172892,11,-144.38487545400858
eabe1f38221a-36,cross_domain,10,-50.66211712360382,3,-26.679051518440247
6_yO8Lc8Hd4--2,cross_domain,17,-98.54322735965252,7,-66.87825733423233
KmW8f1GVTYY--46,cross_domain,12,-52.127571696415544,4,-34.550023229792714
9bqfEh7BD3c--13,cross_domain,18,-87.54451307654381,5,-80.05777135491371
VwsRPJN7txM--9,cross_domain,18,-80.50862966105342,6,-56.09014490246773
QXsIVtanWdw--5,cross_domain,9,-32.51469486951828,3,-21.090507432818413
S9ymb66ZqqY--8,cross_domain,11,-64.34924554824829,5,-45.23869061470032
LvN9Dxq2iLY--33,cross_domain,12,-55.042637817561626,5,-49.67596506327391
K4eNr2k2Lls--21,cross_domain,21,-109.27295051515102,8,-100.45137037336826
wSEeoT9BqE0--21,cross_domain,34,-164.58321534842253,9,-125.09554452449083
LvN9Dxq2iLY--12,cross_domain,16,-74.50008038431406,4,-44.068927973508835
faZQNy4aErk--6,cross_domain,14,-67.47946175932884,5,-38.014379799366
WabgM-SmPzU_e1,cross_domain,12,-51.082716431468725,4,-36.211568895727396
wmTrG799MAo--12,cross_domain,17,-67.03831231594086,6,-38.703403294086456
i4j5Bj2NL1c--13,cross_domain,14,-90.82325800834224,5,-82.35249793482944
nvfK4jQ7MH0--3,cross_domain,22,-135.6838362812996,7,-116.80790731310844
ojYFIliNLGI--0,cross_domain,23,-91.76387997018173,8,-75.1305878018029
HBQwzyxvkZA--203,cross_domain,12,-59.79522744566202,6,-51.08252723515034
vZt56rnH8QQ--1,cross_domain,11,-68.59277726709843,5,-55.09529459476471
NaXDBBT5pkw--17,cross_domain,16,-61.52459745854139,5,-47.67518224567175
9bqfEh7BD3c--23,cross_domain,20,-99.83088908344507,9,-75.11686144024134
eyqLkKS5Qkw--20,cross_domain,12,-73.47744923830032,5,-51.3721079826355
vbq8QbOwOt4--14,cross_domain,26,-140.2120178118348,13,-103.38142942637205
faZQNy4aErk--25,cross_domain,13,-72.71750326175243,2,-52.947379410266876
s_8IbRRsr0Q--13,cross_domain,12,-71.20390683412552,6,-49.7017428278923
lcBujGRLwE0--7,cross_domain,25,-137.49230688810349,7,-84.61574989557266
CAzt5cxtSjQ--17,cross_domain,15,-77.4393921867013,4,-37.22709710896015
m3Mmtpr-jjA--22,cross_domain,9,-46.900921776890755,4,-37.36249768733978
9b0136913690-67,cross_domain,8,-52.507686138153076,1,-6.982057571411133
HBQwzyxvkZA--34,cross_domain,14,-69.11465992033482,5,-50.75654083490372
HBQwzyxvkZA--151,cross_domain,15,-78.40038952231407,6,-67.61089217662811
ozS8Mx8AdH8--14,cross_domain,25,-118.9264710471034,9,-98.06062959879637
AZ2s4Adm9RU--14,cross_domain,14,-74.51567208766937,3,-51.86283329129219
KmW8f1GVTYY--48,cross_domain,12,-71.95576407015324,6,-52.61324265599251
dPuKX_lM4Zc--103,cross_domain,10,-32.07807870209217,3,-18.749452114105225
OEM3CR-HYmk--22,cross_domain,16,-52.809714049100876,3,-37.01263436675072
lcBujGRLwE0--11,cross_domain,28,-152.69453472364694,9,-135.2561817439273
d5Lx_5-UiHY--101,cross_domain,8,-38.13677428662777,1,-9.722162336111069
vZt56rnH8QQ--8,cross_domain,27,-176.79008717089891,12,-100.3500339537859
BO1ehFUMWEs--7,cross_domain,18,-103.69370928406715,6,-88.61311173439026
HBQwzyxvkZA--99,cross_domain,11,-38.53164853155613,5,-34.322936061769724
s_8IbRRsr0Q--22,cross_domain,13,-62.74309940636158,5,-43.08031139522791
fvHtYcL913U--15,cross_domain,13,-67.97121747583151,5,-46.32484903931618
sktRu3sp97g--2,cross_domain,11,-55.5113627538085,6,-33.9196435213089
BO1ehFUMWEs--10,cross_domain,27,-160.71105209179223,6,-116.76618864573538
lSLqIyupXrk--18,cross_domain,23,-111.79419676959515,8,-91.5991710871458
xFEQrtosric--9,cross_domain,9,-47.11460502445698,4,-32.886012583971024
ef52bca1a454-29,cross_domain,10,-38.58696975558996,3,-21.262919813394547
q4RnudGCU18--28,cross_domain,30,-198.82047386467457,14,-139.84156787395477
HBQwzyxvkZA--93,cross_domain,15,-67.67248428612947,6,-41.54685536026955
ijrjSBx7WTc--51,cross_domain,20,-72.64461614191532,7,-57.61712005734444
U5Tq9r7saZU--13,cross_domain,33,-162.085758449859,11,-135.11358488572296
d5Lx_5-UiHY--73,cross_domain,11,-45.79595097899437,3,-22.81694519519806
s_8IbRRsr0Q--25,cross_domain,19,-74.74867236614227,7,-50.19584769010544
LvN9Dxq2iLY--17,cross_domain,13,-66.98183880746365,3,-36.337921023368835
lcBujGRLwE0--19,cross_domain,31,-170.20483550056815,12,-139.53828017413616
9bqfEh7BD3c--18,cross_domain,12,-62.238792046904564,4,-41.79124116897583
iwYL-ivQm6o--16,cross_domain,20,-100.12396859377623,5,-57.577027052640915
myIXH3PjvoI--115,cross_domain,16,-86.83129639923573,7,-66.31490015983582
gXa0qcoWrsQ--23,cross_domain,23,-114.79840951226652,6,-75.45924380980432
hYNyIXYmoYs--0,cross_domain,14,-85.52864368259907,5,-68.05062353610992
40BjLI5XtJE--1,cross_domain,12,-85.17161870002747,5,-52.03906798362732
Zc2bgIDZ-Ks--28,cross_domain,16,-52.61915572360158,6,-47.70727686956525
vbq8QbOwOt4--18,cross_domain,21,-129.12668035179377,8,-64.22654180973768
fulQKWknVhw--25,cross_domain,23,-131.51450772956014,7,-65.5366448648274
n12WICGyBJ4--17,cross_domain,11,-56.63537013530731,5,-54.136879563331604
OEM3CR-HYmk--8,cross_domain,9,-68.93810248374939,3,-29.390679359436035
6OlSDCcwM10--0,cross_domain,14,-71.43729340285063,4,-34.63006992638111
K4eNr2k2Lls--31,cross_domain,18,-124.78049916028976,7,-85.18266582489014
8DmlFztO2XM--4,cross_domain,22,-110.6698927283287,7,-87.63247698545456
gXa0qcoWrsQ--1,cross_domain,29,-151.46340276300907,8,-121.71723963320255
6_yO8Lc8Hd4--18,cross_domain,33,-127.2308464050293,7,-80.7227139994502
dPuKX_lM4Zc--81,cross_domain,19,-95.09305039793253,6,-49.00035550445318
egjhIFJbR2I--1,cross_domain,17,-81.79931635409594,5,-78.63511273264885
3vCea9zWFek--8,cross_domain,15,-45.111658200621605,4,-32.551423102617264
2B2z46vgaAA--25,cross_domain,9,-40.078960075974464,4,-30.82565025985241
QiGhWfjM2FI--29,cross_domain,13,-76.74681657552719,6,-54.2531760931015
wefigjf46u4--7,cross_domain,22,-109.34988205134869,9,-71.00296638906002
MYGqMojGwBE--188,cross_domain,10,-45.134160339832306,4,-32.88617515563965
Kq5HfchSWv8--3,cross_domain,10,-44.434903144836426,3,-20.498482644557953
5n_IGU5rYYk--31,cross_domain,24,-109.20271972939372,11,-80.73814145848155
HBQwzyxvkZA--43,cross_domain,13,-60.06887437403202,4,-31.624216690659523
7byz3fdI-Ss--10,cross_domain,16,-70.99664842616767,5,-36.88821007590741
mjvqIq_fvRY--2,cross_domain,20,-92.64318489283323,8,-54.8167467340827
Lt5GAA6MIuM--8,cross_domain,19,-89.71783190593123,5,-41.69250253587961
uR-nzhB6D8g--11,cross_domain,13,-69.03269935399294,5,-51.18953564763069
vyBaeFU8J_k--16,cross_domain,25,-102.66609012335539,6,-42.870656594634056
myIXH3PjvoI--85,cross_domain,21,-117.01243631914258,7,-93.71904714778066
gW1N-ttBBTo--2,cross_domain,9,-29.03402331471443,2,-13.28579044342041
K4eNr2k2Lls--30,cross_domain,29,-167.05988662689924,9,-124.22285367548466
s_8IbRRsr0Q--20,cross_domain,21,-95.95210130512714,10,-81.18033944815397
rZG7T9ujMEo--13,cross_domain,12,-61.49335325881839,4,-56.18965597823262
_IyhoG9jXuM--1,cross_domain,17,-66.57400792837143,8,-51.870952382683754
6OlSDCcwM10--15,cross_domain,18,-107.9633418917656,7,-96.7059862613678
OtlvzXZG_Uk_e1,cross_domain,15,-85.69149584323168,4,-68.24565920233727
iwYL-ivQm6o--8,cross_domain,9,-32.324827797710896,4,-21.383765898644924
Lt5GAA6MIuM--4,cross_domain,25,-136.7277618870139,8,-99.73058185726404
mDUCHJerTtE--6,cross_domain,23,-108.36782351881266,8,-84.14067977666855
BTqVQCBPUzg--107,cross_domain,21,-101.8823507130146,8,-73.63053253293037
80Cx4CH-AVI--17,cross_domain,8,-46.36230552196503,6,-37.21183001995087
0Z5d6D2vBbc--11,cross_domain,35,-227.07292813062668,13,-175.9810369387269
BTqVQCBPUzg--110,cross_domain,8,-44.95744627714157,3,-31.095073223114014
lZarpnV0alw--14,cross_domain,11,-77.08853101730347,4,-37.907668113708496
mjvqIq_fvRY--22,cross_domain,20,-113.4804502055049,9,-83.23602658510208
g4GfKC7z-2M--7,cross_domain,20,-132.32365906238556,7,-105.81834876537323
gp0w_zrLgfw--17,cross_domain,29,-129.51873803744093,10,-85.9716652915813
UBnqDwRds3A--8,cross_domain,25,-120.05511721409857,7,-66.45597686804831
MYGqMojGwBE--219,cross_domain,10,-68.93810892105103,4,-36.38126468658447
809a3a5e02d1-116,cross_domain,9,-43.71845908090472,3,-28.74082564562559
ckGC5hUffDU--5,cross_domain,15,-72.61184950172901,5,-34.22470040619373
faZQNy4aErk--18,cross_domain,23,-135.92266614735126,7,-133.81163842976093
uYaUCNl1j10--8,cross_domain,25,-103.95136271882802,10,-76.46184070128947
jN2lbHzIneI--4,cross_domain,31,-164.86475441604853,10,-152.70375894755125
LvN9Dxq2iLY--86,cross_domain,12,-74.11732852458954,2,-52.827314138412476
Zc2bgIDZ-Ks--85,cross_domain,25,-121.73967070132494,6,-89.07604398950934
m3Mmtpr-jjA--38,cross_domain,26,-132.24457405135036,11,-109.73463062942028
q4RnudGCU18--13,cross_domain,26,-120.55531549081206,9,-89.76248416677117
aDwdB7xHAOE--5,cross_domain,15,-68.6666786968708,4,-63.39788430929184
s_8IbRRsr0Q--8,cross_domain,8,-30.33528372645378,2,-14.194819450378418
C-cgPb_N2dY--3,cross_domain,12,-70.7328770160675,6,-53.72083084285259
sktRu3sp97g--11,cross_domain,19,-81.20973402261734,7,-62.522845417261124
4DhGy83DK_s--13,cross_domain,17,-82.03845235705376,5,-58.11262118816376
MYGqMojGwBE--182,cross_domain,18,-98.77086746692657,7,-62.70268940925598
l9bZYazJQ1w--16,cross_domain,12,-68.65276914834976,5,-39.039436146616936
Xmm9ZyMy12g--8,cross_domain,16,-74.6406470388174,4,-61.32674379646778
C6CIPVno_yQ--20,cross_domain,22,-111.7946485010907,9,-96.48747551813722
DF4fto_X1Y4--2,cross_domain,14,-59.38024663180113,5,-47.086695939302444
HBQwzyxvkZA--100,cross_domain,12,-41.21666364837438,2,-10.311042070388794
dkavvNigK7s--30,cross_domain,14,-68.8601552285254,6,-56.728454295545816
4DhGy83DK_s--35,cross_domain,28,-93.10463052103296,6,-51.003303615842015
ZVE_KjrY_po--8,cross_domain,23,-122.96466566622257,9,-85.97879162430763
lPzmjeJmsXo--14,cross_domain,27,-162.8419865295291,10,-131.90992999076843
d5Lx_5-UiHY--36,cross_domain,12,-45.05414178222418,4,-18.028557777404785
xFEQrtosric--2,cross_domain,26,-148.92068868875504,9,-131.31242808699608
MYGqMojGwBE--215,cross_domain,15,-92.31297302246094,6,-34.660351276397705
6_yO8Lc8Hd4--6,cross_domain,29,-129.23071803990752,10,-100.51148261222988
vbq8QbOwOt4--1,cross_domain,16,-76.55822434276342,6,-40.27341836690903
5n_IGU5rYYk--2,cross_domain,20,-93.1349417436868,8,-74.19991372711957
ZMsnY_khlNQ--15,cross_domain,9,-59.71138458698988,2,-14.227672576904297
myIXH3PjvoI--4,cross_domain,14,-36.70600355416536,6,-25.839230693876743
q4RnudGCU18--26,cross_domain,28,-120.00492972880602,10,-91.96419740468264
HBQwzyxvkZA--165,cross_domain,12,-51.72258658334613,4,-43.24161156266928
o9DARfrZg2o--1,cross_domain,21,-107.3208350688219,8,-81.46253848075867
uR-nzhB6D8g--1,cross_domain,16,-45.68607077561319,6,-30.58511478640139
RIwfym39VVM_e3,cross_domain,21,-91.75932400301099,6,-57.99635695293546
wwpptVjgAws--0,cross_domain,29,-111.00010561477393,13,-90.30763853620738
9b0136913690-52,cross_domain,14,-69.634580925107,3,-30.189250856637955
Lt5GAA6MIuM--17,cross_domain,22,-120.90551192127168,10,-102.26499759219587
klepEQSaeIk--1,cross_domain,36,-178.37928077578545,11,-110.37809017300606
Lt5GAA6MIuM--28,cross_domain,13,-69.76372650265694,4,-48.256128937006
ef52bca1a454-8,cross_domain,13,-77.86328919231892,6,-49.173951864242554
jLwvQ4URDFY--14,cross_domain,34,-160.42284785752418,10,-112.4483048671973
LvN9Dxq2iLY--82,cross_domain,14,-70.31964135169983,4,-40.753986328840256
iwYL-ivQm6o--11,cross_domain,14,-58.33781821280718,4,-30.244267463684082
9b0136913690-59,cross_domain,16,-83.2449756115675,4,-73.70652388036251
KmW8f1GVTYY--33,cross_domain,13,-69.78619357943535,5,-61.78057858347893
NDYHcIF50eE--11,cross_domain,20,-75.42820213735104,3,-39.692428186535835
MYGqMojGwBE--279,cross_domain,9,-44.84950593113899,5,-37.638941556215286
tDrI-9pSul0--10,cross_domain,29,-231.1585932970047,10,-211.72654628753662
5n_IGU5rYYk--32,cross_domain,31,-129.59362350217998,7,-36.629746025428176
ijrjSBx7WTc--23,cross_domain,26,-125.48396436870098,9,-90.83798380196095
a8zp7ivHwBU--4,cross_domain,18,-95.66176853328943,6,-85.11280047893524
9bqfEh7BD3c--24,cross_domain,18,-100.30518781207502,5,-78.02651039324701
U5Tq9r7saZU--29,cross_domain,21,-103.32634598761797,11,-86.39259034395218
wSEeoT9BqE0--14,cross_domain,27,-161.71043557673693,8,-135.1318845525384
QiGhWfjM2FI--9,cross_domain,24,-119.81145151890814,11,-105.56394992955029
809a3a5e02d1-64,cross_domain,14,-68.95088446047157,4,-56.06636718567461
ckGC5hUffDU--6,cross_domain,26,-122.32987404614687,6,-88.65187949687243
o44YnPMhwPU--36,cross_domain,22,-82.55943837761879,11,-69.08861562609673
HBQwzyxvkZA--193,cross_domain,9,-38.860036849975586,4,-30.43490019440651
Kq5HfchSWv8--36,cross_domain,16,-88.00686937570572,4,-56.54857957363129
ZCBew8Fv0qA--3,cross_domain,13,-55.827989883720875,3,-31.646864481270313
91GVHgxW8RA--33,cross_domain,22,-79.08140828460455,6,-39.468390703201294
MYGqMojGwBE--211,cross_domain,13,-93.84271204471588,7,-57.172471046447754
hgaKby5Mha4--28,cross_domain,25,-127.7241133749485,8,-72.03770642727613
-X_zmve1y00--1,cross_domain,12,-33.68505620211363,3,-22.796197444200516
hgaKby5Mha4--1,cross_domain,23,-114.86174783110619,8,-90.82996565848589
BO1ehFUMWEs--1,cross_domain,21,-120.86557377129793,6,-100.86000853776932
OEM3CR-HYmk--3,cross_domain,12,-57.987961649894714,3,-41.577319622039795
R6_v5nqXuGg--5,cross_domain,18,-92.12287528812885,6,-69.64099176228046
rZG7T9ujMEo--2,cross_domain,14,-77.49092531204224,6,-62.89076458662748
HBQwzyxvkZA--143,cross_domain,9,-28.753946393728256,4,-24.7049300968647
HBQwzyxvkZA--319,cross_domain,22,-123.68467826396227,7,-87.50053282827139
3vCea9zWFek--39,cross_domain,23,-132.96578685194254,9,-87.90228629112244
tDrI-9pSul0--11,cross_domain,12,-62.8747615814209,6,-48.74146485328674
kxz4AA9lNmY_e4,cross_domain,17,-89.57267159223557,4,-76.03184705972672
zu_bd3r2GIA--28,cross_domain,14,-90.3469610363245,5,-78.7184779793024
Xmm9ZyMy12g--13,cross_domain,22,-123.70058587193489,6,-101.27375531196594
NTc0m4Q1-xU--0,cross_domain,17,-95.75304262340069,7,-74.68283197283745
9xc24mAlprE--14,cross_domain,23,-97.00556758791208,9,-83.76822904497385
Rc99bcSdhak--5,cross_domain,37,-178.27486733347178,11,-135.85444643720984
HBQwzyxvkZA--286,cross_domain,24,-124.79371336847544,10,-96.57316291332245
Zc2bgIDZ-Ks--79,cross_domain,15,-74.10345758125186,4,-48.8751704134047
wefigjf46u4--10,cross_domain,8,-47.89146828651428,2,-27.9992618560791
wSEeoT9BqE0--2,cross_domain,20,-67.4225386083126,7,-59.51934916526079
o9DARfrZg2o--0,cross_domain,21,-124.52280595898628,7,-100.60889771580696
DP1ly_MsHHQ--15,cross_domain,30,-125.25579867768101,7,-99.02780875819735
C-cgPb_N2dY--16,cross_domain,21,-102.04796840250492,7,-59.618238016963005
6U9AFGakrn0--5,cross_domain,14,-61.896721214056015,4,-27.17988672852516
0kldzhToGLc--15,cross_domain,10,-31.532701715826988,3,-12.369212046265602
oyWhLo5brto--1,cross_domain,21,-125.31974523514509,9,-72.39407855272293
bqE5C2tmc9c--13,cross_domain,14,-90.18003477156162,6,-62.929290533065796
ijrjSBx7WTc--32,cross_domain,21,-81.99381193518639,7,-69.13697889447212
MYGqMojGwBE--149,cross_domain,17,-88.17552716471255,3,-46.00290019251406
n12WICGyBJ4--43,cross_domain,17,-72.13972319103777,6,-62.318741112947464
Zc2bgIDZ-Ks--43,cross_domain,19,-95.12924763560295,4,-40.95318578183651
IjeHLt1vNoM--9,cross_domain,20,-120.3235142827034,6,-65.44712400436401
rYcw__0tDhw--1,cross_domain,33,-128.01405679248273,8,-99.92356056533754
Sqa3ig2NN9Q--4,cross_domain,14,-81.46979343891144,5,-63.60275185108185
IjeHLt1vNoM--17,cross_domain,15,-62.37573616951704,5,-41.13363912329078
9b0136913690-70,cross_domain,12,-54.1292741894722,3,-26.42148005962372
Kq5HfchSWv8--28,cross_domain,15,-50.521602377295494,4,-25.425275169312954
ojYFIliNLGI--9,cross_domain,16,-66.13697242736816,6,-39.42173559218645
m3Mmtpr-jjA--30,cross_domain,23,-98.0130799934268,9,-76.81961024552584
6u-ZspWSpwE--14,cross_domain,17,-104.10331438109279,6,-69.91120744496584
HBQwzyxvkZA--111,cross_domain,13,-69.07005912065506,5,-52.75745153427124
xFJw5GMtlCk--4,cross_domain,8,-40.8314977735281,1,-10.272544622421265
U5Tq9r7saZU--18,cross_domain,18,-79.85517061501741,5,-63.431931525468826
QiJgNpX3zN0--17,cross_domain,11,-55.64587691426277,4,-38.21691691875458
9bqfEh7BD3c--9,cross_domain,19,-87.15484429337084,7,-65.69358886219561
5n_IGU5rYYk--17,cross_domain,31,-148.0904631698504,11,-97.1746671507135
kES_ZNjFKz8--18,cross_domain,12,-53.312912069261074,4,-41.828418254852295
nvfK4jQ7MH0--19,cross_domain,12,-67.83641251921654,3,-43.89531821012497
LvN9Dxq2iLY--71,cross_domain,26,-81.7200637832284,6,-35.53096368908882
aDwdB7xHAOE--8,cross_domain,19,-91.38735250383615,9,-76.75007768720388
HBQwzyxvkZA--1,cross_domain,10,-45.2268982231617,2,-20.52106201648712
gW1N-ttBBTo--6,cross_domain,30,-153.40282813087106,9,-126.37286162003875
ef52bca1a454-57,cross_domain,17,-69.91975148767233,5,-31.69491696357727
_r1S90f_nsM--13,cross_domain,13,-55.50021409243345,4,-23.30171299725771
Xmm9ZyMy12g--12,cross_domain,16,-67.02234496176243,3,-30.87505704164505
fulQKWknVhw--29,cross_domain,34,-184.92768729710951,12,-153.48313424224034
BTqVQCBPUzg--116,cross_domain,10,-39.8516401713714,2,-15.79545275028795
Zc2bgIDZ-Ks--9,cross_domain,16,-65.307462612167,4,-43.91265871562064
eBj_HUu0CNw--22,cross_domain,13,-64.91059164516628,5,-47.25156658887863
K4eNr2k2Lls--33,cross_domain,29,-173.76452908292413,10,-146.36644472554326
jMdxYlvrkbk--10,cross_domain,24,-136.94768043607473,9,-112.59470996260643
jLwvQ4URDFY--3,cross_domain,28,-152.5157966427505,14,-118.8901068829
R6_v5nqXuGg--14,cross_domain,18,-93.74456225335598,7,-79.91543102264404
Sqa3ig2NN9Q--25,cross_domain,20,-126.0450004003942,3,-71.06323375552893
gW1N-ttBBTo--10,cross_domain,37,-152.85881519224495,12,-128.10580854769796
cw1YIV30nQM--20,cross_domain,21,-120.27965155988932,7,-70.35956117510796
BESRE5mtipE--1,cross_domain,20,-75.53825251758099,5,-51.499325916171074
KHL0wkbu0-s--8,cross_domain,24,-129.18293615430593,9,-91.03613175451756
eGkBCS1t9-E--20,cross_domain,22,-93.5346228480339,5,-75.48039644956589
EIwWHTO5rZw--14,cross_domain,13,-57.5292396992445,4,-28.489974200725555
eBj_HUu0CNw--24,cross_domain,17,-105.21352473646402,6,-60.57530312985182
gXa0qcoWrsQ--12,cross_domain,21,-109.14495152235031,6,-77.3643798083067
80Cx4CH-AVI--8,cross_domain,21,-117.14532037079334,6,-95.31939724087715
ckGC5hUffDU--2,cross_domain,19,-102.5346662774682,5,-100.36538556963205
K5lgB4YzOO0--6,cross_domain,19,-80.29743809066713,5,-57.01307398639619
-X_zmve1y00--12,cross_domain,18,-77.86238930001855,8,-65.75619074702263
xFEQrtosric--7,cross_domain,25,-104.92805944057181,10,-97.1798677709885
HBQwzyxvkZA--121,cross_domain,22,-101.13869100809097,7,-69.07923988997936
bOZ_Lap5FNA--11,cross_domain,19,-96.71748223900795,9,-61.01573099941015
rYcw__0tDhw--2,cross_domain,21,-104.81549364328384,8,-84.72161164879799
xFJw5GMtlCk--10,cross_domain,24,-84.06647694064304,7,-59.48647949099541
9b0136913690-106,cross_domain,8,-46.878337651491165,3,-29.83704775571823
rZG7T9ujMEo--21,cross_domain,9,-51.15076299011707,2,-24.504704475402832
mXq8axygjdE--51,cross_domain,36,-173.31799505650997,15,-125.60523585230112
m-w_78fDg9M--18,cross_domain,17,-81.3547095451504,4,-34.84467546083033
XcXCB---N9M--3,cross_domain,20,-104.88931090384722,6,-65.21539201587439
K4eNr2k2Lls--2,cross_domain,16,-59.89293024688959,6,-47.51461177319288
BTqVQCBPUzg--154,cross_domain,8,-34.18390415981412,3,-27.130139339715242
Zc2bgIDZ-Ks--60,cross_domain,17,-71.58814110606909,6,-50.326084084808826
gW1N-ttBBTo--7,cross_domain,28,-160.72113531269133,10,-140.4299511257559
0bk98uIiTS8--32,cross_domain,30,-157.26326389424503,12,-145.24175827018917
BTqVQCBPUzg--148,cross_domain,12,-56.553887747228146,6,-42.597116611897945
lAFiWmUUHOg--25,cross_domain,27,-120.14868571981788,6,-88.36845315620303
bGqx2eKgdB0_e4,cross_domain,10,-48.28488373756409,3,-32.76595264673233
ZVE_KjrY_po--21,cross_domain,8,-46.624717354774475,2,-22.129052758216858
BTqVQCBPUzg--34,cross_domain,13,-46.50550279021263,4,-36.67094938457012
XcXCB---N9M--20,cross_domain,30,-167.95120960474014,8,-118.00609187781811
o9DARfrZg2o--9,cross_domain,13,-72.17400996387005,3,-20.257588148117065
HBQwzyxvkZA--228,cross_domain,13,-70.56521719694138,4,-61.44856157898903
80Cx4CH-AVI--2,cross_domain,29,-142.32432870473713,11,-111.27437924500555
Zc2bgIDZ-Ks--12,cross_domain,11,-61.837248131632805,3,-19.105402886867523
vbq8QbOwOt4--7,cross_domain,17,-86.39407501742244,6,-40.31140322983265
HBQwzyxvkZA--291,cross_domain,31,-145.08712144196033,9,-115.55886907875538
i4j5Bj2NL1c--9,cross_domain,19,-95.64571191370487,6,-67.88706548511982
5QMD024bDYs--8,cross_domain,21,-84.24252872169018,6,-64.59519965946674
faZQNy4aErk--44,cross_domain,24,-139.91657138988376,9,-117.6591219380498
oPITLi0VKh8--18,cross_domain,13,-58.49359917268157,5,-44.237418219447136
Xmm9ZyMy12g--14,cross_domain,16,-58.8949461132288,5,-36.327800273895264
-X_zmve1y00--29,cross_domain,11,-48.328879091888666,4,-44.23993310704827
HBQwzyxvkZA--278,cross_domain,12,-59.822444543242455,5,-41.895798563957214
OEM3CR-HYmk--2,cross_domain,13,-70.39018861949444,4,-62.177827045321465
1xJ_dkBcAIU--20,cross_domain,20,-103.38670171424747,6,-78.68713526427746
IoifXQnhN4E--5,cross_domain,9,-53.338789224624634,5,-43.43205142021179
jMdxYlvrkbk--6,cross_domain,15,-80.46868000179529,5,-37.26003122329712
q4RnudGCU18--5,cross_domain,22,-110.21424851287156,6,-84.56907861400396
lcBujGRLwE0--30,cross_domain,25,-127.36118774325587,9,-81.01505030901171
egjhIFJbR2I--8,cross_domain,16,-74.09111414477229,5,-45.77205355837941
oAhfJ8yB1j0--5,cross_domain,27,-132.33884911984205,10,-123.39788118004799
klepEQSaeIk--15,cross_domain,11,-43.918687619268894,6,-41.532785937190056
Rc99bcSdhak--27,cross_domain,30,-127.91836492344737,10,-87.03094046935439
iwYL-ivQm6o--3,cross_domain,29,-148.4834977760911,9,-108.0727921128273
MYGqMojGwBE--248,cross_domain,24,-146.62386238574982,8,-93.10030907392502
mjvqIq_fvRY--12,cross_domain,23,-111.56554762274027,6,-77.97729175537825
s_8IbRRsr0Q--1,cross_domain,28,-130.6792183443904,8,-78.18248771876097
6OlSDCcwM10--2,cross_domain,7,-29.74277099967003,2,-15.374905824661255
m3Mmtpr-jjA--44,cross_domain,24,-115.02299104630947,6,-72.78675495833158
9b0136913690-31,cross_domain,17,-91.76895738579333,5,-49.60260877199471
HBQwzyxvkZA--207,cross_domain,13,-50.57299732044339,4,-32.03273108974099
Nv3WLYio7Lc--9,cross_domain,17,-79.53436921164393,5,-53.36357877776027
Nv3WLYio7Lc--14,cross_domain,11,-70.09119936451316,5,-59.730180229991674
hYNyIXYmoYs--2,cross_domain,19,-86.14491557329893,8,-63.8144221380353
ef52bca1a454-69,cross_domain,9,-54.67338156700134,3,-25.48698854446411
HBQwzyxvkZA--90,cross_domain,11,-64.0407090485096,4,-39.75949862599373
C6CIPVno_yQ--21,cross_domain,22,-105.76606411486864,8,-84.20839013159275
LvN9Dxq2iLY--26,cross_domain,22,-162.38034173846245,7,-153.25278508663177
HBQwzyxvkZA--318,cross_domain,18,-100.98189502209425,8,-74.60856075584888
zu_bd3r2GIA--30,cross_domain,18,-85.47638108581305,7,-63.18704981356859
oAhfJ8yB1j0--3,cross_domain,23,-111.68488538265228,6,-101.47409057617188
5n_IGU5rYYk--6,cross_domain,17,-77.5823882855475,6,-47.50251217186451
nvfK4jQ7MH0--27,cross_domain,17,-70.05413814075291,7,-54.36618530936539
kytITkHoyls--15,cross_domain,21,-111.20296249911189,5,-65.05567229166627
dPuKX_lM4Zc--120,cross_domain,31,-212.66407854482532,13,-134.0182986073196
5n_IGU5rYYk--3,cross_domain,21,-79.03101867425721,7,-70.10567016887944
dPuKX_lM4Zc--129,cross_domain,23,-127.34494072198868,9,-74.04660628736019
9xc24mAlprE--26,cross_domain,18,-88.65598545596004,5,-86.90290571376681
oyWhLo5brto--5,cross_domain,21,-68.93404637277126,5,-37.53085480630398
ojYFIliNLGI--16,cross_domain,37,-175.0578259434551,13,-145.33281012438238
LvN9Dxq2iLY--124,cross_domain,18,-76.53670063894242,4,-36.8898799745366
lcBujGRLwE0--4,cross_domain,34,-143.68735998868942,12,-113.35435786098242
wwpptVjgAws--7,cross_domain,39,-228.01373762637377,10,-193.29951538145542
Kq5HfchSWv8--18,cross_domain,16,-69.11384336650372,4,-30.896249651908875
mjvqIq_fvRY--6,cross_domain,27,-128.49314559996128,10,-108.2987841963768
Nv3WLYio7Lc--13,cross_domain,30,-133.6328765824437,7,-80.67945402860641
6_yO8Lc8Hd4--7,cross_domain,14,-65.57989536225796,6,-51.13359296321869
0Z5d6D2vBbc--6,cross_domain,17,-82.75281907618046,8,-58.925689712166786
80Cx4CH-AVI--11,cross_domain,28,-125.77005820721388,9,-73.638112783432
xFJw5GMtlCk--5,cross_domain,24,-112.95131399482489,10,-66.51877731084824
9b0136913690-80,cross_domain,17,-78.14585340023041,4,-35.0333046913147
AVb1VABiJJ8--9,cross_domain,19,-84.02167493849993,7,-52.53614562749863
xFEQrtosric--4,cross_domain,14,-62.42464275658131,4,-31.17723160982132
iGdg-iGlUFg--2,cross_domain,42,-232.20885400474072,12,-168.94703197479248
wUH1dDbu9B4--26,cross_domain,23,-179.0365505218506,6,-175.44782376289368
LvN9Dxq2iLY--101,cross_domain,14,-73.58880762755871,4,-43.45471350848675
HBQwzyxvkZA--67,cross_domain,9,-31.016911048907787,2,-8.364371597766876
QiGhWfjM2FI--1,cross_domain,19,-114.66499146819115,9,-88.32998470962048
LvN9Dxq2iLY--168,cross_domain,9,-27.7328165397048,4,-22.661269783973694
MYGqMojGwBE--2,cross_domain,18,-102.44632636010647,8,-66.55713067948818
mjvqIq_fvRY--18,cross_domain,14,-87.88139732927084,7,-73.07731747627258
m-w_78fDg9M--3,cross_domain,17,-89.21679114550352,7,-70.16645559668541
8E-llRXuhl0--22,cross_domain,20,-97.26528452709317,7,-82.4037315286696
lPzmjeJmsXo--2,cross_domain,32,-140.12158181145787,13,-118.07320945709944
rYcw__0tDhw--10,cross_domain,22,-129.76033977465704,6,-95.1958346744068
mXq8axygjdE--62,cross_domain,9,-49.369212955236435,3,-33.238031566143036
AZ2s4Adm9RU--1,cross_domain,28,-132.23553157411516,7,-31.735844125971198
CRJSZ2e7BU0--4,cross_domain,25,-127.8887082093861,10,-98.04185674129985
HBQwzyxvkZA--272,cross_domain,14,-90.60816970467567,5,-62.80060005187988
kES_ZNjFKz8--16,cross_domain,21,-102.26771209388971,8,-91.44544585049152
MYGqMojGwBE--206,cross_domain,13,-59.74327441304922,6,-47.23534679412842
glNqZ8w4iy8--5,cross_domain,11,-46.51467329263687,3,-26.16035145521164
Rblg5TE6TI0--30,cross_domain,34,-146.21399569883943,12,-102.7319301739335
809a3a5e02d1-77,cross_domain,11,-73.96220945566893,4,-59.969640016555786
lSLqIyupXrk--5,cross_domain,17,-118.22690390050411,7,-106.31776195764542
eabe1f38221a-48,cross_domain,10,-41.37308531999588,3,-30.24150949716568
jLwvQ4URDFY--5,cross_domain,11,-37.22677432000637,4,-28.564971148967743
m3Mmtpr-jjA--2,cross_domain,11,-64.98792633414268,4,-58.82620894908905
HBQwzyxvkZA--155,cross_domain,22,-104.80796940252185,7,-84.5085197687149
K5lgB4YzOO0--12,cross_domain,15,-79.05439010914415,6,-65.14653415232897
Rblg5TE6TI0--1,cross_domain,23,-116.88463430851698,7,-64.48288927227259
dkavvNigK7s--27,cross_domain,27,-136.73306644707918,12,-124.06082057580352
NaXDBBT5pkw--3,cross_domain,11,-47.27701172232628,4,-30.848256431519985
LvN9Dxq2iLY--164,cross_domain,20,-75.61792457103729,8,-56.20842131972313
vZt56rnH8QQ--3,cross_domain,11,-63.87900123279542,5,-61.73223504703492
mXq8axygjdE--67,cross_domain,12,-58.859195869416,4,-34.5662014298141
7byz3fdI-Ss--7,cross_domain,18,-71.63972442597151,7,-55.933864295482635
dkavvNigK7s--9,cross_domain,17,-85.40808373689651,6,-76.03315159678459
g4GfKC7z-2M--9,cross_domain,19,-126.9330482184887,5,-115.06304642558098
6OlSDCcwM10--20,cross_domain,16,-85.03541186451912,8,-68.92139708995819
KI0avgGkWiU--1,cross_domain,23,-120.2256093248725,7,-87.72372583299875
iwYL-ivQm6o--0,cross_domain,7,-42.08052062988281,3,-28.619202852249146
OEM3CR-HYmk--19,cross_domain,18,-86.03461864590645,4,-63.619986325502396
6OlSDCcwM10--11,cross_domain,17,-79.64448352530599,11,-66.15678169205785
e4rWudmfrfY--0,cross_domain,9,-57.57173192501068,1,-11.216914534568787
o44YnPMhwPU--1,cross_domain,11,-39.853643205948174,3,-28.37762010563165
l9bZYazJQ1w--7,zero,20,-94.06766627728939,7,-56.556089997291565
9b0136913690-114,zero,19,-115.7366723716259,5,-66.7590329349041
ZMsnY_khlNQ--12,zero,21,-113.95688243210316,7,-68.58238409459591
809a3a5e02d1-67,zero,12,-78.50341737270355,4,-70.56288051605225
DP1ly_MsHHQ--36,zero,18,-107.91391565278172,7,-68.9344596862793
dPuKX_lM4Zc--118,zero,31,-183.64371190965176,13,-104.6837310642004
wwpptVjgAws--20,zero,40,-259.17000882327557,13,-185.29956537485123
48couwymlMM--18,zero,19,-126.5438297688961,8,-95.20409142971039
809a3a5e02d1-108,zero,11,-40.64719417691231,4,-32.35197424888611
4DhGy83DK_s--30,zero,13,-89.93293869495392,5,-65.04657196998596
rZG7T9ujMEo--0,zero,28,-158.24134229123592,13,-122.2706139087677
7byz3fdI-Ss--0,zero,15,-77.65230298042297,6,-58.71660757064819
eabe1f38221a-18,zero,31,-180.86311597377062,9,-90.8237790837884
0kldzhToGLc--6,zero,22,-125.68343762308359,8,-95.18360248953104
pMbMjjSj1fM--17,zero,18,-102.04320197179914,10,-80.12683725357056
MYGqMojGwBE--267,zero,17,-97.22261037677526,3,-35.198279060423374
C-cgPb_N2dY--9,zero,12,-53.497784078121185,3,-36.509675443172455
ef52bca1a454-22,zero,12,-71.5613413900137,4,-46.815548956394196
fulQKWknVhw--7,zero,19,-51.46420930325985,7,-49.75304188579321
ijrjSBx7WTc--84,zero,8,-31.830934405326843,1,-3.860816240310669
oAhfJ8yB1j0--10,zero,10,-50.99168711900711,2,-33.89479970932007
Zc2bgIDZ-Ks--72,zero,12,-70.73915076255798,3,-21.79501724243164
mjvqIq_fvRY--11,zero,19,-125.25002462416887,7,-99.55485787242651
IoifXQnhN4E--4,zero,24,-103.11476730555296,8,-73.8296539708972
HBQwzyxvkZA--276,zero,20,-102.90942362695932,6,-79.07413673400879
o44YnPMhwPU--12,zero,15,-81.24722293764353,5,-56.33526972681284
myIXH3PjvoI--76,zero,13,-57.17305637896061,4,-30.165179312229156
faZQNy4aErk--15,zero,23,-121.83940611034632,7,-54.62090826034546
Rc99bcSdhak--0,zero,21,-89.6563317924738,7,-54.295369029045105
0kldzhToGLc--2,zero,14,-78.15998089313507,6,-57.549771547317505
5n_IGU5rYYk--30,zero,22,-112.21807093173265,7,-76.62098278850317
myIXH3PjvoI--89,zero,19,-93.61728727817535,7,-69.30668956041336
S9ymb66ZqqY--9,zero,25,-159.32515604794025,12,-127.10966624319553
dPuKX_lM4Zc--54,zero,19,-97.13050924707204,6,-73.83484574873
oPITLi0VKh8--10,zero,16,-72.3283841535449,6,-64.37756418436766
17OIKvJmrK8--4,zero,13,-83.6476514339447,6,-62.67884814739227
yb7efY9x78U--12,zero,23,-142.09781613200903,5,-56.65972103923559
zu_bd3r2GIA--9,zero,12,-56.0978604182601,6,-49.9825325012207
eabe1f38221a-5,zero,29,-148.55678443610668,8,-83.60303711891174
QiGhWfjM2FI--31,zero,24,-129.45924274250865,10,-99.3790578506887
fvHtYcL913U--3,zero,11,-38.18815075606108,3,-19.624844156205654
sktRu3sp97g--4,zero,20,-95.07061696052551,5,-53.99371537566185
BTqVQCBPUzg--97,zero,10,-62.20067611336708,4,-56.709370613098145
hYNyIXYmoYs--17,zero,24,-130.64909902960062,12,-116.89208876341581
3Pk2c_Z4ahk--1,zero,9,-39.626180693507195,3,-31.94712920486927
9xc24mAlprE--1,zero,16,-67.34380812197924,4,-49.41842467337847
ZMsnY_khlNQ--7,zero,21,-89.07861114200205,8,-47.23798692878336
fulQKWknVhw--42,zero,22,-98.8933809325099,7,-61.798627853393555
W4YzurwHpfw--6,zero,14,-81.2021938636899,6,-75.18658674508333
glNqZ8w4iy8--9,zero,25,-118.02465546131134,10,-74.67288136482239
o44YnPMhwPU--25,zero,18,-90.14567613974214,5,-52.96974975243211
UBnqDwRds3A--2,zero,13,-64.36055493354797,6,-53.63857626914978
wmTrG799MAo--19,zero,13,-75.2826356291771,6,-59.399081230163574
lPzmjeJmsXo--13,zero,20,-112.5560308098793,9,-110.67888098955154
ZCBew8Fv0qA--12,zero,12,-61.098687291145325,5,-37.60619759559631
39at7Lxu6Yo--19,zero,34,-175.88699135184288,13,-140.07563930749893
EIwWHTO5rZw--8,zero,26,-163.24040019512177,9,-138.83416172862053
MYGqMojGwBE--116,zero,20,-110.24690634384751,7,-73.83961001038551
BTqVQCBPUzg--47,zero,10,-40.33929056674242,4,-29.216002464294434
myIXH3PjvoI--93,zero,8,-42.89075443148613,4,-34.902528524398804
bU_v22EtHIU--1,zero,23,-113.44699840247631,6,-84.02759666740894
uR-nzhB6D8g--2,zero,15,-64.02228027582169,6,-48.6061350107193
OEM3CR-HYmk--15,zero,24,-111.87199315428734,7,-56.99182817339897
uR-nzhB6D8g--3,zero,18,-105.79804393649101,9,-84.17673242092133
NaXDBBT5pkw--6,zero,9,-44.4753360748291,4,-26.898675680160522
wefigjf46u4--2,zero,14,-85.10085222125053,7,-64.02034306526184
MYGqMojGwBE--30,zero,19,-84.05047957971692,4,-35.95149301365018
fYxijWb0b_s--9,zero,17,-81.86536268889904,9,-69.2282212972641
Rc99bcSdhak--16,zero,15,-77.47356642782688,3,-30.62817069888115
_IyhoG9jXuM--15,zero,25,-136.388105109334,7,-52.73837900161743
uYaUCNl1j10--12,zero,22,-109.47620493173599,8,-82.31927761435509
o9DARfrZg2o--16,zero,14,-66.12529844045639,5,-41.17631930112839
MYGqMojGwBE--42,zero,19,-114.30817484110594,7,-86.94568351656199
ixXF2UGOyoU--5,zero,9,-49.74546732008457,3,-32.435187339782715
BESRE5mtipE--0,zero,21,-77.67857609689236,8,-75.60681413114071
8DmlFztO2XM--2,zero,25,-136.63495828211308,6,-112.11910428106785
jLwvQ4URDFY--1,zero,43,-258.8115167468786,14,-207.82039487361908
5QMD024bDYs--15,zero,19,-110.38205483555794,7,-62.513275146484375
jLwvQ4URDFY--31,zero,33,-204.38894727826118,12,-171.1973131299019
aDwdB7xHAOE--1,zero,28,-180.5948530435562,10,-127.7055126875639
wSEeoT9BqE0--13,zero,11,-44.8017204105854,4,-29.98406410217285
d5Lx_5-UiHY--41,zero,11,-58.968220204114914,5,-49.56286931037903
BTqVQCBPUzg--18,zero,9,-66.12172222137451,4,-59.65487623214722
faZQNy4aErk--62,zero,12,-44.598787896335125,4,-34.00732207298279
LvN9Dxq2iLY--88,zero,10,-47.399917393922806,1,-11.535936027765274
HBQwzyxvkZA--256,zero,19,-67.44435305893421,6,-49.572154864668846
xFEQrtosric--18,zero,19,-73.94442985765636,5,-51.41567946784198
KmW8f1GVTYY--40,zero,27,-140.59518450126052,10,-97.82601177692413
nXA9Qpj2z7E--6,zero,12,-56.60433164983988,3,-35.26726692914963
kytITkHoyls--7,zero,39,-177.644809640944,12,-156.54107257723808
ef52bca1a454-6,zero,15,-93.08335988223553,5,-86.19276022911072
iwYL-ivQm6o--19,zero,14,-78.5167990103364,5,-38.05190694332123
9b0136913690-41,zero,17,-79.28678648173809,7,-58.240883469581604
K4eNr2k2Lls--1,zero,29,-130.9530704766512,8,-110.81049511954188
pMbMjjSj1fM--28,zero,11,-49.25493663549423,3,-36.76233774423599
MYGqMojGwBE--161,zero,18,-67.07729107886553,6,-33.7080330401659
mXq8axygjdE--32,zero,24,-108.90013426542282,6,-77.44411826133728
4vfboqjtAXo_d,zero,18,-103.07331831753254,5,-59.592262268066406
HBQwzyxvkZA--261,zero,20,-103.72755938768387,5,-64.23501753807068
CAzt5cxtSjQ--23,zero,10,-57.25109723955393,6,-55.19962739944458
d5Lx_5-UiHY--51,zero,15,-81.10543438792229,5,-54.609147265553474
klepEQSaeIk--9,zero,18,-87.5731820911169,5,-59.30936220288277
48couwymlMM--10,zero,16,-83.58408661931753,4,-74.14973052591085
K4eNr2k2Lls--0,zero,11,-54.639815390110016,5,-46.74253463745117
zu_bd3r2GIA--16,zero,23,-110.74222356081009,8,-78.7007368505001
ef52bca1a454-76,zero,11,-62.5455591827631,4,-39.860252380371094
ixXF2UGOyoU--2,zero,14,-85.22003231570125,5,-46.639259815216064
o44YnPMhwPU--37,zero,17,-85.84653680026531,7,-55.892791986465454
CRJSZ2e7BU0--12,zero,22,-128.65802362561226,7,-95.92613163590431
91GVHgxW8RA--2,zero,8,-28.722042560577393,3,-20.17444556951523
gXa0qcoWrsQ--7,zero,22,-124.80439487099648,9,-106.9211015701294
m3Mmtpr-jjA--42,zero,20,-121.57846187055111,6,-65.18833214044571
lcBujGRLwE0--29,zero,35,-189.2312739752233,13,-152.6730923615396
MYGqMojGwBE--205,zero,23,-101.9876830726862,7,-45.421156108379364
d5Lx_5-UiHY--22,zero,24,-112.05318434350193,7,-61.80387814156711
9b0136913690-89,zero,12,-67.0729500502348,2,-43.305702209472656
8E-llRXuhl0--5,zero,24,-145.0385164618492,6,-89.8784646987915
iGdg-iGlUFg--11,zero,18,-96.91448652744293,7,-75.4288364648819
jMdxYlvrkbk--9,zero,20,-115.5795880407095,8,-66.95508801937103
vbq8QbOwOt4--15,zero,11,-50.631228402256966,3,-28.762149333953857
m3Mmtpr-jjA--8,zero,10,-59.01325534284115,3,-39.75875234603882
o44YnPMhwPU--11,zero,10,-58.82781279087067,5,-39.383930683135986
o9DARfrZg2o--12,zero,12,-49.32351088523865,3,-38.121540784835815
rYcw__0tDhw--9,zero,20,-111.02569571137428,5,-82.61744850873947
eabe1f38221a-51,zero,10,-51.98635219037533,3,-38.108941316604614
HBQwzyxvkZA--116,zero,8,-41.856162309646606,3,-21.279356241226196
LvN9Dxq2iLY--139,zero,7,-34.598413556814194,2,-24.13318634033203
8w6k4jEJJlU--19,zero,24,-126.53577356785536,9,-79.66156808286905
Kq5HfchSWv8--7,zero,14,-51.1080251079984,4,-37.35334086092189
NDYHcIF50eE--2,zero,16,-65.97568532824516,4,-42.58231868594885
809a3a5e02d1-65,zero,8,-35.320412039756775,2,-14.079319477081299
AVb1VABiJJ8--18,zero,12,-76.70862403512001,7,-69.05873584747314
HBQwzyxvkZA--265,zero,16,-88.88579580932856,5,-47.86305046081543
ijrjSBx7WTc--59,zero,9,-42.336213901638985,3,-32.79448890686035
IjeHLt1vNoM--13,zero,20,-107.0114092901349,7,-61.392910964787006
BTqVQCBPUzg--122,zero,17,-99.44328129291534,5,-58.41348934173584
NaXDBBT5pkw--25,zero,27,-162.62655478715897,9,-94.43802484869957
4DhGy83DK_s--8,zero,9,-59.237611532211304,3,-36.23182725906372
zu_bd3r2GIA--29,zero,18,-102.53178060054779,5,-72.09268581867218
xFEQrtosric--19,zero,19,-74.708342297934,6,-55.72250737156719
rYcw__0tDhw--11,zero,8,-46.708630442619324,3,-31.21305799484253
DP1ly_MsHHQ--25,zero,21,-117.83257922530174,7,-59.816631361842155
myIXH3PjvoI--106,zero,12,-62.48432142660022,4,-40.35681622847915
KI0avgGkWiU--25,zero,11,-67.06307008862495,4,-55.288883090019226
-hZpPIT6N4U_d,zero,17,-90.04467362165451,5,-64.77258199453354
myIXH3PjvoI--102,zero,14,-78.69053980708122,4,-43.60683509707451
MYGqMojGwBE--46,zero,16,-95.65079968981445,5,-55.16144323348999
3vCea9zWFek--10,zero,13,-56.23364907503128,2,-25.816929817199707
MYGqMojGwBE--172,zero,13,-77.79110381752253,3,-35.01829242706299
d5Lx_5-UiHY--100,zero,14,-71.21267566084862,3,-26.994862467050552
iwYL-ivQm6o--5,zero,15,-73.89659050107002,4,-49.37289063632488
Xmm9ZyMy12g--19,zero,24,-148.31411337852478,7,-115.4448990225792
hgaKby5Mha4--15,zero,20,-102.51917958259583,7,-64.37174677848816
MnCcM6PZrug--9,zero,15,-99.63552397489548,5,-55.45232397317886
bqE5C2tmc9c--9,zero,22,-112.71599674224854,9,-81.09641742706299
OEM3CR-HYmk--0,zero,21,-118.05552351474762,6,-109.72275197505951
faZQNy4aErk--82,zero,20,-131.71713884174824,9,-111.82321162521839
C-cgPb_N2dY--0,zero,24,-131.89865374565125,8,-92.2709389925003
AVb1VABiJJ8--10,zero,23,-128.28400367498398,10,-97.94614434242249
Lt5GAA6MIuM--1,zero,19,-123.00159263983369,8,-100.58576518297195
gp0w_zrLgfw--10,zero,12,-94.61986261606216,6,-69.05227947235107
eBj_HUu0CNw--29,zero,12,-53.30586574971676,4,-26.945002555847168
QiJgNpX3zN0--11,zero,21,-102.64608360826969,8,-79.83716756105423
faZQNy4aErk--32,zero,20,-94.18255871534348,5,-43.44574120640755
aDwdB7xHAOE--10,zero,17,-112.26291474699974,9,-87.1572414636612
YsuSHJ3klEs--7,zero,24,-130.1435822248459,8,-102.50242590904236
MYGqMojGwBE--217,zero,13,-76.14038200676441,6,-46.04080152511597
8DmlFztO2XM--0,zero,21,-108.87860518693924,5,-76.22918343544006
gp0w_zrLgfw--20,zero,28,-185.34612952172756,10,-124.62693953514099
MYGqMojGwBE--258,zero,15,-77.59276790171862,5,-47.451421238482
40BjLI5XtJE--10,zero,22,-115.05383828282356,7,-72.53481262922287
fulQKWknVhw--12,zero,31,-142.88793189451098,7,-58.424849927425385
myIXH3PjvoI--122,zero,12,-52.496850073337555,4,-34.58376109600067
jMdxYlvrkbk--7,zero,22,-120.92228687927127,6,-79.40726160630584
-X_zmve1y00--14,zero,19,-123.2201257199049,8,-85.88752746582031
sktRu3sp97g--15,zero,16,-69.35435366630554,7,-43.47839117050171
7byz3fdI-Ss--16,zero,9,-27.47015803679824,4,-26.51487610861659
809a3a5e02d1-119,zero,11,-48.83850998431444,4,-30.15816640853882
Rc99bcSdhak--14,zero,8,-30.91298407316208,3,-16.890967845916748
v0g35qCOCwU--0,zero,25,-122.48000013828278,10,-91.75410607457161
N6jpL7uibFI_e2,zero,24,-117.0223206654191,6,-90.08816140145063
MYGqMojGwBE--282,zero,16,-77.92973609268665,6,-42.52616786956787
mjvqIq_fvRY--10,zero,25,-124.71681773662567,9,-94.43467581272125
lZarpnV0alw--12,zero,14,-79.43089540768415,2,-54.26816435623914
mXq8axygjdE--28,zero,32,-181.02449198067188,12,-114.07598114013672
IjeHLt1vNoM--3,zero,20,-109.97025527060032,8,-80.90783302485943
6_yO8Lc8Hd4--16,zero,21,-102.10141711309552,3,-43.19804637134075
HBQwzyxvkZA--237,zero,16,-93.32327447086573,7,-75.45670068264008
CRJSZ2e7BU0--8,zero,30,-174.73370851576328,10,-146.5375261604786
K4eNr2k2Lls--19,zero,14,-61.11879462003708,6,-43.11912488937378
U5Tq9r7saZU--19,zero,16,-93.11043839901686,5,-58.946385860443115
uYaUCNl1j10--3,zero,34,-155.8196152895689,11,-140.3685009777546
3gKelnCwuj8--0,zero,17,-89.63420369848609,6,-76.2291457913816
ZVE_KjrY_po--22,zero,21,-100.87288421392441,8,-91.72012060880661
i4j5Bj2NL1c--11,zero,28,-181.23839896917343,10,-143.48434126377106
9b0136913690-57,zero,20,-119.1840210556984,4,-94.36541199684143
wwpptVjgAws--10,zero,32,-170.47089479118586,11,-108.50187806040049
gp0w_zrLgfw--13,zero,28,-155.25599159300327,10,-102.37070032954216
HBQwzyxvkZA--129,zero,15,-55.32984693348408,6,-43.53043258190155
fqJW-F3WIYc--0,zero,21,-109.12586960941553,8,-94.92050490528345
xnY08sy7Sqk--6,zero,13,-77.21498163044453,4,-69.50547409057617
maCRL8WG0GQ--3,zero,10,-64.65664553642273,5,-36.016193151474
xnY08sy7Sqk--3,zero,25,-142.33600497245789,9,-104.86305260658264
AVb1VABiJJ8--13,zero,16,-90.60390344262123,7,-81.05936941504478
HBQwzyxvkZA--331,zero,16,-62.83333773165941,4,-48.486484594643116
HBQwzyxvkZA--79,zero,24,-127.43336060643196,8,-82.64946269989014
0bk98uIiTS8--18,zero,15,-62.66094867885113,5,-43.48027019202709
OJxSniCPUpI--2,zero,15,-71.89915299415588,6,-66.95334964990616
m-w_78fDg9M--11,zero,28,-180.63678459823132,9,-117.77902083098888
mDUCHJerTtE--9,zero,14,-81.6179866194725,4,-44.86853510141373
BTqVQCBPUzg--94,zero,8,-38.34511802345514,2,-21.664409637451172
CAzt5cxtSjQ--13,zero,23,-181.03356502950191,11,-118.19245219230652
8DmlFztO2XM--1,zero,27,-131.99024574644864,10,-96.49880275316536
ZVE_KjrY_po--4,zero,16,-81.7990260720253,4,-67.27765615284443
9b0136913690-78,zero,20,-126.76506528258324,7,-73.6617226600647
5n_IGU5rYYk--24,zero,29,-195.29992012679577,11,-99.0567717552185
HBQwzyxvkZA--131,zero,18,-105.4789665043354,4,-88.38582134246826
lZarpnV0alw--2,zero,21,-125.57119953259826,7,-105.8499392233789
6_yO8Lc8Hd4--5,zero,25,-161.2590204924345,8,-96.95872783660889
u7wx4rUBg_k--5,zero,22,-102.61770631372929,7,-70.17003858089447
w_xCnJVyPYA_e1,zero,17,-85.53559205681086,5,-69.33274362236261
BTqVQCBPUzg--105,zero,15,-80.6664168164134,5,-58.00208019465208
d5Lx_5-UiHY--111,zero,11,-72.76896572113037,2,-25.054765701293945
HBQwzyxvkZA--330,zero,33,-164.6520959660411,10,-103.33359357714653
lcBujGRLwE0--38,zero,31,-156.35376930609345,9,-143.7197423018515
oPITLi0VKh8--1,zero,19,-88.60092597827315,7,-69.36060931906104
s_8IbRRsr0Q--0,zero,35,-183.1180619597435,9,-116.28711503744125
lZarpnV0alw--11,zero,18,-96.71876564621925,5,-42.97740662097931
NDYHcIF50eE--19,zero,9,-38.7240444496274,2,-20.231150336563587
fqJW-F3WIYc--5,zero,25,-139.36476278305054,8,-124.26629370450974
yb7efY9x78U--0,zero,33,-179.73757803440094,9,-101.23668318986893
fYxijWb0b_s--28,zero,16,-92.24633511900902,6,-82.12901759147644
HBQwzyxvkZA--140,zero,19,-101.79818592593074,6,-90.95329315587878
ojYFIliNLGI--2,zero,22,-123.14763791114092,11,-93.710313744843
q4RnudGCU18--15,zero,20,-118.6323125064373,5,-90.80026736855507
xnY08sy7Sqk--12,zero,15,-86.98398770391941,5,-70.27170115709305
Zc2bgIDZ-Ks--57,zero,9,-27.299440555274487,4,-22.114009857177734
QiGhWfjM2FI--18,zero,23,-135.3917436748743,7,-78.35441046953201
nvfK4jQ7MH0--7,zero,16,-83.21984028816223,7,-64.41890382766724
OJxSniCPUpI--19,zero,17,-103.46923059225082,9,-80.53986340761185
mDUCHJerTtE--0,zero,14,-56.7898935675621,5,-38.16978493332863
dPuKX_lM4Zc--114,zero,8,-34.17167119681835,3,-28.38005304336548
pMbMjjSj1fM--24,zero,24,-168.52721755951643,5,-141.43784485012293
AZ2s4Adm9RU--25,zero,15,-68.60798312723637,5,-33.008894205093384
KmW8f1GVTYY--45,zero,20,-83.87567303329706,8,-79.04786518961191
faZQNy4aErk--59,zero,21,-105.25222650170326,6,-79.51049035787582
HBQwzyxvkZA--69,zero,20,-144.46225452423096,8,-81.24505376815796
9b0136913690-9,zero,11,-57.371377386152744,5,-45.80531311035156
ef52bca1a454-70,zero,8,-47.52407446503639,3,-32.88467836380005
wUH1dDbu9B4--3,zero,26,-154.0953811109066,6,-138.11524790525436
nvfK4jQ7MH0--1,zero,20,-72.4795339293778,4,-24.898574139922857
HBQwzyxvkZA--229,zero,17,-56.44191040843725,7,-42.292777836322784
HBQwzyxvkZA--76,zero,16,-69.62979776412249,5,-45.12625074386597
1xJ_dkBcAIU--6,zero,16,-112.36703637242317,7,-92.00365117192268
vyBaeFU8J_k--0,zero,13,-86.1523024737835,4,-70.62009832262993
lSLqIyupXrk--15,zero,15,-78.36525917053223,6,-57.132323026657104
HBQwzyxvkZA--280,zero,17,-102.33362838625908,6,-73.4925103187561
0bk98uIiTS8--29,zero,22,-102.61658625304699,6,-63.75239773094654
faZQNy4aErk--43,zero,41,-201.27156975865364,13,-162.76452070474625
XcXCB---N9M--37,zero,23,-118.22739246487617,7,-84.47460356354713
LvN9Dxq2iLY--137,zero,11,-57.58250841498375,4,-44.55877360701561
_r1S90f_nsM--6,zero,17,-89.62602174282074,6,-51.82076799869537
8E-llRXuhl0--17,zero,20,-103.20198078453541,7,-77.99931997060776
ijrjSBx7WTc--68,zero,8,-51.99606189131737,3,-31.816579818725586
4DhGy83DK_s--26,zero,15,-70.79076355695724,4,-37.13401395082474
oPITLi0VKh8--17,zero,21,-116.79930409789085,6,-78.33544859290123
bOZ_Lap5FNA--17,zero,22,-125.39117453247309,8,-89.92543069273233
4DhGy83DK_s--3,zero,15,-73.65661931037903,4,-55.811285585165024
ZCBew8Fv0qA--22,zero,42,-215.40211676061153,12,-147.26469379663467
klepEQSaeIk--12,zero,16,-64.38206473365426,4,-32.085663583129644
lZarpnV0alw--9,zero,10,-54.79625707864761,5,-49.26690810918808
o9DARfrZg2o--6,zero,15,-74.48386695981026,3,-62.8860502243042
o9DARfrZg2o--3,zero,18,-77.4783518537879,5,-56.44678884744644
AVb1VABiJJ8--8,zero,8,-53.355658173561096,3,-30.979167103767395
ijrjSBx7WTc--42,zero,8,-46.51616358757019,2,-23.85083556175232
kES_ZNjFKz8--10,zero,17,-93.26607851684093,7,-67.39026188850403
ckGC5hUffDU--13,zero,9,-52.66913914680481,3,-37.31837058067322
fqJW-F3WIYc--16,zero,43,-240.02359783649445,13,-189.39368921518326
8E-llRXuhl0--21,zero,20,-116.31619040668011,9,-100.20120906829834
MYGqMojGwBE--277,zero,15,-102.11453253030777,6,-62.58662557601929
myIXH3PjvoI--48,zero,17,-83.42523999512196,3,-34.87348200380802
KHL0wkbu0-s--4,zero,16,-90.45243847370148,6,-52.25621974468231
jC6VuHNpTLM--8,zero,28,-127.97038976103067,10,-98.57797233015299
myIXH3PjvoI--52,zero,12,-42.29393236339092,3,-29.87301731109619
C-cgPb_N2dY--7,zero,18,-114.34372517466545,7,-91.70352602005005
myIXH3PjvoI--92,zero,13,-60.893586218357086,5,-35.23331093788147
6_yO8Lc8Hd4--11,zero,26,-147.32365060597658,8,-97.67306683212519
o44YnPMhwPU--26,zero,23,-144.1413270533085,9,-105.71442824602127
XcXCB---N9M--40,zero,28,-131.21834545582533,9,-92.42388835549355
HBQwzyxvkZA--326,zero,28,-183.1740054860711,9,-103.56725192070007
dkavvNigK7s--3,zero,16,-91.56728458404541,6,-71.45420333743095
LvN9Dxq2iLY--9,zero,14,-57.79471343755722,4,-39.34067875146866
QiJgNpX3zN0--2,zero,13,-72.42609509825706,3,-33.46114617586136
KI0avgGkWiU--14,zero,21,-111.56005057692528,9,-87.65660217404366
48couwymlMM--0,zero,21,-101.67468410730362,6,-90.889803647995
XcXCB---N9M--25,zero,18,-99.07120506465435,7,-72.37194634974003
myIXH3PjvoI--39,zero,16,-90.79349146597087,5,-59.38422943465412
nvfK4jQ7MH0--26,zero,12,-35.469235360622406,3,-22.891842305660248
MYGqMojGwBE--103,zero,15,-94.99715464562178,5,-54.32031559944153
LvN9Dxq2iLY--24,zero,11,-77.0794951915741,3,-38.57413840293884
Sqa3ig2NN9Q--13,zero,17,-64.48586495965719,6,-41.94879496097565
809a3a5e02d1-86,zero,8,-57.9177405834198,2,-28.90134620666504
MYGqMojGwBE--62,zero,15,-65.03358654677868,4,-35.9370526522398
pMbMjjSj1fM--16,zero,23,-111.66193822491914,11,-101.15928513277322
mXq8axygjdE--66,zero,18,-66.31761906296015,4,-53.072467781603336
vbq8QbOwOt4--17,zero,20,-126.47874158620834,5,-85.5126194357872
dPuKX_lM4Zc--110,zero,27,-161.24667319655418,11,-110.8146276473999
eabe1f38221a-52,zero,15,-108.55628490447998,6,-75.1252920627594
LvN9Dxq2iLY--210,zero,18,-98.4912394322455,5,-72.93551594391465
0bk98uIiTS8--42,zero,22,-146.7866416517645,10,-115.40136951208115
faZQNy4aErk--40,zero,17,-97.47299098968506,7,-80.12340092658997
Kq5HfchSWv8--2,zero,9,-54.20658782124519,4,-39.882777124643326
ZMsnY_khlNQ--5,zero,21,-127.52139525860548,7,-103.16763043403625
80Cx4CH-AVI--4,zero,22,-143.32242462038994,8,-109.66373038291931
HBQwzyxvkZA--283,zero,23,-147.67494458332658,10,-106.23554664850235
Nv3WLYio7Lc--1,zero,20,-119.30002023279667,5,-106.35965038836002
KHL0wkbu0-s--24,zero,18,-80.68651343882084,9,-61.88568753004074
BO1ehFUMWEs--21,zero,27,-174.6815516129136,9,-143.79606360197067
QXsIVtanWdw--8,zero,16,-86.98071640729904,5,-56.407626152038574
jN2lbHzIneI--10,zero,16,-70.78187841176987,5,-42.63719296455383
_IyhoG9jXuM--10,zero,11,-56.68929159641266,4,-48.28395175933838
Kq5HfchSWv8--23,zero,17,-88.84616715461016,7,-52.864384070038795
LvN9Dxq2iLY--61,zero,18,-111.14351586997509,7,-87.03640858829021
T-5au9lZhYI--9,zero,11,-47.12737700715661,4,-39.002634197473526
mXq8axygjdE--81,zero,19,-92.75496971607208,6,-58.693461775779724
HBQwzyxvkZA--213,zero,23,-95.71929815597832,8,-69.32389965839684
fYxijWb0b_s--23,zero,9,-45.28406823426485,3,-22.579071044921875
a8zp7ivHwBU--8,zero,15,-95.49343316257,7,-60.38340163230896
xnY08sy7Sqk--19,zero,14,-81.20548802614212,5,-66.22673642635345
9bqfEh7BD3c--14,zero,7,-33.75184231996536,3,-19.131348371505737
Zc2bgIDZ-Ks--48,zero,8,-43.90990924835205,3,-32.980035066604614
ZCBew8Fv0qA--4,zero,15,-82.89018899202347,5,-36.93819618225098
VwsRPJN7txM--8,zero,18,-122.91739511489868,9,-86.8487753868103
W4YzurwHpfw--17,zero,17,-82.3041665777564,8,-67.87361276894808
HBQwzyxvkZA--120,zero,11,-61.36819811165333,5,-42.91633076965809
T-5au9lZhYI--6,zero,14,-69.05941911786795,6,-53.36388719081879
5QMD024bDYs--23,zero,16,-95.79170529544353,7,-63.52483320236206
AVb1VABiJJ8--22,zero,20,-125.34268167614937,10,-103.49699974060059
QiJgNpX3zN0--9,zero,18,-102.83004423975945,7,-72.83344864845276
nXA9Qpj2z7E--16,zero,20,-147.66569179296494,6,-134.0441517829895
kytITkHoyls--2,zero,10,-58.06794348359108,3,-29.545091718435287
KmW8f1GVTYY--42,zero,23,-134.08358021080494,8,-100.07566586136818
m3Mmtpr-jjA--9,zero,19,-90.37752375751734,6,-61.41282141208649
o44YnPMhwPU--42,zero,11,-42.19889269769192,3,-19.146526634693146
BTqVQCBPUzg--96,zero,11,-79.6592800617218,4,-59.692687034606934
uYaUCNl1j10--0,zero,26,-123.61601155251265,10,-97.43553321808577
oAhfJ8yB1j0--1,zero,15,-87.36386509239674,4,-80.0631799697876
yb7efY9x78U--4,zero,15,-78.81884915567935,5,-46.72648381628096
K4eNr2k2Lls--29,zero,23,-88.71519969403744,6,-59.468667812645435
faZQNy4aErk--7,zero,16,-87.38959790766239,4,-48.014538288116455
XcXCB---N9M--14,zero,23,-112.69355273246765,7,-77.61980032920837
NaXDBBT5pkw--0,zero,20,-134.2102553844452,5,-96.17976522445679
rZG7T9ujMEo--3,zero,9,-34.950952231884,2,-13.173380136489868
0bk98uIiTS8--24,zero,27,-139.45963591709733,8,-70.90946405380964
jN2lbHzIneI--8,zero,29,-142.0759066939354,11,-110.52341786026955
wSEeoT9BqE0--16,zero,27,-143.0103282853961,13,-105.96189260482788
wwpptVjgAws--2,zero,13,-43.52358230948448,4,-18.346880227327347
xnY08sy7Sqk--15,zero,9,-46.975983023643494,3,-27.44930410385132
eyqLkKS5Qkw--22,zero,16,-91.09128674864769,7,-75.30240285396576
Sqa3ig2NN9Q--1,zero,18,-94.79249984025955,5,-67.143863260746
eabe1f38221a-65,zero,14,-65.0108373016119,4,-25.9634792804718
ozS8Mx8AdH8--2,zero,24,-117.61173859238625,10,-101.07187411189079
rZG7T9ujMEo--5,zero,24,-138.72839084267616,8,-88.52715218067169
cw1YIV30nQM--2,zero,10,-54.36757409572601,4,-42.65599489212036
MnCcM6PZrug--6,zero,39,-218.77240452170372,13,-179.66779327392578
MnCcM6PZrug--4,zero,23,-103.29318380355835,9,-84.39841011166573
K4eNr2k2Lls--16,zero,15,-98.48214845359325,10,-93.70208483934402
W4YzurwHpfw--14,zero,13,-52.80444020032883,4,-46.56305305659771
UBnqDwRds3A--18,zero,23,-139.82027259469032,10,-119.09426200389862
ZVE_KjrY_po--12,zero,19,-91.64847606420517,7,-57.518022909760475
IjeHLt1vNoM--6,zero,29,-182.15292939543724,11,-147.11535447835922
BESRE5mtipE--14,zero,11,-61.70099741220474,5,-41.04492926597595
9xc24mAlprE--12,zero,9,-58.63756608963013,5,-40.65441036224365
6U9AFGakrn0--1,zero,15,-71.08611345291138,5,-54.140066385269165
Lt5GAA6MIuM--14,zero,12,-67.96208307892084,5,-47.84063624590635
Zc2bgIDZ-Ks--76,zero,17,-61.870633244514465,3,-29.39292198419571
XcXCB---N9M--24,zero,17,-112.42521254718304,5,-85.18672132492065
9xc24mAlprE--9,zero,19,-91.17978645861149,6,-80.09447576105595
BESRE5mtipE--17,zero,20,-111.19472575187683,10,-92.80138278007507
MYGqMojGwBE--32,zero,14,-74.53802384249866,4,-65.24445486068726
Zc2bgIDZ-Ks--58,zero,37,-203.6958853751421,11,-112.47987219691277
zu_bd3r2GIA--5,zero,25,-121.54101126641035,4,-57.619138956069946
mjvqIq_fvRY--1,zero,18,-69.7054061293602,6,-48.441732347011566
NaXDBBT5pkw--1,zero,7,-29.870553635060787,2,-7.689522288739681
vyBaeFU8J_k--15,zero,28,-155.52202114462852,8,-124.82313638925552
vyBaeFU8J_k--21,zero,19,-98.58310544490814,8,-78.39610794186592
3Pk2c_Z4ahk--14,zero,12,-63.38194163143635,5,-49.553977489471436
ZVE_KjrY_po--23,zero,11,-58.291867688298225,3,-29.871148347854614
Lt5GAA6MIuM--11,zero,34,-215.56849245727062,15,-175.8728901296854
lPzmjeJmsXo--40,zero,12,-45.740001790225506,7,-36.120227336883545
lPzmjeJmsXo--11,zero,17,-110.3774828016758,6,-77.49203476309776
91GVHgxW8RA--18,zero,25,-145.2750778645277,8,-122.94531828165054
rZG7T9ujMEo--19,zero,21,-124.7618091404438,8,-87.16446876525879
36YV-IPiUXM--11,zero,31,-196.423016756773,10,-166.4850970506668
Zc2bgIDZ-Ks--23,zero,30,-157.29364001750946,11,-121.35321855545044
3gKelnCwuj8--9,zero,17,-112.04550608992577,8,-96.72250461578369
BTqVQCBPUzg--53,zero,11,-69.30681246519089,5,-55.07130527496338
MYGqMojGwBE--86,zero,16,-82.39593374356627,6,-57.30574966594577
R6_v5nqXuGg--0,zero,23,-131.5328374505043,13,-130.4515842795372
lZarpnV0alw--4,zero,20,-122.37294671311975,6,-109.70632511749864
0kldzhToGLc--0,zero,21,-108.90136692114174,6,-97.1694862563163
Sqa3ig2NN9Q--8,zero,16,-71.38515719398856,4,-44.485981702804565
Rblg5TE6TI0--29,zero,28,-149.4506694227457,10,-103.36129242181778
nvfK4jQ7MH0--8,zero,21,-113.78572621941566,10,-90.67882907390594
fYxijWb0b_s--18,zero,15,-86.40090370178223,5,-56.190917015075684
HBQwzyxvkZA--267,zero,7,-44.72160506248474,2,-23.853853702545166
gp0w_zrLgfw--7,zero,29,-201.786913767457,11,-137.2824102640152
3Pk2c_Z4ahk--20,zero,27,-163.63151274621487,8,-144.32081271708012
Zc2bgIDZ-Ks--39,zero,22,-103.37652097642422,7,-72.74943806231022
ZCBew8Fv0qA--7,zero,16,-76.18288040161133,4,-61.19767618179321
MYGqMojGwBE--26,zero,34,-209.5419911146164,7,-183.8975270986557
MYGqMojGwBE--36,zero,10,-53.888981223106384,4,-31.54641079902649
36YV-IPiUXM--17,zero,53,-309.24004739522934,14,-263.6107312142849
pMbMjjSj1fM--4,zero,18,-92.24609326571226,6,-80.84894209355116
809a3a5e02d1-27,zero,22,-134.58753523230553,6,-71.74026155471802
9xc24mAlprE--25,zero,14,-97.7317785024643,6,-66.24092102050781
0kldzhToGLc--9,zero,22,-128.72148075699806,9,-95.88764172792435
aDwdB7xHAOE--13,zero,17,-79.52314513921738,6,-56.20033833384514
wUH1dDbu9B4--18,zero,17,-118.45290300622582,7,-69.9759910106659
BO1ehFUMWEs--29,zero,34,-201.3233226686716,8,-139.33364447951317
mXq8axygjdE--48,zero,20,-111.10932098329067,7,-98.8589066118002
VwsRPJN7txM--7,zero,11,-49.18551404774189,5,-46.596184968948364
ZMsnY_khlNQ--6,zero,15,-84.18488354980946,6,-62.720760107040405
KHL0wkbu0-s--21,zero,12,-67.30773636698723,5,-42.434974908828735
mjvqIq_fvRY--15,zero,9,-64.09914875775576,5,-50.96677899360657
o44YnPMhwPU--6,zero,9,-54.37576934695244,4,-45.18507719039917
s_8IbRRsr0Q--11,zero,38,-199.2642104625702,11,-174.39513443410397
ZMsnY_khlNQ--4,zero,19,-86.84326703846455,8,-74.41495230793953
9b0136913690-50,zero,20,-109.65469193458557,6,-60.16749197244644
5QMD024bDYs--4,zero,19,-117.2856679558754,6,-74.77784040570259
MYGqMojGwBE--19,zero,10,-64.68535286188126,5,-57.69506752490997
UBnqDwRds3A--16,zero,21,-109.44413596391678,8,-66.08315700292587
q4RnudGCU18--23,zero,24,-126.27427643537521,8,-75.95182725787163
vyBaeFU8J_k--3,zero,14,-82.97345821559429,6,-53.130000591278076
jN2lbHzIneI--15,zero,23,-136.41746844351292,8,-82.34916307032108
W4YzurwHpfw--5,zero,13,-74.7148841097951,5,-57.46788549423218
3vCea9zWFek--3,zero,17,-101.26063168048859,5,-70.87128837406635
wwpptVjgAws--15,zero,47,-266.3355205915868,13,-225.96989515051246
DF4fto_X1Y4--13,zero,12,-66.42615032941103,4,-28.811132431030273
fulQKWknVhw--1,zero,21,-84.8875774666667,8,-71.43170025199652
hgaKby5Mha4--34,zero,21,-133.8731172978878,7,-101.68180847167969
48couwymlMM--15,zero,23,-102.48256147652864,7,-73.60241205245256
i4j5Bj2NL1c--3,zero,24,-124.74426750093699,11,-105.70418129116297
cw1YIV30nQM--6,zero,17,-83.00198994576931,7,-51.69885617494583
fqJW-F3WIYc--8,zero,12,-63.211902894079685,5,-50.82841092348099
HBQwzyxvkZA--316,zero,15,-72.67266030609608,6,-56.858466029167175
LvN9Dxq2iLY--200,zero,12,-72.01114784181118,5,-57.319469317793846
6MxCP_583q8_e4,zero,9,-65.33522109687328,4,-49.632508128881454
HBQwzyxvkZA--57,zero,21,-120.0694694519043,7,-73.86542642116547
yb7efY9x78U--15,zero,23,-139.30898493528366,7,-98.63655364513397
l9bZYazJQ1w--2,zero,9,-41.43710133433342,4,-26.56715214252472
3gKelnCwuj8--16,zero,16,-103.00334666669369,7,-76.01610898971558
lSLqIyupXrk--7,zero,11,-58.64037939161062,4,-45.476895570755005
HBQwzyxvkZA--230,zero,15,-65.89191513508558,5,-35.55987882614136
q4RnudGCU18--11,zero,10,-58.45696410536766,4,-38.93167066574097
AZ2s4Adm9RU--9,zero,14,-76.25483453273773,5,-45.377947211265564
MYGqMojGwBE--95,zero,18,-96.3057719618082,9,-82.34343585371971
17OIKvJmrK8--11,zero,28,-137.26562996208668,9,-133.70729191601276
HBQwzyxvkZA--146,zero,20,-97.15197697281837,7,-67.35679587721825
HBQwzyxvkZA--77,zero,10,-33.577703058719635,3,-12.2595534324646
MYGqMojGwBE--235,zero,8,-37.57940447330475,3,-20.43995952606201
JqYder5vRP4--0,zero,11,-50.30176855996251,5,-42.676515121012926
eyqLkKS5Qkw--3,zero,16,-116.31119291484356,8,-90.11111450195312
48couwymlMM--24,zero,12,-61.59524929523468,5,-50.20994019508362
iGdg-iGlUFg--12,zero,19,-100.92633298039436,4,-68.6148253083229
K5lgB4YzOO0--4,zero,27,-176.17258968949318,9,-163.7533301115036
m3Mmtpr-jjA--34,zero,16,-100.44870603084564,9,-92.42290675640106
HBQwzyxvkZA--303,zero,16,-93.25468492507935,3,-68.62735736370087
Rblg5TE6TI0--19,zero,23,-146.38944628834724,12,-113.19093561172485
tDrI-9pSul0--6,zero,21,-108.55679522454739,9,-89.87158691883087
6_yO8Lc8Hd4--19,zero,11,-53.013557359576225,3,-23.456695556640625
faZQNy4aErk--51,zero,22,-132.61658743023872,8,-61.01484942436218
d5Lx_5-UiHY--85,zero,25,-146.18627861887217,10,-96.6584495306015
lSLqIyupXrk--2,zero,12,-68.06014668941498,6,-48.59163808822632
sktRu3sp97g--3,zero,15,-69.11923751607537,3,-29.669696807861328
MnCcM6PZrug--19,zero,36,-181.0369038209319,11,-127.8085703253746
DP1ly_MsHHQ--2,zero,20,-121.85815015435219,8,-80.04991093277931
mXq8axygjdE--65,zero,15,-62.51908852159977,5,-41.017621114850044
Rblg5TE6TI0--32,zero,12,-65.05721120163798,4,-50.288560543209314
4vfboqjtAXo_e3,zero,14,-71.26471573114395,4,-53.84198713302612
HBQwzyxvkZA--313,zero,21,-107.84660755097866,5,-81.8651453256607
vyBaeFU8J_k--5,zero,33,-166.5093941912055,8,-111.68763656169176
5QMD024bDYs--5,zero,15,-70.32209879904985,5,-47.60722470283508
3gKelnCwuj8--7,zero,16,-82.62525364756584,6,-57.330188274383545
ef52bca1a454-78,zero,16,-75.84745237231255,5,-57.16893181204796
4DhGy83DK_s--17,zero,28,-108.29053677991033,8,-61.148897644132376
mXq8axygjdE--64,zero,14,-88.64589637517929,5,-46.92001032829285
yAAWlkm-_KA--8,zero,24,-130.9058729559183,10,-86.45171689987183
BTqVQCBPUzg--81,zero,16,-88.46036018431187,7,-80.19248247146606
R6_v5nqXuGg--12,zero,22,-86.70978666096926,6,-53.22613771259785
iwYL-ivQm6o--7,zero,17,-85.15736829768866,6,-61.376796836964786
pMbMjjSj1fM--18,zero,14,-58.878840040415525,6,-50.94114715978503
aDwdB7xHAOE--2,zero,19,-99.06782814860344,4,-39.77957445383072
HBQwzyxvkZA--41,zero,15,-84.83121855556965,4,-49.66575610637665
LvN9Dxq2iLY--174,zero,20,-125.21965593099594,6,-109.85866332054138
faZQNy4aErk--55,zero,14,-71.93499898910522,7,-57.3735933303833
uY7i-Y8gxn8--5,zero,22,-129.6113940179348,6,-107.72130516171455
faZQNy4aErk--31,zero,18,-99.29796305298805,8,-62.52989935874939
HBQwzyxvkZA--130,zero,26,-118.92460849881172,8,-91.09352815151215
5QMD024bDYs--16,zero,22,-128.58480030298233,8,-93.43857015669346
0bk98uIiTS8--41,zero,27,-170.34005503356457,11,-123.59733879566193
Kq5HfchSWv8--27,zero,18,-93.63916313648224,4,-72.74025329947472
kES_ZNjFKz8--15,zero,18,-130.78260469436646,4,-120.263023853302
vZt56rnH8QQ--0,zero,16,-88.3185542523861,9,-64.10145077109337
n12WICGyBJ4--35,zero,15,-96.13905429840088,6,-68.44780111312866
MYGqMojGwBE--122,zero,10,-53.18532092124224,3,-33.44256702065468
lcBujGRLwE0--8,zero,29,-165.99920324981213,9,-104.12814223766327
ckGC5hUffDU--8,zero,18,-121.75851038098335,5,-106.48850145936012
jN2lbHzIneI--11,zero,38,-219.59168973565102,12,-168.13731281459332
MYGqMojGwBE--284,zero,16,-80.22008020430803,6,-40.934234380722046
aDwdB7xHAOE--6,zero,27,-181.9768351763487,9,-121.58930702507496
g4GfKC7z-2M--22,zero,19,-106.8709360063076,4,-72.87804755568504
XcXCB---N9M--6,zero,12,-42.47281490266323,5,-32.032548159360886
zu_bd3r2GIA--8,zero,16,-53.23368177562952,5,-33.902434192597866
u7wx4rUBg_k--8,zero,19,-98.60098169744015,9,-67.12282073497772
-X_zmve1y00--11,zero,14,-61.55034726858139,4,-27.95350480079651
DP1ly_MsHHQ--27,zero,34,-142.10378190875053,9,-102.34041877090931
MYGqMojGwBE--163,zero,13,-56.94088181108236,3,-37.375904098153114
HBQwzyxvkZA--191,zero,10,-42.22877664864063,3,-31.725802898406982
8E-llRXuhl0--14,zero,25,-141.34435354173183,8,-96.47843670845032
LvN9Dxq2iLY--130,zero,11,-59.380217134952545,4,-37.20115375518799
lcBujGRLwE0--12,zero,25,-123.36921141296625,8,-112.48128498345613
809a3a5e02d1-35,zero,17,-101.40044310688972,8,-76.14156222343445
myIXH3PjvoI--5,zero,25,-132.09193763136864,9,-85.35007148981094
ZCBew8Fv0qA--14,zero,15,-68.22039648890495,4,-43.26914143562317
jC6VuHNpTLM--22,zero,19,-105.40315412729979,6,-88.26336228847504
MYGqMojGwBE--241,zero,27,-126.22130285203457,6,-82.66715401411057
m-w_78fDg9M--7,zero,22,-154.51456961780787,7,-89.88641476631165
0kldzhToGLc--16,zero,15,-78.06774345040321,7,-54.66114717721939
vbq8QbOwOt4--0,zero,25,-158.07583937048912,13,-98.28684413433075
8w6k4jEJJlU--3,zero,11,-80.21001213788986,5,-61.91475695371628
eGkBCS1t9-E--16,zero,24,-132.00659608840942,8,-112.40399658679962
Rblg5TE6TI0--33,zero,26,-166.75724284350872,11,-128.22341081500053
0Z5d6D2vBbc--3,zero,12,-63.24510436505079,4,-46.09307378530502
ijrjSBx7WTc--53,zero,21,-119.38406276702881,5,-81.37358343601227
HBQwzyxvkZA--169,zero,17,-90.21198037266731,7,-67.78538712859154
LvN9Dxq2iLY--104,zero,7,-37.021399319171906,4,-31.59059715270996
vZt56rnH8QQ--9,zero,15,-89.12341368943453,7,-63.44727158546448
UBnqDwRds3A--12,zero,9,-66.28159356862307,2,-18.25169849395752
w_xCnJVyPYA_e3,zero,13,-59.88271161913872,3,-31.703067362308502
BESRE5mtipE--10,zero,14,-56.278290973976254,5,-32.30496502108872
eBj_HUu0CNw--7,zero,17,-86.79919104278088,6,-61.74719059467316
mXq8axygjdE--8,zero,9,-61.98090246319771,3,-45.949710845947266
jC6VuHNpTLM--10,zero,19,-132.51109531521797,8,-98.29766941070557
Rc99bcSdhak--15,zero,23,-127.69108369201422,8,-90.5218008235097
ef52bca1a454-75,zero,9,-45.6644751727581,5,-41.5574517250061
vbq8QbOwOt4--13,zero,23,-82.63254852872342,7,-81.45269902329892
vbq8QbOwOt4--5,zero,25,-118.28989732265472,5,-87.4475634098053
UBnqDwRds3A--15,zero,19,-126.70088031888008,6,-72.36337184906006
2B2z46vgaAA--19,zero,14,-67.04360933834687,5,-51.405537041369826
xnY08sy7Sqk--22,zero,21,-139.0353673249483,7,-121.4933889657259
lAFiWmUUHOg--15,zero,15,-80.17856519669294,5,-53.0714221522212
MYGqMojGwBE--65,zero,13,-41.29686074703932,6,-40.317243345081806
zu_bd3r2GIA--12,zero,17,-92.85527047514915,4,-63.8991856276989
9b0136913690-90,zero,15,-82.72520683705807,4,-50.15916949510574
fqJW-F3WIYc--18,zero,21,-141.79105374217033,9,-104.14583683013916
jLwvQ4URDFY--16,zero,9,-47.99088670313358,3,-21.487983241677284
BO1ehFUMWEs--37,zero,12,-50.97354356944561,3,-29.098095417022705
fYxijWb0b_s--5,zero,12,-61.9558747112751,4,-60.72861337661743
6_yO8Lc8Hd4--3,zero,36,-230.92593824863434,14,-171.91960501670837
17OIKvJmrK8--7,zero,16,-98.86768969893456,7,-69.86418843269348
iGdg-iGlUFg--7,zero,20,-97.44370871782303,8,-69.12919414043427
ZMsnY_khlNQ--11,zero,29,-137.35367000102997,8,-118.22027286887169
-X_zmve1y00--9,zero,17,-96.06610139273107,6,-58.83635722659528
fqJW-F3WIYc--11,zero,28,-151.4098096769303,7,-85.81436397694051
Lt5GAA6MIuM--27,zero,21,-106.09356950968504,7,-74.90156529843807
tDrI-9pSul0--9,zero,24,-132.85075587034225,8,-117.77361768484116
maCRL8WG0GQ--9,zero,18,-114.64551690220833,8,-76.5767457485199
HBQwzyxvkZA--179,zero,13,-57.154716685414314,4,-32.46315021812916
C6CIPVno_yQ--10,zero,22,-121.28774592280388,7,-70.92589998245239
dkavvNigK7s--13,zero,29,-170.4422378987074,12,-128.50431442260742
9bqfEh7BD3c--2,zero,27,-138.88665737211704,9,-106.07005578279495
spDHZsNp4RA_d,zero,22,-137.99432533979416,8,-119.49190056324005
KI0avgGkWiU--9,zero,23,-84.6299242246896,6,-62.8210374135524
jLwvQ4URDFY--27,zero,36,-204.17798493802547,10,-148.83438475430012
BO1ehFUMWEs--30,zero,37,-260.58370488882065,11,-175.36542010307312
lPzmjeJmsXo--31,zero,21,-130.52330246567726,7,-86.0988122522831
vyBaeFU8J_k--8,zero,11,-54.54646971821785,4,-30.401465356349945
BESRE5mtipE--19,zero,21,-109.24790166318417,8,-74.65782061219215
NDYHcIF50eE--0,zero,33,-155.24695168435574,15,-136.38081419467926
MYGqMojGwBE--109,zero,20,-126.15070900321007,9,-114.29502722620964
9b0136913690-8,zero,17,-50.372439133003354,4,-37.595081793144345
_T-35xhqSkE--11,zero,17,-78.41791118681431,3,-64.44389535486698
myIXH3PjvoI--37,zero,11,-53.10432197898626,3,-36.19204010814428
ozS8Mx8AdH8--13,zero,21,-109.10854535549879,6,-88.65418814867735
NDYHcIF50eE--3,zero,26,-142.35391664505005,12,-109.46472239494324
809a3a5e02d1-19,zero,16,-95.68211844563484,7,-67.2007040977478
rYcw__0tDhw--17,zero,21,-105.0470868498087,4,-39.07543337345123
HBQwzyxvkZA--311,zero,16,-61.528676729649305,4,-47.684703689068556
HBQwzyxvkZA--236,zero,14,-85.66921851038933,3,-55.91903328895569
wUH1dDbu9B4--29,zero,18,-103.24303476512432,8,-81.70733672380447
l9bZYazJQ1w--18,zero,23,-135.52219611406326,6,-91.94109851121902
faZQNy4aErk--76,zero,28,-118.50178501754999,6,-76.48988503962755
dkavvNigK7s--14,zero,17,-88.3192792981863,6,-53.350062504410744
YsuSHJ3klEs--14,zero,17,-73.53924584388733,6,-41.77829843759537
MYGqMojGwBE--38,zero,21,-107.50639835000038,6,-64.1703451871872
dPuKX_lM4Zc--107,zero,12,-59.42312449216843,3,-43.14002180099487
OJxSniCPUpI--9,zero,17,-83.20815670490265,4,-75.06003326177597
CRJSZ2e7BU0--10,zero,17,-99.89283069968224,7,-71.54356324672699
MYGqMojGwBE--128,zero,16,-89.95940143987536,5,-40.77416658401489
myIXH3PjvoI--47,zero,18,-98.37636645883322,4,-73.27989137172699
cw1YIV30nQM--22,zero,17,-78.49426980502903,4,-63.78106983192265
KmW8f1GVTYY--10,zero,13,-72.29303622245789,6,-50.35374641418457
ijrjSBx7WTc--67,zero,24,-142.6721515506506,7,-117.97122755646706
gXa0qcoWrsQ--4,zero,13,-57.36755899339914,3,-52.01490467786789
Zc2bgIDZ-Ks--45,zero,36,-173.46050302684307,12,-121.92169833183289
36YV-IPiUXM--10,zero,39,-222.216554582119,11,-152.9320141673088
36YV-IPiUXM--8,zero,32,-191.3284794986248,10,-147.38549500703812
HBQwzyxvkZA--320,zero,16,-100.04123342037201,5,-74.41311359405518
QiJgNpX3zN0--1,zero,12,-57.775251895189285,4,-48.57751214504242
U5Tq9r7saZU--15,zero,31,-187.49282806366682,13,-125.02245169878006
pMbMjjSj1fM--11,zero,16,-116.08028423786163,7,-88.84248697757721
oPITLi0VKh8--20,zero,17,-77.24928084760904,4,-38.32648392021656
ci_iGsLDZ9w_e1,zero,18,-76.97072667628527,5,-70.27480975538492
NDYHcIF50eE--16,zero,32,-168.1071012020111,9,-126.06188189983368
KmW8f1GVTYY--15,zero,16,-103.06842139363289,6,-65.20473513007164
ci_iGsLDZ9w_d,zero,8,-65.30517339706421,3,-42.35630416870117
6OlSDCcwM10--25,zero,12,-55.290606670081615,3,-36.07886719703674
8w6k4jEJJlU--0,zero,20,-97.93764206394553,6,-73.42886179685593
myIXH3PjvoI--97,zero,17,-76.0916792601347,6,-54.01866164803505
9b0136913690-12,zero,8,-39.72680330276489,2,-27.180583477020264
91GVHgxW8RA--7,zero,33,-212.73082184791565,11,-162.5795247554779
eabe1f38221a-36,zero,10,-62.61187434196472,3,-27.684857845306396
6_yO8Lc8Hd4--2,zero,17,-108.20463141798973,7,-68.24442863464355
KmW8f1GVTYY--46,zero,12,-55.26467094570398,4,-35.425570748746395
9bqfEh7BD3c--13,zero,18,-87.68974217772484,5,-74.19459074735641
VwsRPJN7txM--9,zero,18,-85.34342561475933,6,-58.19248147122562
QXsIVtanWdw--5,zero,9,-28.314716711640358,3,-16.08048987388611
S9ymb66ZqqY--8,zero,11,-75.06323552131653,5,-51.217034578323364
LvN9Dxq2iLY--33,zero,12,-62.95325207710266,5,-54.39152526855469
K4eNr2k2Lls--21,zero,21,-129.4568904042244,8,-120.30573080480099
wSEeoT9BqE0--21,zero,34,-150.5775177627802,9,-117.28264592587948
LvN9Dxq2iLY--12,zero,16,-72.26389449834824,4,-47.21420878171921
faZQNy4aErk--6,zero,14,-69.36938163638115,5,-41.702184200286865
WabgM-SmPzU_e1,zero,12,-60.65857973694801,4,-45.062579303979874
wmTrG799MAo--12,zero,17,-77.11668255925179,6,-37.432876229286194
i4j5Bj2NL1c--13,zero,14,-98.02486969530582,5,-80.6840417534113
nvfK4jQ7MH0--3,zero,22,-120.63309773802757,7,-105.39861035346985
ojYFIliNLGI--0,zero,23,-101.53782112896442,8,-79.4879821240902
HBQwzyxvkZA--203,zero,12,-69.75595680624247,6,-56.17025709152222
vZt56rnH8QQ--1,zero,11,-52.87080207467079,5,-46.08537268638611
NaXDBBT5pkw--17,zero,16,-72.22126041352749,5,-51.60437375307083
9bqfEh7BD3c--23,zero,20,-107.2480498701334,9,-71.34914065897465
eyqLkKS5Qkw--20,zero,12,-62.01275122910738,5,-47.99495840072632
vbq8QbOwOt4--14,zero,26,-142.6144085302949,13,-100.0057635307312
faZQNy4aErk--25,zero,13,-74.37271810695529,2,-55.429681837558746
s_8IbRRsr0Q--13,zero,12,-61.17640998959541,6,-45.2883634865284
lcBujGRLwE0--7,zero,25,-147.47306952811778,7,-97.41917453147471
CAzt5cxtSjQ--17,zero,15,-69.84307247400284,4,-38.7549923658371
m3Mmtpr-jjA--22,zero,9,-48.786640636622906,4,-36.81893730163574
9b0136913690-67,zero,8,-46.472068786621094,1,-9.700130462646484
HBQwzyxvkZA--34,zero,14,-78.173479616642,5,-58.88198781013489
HBQwzyxvkZA--151,zero,15,-72.35742011666298,6,-59.15498257428408
ozS8Mx8AdH8--14,zero,25,-149.29100388288498,9,-122.70259857177734
AZ2s4Adm9RU--14,zero,14,-92.66948652267456,3,-57.790138483047485
KmW8f1GVTYY--48,zero,12,-66.75801931321621,6,-49.17175257205963
dPuKX_lM4Zc--103,zero,10,-48.14379666745663,3,-28.373799324035645
OEM3CR-HYmk--22,zero,16,-60.798987187445164,3,-46.34382874518633
lcBujGRLwE0--11,zero,28,-151.42615570500493,9,-141.41373386606574
d5Lx_5-UiHY--101,zero,8,-37.58819714188576,1,-10.434212744235992
vZt56rnH8QQ--8,zero,27,-180.70396644622087,12,-106.32133054733276
BO1ehFUMWEs--7,zero,18,-96.76755541563034,6,-79.89095914363861
HBQwzyxvkZA--99,zero,11,-38.20863810926676,5,-32.72789245843887
s_8IbRRsr0Q--22,zero,13,-64.25760997086763,5,-42.66745471954346
fvHtYcL913U--15,zero,13,-53.897319570183754,5,-31.041749358177185
sktRu3sp97g--2,zero,11,-67.29762134701014,6,-53.24158000946045
BO1ehFUMWEs--10,zero,27,-146.21201343089342,6,-116.86862219125032
lSLqIyupXrk--18,zero,23,-137.0358241200447,8,-103.37082898616791
xFEQrtosric--9,zero,9,-43.16882267780602,4,-35.31331527233124
ef52bca1a454-29,zero,10,-38.855366215109825,3,-22.54496169090271
q4RnudGCU18--28,zero,30,-186.06807589530945,14,-130.92283713817596
HBQwzyxvkZA--93,zero,15,-84.05115004256368,6,-53.58427381515503
ijrjSBx7WTc--51,zero,20,-98.14587558805943,7,-81.74041759222746
U5Tq9r7saZU--13,zero,33,-230.60711628198624,11,-202.08880692720413
d5Lx_5-UiHY--73,zero,11,-54.03981988132,3,-24.868861198425293
s_8IbRRsr0Q--25,zero,19,-77.86465042829514,7,-34.312214970588684
LvN9Dxq2iLY--17,zero,13,-49.64023061841726,3,-32.33571398258209
lcBujGRLwE0--19,zero,31,-183.0061355382204,12,-156.08155250549316
9bqfEh7BD3c--18,zero,12,-60.68355631828308,4,-42.384042263031006
iwYL-ivQm6o--16,zero,20,-102.39513005316257,5,-54.761088132858276
myIXH3PjvoI--115,zero,16,-84.25011712312698,7,-67.22275495529175
gXa0qcoWrsQ--23,zero,23,-105.7168298587203,6,-76.11068018525839
hYNyIXYmoYs--0,zero,14,-72.7044227719307,5,-62.438527941703796
40BjLI5XtJE--1,zero,12,-71.21560803055763,5,-44.87113502621651
Zc2bgIDZ-Ks--28,zero,16,-73.88872238993645,6,-65.64461502432823
vbq8QbOwOt4--18,zero,21,-100.35620112530887,8,-47.28904483281076
fulQKWknVhw--25,zero,23,-119.3155857771635,7,-65.35739190876484
n12WICGyBJ4--17,zero,11,-72.30066639184952,5,-67.43050104379654
OEM3CR-HYmk--8,zero,9,-49.941370129585266,3,-21.51660966873169
6OlSDCcwM10--0,zero,14,-63.36281641572714,4,-33.067975461483
K4eNr2k2Lls--31,zero,18,-105.73175764083862,7,-76.74490642547607
8DmlFztO2XM--4,zero,22,-122.84911745786667,7,-99.41360175609589
gXa0qcoWrsQ--1,zero,29,-169.991504073143,8,-143.70013962686062
6_yO8Lc8Hd4--18,zero,33,-153.93752546608448,7,-94.60764409601688
dPuKX_lM4Zc--81,zero,19,-96.82217448204756,6,-53.92556595802307
egjhIFJbR2I--1,zero,17,-91.93773111701012,5,-87.26300811767578
3vCea9zWFek--8,zero,15,-62.182429164648056,4,-42.69636031985283
2B2z46vgaAA--25,zero,9,-39.573448449373245,4,-32.90430128574371
QiGhWfjM2FI--29,zero,13,-81.64132565259933,6,-58.5984673500061
wefigjf46u4--7,zero,22,-134.36391486227512,9,-85.29627752304077
MYGqMojGwBE--188,zero,10,-52.326314091682434,4,-36.00941717624664
Kq5HfchSWv8--3,zero,10,-50.37033707275987,3,-28.636588100343943
5n_IGU5rYYk--31,zero,24,-129.2611681651324,11,-94.82016722671688
HBQwzyxvkZA--43,zero,13,-62.10213404893875,4,-29.202109530568123
7byz3fdI-Ss--10,zero,16,-81.60887214541435,5,-49.50127495825291
mjvqIq_fvRY--2,zero,20,-89.53925459086895,8,-53.753073155879974
Lt5GAA6MIuM--8,zero,19,-127.97958853840828,5,-68.62382698059082
uR-nzhB6D8g--11,zero,13,-64.73204346001148,5,-57.488335609436035
vyBaeFU8J_k--16,zero,25,-108.702820061706,6,-43.557245715521276
myIXH3PjvoI--85,zero,21,-102.44954377226532,7,-85.45031249336898
gW1N-ttBBTo--2,zero,9,-33.8727186024189,2,-12.395047187805176
K4eNr2k2Lls--30,zero,29,-155.07320952415466,9,-123.01665449142456
s_8IbRRsr0Q--20,zero,21,-104.6604430899024,10,-85.05589740723372
rZG7T9ujMEo--13,zero,12,-73.51137556135654,4,-62.84744440019131
_IyhoG9jXuM--1,zero,17,-74.82910164445639,8,-60.387303590774536
6OlSDCcwM10--15,zero,18,-119.30915188789368,7,-105.69129014015198
OtlvzXZG_Uk_e1,zero,15,-96.73310869932175,4,-71.51989069581032
iwYL-ivQm6o--8,zero,9,-38.06160030514002,4,-24.141871452331543
Lt5GAA6MIuM--4,zero,25,-167.47964714467525,8,-120.0527874827385
mDUCHJerTtE--6,zero,23,-119.00566984713078,8,-91.75040501356125
BTqVQCBPUzg--107,zero,21,-110.65518057346344,8,-73.74170255661011
80Cx4CH-AVI--17,zero,8,-54.09890627861023,6,-41.44764971733093
0Z5d6D2vBbc--11,zero,35,-242.37974594533443,13,-190.98331207036972
BTqVQCBPUzg--110,zero,8,-51.29620051383972,3,-34.326613426208496
lZarpnV0alw--14,zero,11,-64.58592176437378,4,-36.45254611968994
mjvqIq_fvRY--22,zero,20,-114.70189388096333,9,-87.54200756549835
g4GfKC7z-2M--7,zero,20,-129.85784488916397,7,-105.53624731302261
gp0w_zrLgfw--17,zero,29,-159.78319048136473,10,-101.31501320004463
UBnqDwRds3A--8,zero,25,-121.72639323771,7,-65.74717012047768
MYGqMojGwBE--219,zero,10,-65.7696945220232,4,-31.701282501220703
809a3a5e02d1-116,zero,9,-40.30514322221279,3,-24.6822367310524
ckGC5hUffDU--5,zero,15,-69.56746885180473,5,-41.16514354944229
faZQNy4aErk--18,zero,23,-144.1176314353943,7,-137.8398995399475
uYaUCNl1j10--8,zero,25,-134.60137362778187,10,-102.07959342002869
jN2lbHzIneI--4,zero,31,-182.3643263876438,10,-163.75411748886108
LvN9Dxq2iLY--86,zero,12,-87.53222680091858,2,-60.71889877319336
Zc2bgIDZ-Ks--85,zero,25,-154.13217237591743,6,-103.19664281606674
m3Mmtpr-jjA--38,zero,26,-167.8589471578598,11,-146.0243411064148
q4RnudGCU18--13,zero,26,-140.25569097697735,9,-102.56047356128693
aDwdB7xHAOE--5,zero,15,-80.63916742801666,4,-66.01077142357826
s_8IbRRsr0Q--8,zero,8,-43.228565499186516,2,-16.48572587966919
C-cgPb_N2dY--3,zero,12,-48.944046661257744,6,-35.96436274051666
sktRu3sp97g--11,zero,19,-96.27541691064835,7,-72.42016935348511
4DhGy83DK_s--13,zero,17,-78.94722612947226,5,-56.93755519390106
MYGqMojGwBE--182,zero,18,-91.36389675736427,7,-57.166081219911575
l9bZYazJQ1w--16,zero,12,-75.83635899424553,5,-43.94313859939575
Xmm9ZyMy12g--8,zero,16,-86.30317977070808,4,-72.07272773981094
C6CIPVno_yQ--20,zero,22,-123.59934603795409,9,-109.26783722639084
DF4fto_X1Y4--2,zero,14,-72.02336500585079,5,-56.52451133728027
HBQwzyxvkZA--100,zero,12,-44.94483979046345,2,-12.260481834411621
dkavvNigK7s--30,zero,14,-67.78632533550262,6,-53.810354828834534
4DhGy83DK_s--35,zero,28,-125.39991986379027,6,-56.82894716784358
ZVE_KjrY_po--8,zero,23,-122.64665395021439,9,-85.69054535031319
lPzmjeJmsXo--14,zero,27,-160.18639805912971,10,-123.25228774547577
d5Lx_5-UiHY--36,zero,12,-71.31605160236359,4,-29.049020767211914
xFEQrtosric--2,zero,26,-144.22911870479584,9,-129.60228022933006
MYGqMojGwBE--215,zero,15,-67.81559656560421,6,-28.1949462890625
6_yO8Lc8Hd4--6,zero,29,-176.60989679209888,10,-135.40164136886597
vbq8QbOwOt4--1,zero,16,-79.07228404283524,6,-40.789215326309204
5n_IGU5rYYk--2,zero,20,-113.98146697878838,8,-94.28994680196047
ZMsnY_khlNQ--15,zero,9,-63.876358442008495,2,-19.05783748626709
myIXH3PjvoI--4,zero,14,-46.69787014275789,6,-30.61191362142563
q4RnudGCU18--26,zero,28,-148.73166058957577,10,-114.19562363624573
HBQwzyxvkZA--165,zero,12,-59.429935067892075,4,-52.99128048121929
o9DARfrZg2o--1,zero,21,-122.72096570581198,8,-91.78070747852325
uR-nzhB6D8g--1,zero,16,-76.56568269431591,6,-58.91461181640625
RIwfym39VVM_e3,zero,21,-94.15919694304466,6,-59.3693151473999
wwpptVjgAws--0,zero,29,-136.2590843141079,13,-116.12899360060692
9b0136913690-52,zero,14,-79.1277254074812,3,-41.137833178043365
Lt5GAA6MIuM--17,zero,22,-150.27709656953812,10,-113.85615229606628
klepEQSaeIk--1,zero,36,-193.90906877070665,11,-130.1962218284607
Lt5GAA6MIuM--28,zero,13,-67.0486962646246,4,-42.19881473481655
ef52bca1a454-8,zero,13,-77.1979938596487,6,-54.97512626647949
jLwvQ4URDFY--14,zero,34,-233.1031695008278,10,-163.19142505526543
LvN9Dxq2iLY--82,zero,14,-63.30240970104933,4,-37.79999804496765
iwYL-ivQm6o--11,zero,14,-70.80045740678906,4,-31.94136619567871
9b0136913690-59,zero,16,-93.749113291502,4,-83.59075221419334
KmW8f1GVTYY--33,zero,13,-74.98075354099274,5,-67.92303717136383
NDYHcIF50eE--11,zero,20,-94.80288295447826,3,-50.96830189228058
MYGqMojGwBE--279,zero,9,-39.01196810230613,5,-34.90296861156821
tDrI-9pSul0--10,zero,29,-220.78713357448578,10,-196.20258903503418
5n_IGU5rYYk--32,zero,31,-146.98689211532474,7,-52.31766313314438
ijrjSBx7WTc--23,zero,26,-159.54567521065474,9,-120.83506511896849
a8zp7ivHwBU--4,zero,18,-108.49142879247665,6,-89.9461350440979
9bqfEh7BD3c--24,zero,18,-107.65967853739858,5,-76.79004614427686
U5Tq9r7saZU--29,zero,21,-108.79460154473782,11,-90.68646728992462
wSEeoT9BqE0--14,zero,27,-146.12773470580578,8,-122.15330421924591
QiGhWfjM2FI--9,zero,24,-119.65227848291397,11,-106.36981326341629
809a3a5e02d1-64,zero,14,-83.99780893325806,4,-66.20081767439842
ckGC5hUffDU--6,zero,26,-127.44813442789018,6,-92.90548181533813
o44YnPMhwPU--36,zero,22,-126.09668454527855,11,-94.57797133922577
HBQwzyxvkZA--193,zero,9,-34.540210232138634,4,-30.58854764699936
Kq5HfchSWv8--36,zero,16,-75.63116566836834,4,-43.63705503940582
ZCBew8Fv0qA--3,zero,13,-59.2040204256773,3,-37.415101394057274
91GVHgxW8RA--33,zero,22,-94.61821875721216,6,-42.16589021682739
MYGqMojGwBE--211,zero,13,-95.36523962020874,7,-59.781325340270996
hgaKby5Mha4--28,zero,25,-116.37288280576468,8,-74.23703110963106
-X_zmve1y00--1,zero,12,-45.28710633888841,3,-29.730899054557085
hgaKby5Mha4--1,zero,23,-113.61094689369202,8,-86.89772140979767
BO1ehFUMWEs--1,zero,21,-113.02783063054085,6,-100.97816586494446
OEM3CR-HYmk--3,zero,12,-61.9842746257782,3,-40.0328631401062
R6_v5nqXuGg--5,zero,18,-91.13328850269318,6,-69.37953758239746
rZG7T9ujMEo--2,zero,14,-93.31678414344788,6,-69.46625876426697
HBQwzyxvkZA--143,zero,9,-29.58829890936613,4,-23.338667631149292
HBQwzyxvkZA--319,zero,22,-113.91351747512817,7,-87.3311682343483
3vCea9zWFek--39,zero,23,-128.16283026337624,9,-81.71397256851196
tDrI-9pSul0--11,zero,12,-69.87833601981401,6,-57.86799335479736
kxz4AA9lNmY_e4,zero,17,-88.17797183990479,4,-73.74937343597412
zu_bd3r2GIA--28,zero,14,-84.47617693245411,5,-78.41579820215702
Xmm9ZyMy12g--13,zero,22,-118.705665320158,6,-92.12266278266907
NTc0m4Q1-xU--0,zero,17,-104.82832872867584,7,-76.77154770493507
9xc24mAlprE--14,zero,23,-133.75500118732452,9,-98.75203883647919
Rc99bcSdhak--5,zero,37,-197.89685720950365,11,-148.09618255496025
HBQwzyxvkZA--286,zero,24,-138.01484522223473,10,-96.01808333396912
Zc2bgIDZ-Ks--79,zero,15,-73.22534447908401,4,-52.199160158634186
wefigjf46u4--10,zero,8,-41.99955469369888,2,-21.575918912887573
wSEeoT9BqE0--2,zero,20,-79.88239461928606,7,-70.04296205192804
o9DARfrZg2o--0,zero,21,-134.30615854263306,7,-109.74873900413513
DP1ly_MsHHQ--15,zero,30,-157.7900560721755,7,-111.72870383411646
C-cgPb_N2dY--16,zero,21,-109.07317557744682,7,-65.91560798697174
6U9AFGakrn0--5,zero,14,-61.322806403040886,4,-26.491316199302673
0kldzhToGLc--15,zero,10,-43.30884051322937,3,-18.70721459388733
oyWhLo5brto--1,zero,21,-109.38148534297943,9,-61.628710865974426
bqE5C2tmc9c--13,zero,14,-87.3367350101471,6,-66.14615297317505
ijrjSBx7WTc--32,zero,21,-111.47551035135984,7,-85.57778059691191
MYGqMojGwBE--149,zero,17,-80.49003659933805,3,-43.884594433009624
n12WICGyBJ4--43,zero,17,-79.99303416162729,6,-71.4717986881733
Zc2bgIDZ-Ks--43,zero,19,-113.62920796871185,4,-42.64311158657074
IjeHLt1vNoM--9,zero,20,-124.1085296869278,6,-72.08742237091064
rYcw__0tDhw--1,zero,33,-157.03805367648602,8,-122.3675215691328
Sqa3ig2NN9Q--4,zero,14,-93.74454855918884,5,-67.85812020301819
IjeHLt1vNoM--17,zero,15,-74.16185942292213,5,-49.55082821846008
9b0136913690-70,zero,12,-60.92672750353813,3,-37.163612365722656
Kq5HfchSWv8--28,zero,15,-66.42675580829382,4,-40.78034859895706
ojYFIliNLGI--9,zero,16,-71.84413760900497,6,-44.983292907476425
m3Mmtpr-jjA--30,zero,23,-114.80195777118206,9,-82.00908958911896
6u-ZspWSpwE--14,zero,17,-87.70888748764992,6,-63.40558648109436
HBQwzyxvkZA--111,zero,13,-72.75764417648315,5,-50.93617081642151
xFJw5GMtlCk--4,zero,8,-36.197391748428345,1,-12.82603931427002
U5Tq9r7saZU--18,zero,18,-100.51555797457695,5,-71.33672499656677
QiJgNpX3zN0--17,zero,11,-51.53808958828449,4,-36.84851290285587
9bqfEh7BD3c--9,zero,19,-85.40096236765385,7,-60.822601318359375
5n_IGU5rYYk--17,zero,31,-133.31979615986347,11,-89.29080069065094
kES_ZNjFKz8--18,zero,12,-57.53230553120375,4,-31.56282877922058
nvfK4jQ7MH0--19,zero,12,-66.2455689907074,3,-41.152782678604126
LvN9Dxq2iLY--71,zero,26,-103.94041852653027,6,-53.16016551852226
aDwdB7xHAOE--8,zero,19,-124.33798685669899,9,-93.05873560905457
HBQwzyxvkZA--1,zero,10,-49.06512877345085,2,-24.59195739030838
gW1N-ttBBTo--6,zero,30,-179.29054905474186,9,-145.20742659270763
ef52bca1a454-57,zero,17,-68.23052365705371,5,-25.41017723083496
_r1S90f_nsM--13,zero,13,-51.57168699800968,4,-18.302231550216675
Xmm9ZyMy12g--12,zero,16,-62.311771005392075,3,-27.93744707107544
fulQKWknVhw--29,zero,34,-187.8837288171053,12,-156.8628306388855
BTqVQCBPUzg--116,zero,10,-54.75597123801708,2,-27.9692951887846
Zc2bgIDZ-Ks--9,zero,16,-56.23216314613819,4,-40.94178447127342
eBj_HUu0CNw--22,zero,13,-69.06813260912895,5,-50.492831110954285
K4eNr2k2Lls--33,zero,29,-177.70825593173504,10,-147.47329914569855
jMdxYlvrkbk--10,zero,24,-142.54868215322495,9,-110.22874085605145
jLwvQ4URDFY--3,zero,28,-182.2698918506503,14,-143.5056200325489
R6_v5nqXuGg--14,zero,18,-117.14732122421265,7,-95.57415974140167
Sqa3ig2NN9Q--25,zero,20,-125.54199828207493,3,-86.16577482223511
gW1N-ttBBTo--10,zero,37,-195.21924394369125,12,-156.97336082160473
cw1YIV30nQM--20,zero,21,-123.72558777034283,7,-80.88828659057617
BESRE5mtipE--1,zero,20,-97.47500669956207,5,-67.56838804483414
KHL0wkbu0-s--8,zero,24,-134.1542939990759,9,-91.31882572174072
eGkBCS1t9-E--20,zero,22,-111.92397504299879,5,-82.68095110356808
EIwWHTO5rZw--14,zero,13,-61.089067593216896,4,-27.914162397384644
eBj_HUu0CNw--24,zero,17,-98.4811183065176,6,-58.57223030924797
gXa0qcoWrsQ--12,zero,21,-115.94184923171997,6,-79.97822433710098
80Cx4CH-AVI--8,zero,21,-141.13350534439087,6,-113.63439464569092
ckGC5hUffDU--2,zero,19,-96.63205823302269,5,-93.87657079100609
K5lgB4YzOO0--6,zero,19,-96.49630577862263,5,-60.145827412605286
-X_zmve1y00--12,zero,18,-96.97014555335045,8,-71.61350359022617
xFEQrtosric--7,zero,25,-130.05269785784185,10,-115.79079621098936
HBQwzyxvkZA--121,zero,22,-102.46560893952847,7,-75.60898327827454
bOZ_Lap5FNA--11,zero,19,-105.2720003426075,9,-73.16610784828663
rYcw__0tDhw--2,zero,21,-109.82800871133804,8,-88.81403231620789
xFJw5GMtlCk--10,zero,24,-109.37548622861505,7,-75.11232614517212
9b0136913690-106,zero,8,-32.94574838876724,3,-22.309096813201904
rZG7T9ujMEo--21,zero,9,-51.855052039027214,2,-21.98523998260498
mXq8axygjdE--51,zero,36,-181.36749217659235,15,-135.24832370877266
m-w_78fDg9M--18,zero,17,-97.22345551848412,4,-52.68708944320679
XcXCB---N9M--3,zero,20,-110.68878856301308,6,-66.92185145616531
K4eNr2k2Lls--2,zero,16,-77.42641187086701,6,-64.4025736041367
BTqVQCBPUzg--154,zero,8,-34.2325429096818,3,-21.840239740908146
Zc2bgIDZ-Ks--60,zero,17,-78.94315036386251,6,-53.03256829828024
gW1N-ttBBTo--7,zero,28,-186.75216138362885,10,-157.08265495300293
0bk98uIiTS8--32,zero,30,-177.98239811509848,12,-160.29682561010122
BTqVQCBPUzg--148,zero,12,-80.75498926639557,6,-60.517967224121094
lAFiWmUUHOg--25,zero,27,-126.26460273563862,6,-104.8295074403286
bGqx2eKgdB0_e4,zero,10,-61.76213049888611,3,-42.56013059616089
ZVE_KjrY_po--21,zero,8,-47.381452322006226,2,-25.004875659942627
BTqVQCBPUzg--34,zero,13,-63.88284510374069,4,-47.574692726135254
XcXCB---N9M--20,zero,30,-150.8818484991789,8,-113.6634831726551
o9DARfrZg2o--9,zero,13,-61.717102490365505,3,-19.121403217315674
HBQwzyxvkZA--228,zero,13,-76.47476154565811,4,-65.8242449760437
80Cx4CH-AVI--2,zero,29,-176.90074637532234,11,-133.8953354358673
Zc2bgIDZ-Ks--12,zero,11,-51.680313020944595,3,-17.239331245422363
vbq8QbOwOt4--7,zero,17,-77.32183900475502,6,-42.044052481651306
HBQwzyxvkZA--291,zero,31,-151.35256931185722,9,-112.48065733909607
i4j5Bj2NL1c--9,zero,19,-107.07647740840912,6,-75.7831839621067
5QMD024bDYs--8,zero,21,-103.78848367929459,6,-85.10899323225021
faZQNy4aErk--44,zero,24,-151.85843017697334,9,-129.14993727207184
oPITLi0VKh8--18,zero,13,-66.2264655828476,5,-49.007960706949234
Xmm9ZyMy12g--14,zero,16,-73.93128442764282,5,-40.18836736679077
-X_zmve1y00--29,zero,11,-50.296787559986115,4,-46.513288736343384
HBQwzyxvkZA--278,zero,12,-71.20034117996693,5,-45.46790409088135
OEM3CR-HYmk--2,zero,13,-74.05221980810165,4,-59.5711345076561
1xJ_dkBcAIU--20,zero,20,-117.36198000609875,6,-91.32968682050705
IoifXQnhN4E--5,zero,9,-50.6370547413826,5,-39.79152172803879
jMdxYlvrkbk--6,zero,15,-101.34611204639077,5,-53.42871928215027
q4RnudGCU18--5,zero,22,-99.21924202144146,6,-75.0134389102459
lcBujGRLwE0--30,zero,25,-144.63305087387562,9,-100.28069096803665
egjhIFJbR2I--8,zero,16,-79.90128339082003,5,-49.8113217651844
oAhfJ8yB1j0--5,zero,27,-148.11943285167217,10,-138.37681257724762
klepEQSaeIk--15,zero,11,-59.51336517184973,6,-56.98379921913147
Rc99bcSdhak--27,zero,30,-170.3391512259841,10,-117.89063055068254
iwYL-ivQm6o--3,zero,29,-161.78288719058037,9,-107.71862757205963
MYGqMojGwBE--248,zero,24,-144.06020268797874,8,-95.5138069987297
mjvqIq_fvRY--12,zero,23,-118.32088509202003,6,-83.54205232858658
s_8IbRRsr0Q--1,zero,28,-153.88162322342396,8,-93.98673713207245
6OlSDCcwM10--2,zero,7,-28.550804764032364,2,-16.916192054748535
m3Mmtpr-jjA--44,zero,24,-124.77088477835059,6,-75.88925847038627
9b0136913690-31,zero,17,-70.82640278339386,5,-43.80589109659195
HBQwzyxvkZA--207,zero,13,-66.60904697328806,4,-45.45982187986374
Nv3WLYio7Lc--9,zero,17,-90.00361108779907,5,-54.344884395599365
Nv3WLYio7Lc--14,zero,11,-65.38314273953438,5,-56.50940266251564
hYNyIXYmoYs--2,zero,19,-111.92407059669495,8,-87.63313400745392
ef52bca1a454-69,zero,9,-48.456475615501404,3,-24.701416492462158
HBQwzyxvkZA--90,zero,11,-60.41412103176117,4,-36.69581663608551
C6CIPVno_yQ--21,zero,22,-130.05818060040474,8,-102.25810825824738
LvN9Dxq2iLY--26,zero,22,-179.01628136634827,7,-169.46269345283508
HBQwzyxvkZA--318,zero,18,-118.06350906193256,8,-93.40967363119125
zu_bd3r2GIA--30,zero,18,-93.34606970846653,7,-69.41012156009674
oAhfJ8yB1j0--3,zero,23,-137.52595636248589,6,-120.32622694969177
5n_IGU5rYYk--6,zero,17,-81.60058723390102,6,-48.47621536254883
nvfK4jQ7MH0--27,zero,17,-92.01592400670052,7,-67.15522435307503
kytITkHoyls--15,zero,21,-88.08775010704994,5,-49.08621725440025
dPuKX_lM4Zc--120,zero,31,-179.16357578337193,13,-108.49353575706482
5n_IGU5rYYk--3,zero,21,-108.363890087232,7,-90.21866578422487
dPuKX_lM4Zc--129,zero,23,-142.41759783029556,9,-81.94213652610779
9xc24mAlprE--26,zero,18,-102.94932609982789,5,-89.68693047948182
oyWhLo5brto--5,zero,21,-93.78447487950325,5,-52.507658660411835
ojYFIliNLGI--16,zero,37,-207.61602575331926,13,-165.9387800693512
LvN9Dxq2iLY--124,zero,18,-109.41902115382254,4,-54.77478965558112
lcBujGRLwE0--4,zero,34,-168.31795312464237,12,-132.83064037561417
wwpptVjgAws--7,zero,39,-257.75814950466156,10,-208.03485190868378
Kq5HfchSWv8--18,zero,16,-80.86372014135122,4,-32.061289742589
mjvqIq_fvRY--6,zero,27,-171.2710858732462,10,-135.13738369941711
Nv3WLYio7Lc--13,zero,30,-142.87900045514107,7,-79.20912876725197
6_yO8Lc8Hd4--7,zero,14,-75.03381311893463,6,-60.084068775177
0Z5d6D2vBbc--6,zero,17,-108.96668526902795,8,-79.12813138961792
80Cx4CH-AVI--11,zero,28,-161.6160639077425,9,-96.84929040074348
xFJw5GMtlCk--5,zero,24,-111.77794581651688,10,-57.563674330711365
9b0136913690-80,zero,17,-118.1459931731224,4,-43.57368278503418
AVb1VABiJJ8--9,zero,19,-122.31189772486687,7,-69.87713956832886
xFEQrtosric--4,zero,14,-56.812227971851826,4,-24.14668048173189
iGdg-iGlUFg--2,zero,42,-270.44999995827675,12,-196.00999212265015
wUH1dDbu9B4--26,zero,23,-153.37625790387392,6,-147.04809296876192
LvN9Dxq2iLY--101,zero,14,-76.58874978125095,4,-51.60535790026188
HBQwzyxvkZA--67,zero,9,-40.71916049718857,2,-23.037475109100342
QiGhWfjM2FI--1,zero,19,-121.47305446863174,9,-93.74350905418396
LvN9Dxq2iLY--168,zero,9,-40.096901297569275,4,-31.128350973129272
MYGqMojGwBE--2,zero,18,-104.18020600825548,8,-64.15691334754229
mjvqIq_fvRY--18,zero,14,-93.53038650751114,7,-76.67215132713318
m-w_78fDg9M--3,zero,17,-85.33440787345171,7,-69.82627830654383
8E-llRXuhl0--22,zero,20,-103.81612366437912,7,-88.70059165358543
lPzmjeJmsXo--2,zero,32,-177.12219325453043,13,-144.08601188659668
rYcw__0tDhw--10,zero,22,-131.50078120827675,6,-91.99473083019257
mXq8axygjdE--62,zero,9,-39.57904475927353,3,-29.360828518867493
AZ2s4Adm9RU--1,zero,28,-135.99759738892317,7,-49.02425742149353
CRJSZ2e7BU0--4,zero,25,-162.23475056886673,10,-120.70959216356277
HBQwzyxvkZA--272,zero,14,-84.2526727616787,5,-56.803804874420166
kES_ZNjFKz8--16,zero,21,-120.33081793785095,8,-105.70445054769516
MYGqMojGwBE--206,zero,13,-70.84559448063374,6,-59.29049062728882
glNqZ8w4iy8--5,zero,11,-52.687283635139465,3,-29.206909656524658
Rblg5TE6TI0--30,zero,34,-168.27542823553085,12,-118.49985376000404
809a3a5e02d1-77,zero,11,-68.01546742022038,4,-52.23041534423828
lSLqIyupXrk--5,zero,17,-115.64838054776192,7,-100.64419782161713
eabe1f38221a-48,zero,10,-37.50026389956474,3,-25.4697804749012
jLwvQ4URDFY--5,zero,11,-44.7551214993,4,-35.246013164520264
m3Mmtpr-jjA--2,zero,11,-66.07814773917198,4,-60.91392660140991
HBQwzyxvkZA--155,zero,22,-130.96597202122211,7,-109.60691785812378
K5lgB4YzOO0--12,zero,15,-77.5678930580616,6,-61.01595997810364
Rblg5TE6TI0--1,zero,23,-112.14581400156021,7,-49.030167266726494
dkavvNigK7s--27,zero,27,-156.26787477731705,12,-138.06278690695763
NaXDBBT5pkw--3,zero,11,-53.62611822038889,4,-35.93712967634201
LvN9Dxq2iLY--164,zero,20,-95.90835165977478,8,-71.06778120994568
vZt56rnH8QQ--3,zero,11,-70.25531351566315,5,-66.31064093112946
mXq8axygjdE--67,zero,12,-57.36341372132301,4,-38.37579706311226
7byz3fdI-Ss--7,zero,18,-91.1199127137661,7,-73.12021291255951
dkavvNigK7s--9,zero,17,-92.1072021573782,6,-74.6747173666954
g4GfKC7z-2M--9,zero,19,-119.96279683709145,5,-107.16625800728798
6OlSDCcwM10--20,zero,16,-77.05731947720051,8,-58.18939836323261
KI0avgGkWiU--1,zero,23,-134.38382852077484,7,-92.41846711933613
iwYL-ivQm6o--0,zero,7,-42.381224155426025,3,-25.55665349960327
OEM3CR-HYmk--19,zero,18,-80.16299726068974,4,-61.00034262239933
6OlSDCcwM10--11,zero,17,-91.52586295455694,11,-76.76150109618902
e4rWudmfrfY--0,zero,9,-44.08749294281006,1,-11.172042846679688
o44YnPMhwPU--1,zero,11,-38.9601236730814,3,-33.713062196969986
l9bZYazJQ1w--7,static,20,-90.82073422521353,7,-51.3682811409235
9b0136913690-114,static,19,-102.63468277454376,5,-62.24385678768158
ZMsnY_khlNQ--12,static,21,-117.42357222735882,7,-75.78591267764568
809a3a5e02d1-67,static,12,-68.59461957216263,4,-64.54862451553345
DP1ly_MsHHQ--36,static,18,-111.66826036572456,7,-71.901780128479
dPuKX_lM4Zc--118,static,31,-194.6920394897461,13,-101.38355565071106
wwpptVjgAws--20,static,40,-272.782727830112,13,-192.66400122642517
48couwymlMM--18,static,19,-88.07093814015388,8,-63.07710757851601
809a3a5e02d1-108,static,11,-41.31573245674372,4,-28.42860759794712
4DhGy83DK_s--30,static,13,-89.40956611186266,5,-72.60720610618591
rZG7T9ujMEo--0,static,28,-198.14458724856377,13,-146.206302434206
7byz3fdI-Ss--0,static,15,-92.2921744287014,6,-59.12235513329506
eabe1f38221a-18,static,31,-204.73819038271904,9,-99.52552568912506
0kldzhToGLc--6,static,22,-136.5003887861967,8,-94.49269844591618
pMbMjjSj1fM--17,static,18,-123.60754918307066,10,-100.44109356403351
MYGqMojGwBE--267,static,17,-78.47376319393516,3,-23.83317455276847
C-cgPb_N2dY--9,static,12,-54.41890501976013,3,-45.08948469161987
ef52bca1a454-22,static,12,-67.14967173337936,4,-48.05851726233959
fulQKWknVhw--7,static,19,-63.068009573966265,7,-56.54921606183052
ijrjSBx7WTc--84,static,8,-22.217538364231586,1,-7.0841217041015625
oAhfJ8yB1j0--10,static,10,-47.154673494398594,2,-30.24956950545311
Zc2bgIDZ-Ks--72,static,12,-57.48404958844185,3,-25.95944905281067
mjvqIq_fvRY--11,static,19,-109.15291500464082,7,-83.40474680438638
IoifXQnhN4E--4,static,24,-146.65425203740597,8,-95.25191421806812
HBQwzyxvkZA--276,static,20,-96.32066757231951,6,-76.11969503760338
o44YnPMhwPU--12,static,15,-83.74277426302433,5,-61.39569737017155
myIXH3PjvoI--76,static,13,-57.990583926439285,4,-24.510998785495758
faZQNy4aErk--15,static,23,-117.72773471474648,7,-60.06586089730263
Rc99bcSdhak--0,static,21,-113.7428961917758,7,-70.68546549975872
0kldzhToGLc--2,static,14,-96.06716125458479,6,-73.65403507649899
5n_IGU5rYYk--30,static,22,-116.46506825461984,7,-72.67528976872563
myIXH3PjvoI--89,static,19,-77.528106585145,7,-52.2848297059536
S9ymb66ZqqY--9,static,25,-167.64963966608047,12,-121.13256508111954
dPuKX_lM4Zc--54,static,19,-92.94581557810307,6,-66.19569554179907
oPITLi0VKh8--10,static,16,-94.59812426567078,6,-89.2158751487732
17OIKvJmrK8--4,static,13,-88.2317008972168,6,-67.74904775619507
yb7efY9x78U--12,static,23,-156.09553388506174,5,-57.264285661280155
zu_bd3r2GIA--9,static,12,-71.12346067279577,6,-61.73006937652826
eabe1f38221a-5,static,29,-143.62979964911938,8,-72.03051871061325
QiGhWfjM2FI--31,static,24,-102.06012003682554,10,-80.15940437279642
fvHtYcL913U--3,static,11,-53.43016916513443,3,-26.912749230861664
sktRu3sp97g--4,static,20,-123.94669991731644,5,-75.10366010665894
BTqVQCBPUzg--97,static,10,-44.611596554517746,4,-39.83532905578613
hYNyIXYmoYs--17,static,24,-160.17603264003992,12,-123.83930800110102
3Pk2c_Z4ahk--1,static,9,-47.782350070774555,3,-32.78866419196129
9xc24mAlprE--1,static,16,-84.44497030973434,4,-68.00447994470596
ZMsnY_khlNQ--7,static,21,-117.16616255044937,8,-70.52583533525467
fulQKWknVhw--42,static,22,-103.42235235869884,7,-58.886451587080956
W4YzurwHpfw--6,static,14,-82.14967555552721,6,-77.18887639790773
glNqZ8w4iy8--9,static,25,-132.09959172457457,10,-79.46797759830952
o44YnPMhwPU--25,static,18,-101.69172050058842,5,-53.74377775192261
UBnqDwRds3A--2,static,13,-65.76107064634562,6,-54.65715181827545
wmTrG799MAo--19,static,13,-94.09688491374254,6,-66.35769701004028
lPzmjeJmsXo--13,static,20,-136.6247936487198,9,-135.00732770562172
ZCBew8Fv0qA--12,static,12,-75.08783268928528,5,-51.958499908447266
39at7Lxu6Yo--19,static,34,-225.09085504338145,13,-177.8918228149414
EIwWHTO5rZw--8,static,26,-177.88161282986403,9,-145.84636119753122
MYGqMojGwBE--116,static,20,-106.28706184029579,7,-69.9561108648777
BTqVQCBPUzg--47,static,10,-41.924308590590954,4,-24.955100923776627
myIXH3PjvoI--93,static,8,-44.24639356136322,4,-36.5979870557785
bU_v22EtHIU--1,static,23,-136.0086820423603,6,-98.37237685918808
uR-nzhB6D8g--2,static,15,-87.09493114054203,6,-77.32227723300457
OEM3CR-HYmk--15,static,24,-146.6433070898056,7,-73.06231534481049
uR-nzhB6D8g--3,static,18,-133.67073529213667,9,-109.52599700540304
NaXDBBT5pkw--6,static,9,-55.25189125537872,4,-35.33090353012085
wefigjf46u4--2,static,14,-107.31331460177898,7,-86.11984014511108
MYGqMojGwBE--30,static,19,-79.83142797090113,4,-29.580949718132615
fYxijWb0b_s--9,static,17,-90.3468931466341,9,-70.87607383728027
Rc99bcSdhak--16,static,15,-83.96593064069748,3,-33.05339723825455
_IyhoG9jXuM--15,static,25,-141.26543121039867,7,-51.99278724193573
uYaUCNl1j10--12,static,22,-112.7371916025877,8,-86.27704027295113
o9DARfrZg2o--16,static,14,-63.73398833721876,5,-46.83592777699232
MYGqMojGwBE--42,static,19,-103.91623479872942,7,-76.44554624706507
ixXF2UGOyoU--5,static,9,-49.83772645145655,3,-24.30651345849037
BESRE5mtipE--0,static,21,-104.64645779132843,8,-98.57081562280655
8DmlFztO2XM--2,static,25,-151.44453884661198,6,-131.0839781910181
jLwvQ4URDFY--1,static,43,-294.2589972987771,14,-233.49832614511251
5QMD024bDYs--15,static,19,-106.92680706828833,7,-61.842631593346596
jLwvQ4URDFY--31,static,33,-227.41585497558117,12,-190.11593040823936
aDwdB7xHAOE--1,static,28,-201.22982478141785,10,-126.63885962963104
wSEeoT9BqE0--13,static,11,-37.486001528799534,4,-22.09657734632492
d5Lx_5-UiHY--41,static,11,-39.64680406451225,5,-34.74265944957733
BTqVQCBPUzg--18,static,9,-47.38618692755699,4,-45.449710726737976
faZQNy4aErk--62,static,12,-66.25109575688839,4,-48.48059444129467
LvN9Dxq2iLY--88,static,10,-60.13838732242584,1,-17.58601152896881
HBQwzyxvkZA--256,static,19,-60.60943281650543,6,-42.757711321115494
xFEQrtosric--18,static,19,-96.84403779171407,5,-68.79079089127481
KmW8f1GVTYY--40,static,27,-182.78952261805534,10,-124.62232676148415
nXA9Qpj2z7E--6,static,12,-60.23267596960068,3,-36.647669672966
kytITkHoyls--7,static,39,-255.867625169456,12,-224.4803721755743
ef52bca1a454-6,static,15,-103.80063201487064,5,-97.82649078965187
iwYL-ivQm6o--19,static,14,-71.1435358421877,5,-26.375025396235287
9b0136913690-41,static,17,-86.51758763939142,7,-55.286071226000786
K4eNr2k2Lls--1,static,29,-159.9738073144108,8,-134.92977586574852
pMbMjjSj1fM--28,static,11,-54.332165859639645,3,-47.09814727306366
MYGqMojGwBE--161,static,18,-83.02394520491362,6,-42.100461699068546
mXq8axygjdE--32,static,24,-101.85371363535523,6,-81.52495312690735
4vfboqjtAXo_d,static,18,-101.38472160696983,5,-52.961679905653
HBQwzyxvkZA--261,static,20,-79.2992497831583,5,-41.33586984872818
CAzt5cxtSjQ--23,static,10,-60.21003765612841,6,-51.06766816973686
d5Lx_5-UiHY--51,static,15,-83.85108505934477,5,-48.14493300020695
klepEQSaeIk--9,static,18,-98.34331130981445,5,-70.26747731864452
48couwymlMM--10,static,16,-74.05379006266594,4,-69.45957027375698
K4eNr2k2Lls--0,static,11,-61.11262083798647,5,-58.10968795418739
zu_bd3r2GIA--16,static,23,-134.97798327356577,8,-98.08228117227554
ef52bca1a454-76,static,11,-55.8578589707613,4,-34.84342899918556
ixXF2UGOyoU--2,static,14,-85.01898640394211,5,-35.544335916638374
o44YnPMhwPU--37,static,17,-95.4827721491456,7,-62.9669121876359
CRJSZ2e7BU0--12,static,22,-112.4184343367815,7,-84.41594290733337
91GVHgxW8RA--2,static,8,-27.01037085056305,3,-19.032912731170654
gXa0qcoWrsQ--7,static,22,-149.11038070172071,9,-125.19976132363081
m3Mmtpr-jjA--42,static,20,-122.53920693695545,6,-71.15809392929077
lcBujGRLwE0--29,static,35,-227.00201435387135,13,-176.21786384284496
MYGqMojGwBE--205,static,23,-119.17546072602272,7,-57.75879716873169
d5Lx_5-UiHY--22,static,24,-128.3342024758458,7,-64.87011607736349
9b0136913690-89,static,12,-55.26723453402519,2,-36.73980450630188
8E-llRXuhl0--5,static,24,-159.26881432533264,6,-107.64166247099638
iGdg-iGlUFg--11,static,18,-108.71998082101345,7,-92.57247553765774
jMdxYlvrkbk--9,static,20,-116.86137515306473,8,-72.03168904781342
vbq8QbOwOt4--15,static,11,-54.783720917999744,3,-31.94455025345087
m3Mmtpr-jjA--8,static,10,-51.96194117516279,3,-34.961679458618164
o44YnPMhwPU--11,static,10,-50.47725881636143,5,-33.91151983290911
o9DARfrZg2o--12,static,12,-49.19904005527496,3,-42.647307723760605
rYcw__0tDhw--9,static,20,-135.9548811726272,5,-95.37732037901878
eabe1f38221a-51,static,10,-46.20280793309212,3,-33.09027862548828
HBQwzyxvkZA--116,static,8,-34.727087676525116,3,-19.94715940952301
LvN9Dxq2iLY--139,static,7,-36.07374092936516,2,-21.02822917699814
8w6k4jEJJlU--19,static,24,-164.02157013118267,9,-110.06733004748821
Kq5HfchSWv8--7,static,14,-47.68258864060044,4,-36.473955009132624
NDYHcIF50eE--2,static,16,-74.28371388465166,4,-48.370315223932266
809a3a5e02d1-65,static,8,-35.766571544110775,2,-16.98075580596924
AVb1VABiJJ8--18,static,12,-93.56202222406864,7,-77.85215704143047
HBQwzyxvkZA--265,static,16,-88.70917242765427,5,-49.80566477775574
ijrjSBx7WTc--59,static,9,-43.544682025909424,3,-27.95142912864685
IjeHLt1vNoM--13,static,20,-123.25257037580013,7,-66.4575563967228
BTqVQCBPUzg--122,static,17,-83.95020152628422,5,-46.605821803212166
NaXDBBT5pkw--25,static,27,-176.0018463730812,9,-101.305115878582
4DhGy83DK_s--8,static,9,-58.89199185371399,3,-36.44865345954895
zu_bd3r2GIA--29,static,18,-135.20274710655212,5,-88.51702427864075
xFEQrtosric--19,static,19,-104.20556695759296,6,-72.2908001691103
rYcw__0tDhw--11,static,8,-50.44103854894638,3,-35.451927185058594
DP1ly_MsHHQ--25,static,21,-134.20689576864243,7,-69.24717342853546
myIXH3PjvoI--106,static,12,-52.66488363593817,4,-34.01894751191139
KI0avgGkWiU--25,static,11,-62.568734146654606,4,-52.80964054912329
-hZpPIT6N4U_d,static,17,-89.94592523574829,5,-65.06809484958649
myIXH3PjvoI--102,static,14,-68.681679405272,4,-46.461421467363834
MYGqMojGwBE--46,static,16,-110.24835729598999,5,-49.715036392211914
3vCea9zWFek--10,static,13,-60.52082683146,2,-26.10636281967163
MYGqMojGwBE--172,static,13,-73.1723669692874,3,-34.96015548706055
d5Lx_5-UiHY--100,static,14,-67.04466485977173,3,-21.764755219221115
iwYL-ivQm6o--5,static,15,-63.17444159835577,4,-44.40776660293341
Xmm9ZyMy12g--19,static,24,-178.31147801876068,7,-145.32689833641052
hgaKby5Mha4--15,static,20,-112.57759010791779,7,-75.30343055725098
MnCcM6PZrug--9,static,15,-114.70105564594269,5,-63.432061195373535
bqE5C2tmc9c--9,static,22,-149.7005049586296,9,-102.09714718163013
OEM3CR-HYmk--0,static,21,-144.84465956687927,6,-132.1551616191864
faZQNy4aErk--82,static,20,-142.48691269755363,9,-125.34592527151108
C-cgPb_N2dY--0,static,24,-151.14687889814377,8,-91.95351415872574
AVb1VABiJJ8--10,static,23,-159.7415447831154,10,-127.65785560756922
Lt5GAA6MIuM--1,static,19,-154.93746280670166,8,-115.37155294418335
gp0w_zrLgfw--10,static,12,-88.28381358087063,6,-60.25450211763382
eBj_HUu0CNw--29,static,12,-57.10659581422806,4,-30.91569232940674
QiJgNpX3zN0--11,static,21,-127.08250834047794,8,-96.0421826839447
faZQNy4aErk--32,static,20,-128.9098856151104,5,-72.87550075352192
aDwdB7xHAOE--10,static,17,-116.26909268647432,9,-95.9571995139122
YsuSHJ3klEs--7,static,24,-168.18173348903656,8,-150.874121427536
MYGqMojGwBE--217,static,13,-73.89590513706207,6,-38.48552966117859
8DmlFztO2XM--0,static,21,-129.7208378687501,5,-94.595000423491
gp0w_zrLgfw--20,static,28,-205.16100292652845,10,-147.95588823407888
MYGqMojGwBE--258,static,15,-74.06897572427988,5,-37.294483460485935
40BjLI5XtJE--10,static,22,-122.50855347141623,7,-65.70490634068847
fulQKWknVhw--12,static,31,-203.43362817168236,7,-103.69385242462158
myIXH3PjvoI--122,static,12,-61.502966076135635,4,-38.69093373417854
jMdxYlvrkbk--7,static,22,-131.80583530664444,6,-85.43241609632969
-X_zmve1y00--14,static,19,-124.33213417232037,8,-83.2068223953247
sktRu3sp97g--15,static,16,-85.82524693012238,7,-51.063323974609375
7byz3fdI-Ss--16,static,9,-18.756577752530575,4,-16.790937162935734
809a3a5e02d1-119,static,11,-56.42892953008413,4,-23.769178211688995
Rc99bcSdhak--14,static,8,-38.76380534470081,3,-25.79719366133213
v0g35qCOCwU--0,static,25,-146.54901522956789,10,-100.08214401267469
N6jpL7uibFI_e2,static,24,-117.2163538634777,6,-90.70924299955368
MYGqMojGwBE--282,static,16,-105.49238681793213,6,-53.13557720184326
mjvqIq_fvRY--10,static,25,-150.69993098825216,9,-115.4848373234272
lZarpnV0alw--12,static,14,-75.6684123724699,2,-57.06481373310089
mXq8axygjdE--28,static,32,-220.66166335344315,12,-148.31414246559143
IjeHLt1vNoM--3,static,20,-144.7726374194026,8,-109.57390973716974
6_yO8Lc8Hd4--16,static,21,-100.89482833445072,3,-35.91886669397354
HBQwzyxvkZA--237,static,16,-80.17439322173595,7,-65.72936406731606
CRJSZ2e7BU0--8,static,30,-147.21374394744635,10,-124.30318857729435
K4eNr2k2Lls--19,static,14,-89.13333048298955,6,-60.57889712229371
U5Tq9r7saZU--19,static,16,-94.15896523743868,5,-59.76365873962641
uYaUCNl1j10--3,static,34,-193.96303395926952,11,-170.00430247187614
3gKelnCwuj8--0,static,17,-90.04000279307365,6,-84.32111665606499
ZVE_KjrY_po--22,static,21,-135.22413706034422,8,-127.67852380126715
i4j5Bj2NL1c--11,static,28,-226.13156628608704,10,-179.12206292152405
9b0136913690-57,static,20,-136.4236750677228,4,-114.39593648910522
wwpptVjgAws--10,static,32,-186.3679019883275,11,-120.90128220617771
gp0w_zrLgfw--13,static,28,-171.28833125531673,10,-108.65188702195883
HBQwzyxvkZA--129,static,15,-56.96412295103073,6,-45.48883578181267
fqJW-F3WIYc--0,static,21,-148.04627138376236,8,-114.76412898302078
xnY08sy7Sqk--6,static,13,-70.62253350019455,4,-60.24721026420593
maCRL8WG0GQ--3,static,10,-72.06673884391785,5,-40.56566619873047
xnY08sy7Sqk--3,static,25,-183.96817588806152,9,-131.9432487487793
AVb1VABiJJ8--13,static,16,-108.4242672175169,7,-96.4461636915803
HBQwzyxvkZA--331,static,16,-62.36595672369003,4,-48.55258101224899
HBQwzyxvkZA--79,static,24,-111.83823052048683,8,-63.31416669487953
0bk98uIiTS8--18,static,15,-75.84397170692682,5,-48.29863440990448
OJxSniCPUpI--2,static,15,-68.22501927614212,6,-64.83758169412613
m-w_78fDg9M--11,static,28,-194.40900187194347,9,-132.49501685798168
mDUCHJerTtE--9,static,14,-92.06345295161009,4,-45.33134184777737
BTqVQCBPUzg--94,static,8,-39.59834372997284,2,-20.037545204162598
CAzt5cxtSjQ--13,static,23,-150.95749082416296,11,-99.31385494023561
8DmlFztO2XM--1,static,27,-151.82316847145557,10,-115.63843432068825
ZVE_KjrY_po--4,static,16,-101.5325006172061,4,-84.10746458917856
9b0136913690-78,static,20,-106.61871100962162,7,-56.625465869903564
5n_IGU5rYYk--24,static,29,-227.8848776370287,11,-110.46989417076111
HBQwzyxvkZA--131,static,18,-75.68095726519823,4,-66.43134614825249
lZarpnV0alw--2,static,21,-125.99341015517712,7,-100.33556681871414
6_yO8Lc8Hd4--5,static,25,-168.23832995444536,8,-101.04136687517166
u7wx4rUBg_k--5,static,22,-128.95822609588504,7,-89.82893155142665
w_xCnJVyPYA_e1,static,17,-91.29510956257582,5,-72.08499605953693
BTqVQCBPUzg--105,static,15,-64.22410601377487,5,-46.510515570640564
d5Lx_5-UiHY--111,static,11,-74.98465931415558,2,-18.99772071838379
HBQwzyxvkZA--330,static,33,-143.4910286013037,10,-83.04281341284513
lcBujGRLwE0--38,static,31,-161.13291741907597,9,-148.7742500603199
oPITLi0VKh8--1,static,19,-83.70131576061249,7,-60.04209318757057
s_8IbRRsr0Q--0,static,35,-194.01939276605844,9,-124.15765584260225
lZarpnV0alw--11,static,18,-97.16418351233006,5,-50.26404130458832
NDYHcIF50eE--19,static,9,-39.76424564421177,2,-25.87375369668007
fqJW-F3WIYc--5,static,25,-172.9050667397678,8,-149.4251481704414
yb7efY9x78U--0,static,33,-218.08862999081612,9,-118.57085539400578
fYxijWb0b_s--28,static,16,-96.79192493855953,6,-79.73714070022106
HBQwzyxvkZA--140,static,19,-91.26165011897683,6,-78.88090566173196
ojYFIliNLGI--2,static,22,-150.24348505586386,11,-113.39636152982712
q4RnudGCU18--15,static,20,-117.78282883763313,5,-86.76621460914612
xnY08sy7Sqk--12,static,15,-101.0081018358469,5,-86.27505499124527
Zc2bgIDZ-Ks--57,static,9,-28.4209089204669,4,-20.494660764932632
QiGhWfjM2FI--18,static,23,-136.35798005014658,7,-71.79563719779253
nvfK4jQ7MH0--7,static,16,-84.50347529351711,7,-62.35480757057667
OJxSniCPUpI--19,static,17,-113.35125094652176,9,-81.03358870744705
mDUCHJerTtE--0,static,14,-61.26256677880883,5,-45.689558658748865
dPuKX_lM4Zc--114,static,8,-25.541399084031582,3,-24.521893799304962
pMbMjjSj1fM--24,static,24,-177.100170686841,5,-148.07445956766605
AZ2s4Adm9RU--25,static,15,-76.37432219833136,5,-44.88287854194641
KmW8f1GVTYY--45,static,20,-116.27798949927092,8,-104.42545518279076
faZQNy4aErk--59,static,21,-116.52004180848598,6,-86.49175089597702
HBQwzyxvkZA--69,static,20,-109.28397214412689,8,-63.92068976163864
9b0136913690-9,static,11,-61.17369845509529,5,-40.74067956209183
ef52bca1a454-70,static,8,-44.47701096534729,3,-29.222579956054688
wUH1dDbu9B4--3,static,26,-173.43976455926895,6,-161.62608632445335
nvfK4jQ7MH0--1,static,20,-57.20165193080902,4,-23.70790009200573
HBQwzyxvkZA--229,static,17,-45.27118590474129,7,-32.11845535039902
HBQwzyxvkZA--76,static,16,-54.44344429951161,5,-27.582369565963745
1xJ_dkBcAIU--6,static,16,-122.72936905920506,7,-100.46452702581882
vyBaeFU8J_k--0,static,13,-104.64823138713837,4,-85.80932092666626
lSLqIyupXrk--15,static,15,-72.55997434258461,6,-50.755640268325806
HBQwzyxvkZA--280,static,17,-76.72340106964111,6,-49.713515877723694
0bk98uIiTS8--29,static,22,-134.83648318052292,6,-88.42765262722969
faZQNy4aErk--43,static,41,-289.18627190589905,13,-223.82378037273884
XcXCB---N9M--37,static,23,-159.4409815520048,7,-115.12891207635403
LvN9Dxq2iLY--137,static,11,-36.66111904755235,4,-27.834096301347017
_r1S90f_nsM--6,static,17,-117.12068843841553,6,-61.925389766693115
8E-llRXuhl0--17,static,20,-128.08350881934166,7,-93.7468141168356
ijrjSBx7WTc--68,static,8,-31.38595224916935,3,-18.09528836607933
4DhGy83DK_s--26,static,15,-77.35282158851624,4,-39.72710967063904
oPITLi0VKh8--17,static,21,-137.77646701037884,6,-93.95001648366451
bOZ_Lap5FNA--17,static,22,-114.4494870826602,8,-83.02058293670416
4DhGy83DK_s--3,static,15,-66.54253070801497,4,-54.38925625383854
ZCBew8Fv0qA--22,static,42,-295.7048861682415,12,-218.14988285303116
klepEQSaeIk--12,static,16,-66.72189508378506,4,-26.29801654815674
lZarpnV0alw--9,static,10,-59.68739199638367,5,-56.091532945632935
o9DARfrZg2o--6,static,15,-51.375299260020256,3,-42.416455417871475
o9DARfrZg2o--3,static,18,-106.66226744651794,5,-77.95095014572144
AVb1VABiJJ8--8,static,8,-57.8556647002697,3,-36.83929082751274
ijrjSBx7WTc--42,static,8,-48.66902868449688,2,-23.970166206359863
kES_ZNjFKz8--10,static,17,-109.87317322194576,7,-72.82671377062798
ckGC5hUffDU--13,static,9,-42.738506607711315,3,-27.374282479286194
fqJW-F3WIYc--16,static,43,-267.10836093500257,13,-216.752096503973
8E-llRXuhl0--21,static,20,-146.4241748265922,9,-108.59938299655914
MYGqMojGwBE--277,static,15,-105.80902218818665,6,-55.17983603477478
myIXH3PjvoI--48,static,17,-81.04015430808067,3,-39.41278064250946
KHL0wkbu0-s--4,static,16,-94.18585467338562,6,-51.39109826087952
jC6VuHNpTLM--8,static,28,-158.7672264277935,10,-131.7531622648239
myIXH3PjvoI--52,static,12,-33.793855011463165,3,-21.081914484500885
C-cgPb_N2dY--7,static,18,-132.8034552410245,7,-106.88563343882561
myIXH3PjvoI--92,static,13,-44.77652729302645,5,-27.18008118122816
6_yO8Lc8Hd4--11,static,26,-172.97380305826664,8,-106.82825973629951
o44YnPMhwPU--26,static,23,-147.20760264992714,9,-107.5446383357048
XcXCB---N9M--40,static,28,-134.24724132567644,9,-90.90481996536255
HBQwzyxvkZA--326,static,28,-162.1521743312478,9,-87.7277984470129
dkavvNigK7s--3,static,16,-64.07570212334394,6,-58.20997925847769
LvN9Dxq2iLY--9,static,14,-66.4453489407897,4,-43.32094665616751
QiJgNpX3zN0--2,static,13,-90.38574668765068,3,-47.60168847441673
KI0avgGkWiU--14,static,21,-118.99842899665236,9,-94.83958817645907
48couwymlMM--0,static,21,-106.5392564535141,6,-94.5517273247242
XcXCB---N9M--25,static,18,-123.2258535772562,7,-83.73785054683685
myIXH3PjvoI--39,static,16,-70.31467010080814,5,-45.57649827003479
nvfK4jQ7MH0--26,static,12,-44.61595341563225,3,-37.469794034957886
MYGqMojGwBE--103,static,15,-97.77669620513916,5,-47.07577896118164
LvN9Dxq2iLY--24,static,11,-73.00301343202591,3,-36.4993622303009
Sqa3ig2NN9Q--13,static,17,-76.77243460714817,6,-50.18203680217266
809a3a5e02d1-86,static,8,-41.61419332027435,2,-19.910162448883057
MYGqMojGwBE--62,static,15,-76.34518194198608,4,-49.73924148082733
pMbMjjSj1fM--16,static,23,-147.17880821973085,11,-119.7528900578618
mXq8axygjdE--66,static,18,-50.805345341563225,4,-39.031587332487106
vbq8QbOwOt4--17,static,20,-134.04540133476257,5,-96.91481018066406
dPuKX_lM4Zc--110,static,27,-172.9718595482409,11,-120.15887553989887
eabe1f38221a-52,static,15,-102.54040412604809,6,-65.51973384618759
LvN9Dxq2iLY--210,static,18,-108.19425423443317,5,-70.68413209915161
0bk98uIiTS8--42,static,22,-146.84640523046255,10,-114.15649005025625
faZQNy4aErk--40,static,17,-106.0834439471364,7,-84.13177259266376
Kq5HfchSWv8--2,static,9,-52.65218761563301,4,-39.155463844537735
ZMsnY_khlNQ--5,static,21,-128.6452183201909,7,-109.66475412249565
80Cx4CH-AVI--4,static,22,-125.68460919708014,8,-97.75550723075867
HBQwzyxvkZA--283,static,23,-119.1583625972271,10,-82.33119508624077
Nv3WLYio7Lc--1,static,20,-122.10911592841148,5,-101.18045976758003
KHL0wkbu0-s--24,static,18,-72.57653339207172,9,-54.35232574492693
BO1ehFUMWEs--21,static,27,-190.32485151290894,9,-155.84570445120335
QXsIVtanWdw--8,static,16,-106.54752324521542,5,-69.84656435251236
jN2lbHzIneI--10,static,16,-87.12588435411453,5,-43.791135020554066
_IyhoG9jXuM--10,static,11,-60.09478046745062,4,-52.87750759720802
Kq5HfchSWv8--23,static,17,-84.29102221131325,7,-50.65561840683222
LvN9Dxq2iLY--61,static,18,-102.8997174501419,7,-74.07266438007355
T-5au9lZhYI--9,static,11,-51.37503959238529,4,-40.908323653042316
mXq8axygjdE--81,static,19,-74.50086756795645,6,-50.255714654922485
HBQwzyxvkZA--213,static,23,-84.53415644913912,8,-61.403010465204716
fYxijWb0b_s--23,static,9,-40.64048922806978,3,-17.32536020874977
a8zp7ivHwBU--8,static,15,-101.34856509417295,7,-62.02893843501806
xnY08sy7Sqk--19,static,14,-77.40424144268036,5,-68.12939774990082
9bqfEh7BD3c--14,static,7,-40.10162502527237,3,-24.064220666885376
Zc2bgIDZ-Ks--48,static,8,-36.84989086911082,3,-24.02259522676468
ZCBew8Fv0qA--4,static,15,-93.335225276649,5,-42.06555985659361
VwsRPJN7txM--8,static,18,-150.15670183300972,9,-111.04407787322998
W4YzurwHpfw--17,static,17,-92.41505227982998,8,-80.74109336733818
HBQwzyxvkZA--120,static,11,-60.707741141319275,5,-40.00834047794342
T-5au9lZhYI--6,static,14,-77.7478773444891,6,-54.41482621431351
5QMD024bDYs--23,static,16,-86.5741459429264,7,-55.54662112891674
AVb1VABiJJ8--22,static,20,-126.34265284985304,10,-100.4958347082138
QiJgNpX3zN0--9,static,18,-96.57636454701424,7,-66.46667346358299
nXA9Qpj2z7E--16,static,20,-138.33950421214104,6,-126.25388991832733
kytITkHoyls--2,static,10,-43.45003496110439,3,-22.80590434372425
KmW8f1GVTYY--42,static,23,-142.35672352463007,8,-100.45546615123749
m3Mmtpr-jjA--9,static,19,-106.80584786832333,6,-69.6108703315258
o44YnPMhwPU--42,static,11,-51.82819624245167,3,-27.566991418600082
BTqVQCBPUzg--96,static,11,-66.8981818407774,4,-46.3977774977684
uYaUCNl1j10--0,static,26,-177.54657082259655,10,-135.23678076267242
oAhfJ8yB1j0--1,static,15,-94.5105907022953,4,-82.5659062564373
yb7efY9x78U--4,static,15,-79.36954965442419,5,-53.2792067155242
K4eNr2k2Lls--29,static,23,-131.450548119843,6,-91.58528969436884
faZQNy4aErk--7,static,16,-99.38666869699955,4,-54.531070947647095
XcXCB---N9M--14,static,23,-160.32302425056696,7,-99.07420530542731
NaXDBBT5pkw--0,static,20,-160.96926975250244,5,-118.38322496414185
rZG7T9ujMEo--3,static,9,-27.139615893363953,2,-8.61171081662178
0bk98uIiTS8--24,static,27,-145.8319925442338,8,-62.221494257450104
jN2lbHzIneI--8,static,29,-187.48273562639952,11,-145.0378184914589
wSEeoT9BqE0--16,static,27,-175.29289818555117,13,-131.7195010483265
wwpptVjgAws--2,static,13,-48.9095311537385,4,-21.867802008986473
xnY08sy7Sqk--15,static,9,-40.66485744714737,3,-20.077186226844788
eyqLkKS5Qkw--22,static,16,-95.52810141444206,7,-86.116085678339
Sqa3ig2NN9Q--1,static,18,-118.1394906193018,5,-80.5063688904047
eabe1f38221a-65,static,14,-61.491028904914856,4,-24.3323335647583
ozS8Mx8AdH8--2,static,24,-126.46926198899746,10,-103.94465067982674
rZG7T9ujMEo--5,static,24,-160.173202380538,8,-107.69632601737976
cw1YIV30nQM--2,static,10,-70.4564902484417,4,-53.10132956504822
MnCcM6PZrug--6,static,39,-286.3828087821603,13,-219.7962100803852
MnCcM6PZrug--4,static,23,-128.0169874727726,9,-95.99184814095497
K4eNr2k2Lls--16,static,15,-111.89715012162924,10,-109.58695028722286
W4YzurwHpfw--14,static,13,-66.72413489222527,4,-55.69709676504135
UBnqDwRds3A--18,static,23,-156.02815717086196,10,-134.76438186317682
ZVE_KjrY_po--12,static,19,-127.14618285000324,7,-78.31703267246485
IjeHLt1vNoM--6,static,29,-178.86238215863705,11,-138.05885982513428
BESRE5mtipE--14,static,11,-64.23379019834101,5,-39.32628148235381
9xc24mAlprE--12,static,9,-50.422663539648056,5,-41.75999104976654
6U9AFGakrn0--1,static,15,-85.21391934901476,5,-55.268875390291214
Lt5GAA6MIuM--14,static,12,-67.36550791561604,5,-46.70058545470238
Zc2bgIDZ-Ks--76,static,17,-59.58874161541462,3,-30.24100923538208
XcXCB---N9M--24,static,17,-113.20315902680159,5,-82.96153676509857
9xc24mAlprE--9,static,19,-112.29626820236444,6,-95.60388551652431
BESRE5mtipE--17,static,20,-111.85224556922913,10,-87.3112404346466
MYGqMojGwBE--32,static,14,-76.47674161195755,4,-60.0092710852623
Zc2bgIDZ-Ks--58,static,37,-193.16008453816175,11,-119.01240712404251
zu_bd3r2GIA--5,static,25,-115.66953043267131,4,-54.00024366378784
mjvqIq_fvRY--1,static,18,-99.11764531582594,6,-63.40565148741007
NaXDBBT5pkw--1,static,7,-21.003235958516598,2,-1.2388542667031288
vyBaeFU8J_k--15,static,28,-153.17293027043343,8,-130.64913883805275
vyBaeFU8J_k--21,static,19,-96.33545646071434,8,-80.7436565309763
3Pk2c_Z4ahk--14,static,12,-69.91627942025661,5,-60.293630346655846
ZVE_KjrY_po--23,static,11,-71.51573518291116,3,-39.7830110527575
Lt5GAA6MIuM--11,static,34,-209.65086287260056,15,-157.8650730252266
lPzmjeJmsXo--40,static,12,-61.92291913181543,7,-43.44663914293051
lPzmjeJmsXo--11,static,17,-116.08486515283585,6,-81.23560792207718
91GVHgxW8RA--18,static,25,-175.32565920054913,8,-155.03829814493656
rZG7T9ujMEo--19,static,21,-130.12684209644794,8,-85.00256722420454
36YV-IPiUXM--11,static,31,-208.19989758729935,10,-174.6956079006195
Zc2bgIDZ-Ks--23,static,30,-199.02715730667114,11,-134.44200551509857
3gKelnCwuj8--9,static,17,-84.13496101647615,8,-76.56549263000488
BTqVQCBPUzg--53,static,11,-64.61799377202988,5,-49.34730100631714
MYGqMojGwBE--86,static,16,-83.1043130159378,6,-60.951421558856964
R6_v5nqXuGg--0,static,23,-165.06049475073814,13,-164.41031375527382
lZarpnV0alw--4,static,20,-145.342913672328,6,-127.32395648956299
0kldzhToGLc--0,static,21,-136.04273155983537,6,-118.99781159218401
Sqa3ig2NN9Q--8,static,16,-84.0742974281311,4,-53.77984607219696
Rblg5TE6TI0--29,static,28,-169.4193770363927,10,-107.46090657263994
nvfK4jQ7MH0--8,static,21,-146.7453222721815,10,-115.1109170615673
fYxijWb0b_s--18,static,15,-89.16410575062037,5,-63.515672743320465
HBQwzyxvkZA--267,static,7,-41.84588670730591,2,-23.933196783065796
gp0w_zrLgfw--7,static,29,-177.32568481564522,11,-109.63875961303711
3Pk2c_Z4ahk--20,static,27,-181.69974959641695,8,-152.4770389944315
Zc2bgIDZ-Ks--39,static,22,-115.4796760827303,7,-87.55446793138981
ZCBew8Fv0qA--7,static,16,-108.9904922246933,4,-93.70427811145782
MYGqMojGwBE--26,static,34,-227.1626741886139,7,-181.94223356246948
MYGqMojGwBE--36,static,10,-65.49649167060852,4,-33.95577430725098
36YV-IPiUXM--17,static,53,-336.3966402336955,14,-273.38608717918396
pMbMjjSj1fM--4,static,18,-109.88072971999645,6,-89.72300438582897
809a3a5e02d1-27,static,22,-142.72796258330345,6,-79.50584949553013
9xc24mAlprE--25,static,14,-96.67294284701347,6,-71.48062229156494
0kldzhToGLc--9,static,22,-128.99533519893885,9,-90.50469063967466
aDwdB7xHAOE--13,static,17,-93.9188653677702,6,-76.4834297299385
wUH1dDbu9B4--18,static,17,-107.47411780804396,7,-56.17463005334139
BO1ehFUMWEs--29,static,34,-208.04350809007883,8,-136.98144733905792
mXq8axygjdE--48,static,20,-107.0891427397728,7,-92.08840948343277
VwsRPJN7txM--7,static,11,-63.87148753553629,5,-58.42956208437681
ZMsnY_khlNQ--6,static,15,-83.21831729635596,6,-61.842656549066305
KHL0wkbu0-s--21,static,12,-75.09032389521599,5,-42.2253472507
mjvqIq_fvRY--15,static,9,-45.35844138264656,5,-39.82634741067886
o44YnPMhwPU--6,static,9,-60.01021292805672,4,-42.472484946250916
s_8IbRRsr0Q--11,static,38,-218.99645652249455,11,-174.3609541915357
ZMsnY_khlNQ--4,static,19,-115.59227139502764,8,-98.11057854443789
9b0136913690-50,static,20,-108.84527511894703,6,-57.58495557308197
5QMD024bDYs--4,static,19,-107.11716769635677,6,-71.99510954320431
MYGqMojGwBE--19,static,10,-83.88774800300598,5,-68.68389415740967
UBnqDwRds3A--16,static,21,-163.15280866622925,8,-76.8088550567627
q4RnudGCU18--23,static,24,-138.95308523625135,8,-85.66534257680178
vyBaeFU8J_k--3,static,14,-84.36258825659752,6,-52.46744590997696
jN2lbHzIneI--15,static,23,-119.88390367478132,8,-80.10785764455795
W4YzurwHpfw--5,static,13,-63.73915492743254,5,-51.03391706198454
3vCea9zWFek--3,static,17,-118.84939128160477,5,-77.2494636029005
wwpptVjgAws--15,static,47,-327.59530894085765,13,-276.4100734703243
DF4fto_X1Y4--13,static,12,-37.04858748614788,4,-16.51402421295643
fulQKWknVhw--1,static,21,-107.5140720307827,8,-84.51710283756256
hgaKby5Mha4--34,static,21,-133.34782284498215,7,-102.82430577278137
48couwymlMM--15,static,23,-107.22576305270195,7,-68.64157043397427
i4j5Bj2NL1c--3,static,24,-168.49361577630043,11,-137.30265098810196
cw1YIV30nQM--6,static,17,-113.00851269066334,7,-64.93984369933605
fqJW-F3WIYc--8,static,12,-61.45822774618864,5,-52.03677882999182
HBQwzyxvkZA--316,static,15,-77.23604252934456,6,-60.31956070661545
LvN9Dxq2iLY--200,static,12,-72.44594252109528,5,-53.89639103412628
6MxCP_583q8_e4,static,9,-58.77875338494778,4,-46.64612187445164
HBQwzyxvkZA--57,static,21,-100.59649484604597,7,-63.112712025642395
yb7efY9x78U--15,static,23,-166.52777252718806,7,-132.48441953584552
l9bZYazJQ1w--2,static,9,-30.307832330465317,4,-23.760111287236214
3gKelnCwuj8--16,static,16,-106.83696076273918,7,-76.03663143515587
lSLqIyupXrk--7,static,11,-50.61228445917368,4,-29.815266601741314
HBQwzyxvkZA--230,static,15,-59.8655476719141,5,-28.727284729480743
q4RnudGCU18--11,static,10,-59.12715148925781,4,-39.31135883927345
AZ2s4Adm9RU--9,static,14,-74.29526410251856,5,-44.53595149517059
MYGqMojGwBE--95,static,18,-97.86972746253014,9,-74.06409785151482
17OIKvJmrK8--11,static,28,-159.6702517196536,9,-150.44337760657072
HBQwzyxvkZA--146,static,20,-91.28925240039825,7,-69.58262634277344
HBQwzyxvkZA--77,static,10,-34.703828329220414,3,-13.474426746368408
MYGqMojGwBE--235,static,8,-43.92278790473938,3,-25.453168869018555
JqYder5vRP4--0,static,11,-55.925717782229185,5,-42.916265439242125
eyqLkKS5Qkw--3,static,16,-101.87996568903327,8,-84.33470398187637
48couwymlMM--24,static,12,-62.63067312538624,5,-52.58057436347008
iGdg-iGlUFg--12,static,19,-102.53868538886309,4,-70.2199079617858
K5lgB4YzOO0--4,static,27,-192.5018843859434,9,-176.3447726368904
m3Mmtpr-jjA--34,static,16,-113.15419240295887,9,-106.18261642754078
HBQwzyxvkZA--303,static,16,-83.75932193547487,3,-59.04340386390686
Rblg5TE6TI0--19,static,23,-156.59818029403687,12,-118.91438218206167
tDrI-9pSul0--6,static,21,-121.86039831489325,9,-95.2692980915308
6_yO8Lc8Hd4--19,static,11,-70.28329968452454,3,-27.31820297241211
faZQNy4aErk--51,static,22,-165.68900552392006,8,-81.72018480300903
d5Lx_5-UiHY--85,static,25,-113.54099503159523,10,-79.70900508761406
lSLqIyupXrk--2,static,12,-74.12771140038967,6,-56.44911861419678
sktRu3sp97g--3,static,15,-56.24820467084646,3,-17.78906798362732
MnCcM6PZrug--19,static,36,-221.50255677849054,11,-156.5058737695217
DP1ly_MsHHQ--2,static,20,-147.8295123577118,8,-100.56339716911316
mXq8axygjdE--65,static,15,-62.677424132823944,5,-41.492417991161346
Rblg5TE6TI0--32,static,12,-61.74220295995474,4,-47.4563477858901
4vfboqjtAXo_e3,static,14,-75.12895002961159,4,-51.19003899395466
HBQwzyxvkZA--313,static,21,-102.82071820646524,5,-81.8539886251092
vyBaeFU8J_k--5,static,33,-178.8948546051979,8,-122.95860955119133
5QMD024bDYs--5,static,15,-75.53179225325584,5,-49.95397040992975
3gKelnCwuj8--7,static,16,-69.09174773842096,6,-46.77714993059635
ef52bca1a454-78,static,16,-50.170483984053135,5,-30.18591909855604
4DhGy83DK_s--17,static,28,-136.40005964040756,8,-71.37150731682777
mXq8axygjdE--64,static,14,-75.26604639738798,5,-43.15754309296608
yAAWlkm-_KA--8,static,24,-140.8637290932238,10,-84.70407243445516
BTqVQCBPUzg--81,static,16,-79.97605092823505,7,-72.70431418716908
R6_v5nqXuGg--12,static,22,-87.53615505620837,6,-58.57938913628459
iwYL-ivQm6o--7,static,17,-109.40015912055969,6,-83.84240972995758
pMbMjjSj1fM--18,static,14,-71.06911489367485,6,-65.72993990778923
aDwdB7xHAOE--2,static,19,-113.05178651213646,4,-45.53693760931492
HBQwzyxvkZA--41,static,15,-66.4253097102046,4,-36.210358917713165
LvN9Dxq2iLY--174,static,20,-96.36269468069077,6,-89.27435266971588
faZQNy4aErk--55,static,14,-95.29209765791893,7,-68.49078547209501
uY7i-Y8gxn8--5,static,22,-130.31420198827982,6,-105.96809396147728
faZQNy4aErk--31,static,18,-104.131222397089,8,-79.8653511852026
HBQwzyxvkZA--130,static,26,-113.53399438410997,8,-89.52647805958986
5QMD024bDYs--16,static,22,-131.0867889933288,8,-89.69069100171328
0bk98uIiTS8--41,static,27,-182.26406611129642,11,-117.88226908817887
Kq5HfchSWv8--27,static,18,-105.9923966228962,4,-84.64232066273689
kES_ZNjFKz8--15,static,18,-110.28463016450405,4,-104.19618248939514
vZt56rnH8QQ--0,static,16,-122.59978699684143,9,-89.93743085861206
n12WICGyBJ4--35,static,15,-106.27569782733917,6,-79.87964177131653
MYGqMojGwBE--122,static,10,-54.18637764453888,3,-36.70071542263031
lcBujGRLwE0--8,static,29,-196.45517624914646,9,-117.80612117052078
ckGC5hUffDU--8,static,18,-130.6910249888897,5,-118.39746296405792
jN2lbHzIneI--11,static,38,-213.21329138427973,12,-163.89074535667896
MYGqMojGwBE--284,static,16,-91.78316110372543,6,-45.21275782585144
aDwdB7xHAOE--6,static,27,-186.7962979376316,9,-130.687627479434
g4GfKC7z-2M--22,static,19,-119.72132016718388,4,-86.27142909169197
XcXCB---N9M--6,static,12,-58.79667654633522,5,-39.00368707627058
zu_bd3r2GIA--8,static,16,-58.94561601802707,5,-43.167255949229
u7wx4rUBg_k--8,static,19,-131.24579877592623,9,-71.94807987846434
-X_zmve1y00--11,static,14,-61.354303888976574,4,-29.309724748134613
DP1ly_MsHHQ--27,static,34,-192.84309125319123,9,-141.5371802188456
MYGqMojGwBE--163,static,13,-70.52001893520355,3,-38.38498914241791
HBQwzyxvkZA--191,static,10,-22.831342309713364,3,-19.633974015712738
8E-llRXuhl0--14,static,25,-141.9987958818674,8,-95.3525875210762
LvN9Dxq2iLY--130,static,11,-53.20586592704058,4,-31.86564302444458
lcBujGRLwE0--12,static,25,-127.0714798271656,8,-111.89877925813198
809a3a5e02d1-35,static,17,-98.79964692890644,8,-76.78005874156952
myIXH3PjvoI--5,static,25,-105.23610534518957,9,-61.38514121621847
ZCBew8Fv0qA--14,static,15,-92.78752668201923,4,-42.48464361578226
jC6VuHNpTLM--22,static,19,-114.92038726247847,6,-96.2994923312217
MYGqMojGwBE--241,static,27,-126.41666656732559,6,-71.71040791273117
m-w_78fDg9M--7,static,22,-139.0747094526887,7,-68.55100496858358
0kldzhToGLc--16,static,15,-99.46411976963282,7,-61.17215717583895
vbq8QbOwOt4--0,static,25,-193.618973325938,13,-124.65794150158763
8w6k4jEJJlU--3,static,11,-89.04180589318275,5,-76.6165272295475
eGkBCS1t9-E--16,static,24,-142.8922979235649,8,-117.79916995763779
Rblg5TE6TI0--33,static,26,-187.27068302035332,11,-145.638750821352
0Z5d6D2vBbc--3,static,12,-48.96476016193628,4,-36.15926460176706
ijrjSBx7WTc--53,static,21,-122.17913441359997,5,-83.6678794324398
HBQwzyxvkZA--169,static,17,-81.85312807559967,7,-55.95767730474472
LvN9Dxq2iLY--104,static,7,-43.6515354514122,4,-36.41842043399811
vZt56rnH8QQ--9,static,15,-93.06286037713289,7,-58.571770548820496
UBnqDwRds3A--12,static,9,-63.781733229756355,2,-21.18174648284912
w_xCnJVyPYA_e3,static,13,-50.68827974051237,3,-23.13803344964981
BESRE5mtipE--10,static,14,-51.176897395867854,5,-19.818324197549373
eBj_HUu0CNw--7,static,17,-103.34629568457603,6,-74.86836203932762
mXq8axygjdE--8,static,9,-58.62699864059687,3,-44.480995178222656
jC6VuHNpTLM--10,static,19,-121.74423971772194,8,-88.78387558460236
Rc99bcSdhak--15,static,23,-125.280148640275,8,-89.13610222563148
ef52bca1a454-75,static,9,-41.70119085162878,5,-37.56970897316933
vbq8QbOwOt4--13,static,23,-85.3116277270019,7,-85.1945194862783
vbq8QbOwOt4--5,static,25,-201.7545611858368,5,-148.98945951461792
UBnqDwRds3A--15,static,19,-140.93826791644096,6,-78.64392611384392
2B2z46vgaAA--19,static,14,-67.65620871633291,5,-48.257371842861176
xnY08sy7Sqk--22,static,21,-141.00190895795822,7,-125.79432410001755
lAFiWmUUHOg--15,static,15,-106.6076620221138,5,-70.85415798425674
MYGqMojGwBE--65,static,13,-58.42347950488329,6,-48.327283807098866
zu_bd3r2GIA--12,static,17,-88.85400377213955,4,-66.46775065362453
9b0136913690-90,static,15,-72.6966115385294,4,-44.9728906750679
fqJW-F3WIYc--18,static,21,-114.00555683672428,9,-76.84774290025234
jLwvQ4URDFY--16,static,9,-55.337920755147934,3,-37.930393785238266
BO1ehFUMWEs--37,static,12,-60.78791406750679,3,-36.09706026315689
fYxijWb0b_s--5,static,12,-62.03160436451435,4,-58.83057624101639
6_yO8Lc8Hd4--3,static,36,-285.4358934611082,14,-209.81304815411568
17OIKvJmrK8--7,static,16,-103.77275932580233,7,-73.72516797482967
iGdg-iGlUFg--7,static,20,-111.9168403968215,8,-75.84465681016445
ZMsnY_khlNQ--11,static,29,-160.68798828125,8,-121.56419590115547
-X_zmve1y00--9,static,17,-93.53677508234978,6,-56.156879395246506
fqJW-F3WIYc--11,static,28,-141.74298768118024,7,-85.56902894750237
Lt5GAA6MIuM--27,static,21,-117.18652542680502,7,-74.93223811686039
tDrI-9pSul0--9,static,24,-116.86922508478165,8,-105.16626739501953
maCRL8WG0GQ--9,static,18,-127.51332022622228,8,-84.77186708524823
HBQwzyxvkZA--179,static,13,-59.27902215719223,4,-32.181688487529755
C6CIPVno_yQ--10,static,22,-142.16991460323334,7,-85.55914057791233
dkavvNigK7s--13,static,29,-194.4945263415575,12,-159.45968973636627
9bqfEh7BD3c--2,static,27,-171.87068167328835,9,-117.93076413869858
spDHZsNp4RA_d,static,22,-124.2340873926878,8,-112.5444175824523
KI0avgGkWiU--9,static,23,-100.29438105039299,6,-68.39390495233238
jLwvQ4URDFY--27,static,36,-239.56874418258667,10,-168.4725789874792
BO1ehFUMWEs--30,static,37,-256.16091621108353,11,-163.45994487963617
lPzmjeJmsXo--31,static,21,-155.65953893959522,7,-110.01457357406616
vyBaeFU8J_k--8,static,11,-40.324461326003075,4,-21.102727815508842
BESRE5mtipE--19,static,21,-130.0394147336483,8,-96.88447849452496
NDYHcIF50eE--0,static,33,-224.53740509226918,15,-169.60191768035293
MYGqMojGwBE--109,static,20,-151.60869574546814,9,-135.79015612602234
9b0136913690-8,static,17,-61.75008641183376,4,-49.66880023479462
_T-35xhqSkE--11,static,17,-92.90110772848129,3,-71.01490518450737
myIXH3PjvoI--37,static,11,-37.37748718261719,3,-23.282912969589233
ozS8Mx8AdH8--13,static,21,-127.22984454780817,6,-93.86174180358648
NDYHcIF50eE--3,static,26,-150.2972202859819,12,-113.29944803193212
809a3a5e02d1-19,static,16,-86.47439041733742,7,-52.3223555162549
rYcw__0tDhw--17,static,21,-116.68562323600054,4,-45.47627151012421
HBQwzyxvkZA--311,static,16,-61.7590554356575,4,-50.138183414936066
HBQwzyxvkZA--236,static,14,-81.98321279883385,3,-52.54280722141266
wUH1dDbu9B4--29,static,18,-106.14823192358017,8,-75.84877826273441
l9bZYazJQ1w--18,static,23,-129.78768807649612,6,-88.69943308830261
faZQNy4aErk--76,static,28,-151.38312005996704,6,-87.82657708227634
dkavvNigK7s--14,static,17,-96.54503675550222,6,-64.98617970943451
YsuSHJ3klEs--14,static,17,-115.17021673172712,6,-57.7124470025301
MYGqMojGwBE--38,static,21,-129.16717828810215,6,-69.42181992530823
dPuKX_lM4Zc--107,static,12,-57.44369274377823,3,-39.75681257247925
OJxSniCPUpI--9,static,17,-83.90517339110374,4,-76.80505143105984
CRJSZ2e7BU0--10,static,17,-97.15976762026548,7,-74.07385640591383
MYGqMojGwBE--128,static,16,-90.72461579926312,5,-39.32741594314575
myIXH3PjvoI--47,static,18,-72.80391909182072,4,-54.53432120382786
cw1YIV30nQM--22,static,17,-87.01093262434006,4,-74.83890202641487
KmW8f1GVTYY--10,static,13,-76.0615296214819,6,-65.09805390238762
ijrjSBx7WTc--67,static,24,-137.0551576782018,7,-104.54426587559283
gXa0qcoWrsQ--4,static,13,-48.13185312692076,3,-40.548831135965884
Zc2bgIDZ-Ks--45,static,36,-211.85076658427715,12,-145.80366694927216
36YV-IPiUXM--10,static,39,-252.00748509168625,11,-174.89905560016632
36YV-IPiUXM--8,static,32,-165.46718617156148,10,-135.73654779419303
HBQwzyxvkZA--320,static,16,-90.26905132830143,5,-60.9728125333786
QiJgNpX3zN0--1,static,12,-49.74718817323446,4,-41.295602932572365
U5Tq9r7saZU--15,static,31,-194.9786214157939,13,-127.22092569619417
pMbMjjSj1fM--11,static,16,-117.40733804553747,7,-96.30706810951233
oPITLi0VKh8--20,static,17,-78.39909252524376,4,-32.83238932490349
ci_iGsLDZ9w_e1,static,18,-86.76811867207289,5,-71.3965148255229
NDYHcIF50eE--16,static,32,-177.5307401716709,9,-125.01802770793438
KmW8f1GVTYY--15,static,16,-98.50056259334087,6,-65.38462246954441
ci_iGsLDZ9w_d,static,8,-43.84246122837067,3,-30.98798954486847
6OlSDCcwM10--25,static,12,-53.681290686130524,3,-37.00810520350933
8w6k4jEJJlU--0,static,20,-111.83670336008072,6,-83.12134796380997
myIXH3PjvoI--97,static,17,-98.90692150592804,6,-63.07298302650452
9b0136913690-12,static,8,-38.758163660764694,2,-20.782277464866638
91GVHgxW8RA--7,static,33,-230.0054938197136,11,-181.94430845975876
eabe1f38221a-36,static,10,-56.83776208758354,3,-27.3401560485363
6_yO8Lc8Hd4--2,static,17,-113.1002229899168,7,-70.12730741500854
KmW8f1GVTYY--46,static,12,-51.90060782060027,4,-39.46627748385072
9bqfEh7BD3c--13,static,18,-98.60352565348148,5,-88.22404235601425
VwsRPJN7txM--9,static,18,-101.03856198489666,6,-68.2581719905138
QXsIVtanWdw--5,static,9,-30.92240609973669,3,-19.787805944681168
S9ymb66ZqqY--8,static,11,-70.26576066017151,5,-51.935266971588135
LvN9Dxq2iLY--33,static,12,-60.240204364061356,5,-54.84502196311951
K4eNr2k2Lls--21,static,21,-111.3894976079464,8,-102.78441405296326
wSEeoT9BqE0--21,static,34,-210.37395395338535,9,-170.35389065742493
LvN9Dxq2iLY--12,static,16,-71.52454378828406,4,-46.12148463726044
faZQNy4aErk--6,static,14,-74.24970205128193,5,-49.901439279317856
WabgM-SmPzU_e1,static,12,-51.89304359257221,4,-33.44617250561714
wmTrG799MAo--12,static,17,-101.02661934494972,6,-53.41260603070259
i4j5Bj2NL1c--13,static,14,-108.78076338768005,5,-97.14492392539978
nvfK4jQ7MH0--3,static,22,-145.09605687856674,7,-129.62436497211456
ojYFIliNLGI--0,static,23,-124.34562204778194,8,-92.24904341995716
HBQwzyxvkZA--203,static,12,-59.020125076174736,6,-47.02376951277256
vZt56rnH8QQ--1,static,11,-60.31196837127209,5,-54.18757865577936
NaXDBBT5pkw--17,static,16,-74.70909624174237,5,-54.038619477301836
9bqfEh7BD3c--23,static,20,-102.0954348295927,9,-63.73925845324993
eyqLkKS5Qkw--20,static,12,-73.82423166185617,5,-45.21032787114382
vbq8QbOwOt4--14,static,26,-173.7999431192875,13,-119.82446125149727
faZQNy4aErk--25,static,13,-101.97418665885925,2,-74.6007616519928
s_8IbRRsr0Q--13,static,12,-77.63208019733429,6,-58.19504415988922
lcBujGRLwE0--7,static,25,-163.27196741104126,7,-113.30754458904266
CAzt5cxtSjQ--17,static,15,-76.20068451017141,4,-35.635143630206585
m3Mmtpr-jjA--22,static,9,-55.80129753053188,4,-45.09121388196945
9b0136913690-67,static,8,-57.66074752807617,1,-11.05233383178711
HBQwzyxvkZA--34,static,14,-73.7094778418541,5,-55.797574281692505
HBQwzyxvkZA--151,static,15,-82.6583976149559,6,-71.14677476882935
ozS8Mx8AdH8--14,static,25,-158.3865465670824,9,-136.48765778541565
AZ2s4Adm9RU--14,static,14,-76.10475265979767,3,-41.935594737529755
KmW8f1GVTYY--48,static,12,-61.08308079838753,6,-44.30970525741577
dPuKX_lM4Zc--103,static,10,-41.17124592512846,3,-26.13352394104004
OEM3CR-HYmk--22,static,16,-67.18442475795746,3,-45.22882488369942
lcBujGRLwE0--11,static,28,-164.38566198572516,9,-148.44505846500397
d5Lx_5-UiHY--101,static,8,-31.927813082933426,1,-8.60326862335205
vZt56rnH8QQ--8,static,27,-210.75601338222623,12,-127.54634805396199
BO1ehFUMWEs--7,static,18,-107.85109203308821,6,-88.23740875720978
HBQwzyxvkZA--99,static,11,-33.216637037694454,5,-30.590303659439087
s_8IbRRsr0Q--22,static,13,-64.39204263687134,5,-41.5565769970417
fvHtYcL913U--15,static,13,-56.02689677476883,5,-33.09072155505419
sktRu3sp97g--2,static,11,-60.284250378608704,6,-45.91718044877052
BO1ehFUMWEs--10,static,27,-169.3941049873829,6,-118.95784893631935
lSLqIyupXrk--18,static,23,-155.40250430256128,8,-106.73308662325144
xFEQrtosric--9,static,9,-59.88741636276245,4,-44.12936043739319
ef52bca1a454-29,static,10,-43.248381740413606,3,-20.51189691480249
q4RnudGCU18--28,static,30,-215.9188430532813,14,-147.70787286013365
HBQwzyxvkZA--93,static,15,-76.37547753751278,6,-43.34699332714081
ijrjSBx7WTc--51,static,20,-78.02801696956158,7,-59.23520190268755
U5Tq9r7saZU--13,static,33,-217.66057344526052,11,-187.97877231240273
d5Lx_5-UiHY--73,static,11,-41.01219354569912,3,-21.463976621627808
s_8IbRRsr0Q--25,static,19,-99.16522981971502,7,-54.09671088308096
LvN9Dxq2iLY--17,static,13,-49.655161682516336,3,-29.62451735511422
lcBujGRLwE0--19,static,31,-222.17142009735107,12,-165.77895814180374
9bqfEh7BD3c--18,static,12,-85.29594242572784,4,-50.10303854942322
iwYL-ivQm6o--16,static,20,-108.59466336667538,5,-63.14307580888271
myIXH3PjvoI--115,static,16,-70.75442671775818,7,-54.04339677095413
gXa0qcoWrsQ--23,static,23,-123.43032641708851,6,-84.94486820697784
hYNyIXYmoYs--0,static,14,-99.71145074814558,5,-70.66717290878296
40BjLI5XtJE--1,static,12,-83.62704622745514,5,-47.49794125556946
Zc2bgIDZ-Ks--28,static,16,-58.977006897330284,6,-56.79626616090536
vbq8QbOwOt4--18,static,21,-113.75086266174912,8,-55.94981038942933
fulQKWknVhw--25,static,23,-141.5252336524427,7,-70.63787604495883
n12WICGyBJ4--17,static,11,-82.96202421188354,5,-77.9162073135376
OEM3CR-HYmk--8,static,9,-65.59530210494995,3,-24.357048511505127
6OlSDCcwM10--0,static,14,-77.82864384353161,4,-38.93771009147167
K4eNr2k2Lls--31,static,18,-142.02916312217712,7,-94.98707270622253
8DmlFztO2XM--4,static,22,-152.20291185379028,7,-122.67020183801651
gXa0qcoWrsQ--1,static,29,-162.5065507888794,8,-136.16512912511826
6_yO8Lc8Hd4--18,static,33,-173.11591410636902,7,-107.28639483451843
dPuKX_lM4Zc--81,static,19,-93.71284691244364,6,-52.3072714805603
egjhIFJbR2I--1,static,17,-70.00568623095751,5,-68.29683901369572
3vCea9zWFek--8,static,15,-76.10010358691216,4,-52.36541910469532
2B2z46vgaAA--25,static,9,-53.28819712996483,4,-40.51645392179489
QiGhWfjM2FI--29,static,13,-77.5527628697455,6,-52.12593715265393
wefigjf46u4--7,static,22,-149.85721748694777,9,-95.43746721744537
MYGqMojGwBE--188,static,10,-45.52135455608368,4,-33.907286405563354
Kq5HfchSWv8--3,static,10,-57.109892673790455,3,-32.70098525285721
5n_IGU5rYYk--31,static,24,-136.3908279389143,11,-93.6411906927824
HBQwzyxvkZA--43,static,13,-64.3319182395935,4,-32.13634720444679
7byz3fdI-Ss--10,static,16,-87.21891328692436,5,-52.419633239507675
mjvqIq_fvRY--2,static,20,-104.06300155073404,8,-58.08200713992119
Lt5GAA6MIuM--8,static,19,-106.23088336735964,5,-52.48950642347336
uR-nzhB6D8g--11,static,13,-81.0240919739008,5,-69.27570992708206
vyBaeFU8J_k--16,static,25,-132.70647325366735,6,-59.15714527666569
myIXH3PjvoI--85,static,21,-102.35454395413399,7,-77.63750526309013
gW1N-ttBBTo--2,static,9,-43.400518760085106,2,-18.16111707687378
K4eNr2k2Lls--30,static,29,-222.92559161037207,9,-177.16248836368322
s_8IbRRsr0Q--20,static,21,-106.41674951463938,10,-89.55353245139122
rZG7T9ujMEo--13,static,12,-70.38608157634735,4,-60.57903163135052
_IyhoG9jXuM--1,static,17,-92.25326417014003,8,-75.420359428972
6OlSDCcwM10--15,static,18,-111.49256345629692,7,-101.90674495697021
OtlvzXZG_Uk_e1,static,15,-78.53884586691856,4,-57.41339948773384
iwYL-ivQm6o--8,static,9,-35.863401010632515,4,-20.38022620230913
Lt5GAA6MIuM--4,static,25,-176.12494241446257,8,-129.7306163981557
mDUCHJerTtE--6,static,23,-108.73583010211587,8,-74.89465198293328
BTqVQCBPUzg--107,static,21,-123.97308367490768,8,-77.72722297906876
80Cx4CH-AVI--17,static,8,-56.42895817756653,6,-44.337319135665894
0Z5d6D2vBbc--11,static,35,-244.5147529989481,13,-182.82330138981342
BTqVQCBPUzg--110,static,8,-52.31262785196304,3,-36.573176860809326
lZarpnV0alw--14,static,11,-73.31872034072876,4,-39.70559644699097
mjvqIq_fvRY--22,static,20,-132.4927352666855,9,-100.93072390556335
g4GfKC7z-2M--7,static,20,-143.23269791901112,7,-117.98189903795719
gp0w_zrLgfw--17,static,29,-175.71849311888218,10,-110.06769751012325
UBnqDwRds3A--8,static,25,-149.0380633622408,7,-85.40133240818977
MYGqMojGwBE--219,static,10,-68.42240155115724,4,-33.2111554145813
809a3a5e02d1-116,static,9,-36.507687494158745,3,-23.451960802078247
ckGC5hUffDU--5,static,15,-74.9143749922514,5,-34.96890436112881
faZQNy4aErk--18,static,23,-147.85699665546417,7,-144.81463515758514
uYaUCNl1j10--8,static,25,-140.34911750257015,10,-96.81606914103031
jN2lbHzIneI--4,static,31,-216.23085179179907,10,-201.86922419816256
LvN9Dxq2iLY--86,static,12,-69.52181558310986,2,-47.121779441833496
Zc2bgIDZ-Ks--85,static,25,-132.15078441798687,6,-95.26928037405014
m3Mmtpr-jjA--38,static,26,-164.3649276793003,11,-137.58908659219742
q4RnudGCU18--13,static,26,-164.31280788220465,9,-107.54859062470496
aDwdB7xHAOE--5,static,15,-82.02186624705791,4,-66.97665774822235
s_8IbRRsr0Q--8,static,8,-34.40370664000511,2,-18.045616149902344
C-cgPb_N2dY--3,static,12,-79.96247598528862,6,-64.74744784832001
sktRu3sp97g--11,static,19,-90.48526567220688,7,-72.72599668800831
4DhGy83DK_s--13,static,17,-101.21251626312733,5,-61.974833607673645
MYGqMojGwBE--182,static,18,-115.18066418170929,7,-64.89273834228516
l9bZYazJQ1w--16,static,12,-58.85844223201275,5,-34.1441266387701
Xmm9ZyMy12g--8,static,16,-86.42108523845673,4,-77.66742208600044
C6CIPVno_yQ--20,static,22,-167.71420346200466,9,-145.11091504991055
DF4fto_X1Y4--2,static,14,-75.72261127829552,5,-64.74790362268686
HBQwzyxvkZA--100,static,12,-38.5166767667979,2,-7.462173938751221
dkavvNigK7s--30,static,14,-85.27661264687777,6,-63.223804257810116
4DhGy83DK_s--35,static,28,-140.79739295691252,6,-57.58498092740774
ZVE_KjrY_po--8,static,23,-141.5515868589282,9,-109.42419385164976
lPzmjeJmsXo--14,static,27,-229.1339491456747,10,-173.09980285167694
d5Lx_5-UiHY--36,static,12,-51.49174529314041,4,-20.683028012514114
xFEQrtosric--2,static,26,-168.40667132288218,9,-140.94330900162458
MYGqMojGwBE--215,static,15,-96.35145729780197,6,-41.77751803398132
6_yO8Lc8Hd4--6,static,29,-167.73287688195705,10,-131.92509922385216
vbq8QbOwOt4--1,static,16,-98.94756960868835,6,-53.16154672205448
5n_IGU5rYYk--2,static,20,-99.00168407335877,8,-78.59432368353009
ZMsnY_khlNQ--15,static,9,-44.67559018731117,2,-14.995288848876953
myIXH3PjvoI--4,static,14,-41.48489800095558,6,-25.525865256786346
q4RnudGCU18--26,static,28,-138.30734295397997,10,-111.7526104003191
HBQwzyxvkZA--165,static,12,-49.86137580871582,4,-42.72564136981964
o9DARfrZg2o--1,static,21,-132.5198853239417,8,-92.4888571575284
uR-nzhB6D8g--1,static,16,-59.50874727219343,6,-33.73845162242651
RIwfym39VVM_e3,static,21,-115.99140095710754,6,-69.83222424983978
wwpptVjgAws--0,static,29,-176.07772974669933,13,-163.65667906403542
9b0136913690-52,static,14,-75.91536159813404,3,-34.77224001288414
Lt5GAA6MIuM--17,static,22,-168.59133626520634,10,-113.7499149441719
klepEQSaeIk--1,static,36,-230.12484009563923,11,-152.03345112502575
Lt5GAA6MIuM--28,static,13,-65.07094253599644,4,-46.999824061989784
ef52bca1a454-8,static,13,-72.32185959815979,6,-42.48777651786804
jLwvQ4URDFY--14,static,34,-205.47700957208872,10,-170.5887942314148
LvN9Dxq2iLY--82,static,14,-57.00089792907238,4,-26.59441101551056
iwYL-ivQm6o--11,static,14,-66.74773484095931,4,-33.13345146179199
9b0136913690-59,static,16,-85.88401161134243,4,-76.71257746219635
KmW8f1GVTYY--33,static,13,-90.73071265220642,5,-81.92994594573975
NDYHcIF50eE--11,static,20,-101.46291778236628,3,-58.68020796775818
MYGqMojGwBE--279,static,9,-47.253986950963736,5,-42.36635064706206
tDrI-9pSul0--10,static,29,-229.76668364554644,10,-212.8509521484375
5n_IGU5rYYk--32,static,31,-185.05460307002068,7,-65.77511368691921
ijrjSBx7WTc--23,static,26,-131.0248884484172,9,-89.78672043979168
a8zp7ivHwBU--4,static,18,-109.88064900040627,6,-93.43380987644196
9bqfEh7BD3c--24,static,18,-105.66577004641294,5,-74.34812610596418
U5Tq9r7saZU--29,static,21,-128.12728879600763,11,-101.61892778426409
wSEeoT9BqE0--14,static,27,-179.13650505244732,8,-150.61374273896217
QiGhWfjM2FI--9,static,24,-136.45737724751234,11,-124.31676363945007
809a3a5e02d1-64,static,14,-99.41289418935776,4,-71.11312711238861
ckGC5hUffDU--6,static,26,-154.02857887744904,6,-108.93195769190788
o44YnPMhwPU--36,static,22,-91.02365822717547,11,-71.85430802032351
HBQwzyxvkZA--193,static,9,-32.74864869937301,4,-29.128285851329565
Kq5HfchSWv8--36,static,16,-107.96924426406622,4,-67.50552356988192
ZCBew8Fv0qA--3,static,13,-65.34862485527992,3,-44.40108069777489
91GVHgxW8RA--33,static,22,-102.96573471650481,6,-44.760995250195265
MYGqMojGwBE--211,static,13,-107.4816164970398,7,-62.75008678436279
hgaKby5Mha4--28,static,25,-143.25764986500144,8,-83.33282139524817
-X_zmve1y00--1,static,12,-35.3467805031687,3,-17.206744307652116
hgaKby5Mha4--1,static,23,-130.30060109496117,8,-91.16209276020527
BO1ehFUMWEs--1,static,21,-119.03561715781689,6,-92.00899022817612
OEM3CR-HYmk--3,static,12,-57.7396025210619,3,-40.16326558589935
R6_v5nqXuGg--5,static,18,-104.40527701377869,6,-76.39976930618286
rZG7T9ujMEo--2,static,14,-89.9488849490881,6,-73.81743389368057
HBQwzyxvkZA--143,static,9,-31.01103003323078,4,-28.484306395053864
HBQwzyxvkZA--319,static,22,-121.34584977477789,7,-91.68629206717014
3vCea9zWFek--39,static,23,-143.56502474844456,9,-86.52913025021553
tDrI-9pSul0--11,static,12,-57.37359695136547,6,-50.38820004463196
kxz4AA9lNmY_e4,static,17,-100.16994258761406,4,-81.50723719596863
zu_bd3r2GIA--28,static,14,-94.99955759942532,5,-81.76803098618984
Xmm9ZyMy12g--13,static,22,-140.5949683189392,6,-108.97882866859436
NTc0m4Q1-xU--0,static,17,-100.66377426683903,7,-74.03284721076488
9xc24mAlprE--14,static,23,-136.6514628827572,9,-116.01866257190704
Rc99bcSdhak--5,static,37,-227.77692940458655,11,-174.11873020231724
HBQwzyxvkZA--286,static,24,-139.7119743078947,10,-101.7924177646637
Zc2bgIDZ-Ks--79,static,15,-68.28751424700022,4,-40.217601269483566
wefigjf46u4--10,static,8,-35.74233055114746,2,-23.63580709695816
wSEeoT9BqE0--2,static,20,-102.77243521809578,7,-79.23941194266081
o9DARfrZg2o--0,static,21,-156.5988496541977,7,-121.59189021587372
DP1ly_MsHHQ--15,static,30,-139.32616282254457,7,-113.56209936738014
C-cgPb_N2dY--16,static,21,-110.6930903121829,7,-59.710824236273766
6U9AFGakrn0--5,static,14,-65.10837898403406,4,-31.948271468281746
0kldzhToGLc--15,static,10,-44.369399741292,3,-19.49354526400566
oyWhLo5brto--1,static,21,-136.66635392606258,9,-85.14470505714417
bqE5C2tmc9c--13,static,14,-117.57326403260231,6,-79.4493727684021
ijrjSBx7WTc--32,static,21,-107.02462537586689,7,-80.14185243844986
MYGqMojGwBE--149,static,17,-85.05571061372757,3,-36.67652201652527
n12WICGyBJ4--43,static,17,-89.26757590472698,6,-74.70625597983599
Zc2bgIDZ-Ks--43,static,19,-126.99005325138569,4,-45.6566164791584
IjeHLt1vNoM--9,static,20,-127.68308974802494,6,-73.67309395968914
rYcw__0tDhw--1,static,33,-176.19685767591,8,-143.479566834867
Sqa3ig2NN9Q--4,static,14,-84.60806995630264,5,-69.668426156044
IjeHLt1vNoM--17,static,15,-88.9176747277379,5,-58.55508196353912
9b0136913690-70,static,12,-41.30697240680456,3,-30.07739197462797
Kq5HfchSWv8--28,static,15,-60.22528335824609,4,-29.01730877906084
ojYFIliNLGI--9,static,16,-68.84732437133789,6,-39.09096276760101
m3Mmtpr-jjA--30,static,23,-147.39850502461195,9,-100.32987189292908
6u-ZspWSpwE--14,static,17,-95.26743943989277,6,-67.1967882514
HBQwzyxvkZA--111,static,13,-67.19178593158722,5,-49.36911988258362
xFJw5GMtlCk--4,static,8,-40.81483867764473,1,-7.064171120524406
U5Tq9r7saZU--18,static,18,-103.46977306902409,5,-79.02149371802807
QiJgNpX3zN0--17,static,11,-54.61325582116842,4,-39.67774450778961
9bqfEh7BD3c--9,static,19,-89.52786131948233,7,-55.378124088048935
5n_IGU5rYYk--17,static,31,-167.93524376675487,11,-105.9984848164022
kES_ZNjFKz8--18,static,12,-45.78276465088129,4,-33.21184718608856
nvfK4jQ7MH0--19,static,12,-68.54247014224529,3,-46.759848833084106
LvN9Dxq2iLY--71,static,26,-108.37335743010044,6,-52.00657141208649
aDwdB7xHAOE--8,static,19,-129.50300281867385,9,-102.29155802354217
HBQwzyxvkZA--1,static,10,-37.36500883102417,2,-15.916568338871002
gW1N-ttBBTo--6,static,30,-197.33065524697304,9,-157.09885954856873
ef52bca1a454-57,static,17,-81.6435484290123,5,-33.981523513793945
_r1S90f_nsM--13,static,13,-67.83125976473093,4,-31.52474072575569
Xmm9ZyMy12g--12,static,16,-90.39749111235142,3,-43.09277278184891
fulQKWknVhw--29,static,34,-235.6960213407874,12,-191.17776894569397
BTqVQCBPUzg--116,static,10,-54.068983383476734,2,-25.38629562407732
Zc2bgIDZ-Ks--9,static,16,-76.66829597949982,4,-39.12469547986984
eBj_HUu0CNw--22,static,13,-80.89014568179846,5,-56.40669023245573
K4eNr2k2Lls--33,static,29,-186.5013115927577,10,-154.45723865181208
jMdxYlvrkbk--10,static,24,-160.34697633236647,9,-125.72652401775122
jLwvQ4URDFY--3,static,28,-175.53053684532642,14,-125.94183038175106
R6_v5nqXuGg--14,static,18,-121.73198252916336,7,-100.67288875579834
Sqa3ig2NN9Q--25,static,20,-141.530887670815,3,-83.19525332003832
gW1N-ttBBTo--10,static,37,-216.55843902379274,12,-174.05704873800278
cw1YIV30nQM--20,static,21,-129.5264886394143,7,-80.90703183412552
BESRE5mtipE--1,static,20,-93.79870596528053,5,-69.66299757361412
KHL0wkbu0-s--8,static,24,-142.57746981084347,9,-91.95958249270916
eGkBCS1t9-E--20,static,22,-125.30167021602392,5,-104.10891143977642
EIwWHTO5rZw--14,static,13,-74.56768596172333,4,-35.40652146935463
eBj_HUu0CNw--24,static,17,-108.2031566426158,6,-60.35045229643583
gXa0qcoWrsQ--12,static,21,-120.85937523841858,6,-82.52057731151581
80Cx4CH-AVI--8,static,21,-142.81054392457008,6,-107.5043766349554
ckGC5hUffDU--2,static,19,-118.56792178750038,5,-113.29756295681
K5lgB4YzOO0--6,static,19,-112.04326049983501,5,-80.93905879557133
-X_zmve1y00--12,static,18,-101.94379781931639,8,-80.74706269055605
xFEQrtosric--7,static,25,-160.56900855898857,10,-150.96176140755415
HBQwzyxvkZA--121,static,22,-109.4245146214962,7,-75.33740022778511
bOZ_Lap5FNA--11,static,19,-107.07001414895058,9,-68.04690562188625
rYcw__0tDhw--2,static,21,-137.51052257418633,8,-106.26866598427296
xFJw5GMtlCk--10,static,24,-154.062586709857,7,-105.76663872599602
9b0136913690-106,static,8,-38.38920983672142,3,-24.722873613238335
rZG7T9ujMEo--21,static,9,-56.97766983509064,2,-24.57345485687256
mXq8axygjdE--51,static,36,-174.79385952278972,15,-108.67923277616501
m-w_78fDg9M--18,static,17,-101.22071498632431,4,-49.220690071582794
XcXCB---N9M--3,static,20,-121.35694424808025,6,-74.96257906407118
K4eNr2k2Lls--2,static,16,-88.32113891839981,6,-67.35322576761246
BTqVQCBPUzg--154,static,8,-29.849255323410034,3,-22.696519657969475
Zc2bgIDZ-Ks--60,static,17,-67.85625388473272,6,-47.5555622279644
gW1N-ttBBTo--7,static,28,-201.1970644146204,10,-173.93876032531261
0bk98uIiTS8--32,static,30,-186.3619370907545,12,-167.09966771304607
BTqVQCBPUzg--148,static,12,-80.99660573899746,6,-55.85721527040005
lAFiWmUUHOg--25,static,27,-162.03990264609456,6,-120.70110781863332
bGqx2eKgdB0_e4,static,10,-59.96637833118439,3,-41.01668584346771
ZVE_KjrY_po--21,static,8,-46.288169860839844,2,-30.586620271205902
BTqVQCBPUzg--34,static,13,-60.10352601110935,4,-47.92887079715729
XcXCB---N9M--20,static,30,-174.6455846875906,8,-120.15694759786129
o9DARfrZg2o--9,static,13,-77.43467710912228,3,-27.888877391815186
HBQwzyxvkZA--228,static,13,-65.26640877127647,4,-53.024147510528564
80Cx4CH-AVI--2,static,29,-195.58299624174833,11,-146.53214658796787
Zc2bgIDZ-Ks--12,static,11,-53.3193052560091,3,-14.048430740833282
vbq8QbOwOt4--7,static,17,-102.35624006018043,6,-45.96008273586631
HBQwzyxvkZA--291,static,31,-140.50774846971035,9,-95.9685617685318
i4j5Bj2NL1c--9,static,19,-136.48830884695053,6,-94.49395069479942
5QMD024bDYs--8,static,21,-115.68647606670856,6,-96.46954365074635
faZQNy4aErk--44,static,24,-182.89417035877705,9,-144.02147722244263
oPITLi0VKh8--18,static,13,-70.92925173044205,5,-51.30801796913147
Xmm9ZyMy12g--14,static,16,-72.17909400910139,5,-31.520798683166504
-X_zmve1y00--29,static,11,-48.37830778956413,4,-44.97974342107773
HBQwzyxvkZA--278,static,12,-72.63251504302025,5,-46.361225605010986
OEM3CR-HYmk--2,static,13,-81.67817014455795,4,-70.05939710140228
1xJ_dkBcAIU--20,static,20,-130.18956702947617,6,-95.83205497264862
IoifXQnhN4E--5,static,9,-73.86257946491241,5,-59.103267550468445
jMdxYlvrkbk--6,static,15,-86.38833522796631,5,-44.03340494632721
q4RnudGCU18--5,static,22,-98.6776558086276,6,-67.24856858700514
lcBujGRLwE0--30,static,25,-148.87610118836164,9,-97.21474678069353
egjhIFJbR2I--8,static,16,-56.567341858521104,5,-27.566811317577958
oAhfJ8yB1j0--5,static,27,-167.90981984883547,10,-151.6022276505828
klepEQSaeIk--15,static,11,-51.67452023923397,6,-48.24364358186722
Rc99bcSdhak--27,static,30,-183.37626552581787,10,-107.2025783509016
iwYL-ivQm6o--3,static,29,-168.11387237906456,9,-121.04940822720528
MYGqMojGwBE--248,static,24,-169.16978299617767,8,-108.90980172157288
mjvqIq_fvRY--12,static,23,-117.06454536318779,6,-87.72665712237358
s_8IbRRsr0Q--1,static,28,-177.75089090317488,8,-110.1356867402792
6OlSDCcwM10--2,static,7,-32.08007687330246,2,-17.05189472436905
m3Mmtpr-jjA--44,static,24,-124.91957838833332,6,-74.82044872641563
9b0136913690-31,static,17,-75.99529779143631,5,-43.566002206876874
HBQwzyxvkZA--207,static,13,-63.379712998867035,4,-44.21168094873428
Nv3WLYio7Lc--9,static,17,-83.49494940042496,5,-60.61546730995178
Nv3WLYio7Lc--14,static,11,-55.13688424602151,5,-45.96247123926878
hYNyIXYmoYs--2,static,19,-112.00594112277031,8,-88.60485781729221
ef52bca1a454-69,static,9,-48.232611775398254,3,-19.04362154006958
HBQwzyxvkZA--90,static,11,-72.45710682868958,4,-43.423178911209106
C6CIPVno_yQ--21,static,22,-153.6452511921525,8,-115.47554877400398
LvN9Dxq2iLY--26,static,22,-168.97900134325027,7,-158.1303186416626
HBQwzyxvkZA--318,static,18,-105.82110324501991,8,-80.8848170787096
zu_bd3r2GIA--30,static,18,-111.02026677131653,7,-79.59208722412586
oAhfJ8yB1j0--3,static,23,-148.9716144129634,6,-135.40874885767698
5n_IGU5rYYk--6,static,17,-85.4713032990694,6,-39.095661878585815
nvfK4jQ7MH0--27,static,17,-90.45410124957561,7,-70.99383097887039
kytITkHoyls--15,static,21,-124.35870269685984,5,-77.97925853729248
dPuKX_lM4Zc--120,static,31,-186.32069110497832,13,-103.42315363511443
5n_IGU5rYYk--3,static,21,-120.92704424262047,7,-100.58660231530666
dPuKX_lM4Zc--129,static,23,-110.82673412561417,9,-67.2146246433258
9xc24mAlprE--26,static,18,-96.46833477169275,5,-88.91974533349276
oyWhLo5brto--5,static,21,-113.10155555605888,5,-65.42494061589241
ojYFIliNLGI--16,static,37,-215.78235586732626,13,-173.3839289918542
LvN9Dxq2iLY--124,static,18,-78.81023932155222,4,-37.577816671691835
lcBujGRLwE0--4,static,34,-181.96492762863636,12,-146.72325468063354
wwpptVjgAws--7,static,39,-264.79267740249634,10,-223.30652436614037
Kq5HfchSWv8--18,static,16,-74.21951778233051,4,-32.69693750143051
mjvqIq_fvRY--6,static,27,-180.14726816117764,10,-131.4667820930481
Nv3WLYio7Lc--13,static,30,-163.12948091328144,7,-109.88574640452862
6_yO8Lc8Hd4--7,static,14,-91.9854197204113,6,-78.02330461144447
0Z5d6D2vBbc--6,static,17,-112.68658135831356,8,-83.10957971215248
80Cx4CH-AVI--11,static,28,-176.7109031677246,9,-101.69091039896011
xFJw5GMtlCk--5,static,24,-167.01712465286255,10,-107.64893239736557
9b0136913690-80,static,17,-92.7038751244545,4,-38.839980125427246
AVb1VABiJJ8--9,static,19,-110.67097079008818,7,-77.60301122814417
xFEQrtosric--4,static,14,-81.36774764955044,4,-40.66289383172989
iGdg-iGlUFg--2,static,42,-280.29132267832756,12,-191.02556723356247
wUH1dDbu9B4--26,static,23,-162.83000095188618,6,-156.38652059435844
LvN9Dxq2iLY--101,static,14,-81.05943344533443,4,-53.60769879817963
HBQwzyxvkZA--67,static,9,-26.528489470481873,2,-9.445635348558426
QiGhWfjM2FI--1,static,19,-123.10263925790787,9,-92.00540027022362
LvN9Dxq2iLY--168,static,9,-26.688487097620964,4,-16.676182866096497
MYGqMojGwBE--2,static,18,-123.42151926830411,8,-69.17602096870542
mjvqIq_fvRY--18,static,14,-95.22792215645313,7,-76.95606891810894
m-w_78fDg9M--3,static,17,-102.03976334631443,7,-79.963599011302
8E-llRXuhl0--22,static,20,-141.02344848960638,7,-116.70798728615046
lPzmjeJmsXo--2,static,32,-222.50615722686052,13,-197.89494343101978
rYcw__0tDhw--10,static,22,-155.98163451254368,6,-119.34492586553097
mXq8axygjdE--62,static,9,-44.33336514234543,3,-28.35035365819931
AZ2s4Adm9RU--1,static,28,-158.88835740089417,7,-60.04220524430275
CRJSZ2e7BU0--4,static,25,-195.9740719795227,10,-155.08428359031677
HBQwzyxvkZA--272,static,14,-77.54734420776367,5,-48.70658779144287
kES_ZNjFKz8--16,static,21,-122.65517946705222,8,-114.89784872531891
MYGqMojGwBE--206,static,13,-61.122403755784035,6,-48.87491248548031
glNqZ8w4iy8--5,static,11,-36.88694386952557,3,-27.512625597650185
Rblg5TE6TI0--30,static,34,-233.3966585956514,12,-148.41432721540332
809a3a5e02d1-77,static,11,-71.91070196032524,4,-56.443676471710205
lSLqIyupXrk--5,static,17,-113.19876888394356,7,-98.09513927996159
eabe1f38221a-48,static,10,-38.39049750752747,3,-29.810132706537843
jLwvQ4URDFY--5,static,11,-42.23077141493559,4,-30.21978559345007
m3Mmtpr-jjA--2,static,11,-54.330665558576584,4,-50.80328071117401
HBQwzyxvkZA--155,static,22,-104.73303424939513,7,-79.722620844841
K5lgB4YzOO0--12,static,15,-101.50043085217476,6,-80.25180568546057
Rblg5TE6TI0--1,static,23,-144.49186132475734,7,-76.41180273890495
dkavvNigK7s--27,static,27,-184.23518808931112,12,-151.76761005073786
NaXDBBT5pkw--3,static,11,-48.42231824994087,4,-31.51543664932251
LvN9Dxq2iLY--164,static,20,-92.57092725485563,8,-62.136547826230526
vZt56rnH8QQ--3,static,11,-64.68080346658826,5,-62.47409622743726
mXq8axygjdE--67,static,12,-45.65913179516792,4,-26.565212607383728
7byz3fdI-Ss--7,static,18,-87.44979140907526,7,-72.01524199545383
dkavvNigK7s--9,static,17,-111.5255618095398,6,-89.92660844326019
g4GfKC7z-2M--9,static,19,-120.16881793737411,5,-107.96356493234634
6OlSDCcwM10--20,static,16,-100.22936304658651,8,-79.87145044654608
KI0avgGkWiU--1,static,23,-146.6084154844284,7,-91.04812207818031
iwYL-ivQm6o--0,static,7,-48.45274829864502,3,-27.36593008041382
OEM3CR-HYmk--19,static,18,-79.06881398707628,4,-66.98729950934649
6OlSDCcwM10--11,static,17,-106.2904673665762,11,-92.98616126179695
e4rWudmfrfY--0,static,9,-56.334460616111755,1,-12.376951575279236
o44YnPMhwPU--1,static,11,-43.848812486976385,3,-31.739399041980505
