uid,condition,hypothesis,reference,sent_chrF,content_overlap
l9bZYazJQ1w--7,correct,"When he reached there, his wife and daughter-in-laws of the baby was ruined.","On reaching home, his wife was shocked and he told her the whole tale.",30.302817956285903,True
9b0136913690-114,correct,Why did Sahoo do all the time? 4.,Why did the barber take so long to shave the sultan? 5,17.305057183051282,False
ZMsnY_khlNQ--12,correct,"When asked for the child, he asked for the delivery agent.","When she confronted the man, he said he had sent her a wrong QR code",19.76813079780616,False
809a3a5e02d1-67,correct,How did Habar's help us?,Who agreed to help Hellen? Four.,11.344145734880643,True
DP1ly_MsHHQ--36,correct,She said that this is not the case in Mumbai. A curtain may not be the same.,Raut said that Mumbai has always been a part of Maharashtra and will remain so.,24.68874616932612,True
dPuKX_lM4Zc--118,correct,in a circle and a describing the whale.,The second column tells us how they will look on one third term and the third column is about how they will look on one sixth turn.,6.84231968676067,False
wwpptVjgAws--20,correct,The ED has conducted a training facility in Delhi which has 35 Deaf people.,Another cafe in Delhi ‘Echoes Cafe’ is also run by the Deaf! It has a branch in Hyderabad and a total of 35 deaf people work there.,21.374518869485936,True
48couwymlMM--18,correct,My motivation was very sorry.,"When Roshan touched his face, the doctor started crying and became very emotional.",11.07305260960361,False
809a3a5e02d1-108,correct,And the following sentences are given below.,blank space has been provided for your answers.,12.249001658191332,False
4DhGy83DK_s--30,correct,People from the locals want to visit J&K.,The MPs must talk and interview the local Kashmiris.,23.335259847371972,False
rZG7T9ujMEo--0,correct,Now in 2022 2022 the number of liquor-spins of liquor-signed surgeries & food items.,"In 2022, ordering food at home through apps like Zomato and Swiggy has become a regular practice for almost everyone.",15.030135802121544,True
7byz3fdI-Ss--0,correct,"Jasprit Matthura is a well known child for growing many children,",Jack Ma was born and raised in a very poor family.,19.169958823041995,False
eabe1f38221a-18,correct,"But I feel better, I have no more. First, I'm telling you.","to bow and help her on her way? But no, I'm ashamed to say that when a lady frog comes by.",13.076881253133262,True
0kldzhToGLc--6,correct,and that is why he called the law for the women’s wife’s sperm.,"and if he wins the future elections in scotland, he will make Gay marriage illegal.",16.150538923905128,False
pMbMjjSj1fM--17,correct,The Kerala police had imposed such strict rules.,"due to strict lockdown rules imposed by the Kerala police, no one was allowed outside.",36.01007682443723,True
MYGqMojGwBE--267,correct,What do you think? This is the food that comes in the,just for you! Just to give you all the nutrition you need!,13.132781514163039,False
C-cgPb_N2dY--9,correct,An Indian embassies along with France,"The Indian Embassy in UAE,",30.28483034965692,True
ef52bca1a454-22,correct,Have you ever seen love to cook?,Does the little girl love her granny?,12.995560947915719,True
fulQKWknVhw--7,correct,I will tell you about King Charles's death. I will tell you about them.,Let me now tell you about Queen Elizabeth II's life.,31.16349630631308,True
ijrjSBx7WTc--84,correct,"If you have any one or more objects, how do you use it?",How would you look after it?,16.291254777011957,False
oAhfJ8yB1j0--10,correct,He was a kind hearted man who helped him win.,and for his moral values.,11.896294131020818,False
Zc2bgIDZ-Ks--72,correct,"But later, all the old people came back.",But an old blanket was all that came out.,25.417698958438674,True
mjvqIq_fvRY--11,correct,But there are many problems in the family.,Pooja spoke about the hardships she faced including opposition from her family.,20.49057758793079,True
IoifXQnhN4E--4,correct,The police laundered him for his facility and recognition.,During interrogation he confessed that he had submitted an application to the bank to secure a loan.,14.107060050579765,False
HBQwzyxvkZA--276,correct,"Again, money laundering began.",The speed of the deer helps them to run away from the predators.,6.406136195686267,False
o44YnPMhwPU--12,correct,The MLA’s brother also appealed to the police station to give him information to the police.,The MLA's brother then had the girl's uncle arrested.,30.94041364116643,True
myIXH3PjvoI--76,correct,and talk about them. B,So the area of my shape is 10 square centimeters.,7.545802925919654,False
faZQNy4aErk--15,correct,I did not want to pay taxes.,If a person did not have PAN card he could not file returns. That is not the case now.,10.67692235115974,False
Rc99bcSdhak--0,correct,This is not the only way to target India and its neighbourhood.,Many of you say that India is not a safe country as there are a lot of rapes.,22.337536420425728,True
0kldzhToGLc--2,correct,because of the coronavirus pandemic. She also worked very hard to curb the COVID pandemic.,the COVID-19 pandemic was caused due to same sex marriages.,32.592007032183155,True
5n_IGU5rYYk--30,correct,"Also, they also used the mastercard.",She wrote a short note in his passport and told him to walk to Slovakia.,9.53643960468944,False
myIXH3PjvoI--89,correct,Have you ever seen many shapes with many shapes?,"If you draw like this, the area is still 10 square centimeters. Questions.",11.057121048196574,False
S9ymb66ZqqY--9,correct,Hundreds of garbage heaped all over the world.,to get dry fruits from other countries. As the festival season like Navratri and Diwali is soon approaching,10.062286168578709,False
dPuKX_lM4Zc--54,correct,Below this we see the picture of a square grid on the page.,Pass the pin through the holes and fix it in the stick.,19.357969092652247,False
oPITLi0VKh8--10,correct,The law has been passed by the PPSA.,"Mufti was arrested under the Public Safety Act,",12.93388423331738,False
17OIKvJmrK8--4,correct,"According to Delhi's Dharma Protection Forces (CRAG), there are different types of COVID-19 vaccines.",Delhi Airport has said that they have two cargo terminals,19.538437652787557,False
yb7efY9x78U--12,correct,The entire sub-collection of property was 88.5 crore.,"These 500 rupees notes were worth ₹88,032.5 crores are missing.",21.40302114915254,False
zu_bd3r2GIA--9,correct,She has been suffering a lot.,Harry had a lot of health problems since long.,14.402900005794303,True
eabe1f38221a-5,correct,"Just when you go to school, which a dog or a dog or a shoe.","When you have a holiday from school, what do you do? Would you behave a little like the frog in the following poem?",18.287662251581818,True
QiGhWfjM2FI--31,correct,At the same time he came to light and solve his problem.,Finally Ajay’s bodyguards were able to move the man away and the car sped off.,16.75778106411745,False
fvHtYcL913U--3,correct,More than 25 million dollars in Jet Airways.,This account has over 2.5 million followers.,27.408257230609323,True
sktRu3sp97g--4,correct,He was responsible for controlling the spread of the virus.,It is not the local police or village panchayat who are responsible for this.,30.46640631922871,True
BTqVQCBPUzg--97,correct,Here are some space given below with the questions.,Column 2 says Number of Children.,11.899701340963635,False
hYNyIXYmoYs--17,correct,Now the Taj has Eiffel Tower and homework is very difficult. There are many financial issues.,"increase in tax, property, house rates will make real estate even more difficult to sell or purchase.",22.597821587450305,True
3Pk2c_Z4ahk--1,correct,The meetings have been hosted by many events.,for meetings and future plans.,27.97858107306906,True
9xc24mAlprE--1,correct,He even killed Naresh Hamida's death.,"and Mansukh Hiren’s death came out,",22.158022879788213,True
ZMsnY_khlNQ--7,correct,"If he tests were successful, then he will be able to locate money and transfer the amount to his account.",The deal was then fixed and the man transferred a small amount of money into her account,35.40074024636745,True
fulQKWknVhw--42,correct,Do you think they are not alive? Let us know in the comments.,do you think that we should mourn Queen's death? Let us know in the comments.,54.91383845961505,True
W4YzurwHpfw--6,correct,Now two terrorists fled and escaped.,"During the gunfight, two terrorists tried to escape.",37.734602700655316,True
glNqZ8w4iy8--9,correct,180 people ran away when they woke up.,it is very difficult to speak to people because of the loud music. No matter how loud you speak it is difficult.,9.183132818762113,True
o44YnPMhwPU--25,correct,A car will be parked near the route.,They were in the car when suddenly a truck rammed into their vehicle.,12.432841065993177,True
UBnqDwRds3A--2,correct,"Kamat and her family took her to Harvard University,",The police took Raj Kundra to his Juhu residence.,14.573631690865966,True
wmTrG799MAo--19,correct,"if they are close friends and talk to them, they are not fulfilling with them.",Biden said that Trump does not know how to treat allies,18.942630565466768,False
lPzmjeJmsXo--13,correct,"In response to the ATC, Goswami and MLAs to support Sonia Gandhi.",One groups of MLAs supported Gehlot while another supported Pilot.,21.974675675793222,True
ZCBew8Fv0qA--12,correct,What do you want to change the telephone?,But why was the name changed? According to International rules,18.96632149586556,False
39at7Lxu6Yo--19,correct,"Many tax officials do not have tax deduction of taxes, including him.",Many Investigating officers questioned Ratan Puri in the past about his alleged tax evasion & investigation is still going on.,15.547443396004104,True
EIwWHTO5rZw--8,correct,Even though the Abhinya prays for Ram Vilasma the temple is completely wrong.,The ABVP claimed that Members of left organizations tried to stop a Pooja from being organized.,13.89846197919995,False
MYGqMojGwBE--116,correct,I shouldn't just be awake.,"So the next time you see forks and spoons on the side of your plate,",6.317589582891617,False
BTqVQCBPUzg--47,correct,There's a small house and a small house.,which other animals can be kept at home.,15.34294558488107,False
myIXH3PjvoI--93,correct,We thought it would have been a picture of a dish.,Try some other ways yourself.,11.993041648967374,False
bU_v22EtHIU--1,correct,They have taken money from all banks for the economy.,Currently the currency used in El Salvador is the US Dollar.,12.366840871151206,False
uR-nzhB6D8g--2,correct,"When the government orders to contact the people, they all have to contact the people.",The government has distributed food to them through the Ration systems.,27.53245251824621,True
OEM3CR-HYmk--15,correct,It is perfect to remove the object on the way to the terrace.,These are the best as it would go inside the manhole with the instructions given by the operator,17.029404199411612,False
uR-nzhB6D8g--3,correct,There are many NGOs and poor people do not have funds.,Many NGOs have distributed food as well because feeding the poor is priority.,20.909166396169784,True
NaXDBBT5pkw--6,correct,"There were a total of Rs 1,80,000 crore in cash.",It is worth Rs 1.8 lakh crore,22.27167431162712,True
wefigjf46u4--2,correct,The family received the COVID tests in the hospital.,The family forced the doctors to test the Deaf man for COVID-19.,31.83592727369674,True
MYGqMojGwBE--30,correct,and our body will not be able to digest it,"And if it won't digest, then how will it come out of your body?",26.55551132344983,True
fYxijWb0b_s--9,correct,The occupied the confession on the 30 minute inside the room.,It is a virtual reality space where people can play games with each other.,13.365549434493811,False
Rc99bcSdhak--16,correct,The woman was an inconstructive against the men and women had to escape from there.,"When she could not take the torture any more, she escaped.",22.6650349078818,False
_IyhoG9jXuM--15,correct,as she was not doing any job. She deteriorated her life and decided to quit her life.,They were surprised at how she did not feel any pain. She was lucky to the have reach the hospital in time.,20.735992708923387,False
uYaUCNl1j10--12,correct,The apex court announced that India is very expensive.,SAI Twitter handle acknowledged the effort of the Indian team at this event.,17.57789228250202,False
o9DARfrZg2o--16,correct,Now the government is in touch with the Deaf,The Gujarat government also said that the two institutes,27.579982622701504,True
MYGqMojGwBE--42,correct,and the cook would be coming out of school.,and keep throwing ingredients into it while casually something or the other?,11.685545895788483,False
ixXF2UGOyoU--5,correct,and Rajawadi Party (MPP) are the BJP.,have left them to join the BJP.,22.38056212701441,True
BESRE5mtipE--0,correct,We love to eat dogs and sweets.,"Many people love their pet cats, dogs, parrots, etc.",20.028742390181108,True
8DmlFztO2XM--2,correct,IMD has been deployed in the state of Uttar Pradesh and Delhi.,"The IMD also alerted that parts of Puducherry and Andhra's Guntur,",17.682805403437843,True
jLwvQ4URDFY--1,correct,When the 197-year-old crew found that SRK's Rohtak was rescued by a train from her AK-47 rifle.,"Mumbai Police found a boat with 3 AK-47 rifles and bullets at Harihareshwar Beach in Raigad district, which is 190 km away from Mumbai.",21.250214432209827,True
5QMD024bDYs--15,correct,"In India, people are not happy with the removal of Citizens.",I want to tell the country that we are withdrawing the laws as I want peace.,16.30569316015157,False
jLwvQ4URDFY--31,correct,"Vice-President, Vikas Patil said that the Mumbai Crime Branch will interrupted.",Mumbai Police Commissioner Vivek Phansalkar said that three teams of the Crime Branch would be probing the matter.,32.47815509307552,True
aDwdB7xHAOE--1,correct,"On 1st January 2022, he woke up in the morning of January 2022, I was headed by the AAP party.","on 1 January 2022, woke up to see herself listed for an “online auction” of Muslim women on an App.",25.998258681108805,True
wSEeoT9BqE0--13,correct,The person's son was killed in the attack.,They thought it was better to buy a house.,14.295842299128378,False
d5Lx_5-UiHY--41,correct,Below this we see the picture of a garden.,The first one is already marked. One.,13.254601257175388,False
BTqVQCBPUzg--18,correct,Here are some associations given below.,Help Yamini complete the table.,12.388215438699694,False
faZQNy4aErk--62,correct,This is because India aims to invest in the money in the market.,This is to encourage foreign investors in India.,31.001275406589475,True
LvN9Dxq2iLY--88,correct,and they were made for the exams.,will be there no more. Women's,15.338500679859624,False
HBQwzyxvkZA--256,correct,We know that we can focus on our western system. Page number 85.,The surroundings change and we see different kinds of adaptations.,15.25994239721205,False
xFEQrtosric--18,correct,He has been working as the last 14 years for the last 14 years.,Arun Jaitley was the President of DDCA for 14 years.,27.469092153782594,True
KmW8f1GVTYY--40,correct,"to evade tax from India, companies, governments, electricity, cars, bikes, etc.","India too has taken a loan. It is similar to how we take loans for buying a house, mobile or vehicle.",15.785336273397983,True
nXA9Qpj2z7E--6,correct,Passengers come out of the subscriber.,in exchange of the civilians in the aircraft.,15.652517804199984,False
kytITkHoyls--7,correct,"For the first time, in 4 hours, the baby was buried and badly beaten up for seven hours.",At around 4.00am the battery exploded. Shabbir was grievously injured while his grandmother sustained minor injuries.,18.374603184153663,False
ef52bca1a454-6,correct,"I am a boy, a boy, a boy.","Granny, Granny, please comb my hair.",8.845721790916755,False
iwYL-ivQm6o--19,correct,This is the first time that there has been a lot of wars going on for a long time.,after the Pulwama attack this was the first attack of this kind.,26.544721421796,True
9b0136913690-41,correct,"However, it seems to not break the rule when it happened.",He then began narrating another story which lasted half an hour.,17.271890735519438,False
K4eNr2k2Lls--1,correct,Earlier this is DCS which has been converted into IDS.,It was formerly known as Deaf Cricket Society (DCS) but was renamed to IDCA.,14.977684332520786,True
pMbMjjSj1fM--28,correct,The award was given to some animals who are staying in a airtight container.,through the representatives of the villages.,18.85215137579104,False
MYGqMojGwBE--161,correct,"Along with the other hand, they place one longer be able to buy it.","but when you cut it into small pieces, how much time does it take?",13.19990593308981,False
mXq8axygjdE--32,correct,It's near my describing an an aunt. And how he is....,"Suddenly, he heard a voice cry out. Quick, hurry up!",10.539394430489155,False
4vfboqjtAXo_d,correct,"to trust someone or something, especially something enjoyable","a liking for, an enjoyment of, or a habit of doing something.",28.643079824069268,True
HBQwzyxvkZA--261,correct,the old manholes beats in the Himalayas.,Look at the picture of a lion and that of a deer. Figure 9.8,11.714917229173672,False
CAzt5cxtSjQ--23,correct,"The Karnataka High Court had said that, the decision was taken.",Karnataka High court has decided to ban hijab.,45.81947005484894,True
d5Lx_5-UiHY--51,correct,when all of them in the form of Brahmins.,352 children from a school went on a camping trip.,12.73442678665723,False
klepEQSaeIk--9,correct,"The vaccine is normal, but the number of infections are low.",The 2 doses of the vaccine reduces the severity of the infection.,33.96796518945595,True
48couwymlMM--10,correct,Dr. Satish Rai is a doctor,The Doctor's name was Sanduk Ruit.,18.153047436207107,False
K4eNr2k2Lls--0,correct,The IDCA of the Indian Cricket Association (IDCA),IDCA is the Indian Deaf Cricket Association.,65.99756228957393,True
zu_bd3r2GIA--16,correct,It is an undisclosed life because of Ukraine is unbelievable.,"He believes that earlier he looked old, but then after drinking urine, he looked younger.",15.312325141540272,False
ef52bca1a454-76,correct,and would provide sweets or sweets.,Call out the picture and write his name.,13.560203945858298,False
ixXF2UGOyoU--2,correct,"If the customer had been fired, the customer was at the spot.",Some members may be removed and a new person will be appointed.,12.99037118452128,False
o44YnPMhwPU--37,correct,The company said that Malaysia was a member of the family.,Her mother said that the MLA was responsible for everything that happened to her family.,23.482303987877533,True
CRJSZ2e7BU0--12,correct,"During the intervention of the match, Bhagwant Singh Gadkari and his mother-in-law went to Delhi.","Along with his mother, Abhijeet reached Delhi and so did CM Sarma.",28.066507336512885,True
91GVHgxW8RA--2,correct,This is a story. Let me tell you.,Shocking! Let me tell you.,53.573375188393676,True
gXa0qcoWrsQ--7,correct,This will be able to insufficiently in all the parts of India.,"Whenever the metal detector went past his hips, it started beeping loudly.",16.067601878972802,False
m3Mmtpr-jjA--42,correct,He went to J&K and told journalists that he beaten up the rights of Muslims.,She said what about the various journalists that have attacked the BJP and have been arrested.,30.402508107929116,True
lcBujGRLwE0--29,correct,"The MINU said that, the Indian Army will reopen till 5th March 2020 and till March 5.","Therefore, after returning from China, President Muizzu asked India to withdraw all military troops from Maldives by 15th March 2024.",20.07193542095295,True
MYGqMojGwBE--205,correct,"So when we get up, we have to take a step back again. If they haven't found there,","By giving this break, you'll be able to find out that your body had no need for it",14.687754375254375,False
d5Lx_5-UiHY--22,correct,We have a drank more than 3 litres.,A tank is full of 300 litres of water. How much water will be filled into?,13.505195300537503,True
9b0136913690-89,correct,This is not good for them.,But the Barber did not hurry.,12.368618824593176,False
8E-llRXuhl0--5,correct,"The MSRTC has a total of 4,500 employees in the bus.","MSRTC has 4,500 women conductors, but it does not have women bus drivers.",22.94135507381012,True
iGdg-iGlUFg--11,correct,"He was even more than 35 years old, T20Is like T20 & West Bengal.","The 35-year-old has played tests matches, ODI and T20 matches",16.83209181108341,True
jMdxYlvrkbk--9,correct,The ICIR announced that the explosives was not allowed in the past.,Earlier there was no bar on the age of a cricketer to play any form of international cricket.,15.185351272189449,False
vbq8QbOwOt4--15,correct,"Hence, she has decided to step down as she has decided to step down.",This is why people decide not to have children.,20.94806525331093,False
m3Mmtpr-jjA--8,correct,The wife then went to the police station.,but his wife tore the papers.,25.362510237047932,True
o44YnPMhwPU--11,correct,She was unfortunate. She did not know what she was with the police.,Her father then died while still in jail.,16.284621685844698,False
o9DARfrZg2o--12,correct,They are still absconding.,But still children are malnourished.,18.70733065302497,True
rYcw__0tDhw--9,correct,about 10 districts of China who are currently in the 10 districts of China.,in 10 Chinese provinces. They were tested in veterinary hospitals.,17.071066666047344,False
eabe1f38221a-51,correct,to understand and read the lesson.,Refer to the poem and understand.,40.88698970435065,True
HBQwzyxvkZA--116,correct,They are smaller than others. Do you think it is?,plants that live on the earth.,19.95703881565197,False
LvN9Dxq2iLY--139,correct,There is a small rectangle. They are arranged.,to set up the factory.,9.080123126577387,False
8w6k4jEJJlU--19,correct,"The President NAD said that Deaf individuals across India are infrastructure,",Mr AS Narayanan said that there are very few interpreters and many do not know sign language.,19.3578052987464,True
Kq5HfchSWv8--7,correct,"Lived after the second wave, the LAC",This year the voter turnout had decreased.,18.055080910068263,False
NDYHcIF50eE--2,correct,This year there is a lot of stigma.,In 2021 there were several bizarre food preparations.,13.197758194442354,False
809a3a5e02d1-65,correct,What are the boys doing?,What kind of girl was she?,19.779130817722752,False
AVb1VABiJJ8--18,correct,They are not allowed to travel from China and other international Apps.,China had banned international Apps in China long back.,41.954050616689884,True
HBQwzyxvkZA--265,correct,You will find out which of the Shepherd?,Do the features of a line help it in any way to survive?,12.030647146814127,False
ijrjSBx7WTc--59,correct,The baby was fast asleep.,The baby was fast asleep.,100.0,True
IjeHLt1vNoM--13,correct,"However, do not need to clean the house. It is better to start intervals intervals and homes,",However remember only pet dogs and cats will be allowed and they must be vaccinated.,23.14707228117203,True
BTqVQCBPUzg--122,correct,Try in Dubai. Three.,and column 2 is about number of children. Column 1 things are...,5.846891232277511,False
NaXDBBT5pkw--25,correct,"In India, 400 lakh ITs are eligible to all the Indian ITs.",In India more than 40 lakh people are employed in the IT Industry and India is the largest export business.,21.620396671977307,True
4DhGy83DK_s--8,correct,"Another user wrote, ""We were found dead in the market.",Then they killed an apple trader,16.622985136756125,False
zu_bd3r2GIA--29,correct,"If the bones are not satisfied in water, then there is a lot of water",drinking your own urine can actually speed up the dehydration,14.022012860375074,False
xFEQrtosric--19,correct,He is also a captain of Adityanath.,Jaitley was a politician as well as an avid cricket follower.,11.865750199108763,False
rYcw__0tDhw--11,correct,for the ‘Firux Consumer Texas,"They were used to study flu,",10.747357336217801,False
DP1ly_MsHHQ--25,correct,Unfortunately the identity of the case was the reason for her death.,"while the UP government brought down 11,000 loudspeakers then why not Maharashtra government.",14.500258975067556,False
myIXH3PjvoI--106,correct,which is divided into two sides.,Two sides of a shape are drawn here.,22.73309235596356,True
KI0avgGkWiU--25,correct,She thanked the company for getting off the bonus.,They thanked Dhoni for the free publicity.,26.32281127505518,True
-hZpPIT6N4U_d,correct,"the act of observing something or someone in a future, without thinking that it is very serious","to think carefully, especially about possibilities and opinions",18.03649127750722,False
myIXH3PjvoI--102,correct,Try to the right side of the page.,Complete the shape so that it's area is,13.586730165283944,False
MYGqMojGwBE--46,correct,and your healing bowels will start with you,and the ingredients should only be added when the fire is burning properly,12.686178788251457,False
3vCea9zWFek--10,correct,Let me tell you about these rules.,Here are some of the rules that have to be followed:,19.634614306132804,True
MYGqMojGwBE--172,correct,then it's the root of the hairfall,"And when I remember it, my meal is over already!",10.053096299538161,False
d5Lx_5-UiHY--100,correct,is 19.19-year-old and 9.,"is equal to 614. Before telling his father,",6.0764113473138535,False
iwYL-ivQm6o--5,correct,The argument broke out between them.,The police then fired and a gunfire ensued.,15.926938882160693,False
Xmm9ZyMy12g--19,correct,India had sent an offer of 4 materials to Russia from 9 pm to 9 pm.,The Indian Navy currently have 4 German Submarines and 9 Russian Submarines.,18.715507315278654,False
hgaKby5Mha4--15,correct,We have gotten married to the couple but intervened a few days after their marriage.,Rakhi and Adil had dated for 3 months before getting married in July 2022.,21.249072480951998,True
MnCcM6PZrug--9,correct,This is the first day of 16th February 2022.,The offer valid only for 1 day - 16th September 2022,18.25691654349351,True
bqE5C2tmc9c--9,correct,The government is now thinking of this for the first time in 265.5 years.,"The government is also planning to launch new Rs1, Rs 2, Rs 5 and Rs 10 coins.",28.14622852415037,True
OEM3CR-HYmk--0,correct,Many of India's Mohammed Siwal -sign name -,"‘Manual Scavenging’ is a term mainly used in India,",17.101630326849907,False
faZQNy4aErk--82,correct,The KEECA is an association in India.,"Under the 'Khelo India' programme, they will develop the National Sports Education Board.",11.46631655315884,False
C-cgPb_N2dY--0,correct,"On 19th May, 105 Indian soldiers were sent to Nepal for their first time.",A team of 105 healthcare professionals from India landed in Abu Dhabi on 19th May,23.767098932111978,True
AVb1VABiJJ8--10,correct,The Indian government said that it is safe for people to safeguard the data.,"Since such Apps affect the Defence of India, the government needs to take urgent action.",26.91454834155808,True
Lt5GAA6MIuM--1,correct,Hundreds of factories such as,It said that workers in Indian factories supplying goods to famous chains such as,24.37007519166268,True
gp0w_zrLgfw--10,correct,1. Ukraine's demanding NATC all the charges against NATO.,1. Russia has demanded that Ukraine must never join NATO.,32.76896866377194,True
eBj_HUu0CNw--29,correct,I will now make sure you are relieved.,He said that he will take full responsibility for this.,13.725639475351006,False
QiJgNpX3zN0--11,correct,This is so that they want to leave and have to return to the jail.,They protested and demanded that the oil packets be replaced with new oil packets.,20.338090858754676,False
faZQNy4aErk--32,correct,2. Except for tax deduction if a person is not given a job or not.,2. You all know that you get 1.5 lakh benefits on Investments.,12.747451994631687,False
aDwdB7xHAOE--10,correct,"In Mumbai, Pune, Mumbai and Pune have registered a case against him.",The Mumbai & Delhi police have now registered FIRs against the insulting App.,33.21664158176062,True
YsuSHJ3klEs--7,correct,Her parents have to register under the Kedican Productions Act of 2020,against the father of the bride under the Kerala Epidemic Diseases Ordinance 2020.,24.77340158968529,True
MYGqMojGwBE--217,correct,"If you don't have to be soaked in the morning,","When you get back to work right after eating your food,",15.086536991358809,False
8DmlFztO2XM--0,correct,"The Indian Meteorological Department has said that,","The IMD, which is a weather surveillance organisation has informed that,",21.340732309994202,False
gp0w_zrLgfw--20,correct,Russia also said that Ukraine would be demolished in fear of the Russia-Ukraine war in Ukraine.,The fourth demand of Russia on the list is that Ukraine stops all military action and demilitarise the area.,27.841293718483577,True
MYGqMojGwBE--258,correct,They have 2 litres of serving.,"When you serve food, don't mix more than 2-3 foods",12.957999200387096,False
40BjLI5XtJE--10,correct,The Congress could not do this but it was very difficult to make ends meet.,"Once a license is cancelled, drivers can appeal in a court but it is not an easy process.",16.619925650077278,False
fulQKWknVhw--12,correct,"In 1953, the British Royal Challengers Bangalore was on 22nd January 1953.",after which Elizabeth at the age of 27 was crowned as the Queen of UK on 2nd June 1953.,17.625186093035722,False
myIXH3PjvoI--122,correct,which of these lines are marked in the column. 1.,Here is a rectangle of area 20 square centimeters.,14.563761570323155,False
jMdxYlvrkbk--7,correct,This was the first time that India lost the match.,All details about the player's exceptional qualities must be presented before the ICC.,12.443095254019983,False
-X_zmve1y00--14,correct,They had found that the dogs had gone through the forest to swallow the tree.,The tree ambulance will help a tree in a bad conditionand help it to grow again.,19.057835985283177,True
sktRu3sp97g--15,correct,She is completely wrong. She is completely ready by the Deaf.,The women of the village are working hard to contain the spread of COVID-19.,14.124275931206606,False
7byz3fdI-Ss--16,correct,Now lets see what happens.,Now lets see what happens.,100.0,True
809a3a5e02d1-119,correct,Do you want to make your friend?,Now your friend will ask you the same questions.,29.092288005172858,True
Rc99bcSdhak--14,correct,and that he would have to pay for all his positivity.,She was treated like an animal.,14.880635325432124,False
v0g35qCOCwU--0,correct,"Everytime, if there are a few cases, why are awaiting the problem?",These days many couples propose in creative ways such as by giving flowers to each other.,16.97065359665925,False
N6jpL7uibFI_e2,correct,They went to Volunteers at Vismaya in Valsa. They were very interested in Valsa.,"After her trip to Venezuela, she felt inspired to learn Spanish.",17.169350142474908,False
MYGqMojGwBE--282,correct,"If you want to share this video, please share it with your friends and family.","If you found this video useful, share it with all your friends and family",62.21844970893161,True
mjvqIq_fvRY--10,correct,Praggnanandhaa was trained to learn his own family at their homes.,Pooja said she wanted to apply for a learner's license but could not due to financial difficulties.,16.45652066775501,False
lZarpnV0alw--12,correct,"as well due to unnecessary clothes, walls, etc. have suffered many injuries.",All her clothes were hand-me-downs.,25.919561077003213,True
mXq8axygjdE--28,correct,"The king heard the cave, he ran to the cave and ran towards the king.",He saw a deer and rode after it. It ran deep into the forest followed by the king. Soon the king lost his way.,25.88168259098222,True
IjeHLt1vNoM--3,correct,the negligence of the airhostess is filed by the family.,People consider pets their family but flights do not allow pets onboard.,18.861181495224276,True
6_yO8Lc8Hd4--16,correct,They will take strict action on the negligence.,"If it is good, only then it can be served. They must do this regularly.",16.31934306407447,False
HBQwzyxvkZA--237,correct,Some of these were the roots of the rain.,This helps the rain water and snow to slide off easily.,20.11620662335341,True
CRJSZ2e7BU0--8,correct,The man then wrote a letter to PM Modi and wrote to PM Modi.,"The CM politely listened and after Abhijeet left, he wrote a letter to Prime Minister's Office.",25.341424134141775,True
K4eNr2k2Lls--19,correct,from 9th February to 12th February 2020 and 12th February 2020,was held between 9th to 12th February 2020 in Hyderabad.,40.60001946513362,True
U5Tq9r7saZU--19,correct,No one was given to them.,The trust were shocked that they were blacklisted without a discussion.,6.028345013909597,False
uYaUCNl1j10--3,correct,"The company has tweeted, ""After Aishwarya Rai. I am very proud of you.”","The Sports Authority of India (SAI) tweeted, ""Congratulations, Team India won a total of 9 medals.""",17.96391423815849,True
3gKelnCwuj8--0,correct,"Now the Supreme Court's Chief Justice of India Ranjan Gogoi,","Today, the Supreme Court's CJI Ranjan Gogoi,",67.4005397186621,True
ZVE_KjrY_po--22,correct,"For example, there are many films, sports, athletics, athletics, sports, etc.","For example look at film stars, cricketers, sportspersons, businessmen, etc.",36.382412724492646,True
i4j5Bj2NL1c--11,correct,"Google, garlic, minton, giants, etc. with with 50% reservations.","If you have used up your 15 GB free storage across Gmail, Google Drive and Google Photos",13.470460863724446,True
9b0136913690-57,correct,Come on the chutney's mind.,Finish shaving at once! The Sultana exclaimed.,10.537618301924544,False
wwpptVjgAws--10,correct,A lot of such stepped out and said she had a lot of difficulty.,he also teaches then to lightly place glasses on the table and other manners. The Deaf team has grown thanks to him.,10.114077893511332,False
gp0w_zrLgfw--13,correct,Zelensky wanted to reduce Vladimir Putin to do anything wrong with dowry.,Zelensky said that the decision should be left on people to decide whether they want to be with Russia and Ukraine.,19.841555717288575,True
HBQwzyxvkZA--129,correct,the absence of plants and animals.,Several kinds of plants and animals live in the same habitat.,40.10035028332953,True
fqJW-F3WIYc--0,correct,ISH News has been circulating about a lot of incidents in the world.,"ISH News has constantly been releasing about cyclones, heatwaves, pollution, etc.",30.82447567524598,True
l9bZYazJQ1w--7,wrong_length,People are encouraging the Indian Army to wait and watch DY Chandrachud.,"On reaching home, his wife was shocked and he told her the whole tale.",16.26004992296265,False
9b0136913690-114,wrong_length,Lite the children under the water of the river. They are fed up.,Why did the barber take so long to shave the sultan? 5,15.7977106995077,False
ZMsnY_khlNQ--12,wrong_length,It will be released in Sanskrit.,"When she confronted the man, he said he had sent her a wrong QR code",7.58065234177642,False
809a3a5e02d1-67,wrong_length,Families of the deaths are on a lot of the family.,Who agreed to help Hellen? Four.,13.592322428529327,False
DP1ly_MsHHQ--36,wrong_length,"Come, I am very distressed by this. This is why I was tremended by this.",Raut said that Mumbai has always been a part of Maharashtra and will remain so.,12.096506404990352,False
dPuKX_lM4Zc--118,wrong_length,Sonu Sood has now decided to start bussiness in Belarus as well.,The second column tells us how they will look on one third term and the third column is about how they will look on one sixth turn.,10.60293048056738,False
wwpptVjgAws--20,wrong_length,"Even though, the Enforcement Directorate (ED) also collapsed and experts all over India.",Another cafe in Delhi ‘Echoes Cafe’ is also run by the Deaf! It has a branch in Hyderabad and a total of 35 deaf people work there.,16.369340264314978,False
48couwymlMM--18,wrong_length,A man is here to play.,"When Roshan touched his face, the doctor started crying and became very emotional.",5.921221727210417,False
809a3a5e02d1-108,wrong_length,"and to return home after the court's petition, they had to return home.",blank space has been provided for your answers.,14.159635101120271,False
4DhGy83DK_s--30,wrong_length,some of them in the way they occupied the birds.,The MPs must talk and interview the local Kashmiris.,15.643210995383807,False
rZG7T9ujMEo--0,wrong_length,Masood Azhar's negotiations about telecalling expenses.,"In 2022, ordering food at home through apps like Zomato and Swiggy has become a regular practice for almost everyone.",11.73472578816205,False
7byz3fdI-Ss--0,wrong_length,Tell the birds in the size of the birds and birds.,Jack Ma was born and raised in a very poor family.,10.053981106612685,False
eabe1f38221a-18,wrong_length,This is a story from the Panchatantra.,"to bow and help her on her way? But no, I'm ashamed to say that when a lady frog comes by.",11.84454241213301,False
0kldzhToGLc--6,wrong_length,Sources say that it was her daughter and she would get urinated on Twitter.,"and if he wins the future elections in scotland, he will make Gay marriage illegal.",15.857173875056388,False
pMbMjjSj1fM--17,wrong_length,Try to move the other tribals as well as ultimately.,"due to strict lockdown rules imposed by the Kerala police, no one was allowed outside.",13.924441408356959,False
MYGqMojGwBE--267,wrong_length,There was a poor house.,just for you! Just to give you all the nutrition you need!,6.88376955966928,False
C-cgPb_N2dY--9,wrong_length,"For two years during the pandemic,","The Indian Embassy in UAE,",12.235504655253642,False
ef52bca1a454-22,wrong_length,"In the fourth one, we see the same rest of the day.",Does the little girl love her granny?,13.88143507228167,False
fulQKWknVhw--7,wrong_length,which state does the shape of a rectangle?,Let me now tell you about Queen Elizabeth II's life.,9.279191932471148,False
ijrjSBx7WTc--84,wrong_length,"This is called Brahmin and Hindi, English will also be involved in the language.",How would you look after it?,6.813417190775679,False
oAhfJ8yB1j0--10,wrong_length,The firefighters in firefighters.,and for his moral values.,8.07449728490462,False
Zc2bgIDZ-Ks--72,wrong_length,"Similarly in India, one of them is the same as the Kurla.",But an old blanket was all that came out.,14.635752538936849,False
mjvqIq_fvRY--11,wrong_length,No one has been sentenced to remain in the jail.,Pooja spoke about the hardships she faced including opposition from her family.,13.21775963838044,False
IoifXQnhN4E--4,wrong_length,who carried out the satisfied with raga deepak.,During interrogation he confessed that he had submitted an application to the bank to secure a loan.,12.246694738377329,False
HBQwzyxvkZA--276,wrong_length,The State Legislative Assembly has to be presented as the State Legislative Assembly.,The speed of the deer helps them to run away from the predators.,17.07830859785964,False
o44YnPMhwPU--12,wrong_length,Karnataka Chief Minister Basavaraj Bommai said that the governement needs to follow the same.,The MLA's brother then had the girl's uncle arrested.,18.12692690760556,False
myIXH3PjvoI--76,wrong_length,"If the bonus is taken, then he will be supplied when he surrendered.",So the area of my shape is 10 square centimeters.,13.971649013720192,False
faZQNy4aErk--15,wrong_length,Add one of the pages 163.,If a person did not have PAN card he could not file returns. That is not the case now.,5.732946159615484,False
Rc99bcSdhak--0,wrong_length,Look at the area of about 20 boxes.,Many of you say that India is not a safe country as there are a lot of rapes.,12.625568859260458,False
0kldzhToGLc--2,wrong_length,Now on 28th June BCCI officials announced that,the COVID-19 pandemic was caused due to same sex marriages.,9.458935389348728,False
5n_IGU5rYYk--30,wrong_length,The Unions said they want to encourage women to apply for the job.,She wrote a short note in his passport and told him to walk to Slovakia.,14.631168647259408,False
myIXH3PjvoI--89,wrong_length,"She also said that, 'If a lot of money, I would not work well.","If you draw like this, the area is still 10 square centimeters. Questions.",12.113315283603399,False
S9ymb66ZqqY--9,wrong_length,The media released a statement about Rashid Siddiquee.,to get dry fruits from other countries. As the festival season like Navratri and Diwali is soon approaching,9.65390846551056,False
dPuKX_lM4Zc--54,wrong_length,"and in the morning, when a chess chasing",Pass the pin through the holes and fix it in the stick.,17.865325363232916,False
oPITLi0VKh8--10,wrong_length,"Sadly, he passed away at 11:00am.","Mufti was arrested under the Public Safety Act,",9.369092236801597,False
17OIKvJmrK8--4,wrong_length,We welcomed the decision to start a new innitiative. This has started a lot.,Delhi Airport has said that they have two cargo terminals,19.786245797390794,False
yb7efY9x78U--12,wrong_length,The dams in order to ensure that the government does not have the internet. The police did not allow her to enter the house.,"These 500 rupees notes were worth ₹88,032.5 crores are missing.",16.98302739674059,False
zu_bd3r2GIA--9,wrong_length,He had to wait and watched the match on the way.,Harry had a lot of health problems since long.,13.703835414361729,False
eabe1f38221a-5,wrong_length,"In Varanasi, Sachin Vaze was caught in a bomb in this area.","When you have a holiday from school, what do you do? Would you behave a little like the frog in the following poem?",8.567941513912563,False
QiGhWfjM2FI--31,wrong_length,"Individuals at Gambhim in Delhi,",Finally Ajay’s bodyguards were able to move the man away and the car sped off.,7.06332513316695,False
fvHtYcL913U--3,wrong_length,Indians were completely unaware about this.,This account has over 2.5 million followers.,15.067699278225597,False
sktRu3sp97g--4,wrong_length,when he was verbal.,It is not the local police or village panchayat who are responsible for this.,5.844155887889945,False
BTqVQCBPUzg--97,wrong_length,Plants and animals have an aeroplane.,Column 2 says Number of Children.,11.679724433394997,False
hYNyIXYmoYs--17,wrong_length,The older berated for someone to buy a village or budget.,"increase in tax, property, house rates will make real estate even more difficult to sell or purchase.",12.141628582337423,False
3Pk2c_Z4ahk--1,wrong_length,"You are aware that ISH News had released a video about the 3 Deaf, ISH News.",for meetings and future plans.,11.679498525589677,False
9xc24mAlprE--1,wrong_length,23 people go to J&K and J&K was going to visit J&K.,"and Mansukh Hiren’s death came out,",8.939335328187957,False
ZMsnY_khlNQ--7,wrong_length,Hopefully this situation will benefit.,The deal was then fixed and the man transferred a small amount of money into her account,8.306095842020406,False
fulQKWknVhw--42,wrong_length,Currently the number of COVID-19 cases in India is on lockdown.,do you think that we should mourn Queen's death? Let us know in the comments.,13.178820366644953,False
W4YzurwHpfw--6,wrong_length,The third incident occured in September 2021.,"During the gunfight, two terrorists tried to escape.",12.628206604401546,False
glNqZ8w4iy8--9,wrong_length,Find out what it is.,it is very difficult to speak to people because of the loud music. No matter how loud you speak it is difficult.,5.082708800100393,False
o44YnPMhwPU--25,wrong_length,"Social media users said that on 24th Arunachal Pradesh,",They were in the car when suddenly a truck rammed into their vehicle.,14.344519503950398,False
UBnqDwRds3A--2,wrong_length,She has now given 9 babies on her destinations.,The police took Raj Kundra to his Juhu residence.,12.367103330353881,False
wmTrG799MAo--19,wrong_length,and the total amount of Rs 7.5 crore.,Biden said that Trump does not know how to treat allies,13.222607002725676,False
lPzmjeJmsXo--13,wrong_length,The video went viral and many said that Strangely shared the screenshots and the video went viral.,One groups of MLAs supported Gehlot while another supported Pilot.,11.858964367462674,False
ZCBew8Fv0qA--12,wrong_length,"Virat Kohli said that in the semi-finals India cheered on the semi-finals,",But why was the name changed? According to International rules,17.705471592004717,False
39at7Lxu6Yo--19,wrong_length,3. Shantanu Yadav who is a model in a movie called Sanadal who is a superstition.,Many Investigating officers questioned Ratan Puri in the past about his alleged tax evasion & investigation is still going on.,14.587338723387564,False
EIwWHTO5rZw--8,wrong_length,This is the government to all forms this year in 2022.,The ABVP claimed that Members of left organizations tried to stop a Pooja from being organized.,11.027297492723,False
MYGqMojGwBE--116,wrong_length,Some of these are protected from the lung.,"So the next time you see forks and spoons on the side of your plate,",15.761551191341958,False
BTqVQCBPUzg--47,wrong_length,and they don't have a bakery,which other animals can be kept at home.,13.047931038229105,False
myIXH3PjvoI--93,wrong_length,The deep drawing of the cube is divided into two equal parts.,Try some other ways yourself.,12.875270645339567,False
bU_v22EtHIU--1,wrong_length,"an official from European Union, European Union,",Currently the currency used in El Salvador is the US Dollar.,8.286259281722947,False
uR-nzhB6D8g--2,wrong_length,who am assumed to ascer.,The government has distributed food to them through the Ration systems.,7.624952379545827,False
OEM3CR-HYmk--15,wrong_length,then the results of the virus which are administered in the minimum.,These are the best as it would go inside the manhole with the instructions given by the operator,17.5333003507488,False
uR-nzhB6D8g--3,wrong_length,"Gauri Adminton, the former Governor George said that,",Many NGOs have distributed food as well because feeding the poor is priority.,13.130874516945479,False
NaXDBBT5pkw--6,wrong_length,a number of deaths at any time.,It is worth Rs 1.8 lakh crore,9.354653743711157,False
wefigjf46u4--2,wrong_length,"When we get all the nutrients wet pack, we'll get our nutrients back again",The family forced the doctors to test the Deaf man for COVID-19.,10.107648850346648,False
MYGqMojGwBE--30,wrong_length,They then distributed the weapons to the army.,"And if it won't digest, then how will it come out of your body?",14.083119004754538,False
fYxijWb0b_s--9,wrong_length,"More than 16,000 people were killed as well.",It is a virtual reality space where people can play games with each other.,15.072128622747224,True
Rc99bcSdhak--16,wrong_length,He said that the party was going on and the other two Mumbai Indians are going on. You know this.,"When she could not take the torture any more, she escaped.",16.445655475131307,False
_IyhoG9jXuM--15,wrong_length,They then attacked her house.,They were surprised at how she did not feel any pain. She was lucky to the have reach the hospital in time.,10.240975003057029,False
uYaUCNl1j10--12,wrong_length,and also liked to eat healthy food. For example many people love it.,SAI Twitter handle acknowledged the effort of the Indian team at this event.,16.677717394834602,False
o9DARfrZg2o--16,wrong_length,"Say this picture, you can see Rip Van Winkle.",The Gujarat government also said that the two institutes,9.857825560677872,False
MYGqMojGwBE--42,wrong_length,They are afraid of the attacks.,and keep throwing ingredients into it while casually something or the other?,7.31577115799351,False
ixXF2UGOyoU--5,wrong_length,The woman must be given her a private discrimination.,have left them to join the BJP.,12.151205470186985,False
BESRE5mtipE--0,wrong_length,"He is doing the garbage in the garbage heaps, but his real name was small, in the ladder.","Many people love their pet cats, dogs, parrots, etc.",13.167407546850093,False
8DmlFztO2XM--2,wrong_length,We have to follow these rules and go back to work.,"The IMD also alerted that parts of Puducherry and Andhra's Guntur,",10.793521019043382,False
jLwvQ4URDFY--1,wrong_length,6. Laxmi's achievements at the 7-1010 lakhs of rupees.,"Mumbai Police found a boat with 3 AK-47 rifles and bullets at Harihareshwar Beach in Raigad district, which is 190 km away from Mumbai.",8.813768909609065,False
5QMD024bDYs--15,wrong_length,Many people are happy with Tanishq.,I want to tell the country that we are withdrawing the laws as I want peace.,11.999442314216866,False
jLwvQ4URDFY--31,wrong_length,The man then wrote a letter to PM Modi and wrote to PM Modi.,Mumbai Police Commissioner Vivek Phansalkar said that three teams of the Crime Branch would be probing the matter.,12.334775650306854,False
aDwdB7xHAOE--1,wrong_length,"3. Places where boys, boys, etc will also have different types of vada paancies such as","on 1 January 2022, woke up to see herself listed for an “online auction” of Muslim women on an App.",12.142138649581378,False
wSEeoT9BqE0--13,wrong_length,when it comes from food that's,They thought it was better to buy a house.,9.884158766722777,False
d5Lx_5-UiHY--41,wrong_length,"Since 2018, these tests were conducted in 2018.",The first one is already marked. One.,11.766907527036725,False
BTqVQCBPUzg--18,wrong_length,Some of these are smaller than them.,Help Yamini complete the table.,14.026883210783689,False
faZQNy4aErk--62,wrong_length,"there are long queues to return, waiting, etc. There are no time to leave.",This is to encourage foreign investors in India.,18.398935590359066,False
LvN9Dxq2iLY--88,wrong_length,"When your body starts in the nursing parts,",will be there no more. Women's,11.784463810880865,False
HBQwzyxvkZA--256,wrong_length,"After the photos of Google's photographs,",The surroundings change and we see different kinds of adaptations.,8.881310956166711,False
xFEQrtosric--18,wrong_length,"If the governement is formed by the government,",Arun Jaitley was the President of DDCA for 14 years.,12.30088419136691,False
KmW8f1GVTYY--40,wrong_length,This is because there are no professional surveillance and territories.,"India too has taken a loan. It is similar to how we take loans for buying a house, mobile or vehicle.",16.055462458223587,False
nXA9Qpj2z7E--6,wrong_length,They have the power to control the spread of Hong Kong.,in exchange of the civilians in the aircraft.,15.372828833510969,False
kytITkHoyls--7,wrong_length,Since then the 3rd match was played for the 4th time.,At around 4.00am the battery exploded. Shabbir was grievously injured while his grandmother sustained minor injuries.,10.202156893500142,False
ef52bca1a454-6,wrong_length,and then don't want them to do this. There is nothing to worry about.,"Granny, Granny, please comb my hair.",10.211680615798155,False
iwYL-ivQm6o--19,wrong_length,I should have decided to file a complaint with the police.,after the Pulwama attack this was the first attack of this kind.,12.563098933191691,False
9b0136913690-41,wrong_length,"If the laws are passed, then you will be happy with the government's decision.",He then began narrating another story which lasted half an hour.,18.516869109385013,False
K4eNr2k2Lls--1,wrong_length,The wise birds lay eggs and other things.,It was formerly known as Deaf Cricket Society (DCS) but was renamed to IDCA.,7.289572614277306,False
pMbMjjSj1fM--28,wrong_length,This is because in UN and Sri Lanka works with the UN that works with other countries like the UN.,through the representatives of the villages.,17.93489540371232,False
MYGqMojGwBE--161,wrong_length,What does the young man want to do?,"but when you cut it into small pieces, how much time does it take?",12.989787849396473,False
mXq8axygjdE--32,wrong_length,is not absence in different parts of the world. Brahmins,"Suddenly, he heard a voice cry out. Quick, hurry up!",10.690053409317587,False
4vfboqjtAXo_d,wrong_length,The parents reached the hospital and went to the hospital.,"a liking for, an enjoyment of, or a habit of doing something.",11.782388116125619,False
HBQwzyxvkZA--261,wrong_length,"By this way, it is very important to prepare green chutney",Look at the picture of a lion and that of a deer. Figure 9.8,13.486866322997388,False
CAzt5cxtSjQ--23,wrong_length,"You all know about the lots of views,! The guests love on the show,",Karnataka High court has decided to ban hijab.,9.156030848230655,False
d5Lx_5-UiHY--51,wrong_length,108 are needed to take the vaccine.,352 children from a school went on a camping trip.,10.011970775524324,False
klepEQSaeIk--9,wrong_length,She had a tough confidence over her.,The 2 doses of the vaccine reduces the severity of the infection.,12.265781101807828,False
48couwymlMM--10,wrong_length,"However, this is not the case. He is from Villageo,",The Doctor's name was Sanduk Ruit.,11.127690721746538,False
K4eNr2k2Lls--0,wrong_length,It's the pitch. He is...,IDCA is the Indian Deaf Cricket Association.,9.854579992483831,False
zu_bd3r2GIA--16,wrong_length,Why do you think he lived?,"He believes that earlier he looked old, but then after drinking urine, he looked younger.",8.909602634888136,False
ef52bca1a454-76,wrong_length,He has been asked to pay all the loans.,Call out the picture and write his name.,15.533686649415449,False
ixXF2UGOyoU--2,wrong_length,Some organisms respiratory tractically,Some members may be removed and a new person will be appointed.,12.105251736820954,False
o44YnPMhwPU--37,wrong_length,My daughter is a child.,Her mother said that the MLA was responsible for everything that happened to her family.,5.572703288909947,False
CRJSZ2e7BU0--12,wrong_length,The 2nd mobile apps have been suggested. All of this is why people downloaded it.,"Along with his mother, Abhijeet reached Delhi and so did CM Sarma.",15.466499203322428,False
91GVHgxW8RA--2,wrong_length,and seems to live on the ground.,Shocking! Let me tell you.,11.72944498026937,False
gXa0qcoWrsQ--7,wrong_length,He saw that the King's tail was flying up to the cave.,"Whenever the metal detector went past his hips, it started beeping loudly.",14.499868041043129,False
m3Mmtpr-jjA--42,wrong_length,"At the FSSK, she had been dormanturing the 'Karktala' at the Farooq Road Ltd.",She said what about the various journalists that have attacked the BJP and have been arrested.,17.44248810524431,False
lcBujGRLwE0--29,wrong_length,After he passed away in a 50-day trip to the President of the Bay of India and UAE.,"Therefore, after returning from China, President Muizzu asked India to withdraw all military troops from Maldives by 15th March 2024.",19.19887608813915,True
MYGqMojGwBE--205,wrong_length,"At the end, only 2 terrorists were defrauded against terrorists.","By giving this break, you'll be able to find out that your body had no need for it",13.556352048657319,False
d5Lx_5-UiHY--22,wrong_length,"and AIFIFR, International Federation of India.",A tank is full of 300 litres of water. How much water will be filled into?,10.596074294991897,False
9b0136913690-89,wrong_length,some of the things that are made of cloth.,But the Barber did not hurry.,13.696784457496602,False
8E-llRXuhl0--5,wrong_length,It seems to have truly twists on tuesome.,"MSRTC has 4,500 women conductors, but it does not have women bus drivers.",12.384876910953173,False
iGdg-iGlUFg--11,wrong_length,There's a picture of King's footprint which is not the area of the field.,"The 35-year-old has played tests matches, ODI and T20 matches",12.198266753843576,False
jMdxYlvrkbk--9,wrong_length,The Rashtriya River Resentatives were brought to the Rajya Sabha.,Earlier there was no bar on the age of a cricketer to play any form of international cricket.,13.25994353050649,False
vbq8QbOwOt4--15,wrong_length,India has won 4 wickets.,This is why people decide not to have children.,8.07698680068482,False
m3Mmtpr-jjA--8,wrong_length,You can use your hands with your hands,but his wife tore the papers.,11.291685789684475,False
o44YnPMhwPU--11,wrong_length,MS Dhoni and Dhoni was a team of coaching teams where he trained to play cricket.,Her father then died while still in jail.,16.628052233408223,False
o9DARfrZg2o--12,wrong_length,These internet shutdowns were found.,But still children are malnourished.,14.180107526881722,False
rYcw__0tDhw--9,wrong_length,ISH News has been circulating about a lot of incidents in the world.,in 10 Chinese provinces. They were tested in veterinary hospitals.,12.96902609614892,False
eabe1f38221a-51,wrong_length,Haryana ministers will have to form the government.,Refer to the poem and understand.,17.308940856025483,False
HBQwzyxvkZA--116,wrong_length,The government has even announced the ban to start the development of India.,plants that live on the earth.,21.19172707225541,False
LvN9Dxq2iLY--139,wrong_length,Haryana ministers have formed the government.,to set up the factory.,15.12899857017188,False
8w6k4jEJJlU--19,wrong_length,will be responsible for the re-opening offices and the president's financial responsibilities.,Mr AS Narayanan said that there are very few interpreters and many do not know sign language.,17.834932013960046,False
Kq5HfchSWv8--7,wrong_length,They then deleted the flight.,This year the voter turnout had decreased.,13.943038257994825,False
NDYHcIF50eE--2,wrong_length,You can see a picture of a tree.,In 2021 there were several bizarre food preparations.,10.017025940382835,False
809a3a5e02d1-65,wrong_length,He said that he will step down as the results of the elections.,What kind of girl was she?,15.007615702933638,False
AVb1VABiJJ8--18,wrong_length,"A few months back, a man named Ashok Gehlot was his mother.",China had banned international Apps in China long back.,15.34617152054045,True
HBQwzyxvkZA--265,wrong_length,What a generous woman! She wore a budget with a cow.,Do the features of a line help it in any way to survive?,13.068728828803877,False
ijrjSBx7WTc--59,wrong_length,It will start from 26th February 2024.,The baby was fast asleep.,11.659359791658533,False
IjeHLt1vNoM--13,wrong_length,now I will send you to Mr. Tata Ratan Tata.,However remember only pet dogs and cats will be allowed and they must be vaccinated.,10.415575006827947,False
BTqVQCBPUzg--122,wrong_length,"After speaking at the police station, the group slaughtered it down.",and column 2 is about number of children. Column 1 things are...,13.953172159081326,False
NaXDBBT5pkw--25,wrong_length,I was able to see the rabbits of the rabbits by the rabbits and now the stars are more in the blank.,In India more than 40 lakh people are employed in the IT Industry and India is the largest export business.,18.689933808773247,False
4DhGy83DK_s--8,wrong_length,"There were many comments saying, ""We were in touch with Mr. Gopal.",Then they killed an apple trader,15.518012976790086,False
zu_bd3r2GIA--29,wrong_length,Comparements have been more constitution.,drinking your own urine can actually speed up the dehydration,11.998465101810043,False
xFEQrtosric--19,wrong_length,They will be hanged because they will be withdrawn from J&K.,Jaitley was a politician as well as an avid cricket follower.,12.854837956219441,False
rYcw__0tDhw--11,wrong_length,it's hard to find out what our body has changed,"They were used to study flu,",12.976781441181895,False
DP1ly_MsHHQ--25,wrong_length,"Indira Gandhi's absorbed A-Hibilities,","while the UP government brought down 11,000 loudspeakers then why not Maharashtra government.",5.580881368040362,False
myIXH3PjvoI--106,wrong_length,On the right side of the page we see a picture of a girl with a thread,Two sides of a shape are drawn here.,21.932517830639373,False
KI0avgGkWiU--25,wrong_length,The deaf boys and the girls will go to the hospital.,They thanked Dhoni for the free publicity.,17.187407667741617,False
-hZpPIT6N4U_d,wrong_length,Parents say that the officials are very worried about their responsibilities.,"to think carefully, especially about possibilities and opinions",31.659329646472443,False
myIXH3PjvoI--102,wrong_length,"People love to play MS Dhoni's love using mobiles, phones, mobiles, etc.",Complete the shape so that it's area is,13.777130060111704,False
MYGqMojGwBE--46,wrong_length,and will be able to focus only on 12th and 12th.,and the ingredients should only be added when the fire is burning properly,12.930812907658993,False
3vCea9zWFek--10,wrong_length,was to visitors of Persons from Pune and Sri Lanka.,Here are some of the rules that have to be followed:,12.369337979094075,False
MYGqMojGwBE--172,wrong_length,I was extremely saddened by this.,"And when I remember it, my meal is over already!",14.208141636741267,False
d5Lx_5-UiHY--100,wrong_length,Fill in the blanks with the correct word.,"is equal to 614. Before telling his father,",15.670841818524245,False
iwYL-ivQm6o--5,wrong_length,"This was done on April 15, 2019.",The police then fired and a gunfire ensued.,7.857999153284793,False
Xmm9ZyMy12g--19,wrong_length,So this was not going to happen again and you may want to go back to your work.,The Indian Navy currently have 4 German Submarines and 9 Russian Submarines.,11.953877065720953,False
hgaKby5Mha4--15,wrong_length,He is very happy to do something too much,Rakhi and Adil had dated for 3 months before getting married in July 2022.,9.370614691291658,False
MnCcM6PZrug--9,wrong_length,No Indian Mohammed Shaw's law has been filed.,The offer valid only for 1 day - 16th September 2022,8.505208976960212,False
bqE5C2tmc9c--9,wrong_length,Manishnath Singh Mandir intervened the support of the Indian government. Interpreters were shocked by this.,"The government is also planning to launch new Rs1, Rs 2, Rs 5 and Rs 10 coins.",23.392576017884732,True
OEM3CR-HYmk--0,wrong_length,India won the toss and Sri Lanka vs India match.,"‘Manual Scavenging’ is a term mainly used in India,",16.844307911163206,True
faZQNy4aErk--82,wrong_length,The girl's story was night.,"Under the 'Khelo India' programme, they will develop the National Sports Education Board.",5.550397479836147,False
C-cgPb_N2dY--0,wrong_length,"After the video you can be seen sitting on the platform,",A team of 105 healthcare professionals from India landed in Abu Dhabi on 19th May,13.590874459279306,False
AVb1VABiJJ8--10,wrong_length,This led to a world and intended to change colour and change their minds.,"Since such Apps affect the Defence of India, the government needs to take urgent action.",14.339245861302905,False
Lt5GAA6MIuM--1,wrong_length,"Due to the lockdown, many people were suffering due to COVID-19.",It said that workers in Indian factories supplying goods to famous chains such as,12.321832720989564,False
gp0w_zrLgfw--10,wrong_length,The games are very disappointed.,1. Russia has demanded that Ukraine must never join NATO.,13.013695394717894,False
eBj_HUu0CNw--29,wrong_length,There have been reports about incidents that from Madhya Pradesh,He said that he will take full responsibility for this.,16.190052438239896,False
QiJgNpX3zN0--11,wrong_length,At that time of 40 40 individuals were found to be in the hospital.,They protested and demanded that the oil packets be replaced with new oil packets.,16.051204046855297,False
faZQNy4aErk--32,wrong_length,He was not at all happy. The police tried to find the CCTV footage.,2. You all know that you get 1.5 lakh benefits on Investments.,13.959363807188183,False
aDwdB7xHAOE--10,wrong_length,"Industrialists since childhood, since boys have never been unemployed.",The Mumbai & Delhi police have now registered FIRs against the insulting App.,17.213502870185753,False
YsuSHJ3klEs--7,wrong_length,"Trades, picking up twists, litters, five rats etc. are failing to rude.",against the father of the bride under the Kerala Epidemic Diseases Ordinance 2020.,15.766980113891261,False
MYGqMojGwBE--217,wrong_length,was founded by NBFFFF.,"When you get back to work right after eating your food,",5.04677240690072,False
8DmlFztO2XM--0,wrong_length,Ask them as if they were able to make food.,"The IMD, which is a weather surveillance organisation has informed that,",11.304461288076949,False
gp0w_zrLgfw--20,wrong_length,"There is a wedding in the 200-lar wage, people can't see anyone who can't meet you.",The fourth demand of Russia on the list is that Ukraine stops all military action and demilitarise the area.,14.085776990662996,False
MYGqMojGwBE--258,wrong_length,Some of these are shown in figure 7.14A.,"When you serve food, don't mix more than 2-3 foods",11.042379221889696,False
40BjLI5XtJE--10,wrong_length,where the principal metro car sheds,"Once a license is cancelled, drivers can appeal in a court but it is not an easy process.",9.75066800106617,False
fulQKWknVhw--12,wrong_length,"Even after the Russia-Ukraine war, Ukraine has decided to step down as the Russia-Ukraine war.",after which Elizabeth at the age of 27 was crowned as the Queen of UK on 2nd June 1953.,19.147222188376915,False
myIXH3PjvoI--122,wrong_length,He has been working as the last 14 years for the last 14 years.,Here is a rectangle of area 20 square centimeters.,15.380694559188472,False
jMdxYlvrkbk--7,wrong_length,The Central Monkeypox in the 203 countries had 74 countries.,All details about the player's exceptional qualities must be presented before the ICC.,12.307859281655979,False
-X_zmve1y00--14,wrong_length,"Badminton, Ahmedabad, Thiruvananthapuram, etc.",The tree ambulance will help a tree in a bad conditionand help it to grow again.,13.849289761385803,False
sktRu3sp97g--15,wrong_length,PM Modi announced that he is proud of India!,The women of the village are working hard to contain the spread of COVID-19.,11.94585053260285,False
7byz3fdI-Ss--16,wrong_length,The court denied the complaint.,Now lets see what happens.,11.660097318781734,False
809a3a5e02d1-119,wrong_length,your body needs to improve your health and find it alternative.,Now your friend will ask you the same questions.,17.787210755962118,False
Rc99bcSdhak--14,wrong_length,when we have some occupations.,She was treated like an animal.,10.948717948717947,False
v0g35qCOCwU--0,wrong_length,"On reaching the hospital, they will be able to communicate with the bones.",These days many couples propose in creative ways such as by giving flowers to each other.,16.866053896339388,False
N6jpL7uibFI_e2,wrong_length,Trump is also an American government and the USA.,"After her trip to Venezuela, she felt inspired to learn Spanish.",13.034516668126223,False
MYGqMojGwBE--282,wrong_length,"include all the benefits of the food items such as wheat, JioMeet, etc.","If you found this video useful, share it with all your friends and family",14.554536528453173,False
mjvqIq_fvRY--10,wrong_length,some of them have occupied the common man.,Pooja said she wanted to apply for a learner's license but could not due to financial difficulties.,8.20589033813044,False
lZarpnV0alw--12,wrong_length,"that if they do not help, they do not want to help as they don't help.",All her clothes were hand-me-downs.,15.089316181286907,False
mXq8axygjdE--28,wrong_length,You all know that in 2022 2022 there is a lot of information about the delivery of food & Scotttland in 2022.,He saw a deer and rode after it. It ran deep into the forest followed by the king. Soon the king lost his way.,17.855260471358516,False
IjeHLt1vNoM--3,wrong_length,Now that the blaming will have not lead to a loss. I am very happy.,People consider pets their family but flights do not allow pets onboard.,15.80927998770785,False
6_yO8Lc8Hd4--16,wrong_length,"Oh, that was growing?","If it is good, only then it can be served. They must do this regularly.",5.434173817941528,False
HBQwzyxvkZA--237,wrong_length,"If you don't have to eat healthy meals, do not eat them",This helps the rain water and snow to slide off easily.,13.478191138152182,False
CRJSZ2e7BU0--8,wrong_length,"On 10th June 2020, the child told him that his relatives had left the school.","The CM politely listened and after Abhijeet left, he wrote a letter to Prime Minister's Office.",13.547949885515125,True
K4eNr2k2Lls--19,wrong_length,"Since they are not available, they have prescriptions.",was held between 9th to 12th February 2020 in Hyderabad.,13.536848596978107,False
U5Tq9r7saZU--19,wrong_length,"Now, we're going to prepare the bonus tips.",The trust were shocked that they were blacklisted without a discussion.,11.385742699434894,False
uYaUCNl1j10--3,wrong_length,"He has a hard bird. He said, Your mother is my brother, but he is mystery.","The Sports Authority of India (SAI) tweeted, ""Congratulations, Team India won a total of 9 medals.""",10.151001991686467,False
3gKelnCwuj8--0,wrong_length,Tanvi Shukla is a retired journalist from Tamil Nadu's Journal.,"Today, the Supreme Court's CJI Ranjan Gogoi,",13.01597718557041,False
ZVE_KjrY_po--22,wrong_length,Look at the three lines.,"For example look at film stars, cricketers, sportspersons, businessmen, etc.",10.590343451023704,True
i4j5Bj2NL1c--11,wrong_length,now I will send you to these suggestions to Jeremy.,"If you have used up your 15 GB free storage across Gmail, Google Drive and Google Photos",12.444083448969035,False
9b0136913690-57,wrong_length,She did not have a good negligence.,Finish shaving at once! The Sultana exclaimed.,13.348729120771488,False
wwpptVjgAws--10,wrong_length,Shocking! She said that they were not happy with the wedding.,he also teaches then to lightly place glasses on the table and other manners. The Deaf team has grown thanks to him.,11.46235617311439,False
gp0w_zrLgfw--13,wrong_length,"Agriculture, program and agriculture Development Authority (ARC) will be held.",Zelensky said that the decision should be left on people to decide whether they want to be with Russia and Ukraine.,11.544727304706164,False
HBQwzyxvkZA--129,wrong_length,"There are two columns, column 1, column 2,",Several kinds of plants and animals live in the same habitat.,6.639733005445284,False
fqJW-F3WIYc--0,wrong_length,"On 8th December 2021, Vicky & Katrina Kaif and Katrina Kaif and Kamaraj.","ISH News has constantly been releasing about cyclones, heatwaves, pollution, etc.",7.523982689867682,False
l9bZYazJQ1w--7,wrong_topic,The games are very disappointed.,"On reaching home, his wife was shocked and he told her the whole tale.",9.811076350770108,False
9b0136913690-114,wrong_topic,Find out what if they wish to play with them.,Why did the barber take so long to shave the sultan? 5,12.529431196152881,False
ZMsnY_khlNQ--12,wrong_topic,Some of the passengers are travelling from their flights.,"When she confronted the man, he said he had sent her a wrong QR code",14.901774665476534,False
809a3a5e02d1-67,wrong_topic,"However, the report was very quiet.",Who agreed to help Hellen? Four.,10.914971362603964,False
DP1ly_MsHHQ--36,wrong_topic,"Tell me, he began to play cricket.",Raut said that Mumbai has always been a part of Maharashtra and will remain so.,7.25940210303163,False
dPuKX_lM4Zc--118,wrong_topic,Here you can see a picture of a Grand Sikkim.,The second column tells us how they will look on one third term and the third column is about how they will look on one sixth turn.,7.151654618940438,False
wwpptVjgAws--20,wrong_topic,She started working at the Hyderabad-based 5 cities in Hyderabad where food will be stored in different places and essential food items.,Another cafe in Delhi ‘Echoes Cafe’ is also run by the Deaf! It has a branch in Hyderabad and a total of 35 deaf people work there.,24.685326932301884,True
48couwymlMM--18,wrong_topic,"Her daughter and mother, everyone","When Roshan touched his face, the doctor started crying and became very emotional.",13.36871255130955,False
809a3a5e02d1-108,wrong_topic,Guess the area of Akbar's hand.,blank space has been provided for your answers.,10.329431940285907,False
4DhGy83DK_s--30,wrong_topic,He doesn't talk to him. He doesn't talk to him.,The MPs must talk and interview the local Kashmiris.,14.610830908803694,True
rZG7T9ujMEo--0,wrong_topic,The ICHR has no censor as it is not a case of infection. It is not the same.,"In 2022, ordering food at home through apps like Zomato and Swiggy has become a regular practice for almost everyone.",11.497613557359811,False
7byz3fdI-Ss--0,wrong_topic,A poor people live in villages.,Jack Ma was born and raised in a very poor family.,11.36538208981906,True
eabe1f38221a-18,wrong_topic,Firoz’s 72-year-old American jewellers saw him on his own.,"to bow and help her on her way? But no, I'm ashamed to say that when a lady frog comes by.",11.666800822200392,False
0kldzhToGLc--6,wrong_topic,"However, Shukla’s ex-boyfriend’s wife had broken the law.","and if he wins the future elections in scotland, he will make Gay marriage illegal.",12.313874349817418,False
pMbMjjSj1fM--17,wrong_topic,"Since the first lockdown was postponed, government cancelled the lockdown.","due to strict lockdown rules imposed by the Kerala police, no one was allowed outside.",25.87905620380476,True
MYGqMojGwBE--267,wrong_topic,"This is because of the similar to Hyderabad, Noida Deaf (NIMI),",just for you! Just to give you all the nutrition you need!,9.72615599135312,False
C-cgPb_N2dY--9,wrong_topic,"Mallya said that Mumbai Indians said that,","The Indian Embassy in UAE,",24.780436925625704,False
ef52bca1a454-22,wrong_topic,She is loved by all and loved by all.,Does the little girl love her granny?,13.862349627160192,False
fulQKWknVhw--7,wrong_topic,That's it! We'll have a strong body to make our body alternative,Let me now tell you about Queen Elizabeth II's life.,12.634685961509772,False
ijrjSBx7WTc--84,wrong_topic,Below this we have the picture of a boy..,How would you look after it?,11.388933269425362,False
oAhfJ8yB1j0--10,wrong_topic,One day he was a close friend and could be one of the school together.,and for his moral values.,13.803281681773944,False
Zc2bgIDZ-Ks--72,wrong_topic,Do you know what you want to know?,But an old blanket was all that came out.,11.143590264613836,False
mjvqIq_fvRY--11,wrong_topic,and the people sleep as well.,Pooja spoke about the hardships she faced including opposition from her family.,7.067592552654696,False
IoifXQnhN4E--4,wrong_topic,What is the area of the year?,During interrogation he confessed that he had submitted an application to the bank to secure a loan.,7.955339839054725,False
HBQwzyxvkZA--276,wrong_topic,"to vote for Electronics, Dabbawalas,",The speed of the deer helps them to run away from the predators.,9.079858546506816,False
o44YnPMhwPU--12,wrong_topic,"After take off, the Delhi police took him to Dehradun and caught him.",The MLA's brother then had the girl's uncle arrested.,14.859555049375524,False
myIXH3PjvoI--76,wrong_topic,Collect the box from the left side of the box.,So the area of my shape is 10 square centimeters.,10.641982749381127,False
faZQNy4aErk--15,wrong_topic,He was accused in his autopsy.,If a person did not have PAN card he could not file returns. That is not the case now.,7.595026042967762,False
Rc99bcSdhak--0,wrong_topic,What did the second bird say to him?,Many of you say that India is not a safe country as there are a lot of rapes.,12.236423693487588,True
0kldzhToGLc--2,wrong_topic,He has been told to focus on hold and solve the problem.,the COVID-19 pandemic was caused due to same sex marriages.,12.337624610697794,False
5n_IGU5rYYk--30,wrong_topic,Should you woke up to look around for some of your house?,She wrote a short note in his passport and told him to walk to Slovakia.,12.350773014717541,False
myIXH3PjvoI--89,wrong_topic,page number 84.,"If you draw like this, the area is still 10 square centimeters. Questions.",3.2054188166636437,False
S9ymb66ZqqY--9,wrong_topic,Use the inscriptions in the poem.,to get dry fruits from other countries. As the festival season like Navratri and Diwali is soon approaching,8.633397614472264,False
dPuKX_lM4Zc--54,wrong_topic,so they can live a house with each other.,Pass the pin through the holes and fix it in the stick.,15.708127630397806,False
oPITLi0VKh8--10,wrong_topic,They have been arrested for survivors.,"Mufti was arrested under the Public Safety Act,",21.10169236625614,True
17OIKvJmrK8--4,wrong_topic,"Two years ago, a water resort to Bengaluru has been suppressed.",Delhi Airport has said that they have two cargo terminals,16.46916287582603,True
yb7efY9x78U--12,wrong_topic,Do the sun shadow?,"These 500 rupees notes were worth ₹88,032.5 crores are missing.",6.181352179509148,False
zu_bd3r2GIA--9,wrong_topic,No one has been sentenced to remain in the jail.,Harry had a lot of health problems since long.,15.400167924650315,False
eabe1f38221a-5,wrong_topic,The creeper is about 1500 years old.,"When you have a holiday from school, what do you do? Would you behave a little like the frog in the following poem?",5.610100182575134,False
QiGhWfjM2FI--31,wrong_topic,India's National Benjamin announced that the Bennet in Karnataka had sold Bitcoin.,Finally Ajay’s bodyguards were able to move the man away and the car sped off.,15.382036643067892,False
fvHtYcL913U--3,wrong_topic,The 2 million Deaf people in India are very inspiring.,This account has over 2.5 million followers.,20.94542795386573,True
sktRu3sp97g--4,wrong_topic,The government is currently investigating the matter. The investigation is going on.,It is not the local police or village panchayat who are responsible for this.,14.24327741333419,False
BTqVQCBPUzg--97,wrong_topic,Saida was a good remark.,Column 2 says Number of Children.,9.596115766970174,False
hYNyIXYmoYs--17,wrong_topic,Transactions will be conducted at home and you will have to look at the LGBTQIA+ community.,"increase in tax, property, house rates will make real estate even more difficult to sell or purchase.",15.9115322482339,False
3Pk2c_Z4ahk--1,wrong_topic,Valentine plans to travel abroad.,for meetings and future plans.,24.214943379891793,True
9xc24mAlprE--1,wrong_topic,And in the last two brothers.,"and Mansukh Hiren’s death came out,",9.879607283896446,False
ZMsnY_khlNQ--7,wrong_topic,"They will be able to buy a total of Rs 3,600 crore.",The deal was then fixed and the man transferred a small amount of money into her account,9.955891984340976,False
fulQKWknVhw--42,wrong_topic,Let me tell you the 4 demands.,do you think that we should mourn Queen's death? Let us know in the comments.,12.248859669327079,True
W4YzurwHpfw--6,wrong_topic,We found it very hard to escape from a hidding and want to enter the country.,"During the gunfight, two terrorists tried to escape.",28.27101755837738,True
glNqZ8w4iy8--9,wrong_topic,He was shocked by the Farmers who arrived at the spot and began investigating the matter.,it is very difficult to speak to people because of the loud music. No matter how loud you speak it is difficult.,14.755086250003988,True
o44YnPMhwPU--25,wrong_topic,"But this time, you can see a picture of a man.",They were in the car when suddenly a truck rammed into their vehicle.,11.73416484653806,False
UBnqDwRds3A--2,wrong_topic,"In a fury, the Uttar Pradesh Chief Minister handed over the cheque to the Chief Minister's office.",The police took Raj Kundra to his Juhu residence.,16.056046945638354,False
wmTrG799MAo--19,wrong_topic,"The flag was cleaned, so Is it a good day!",Biden said that Trump does not know how to treat allies,10.190960066821436,False
lPzmjeJmsXo--13,wrong_topic,Jammu and Kashmir's JNU V PVP had a huge fight between JNU and Abrahami.,One groups of MLAs supported Gehlot while another supported Pilot.,8.721097882227777,False
ZCBew8Fv0qA--12,wrong_topic,They are involving mongoos.,But why was the name changed? According to International rules,8.881655261709225,False
39at7Lxu6Yo--19,wrong_topic,"Four Scott and Manish Tukalis were installed in famous local calamities such as Rashtrapati Bhavan, etc.",Many Investigating officers questioned Ratan Puri in the past about his alleged tax evasion & investigation is still going on.,16.512154937589926,False
EIwWHTO5rZw--8,wrong_topic,Praggnanandhaa is married to 39 children.,The ABVP claimed that Members of left organizations tried to stop a Pooja from being organized.,12.540359044080382,False
MYGqMojGwBE--116,wrong_topic,As we have a picture of a ship.,"So the next time you see forks and spoons on the side of your plate,",7.67625991198047,False
BTqVQCBPUzg--47,wrong_topic,and the cops could file a police complaint in the next year.,which other animals can be kept at home.,16.232748627658168,False
myIXH3PjvoI--93,wrong_topic,The QR code then asked the QR code.,Try some other ways yourself.,9.22269862130074,False
bU_v22EtHIU--1,wrong_topic,"for Indian surviving Apps such as books, masks, etc.",Currently the currency used in El Salvador is the US Dollar.,9.591422818811774,False
uR-nzhB6D8g--2,wrong_topic,The mumbai people are staying in Hong Kong.,The government has distributed food to them through the Ration systems.,10.465819738452154,False
OEM3CR-HYmk--15,wrong_topic,"Ask your friends to come back to the ground, he took the children to the courtyard.",These are the best as it would go inside the manhole with the instructions given by the operator,14.820162585247207,False
uR-nzhB6D8g--3,wrong_topic,A poor people live in villages.,Many NGOs have distributed food as well because feeding the poor is priority.,9.106431282292325,True
NaXDBBT5pkw--6,wrong_topic,The total explosives are around 3.0 lakh crore people.,It is worth Rs 1.8 lakh crore,30.998793037458373,True
wefigjf46u4--2,wrong_topic,to help in in in urban areas.,The family forced the doctors to test the Deaf man for COVID-19.,6.768488912343877,False
MYGqMojGwBE--30,wrong_topic,But this was the first time I'm not just a,"And if it won't digest, then how will it come out of your body?",10.792751791190359,False
fYxijWb0b_s--9,wrong_topic,and we have a table of 10.,It is a virtual reality space where people can play games with each other.,6.343700944598504,False
Rc99bcSdhak--16,wrong_topic,It is not possible to try as it will lead to a major loss.,"When she could not take the torture any more, she escaped.",12.031441525031509,False
_IyhoG9jXuM--15,wrong_topic,1. All flights must be allowed to take two hours.,They were surprised at how she did not feel any pain. She was lucky to the have reach the hospital in time.,10.23985644034616,False
uYaUCNl1j10--12,wrong_topic,There are many countries in the world.,SAI Twitter handle acknowledged the effort of the Indian team at this event.,11.346330554788628,False
o9DARfrZg2o--16,wrong_topic,He was killed by a 60 year old boy in Gujarat.,The Gujarat government also said that the two institutes,16.521791649861033,True
MYGqMojGwBE--42,wrong_topic,but he can not buy the tax and there are many taxes.,and keep throwing ingredients into it while casually something or the other?,13.965715874391693,False
ixXF2UGOyoU--5,wrong_topic,took a flight to Delhi.,have left them to join the BJP.,11.296665438866379,False
BESRE5mtipE--0,wrong_topic,"However with the initial trials, the vaccine did not clean the house.","Many people love their pet cats, dogs, parrots, etc.",15.795731488306952,False
8DmlFztO2XM--2,wrong_topic,There are many associations who do not get the contact with the government.,"The IMD also alerted that parts of Puducherry and Andhra's Guntur,",13.729668598742142,False
jLwvQ4URDFY--1,wrong_topic,The boy was 11 years old and his family attended a blaming in Ukraine from Bhiwandi.,"Mumbai Police found a boat with 3 AK-47 rifles and bullets at Harihareshwar Beach in Raigad district, which is 190 km away from Mumbai.",14.565283350278122,False
5QMD024bDYs--15,wrong_topic,The law will only be applicable to women whom they want to live in the law.,I want to tell the country that we are withdrawing the laws as I want peace.,22.86079235687082,True
jLwvQ4URDFY--31,wrong_topic,"On 10th June 2020, the child told him that his relatives had left him in a school.",Mumbai Police Commissioner Vivek Phansalkar said that three teams of the Crime Branch would be probing the matter.,14.57266523058436,False
aDwdB7xHAOE--1,wrong_topic,"The girls would hire a customer, a man named Karan Johar and a builder named Kai Ramshi.","on 1 January 2022, woke up to see herself listed for an “online auction” of Muslim women on an App.",13.447933617463647,False
wSEeoT9BqE0--13,wrong_topic,This was announced after the announcement.,They thought it was better to buy a house.,17.618799975552367,False
d5Lx_5-UiHY--41,wrong_topic,for the first part of this story.,The first one is already marked. One.,22.643610491892133,True
BTqVQCBPUzg--18,wrong_topic,of the five skeletons. 2,Help Yamini complete the table.,12.612617394834396,False
faZQNy4aErk--62,wrong_topic,The last electoral is the Indian controversies.,This is to encourage foreign investors in India.,24.004055773953077,False
LvN9Dxq2iLY--88,wrong_topic,and she said to the little bird.,will be there no more. Women's,11.355062116807373,False
HBQwzyxvkZA--256,wrong_topic,"But if you don’t do this tomatoes, you will also have to follow these changes",The surroundings change and we see different kinds of adaptations.,18.58474262596752,False
xFEQrtosric--18,wrong_topic,No. Pandur is 4 years old and has been one of the strongest cities.,Arun Jaitley was the President of DDCA for 14 years.,21.416099464354062,True
KmW8f1GVTYY--40,wrong_topic,On 29th June the government banned the mobile apps that were banned from Chinese Apps.,"India too has taken a loan. It is similar to how we take loans for buying a house, mobile or vehicle.",15.911812366217031,True
nXA9Qpj2z7E--6,wrong_topic,Yes when we go on a knee.,in exchange of the civilians in the aircraft.,7.339362787671204,False
kytITkHoyls--7,wrong_topic,What did the old woman want to do?,At around 4.00am the battery exploded. Shabbir was grievously injured while his grandmother sustained minor injuries.,6.72962112799108,False
ef52bca1a454-6,wrong_topic,2. He was wearing a tiff with his head.,"Granny, Granny, please comb my hair.",7.562724014336918,False
iwYL-ivQm6o--19,wrong_topic,where the principal metro car sheds,after the Pulwama attack this was the first attack of this kind.,10.733431444281212,False
9b0136913690-41,wrong_topic,He got a picture of a baby bird.,He then began narrating another story which lasted half an hour.,9.725911487215889,False
K4eNr2k2Lls--1,wrong_topic,"The NCB encourages social media and other Deaf individuals,",It was formerly known as Deaf Cricket Society (DCS) but was renamed to IDCA.,13.294737192139946,True
pMbMjjSj1fM--28,wrong_topic,There were four protests in different villages of Sri Lanka.,through the representatives of the villages.,31.568752122932032,True
MYGqMojGwBE--161,wrong_topic,and even the forest department had to enroll.,"but when you cut it into small pieces, how much time does it take?",11.38777058171422,False
mXq8axygjdE--32,wrong_topic,Plants marked in 29.,"Suddenly, he heard a voice cry out. Quick, hurry up!",5.303033270827566,False
4vfboqjtAXo_d,wrong_topic,to give someone or something to someone who gave it or something,"a liking for, an enjoyment of, or a habit of doing something.",24.690082279770607,True
HBQwzyxvkZA--261,wrong_topic,"In your notebook, we see...",Look at the picture of a lion and that of a deer. Figure 9.8,8.351967287313169,False
CAzt5cxtSjQ--23,wrong_topic,they want to ban JeM.,Karnataka High court has decided to ban hijab.,11.877608680407036,True
d5Lx_5-UiHY--51,wrong_topic,She is well known to International Deaf Schools.,352 children from a school went on a camping trip.,18.190005325756285,False
klepEQSaeIk--9,wrong_topic,Wait as well as there is a buttonishing like this. Can you now apply!,The 2 doses of the vaccine reduces the severity of the infection.,14.209210766789715,False
48couwymlMM--10,wrong_topic,He named this is his name.,The Doctor's name was Sanduk Ruit.,15.088596948182326,True
K4eNr2k2Lls--0,wrong_topic,The government of India was created in 1975.,IDCA is the Indian Deaf Cricket Association.,16.158984132068372,False
zu_bd3r2GIA--16,wrong_topic,Diplomats must not be allowed to take a step back.,"He believes that earlier he looked old, but then after drinking urine, he looked younger.",9.319164637468337,False
ef52bca1a454-76,wrong_topic,and I like to like.,Call out the picture and write his name.,9.172014808381126,False
ixXF2UGOyoU--2,wrong_topic,We had to slaughter the head.,Some members may be removed and a new person will be appointed.,6.856416905582578,False
o44YnPMhwPU--37,wrong_topic,That's not the case. Women have been responsible for the Taliban's safety.,Her mother said that the MLA was responsible for everything that happened to her family.,29.393453194185042,True
CRJSZ2e7BU0--12,wrong_topic,And now he has an range of more than 8.54th century.,"Along with his mother, Abhijeet reached Delhi and so did CM Sarma.",12.77834883549242,False
91GVHgxW8RA--2,wrong_topic,Let me tell you about it.,Shocking! Let me tell you.,51.646339439067305,True
gXa0qcoWrsQ--7,wrong_topic,They apolished men to the public.,"Whenever the metal detector went past his hips, it started beeping loudly.",12.295159391760466,False
m3Mmtpr-jjA--42,wrong_topic,"In 2016, when the Indian Air Force (IAF) had killed many individuals in the Pulwama attacks,",She said what about the various journalists that have attacked the BJP and have been arrested.,15.83605586674293,False
lcBujGRLwE0--29,wrong_topic,"Mr. India and the India vs New Zealand match for the first time in Future 2020 and March 2020,","Therefore, after returning from China, President Muizzu asked India to withdraw all military troops from Maldives by 15th March 2024.",18.16812075681466,True
MYGqMojGwBE--205,wrong_topic,The Kings need to measure the length of the desk using a curve.,"By giving this break, you'll be able to find out that your body had no need for it",15.950965107556925,True
d5Lx_5-UiHY--22,wrong_topic,There were many small fishes in the city.,A tank is full of 300 litres of water. How much water will be filled into?,11.804383843697728,False
9b0136913690-89,wrong_topic,and a little bit...,But the Barber did not hurry.,8.219334031988424,False
8E-llRXuhl0--5,wrong_topic,"On the other hand, there were 4 terrorists who died in arms","MSRTC has 4,500 women conductors, but it does not have women bus drivers.",12.606981190388492,False
iGdg-iGlUFg--11,wrong_topic,"bowling for the matches for the World Cup, and overseas,","The 35-year-old has played tests matches, ODI and T20 matches",19.035194288500563,True
jMdxYlvrkbk--9,wrong_topic,"bowling for the matches for the World Cup, and overseas,",Earlier there was no bar on the age of a cricketer to play any form of international cricket.,13.626162030364753,False
vbq8QbOwOt4--15,wrong_topic,This is why the appropriates the order.,This is why people decide not to have children.,27.07644260360941,False
m3Mmtpr-jjA--8,wrong_topic,This is the lesson 12.,but his wife tore the papers.,12.701798774936101,False
o44YnPMhwPU--11,wrong_topic,and she died in 1952.,Her father then died while still in jail.,11.684601176931702,True
o9DARfrZg2o--12,wrong_topic,They were rushed to the hospital. This is why she was taken to the hospital.,But still children are malnourished.,15.54437122889644,False
rYcw__0tDhw--9,wrong_topic,Have a look at 59 Chinese apps.,in 10 Chinese provinces. They were tested in veterinary hospitals.,14.203523308006934,True
eabe1f38221a-51,wrong_topic,Let's read and write in the poem.,Refer to the poem and understand.,28.29156823242911,True
HBQwzyxvkZA--116,wrong_topic,like Ayushman is a Maharashtra lover. He has not been apologized for this.,plants that live on the earth.,16.626496128934356,False
LvN9Dxq2iLY--139,wrong_topic,and a little bit...,to set up the factory.,5.681818181818182,False
8w6k4jEJJlU--19,wrong_topic,"At the age of 14, she was able to communicate with the Deaf that had been able to communicate with the Deaf.",Mr AS Narayanan said that there are very few interpreters and many do not know sign language.,15.282687142103518,False
Kq5HfchSWv8--7,wrong_topic,and he came up with an idea.,This year the voter turnout had decreased.,11.67205652815583,False
NDYHcIF50eE--2,wrong_topic,So what was the need for sort of the guests?,In 2021 there were several bizarre food preparations.,10.336651183186325,False
809a3a5e02d1-65,wrong_topic,What are the sources of food?,What kind of girl was she?,17.44461458308728,False
AVb1VABiJJ8--18,wrong_topic,A group of people in Malu's house.,China had banned international Apps in China long back.,7.348548937680708,False
HBQwzyxvkZA--265,wrong_topic,"He even said, 'Miring' interviews, words, etc.",Do the features of a line help it in any way to survive?,11.638515994853464,False
ijrjSBx7WTc--59,wrong_topic,"She said, ""I go back to normal, I'm a good life.",The baby was fast asleep.,10.304411832449752,False
IjeHLt1vNoM--13,wrong_topic,We love to eat dogs and sweets.,However remember only pet dogs and cats will be allowed and they must be vaccinated.,15.92048999705377,True
BTqVQCBPUzg--122,wrong_topic,People from the railways as well as concession.,and column 2 is about number of children. Column 1 things are...,11.620942542128399,False
NaXDBBT5pkw--25,wrong_topic,4 lakh people were suffering from 26 districts in Assam.,In India more than 40 lakh people are employed in the IT Industry and India is the largest export business.,18.68491210677036,True
4DhGy83DK_s--8,wrong_topic,This is similar to Jews. Jones is the best of the USA.,Then they killed an apple trader,11.723206590622588,False
zu_bd3r2GIA--29,wrong_topic,"Out of the 20-year-old actors, the 54 year old man should be fined.",drinking your own urine can actually speed up the dehydration,15.308104825776592,False
xFEQrtosric--19,wrong_topic,but people were disrespecting the story as it was a murder.,Jaitley was a politician as well as an avid cricket follower.,14.634140310336832,False
rYcw__0tDhw--11,wrong_topic,and I like to like.,"They were used to study flu,",5.4899410113083125,False
DP1ly_MsHHQ--25,wrong_topic,They are demanding the government's reception and paying taxes.,"while the UP government brought down 11,000 loudspeakers then why not Maharashtra government.",19.216051411589333,False
myIXH3PjvoI--106,wrong_topic,There are so many businesses that they are infrastructure.,Two sides of a shape are drawn here.,22.584730184661648,False
KI0avgGkWiU--25,wrong_topic,Naga Chaitanya then called Mahindra on her phone.,They thanked Dhoni for the free publicity.,16.291349976377877,False
-hZpPIT6N4U_d,wrong_topic,to look like or behave in a particular way,"to think carefully, especially about possibilities and opinions",11.020238182728077,False
myIXH3PjvoI--102,wrong_topic,"Despite all this, India has never understood the problems of US and climate change.",Complete the shape so that it's area is,18.683009648091062,False
MYGqMojGwBE--46,wrong_topic,said the mongth of the said.,and the ingredients should only be added when the fire is burning properly,10.247628401275852,False
3vCea9zWFek--10,wrong_topic,The Government has said that more than 50 people will participate in the wedding.,Here are some of the rules that have to be followed:,20.720092265081803,False
MYGqMojGwBE--172,wrong_topic,The habitats of the areas also from the Vajji Dhasi.,"And when I remember it, my meal is over already!",10.98548191724778,False
d5Lx_5-UiHY--100,wrong_topic,The boy told the police that he was the boy's mistake.,"is equal to 614. Before telling his father,",13.914192016286284,False
iwYL-ivQm6o--5,wrong_topic,The police said that he will not be allowed.,The police then fired and a gunfire ensued.,28.55920589969452,True
Xmm9ZyMy12g--19,wrong_topic,"They said that when Russia and Ukraine were supporting Russia, they were able to reach Ukraine.",The Indian Navy currently have 4 German Submarines and 9 Russian Submarines.,20.314686770054134,False
hgaKby5Mha4--15,wrong_topic,They have decided not to have parents and two children but they have decided to have kids.,Rakhi and Adil had dated for 3 months before getting married in July 2022.,14.733799893916114,False
MnCcM6PZrug--9,wrong_topic,"went on to the steamed bakery leaves. Claws, and pumpkin seeds.",The offer valid only for 1 day - 16th September 2022,10.978793495547908,False
bqE5C2tmc9c--9,wrong_topic,3. Now the Indian government has changed their own future plans.,"The government is also planning to launch new Rs1, Rs 2, Rs 5 and Rs 10 coins.",24.556209498286222,True
OEM3CR-HYmk--0,wrong_topic,They said that he had a loan on loan.,"‘Manual Scavenging’ is a term mainly used in India,",10.42833240678822,False
faZQNy4aErk--82,wrong_topic,"You must remember, before paying the Taj Mahal.","Under the 'Khelo India' programme, they will develop the National Sports Education Board.",9.127677314855198,False
C-cgPb_N2dY--0,wrong_topic,They have reunited the process of concensing process.,A team of 105 healthcare professionals from India landed in Abu Dhabi on 19th May,14.174074388964652,False
AVb1VABiJJ8--10,wrong_topic,India has more than 100% protection against the Taliban assumes of terrorism.,"Since such Apps affect the Defence of India, the government needs to take urgent action.",18.849662928474743,True
Lt5GAA6MIuM--1,wrong_topic,"People in India such as Virat Kohli,",It said that workers in Indian factories supplying goods to famous chains such as,17.528694943741336,False
gp0w_zrLgfw--10,wrong_topic,Qualifier 1 most of the Qualifier 1 most of the Qualifier 2 will be decided.,1. Russia has demanded that Ukraine must never join NATO.,12.192093858534005,False
eBj_HUu0CNw--29,wrong_topic,He was shocked to hear the verbal mongoose.,He said that he will take full responsibility for this.,14.121724176059505,False
QiJgNpX3zN0--11,wrong_topic,He has a total of 692 seconds.,They protested and demanded that the oil packets be replaced with new oil packets.,6.690270954032906,False
faZQNy4aErk--32,wrong_topic,"We also shared more about this. Following this, I requested you to start this in the future.",2. You all know that you get 1.5 lakh benefits on Investments.,16.76451259637502,False
aDwdB7xHAOE--10,wrong_topic,"Despite all this, you are extremely angry over India's hygiene.",The Mumbai & Delhi police have now registered FIRs against the insulting App.,15.452906785332393,False
YsuSHJ3klEs--7,wrong_topic,"In response to the support of the ICMR Group chairman of the ICMR,",against the father of the bride under the Kerala Epidemic Diseases Ordinance 2020.,14.356325702304229,False
MYGqMojGwBE--217,wrong_topic,to make a short-pack of all the things.,"When you get back to work right after eating your food,",13.096124114474348,False
8DmlFztO2XM--0,wrong_topic,The Companies have the power of the governments,"The IMD, which is a weather surveillance organisation has informed that,",13.69215943267025,False
gp0w_zrLgfw--20,wrong_topic,Now fill in the blanks in 2 boxes.,The fourth demand of Russia on the list is that Ukraine stops all military action and demilitarise the area.,7.3697612498663485,False
MYGqMojGwBE--258,wrong_topic,You won't be able to drink it? I feel like this.,"When you serve food, don't mix more than 2-3 foods",12.959629536639556,False
40BjLI5XtJE--10,wrong_topic,"He has filed a case in the Supreme Court of India,","Once a license is cancelled, drivers can appeal in a court but it is not an easy process.",12.28654691549905,True
fulQKWknVhw--12,wrong_topic,14-year-old Ashutosh was about to be involved in Ahmednagar when he was 14 years old.,after which Elizabeth at the age of 27 was crowned as the Queen of UK on 2nd June 1953.,15.193089824157438,False
myIXH3PjvoI--122,wrong_topic,"Restaurants have gone to Nepal, Punjab, and Gujarat.",Here is a rectangle of area 20 square centimeters.,11.001640903780007,False
jMdxYlvrkbk--7,wrong_topic,The bidding was found in the NCB office where the diamond was balconied.,All details about the player's exceptional qualities must be presented before the ICC.,14.156567390848565,False
-X_zmve1y00--14,wrong_topic,He was diagnosed with a doctor in 2014 and was suffering from health issues.,The tree ambulance will help a tree in a bad conditionand help it to grow again.,15.806965557896152,False
sktRu3sp97g--15,wrong_topic,Trump is also an American government and the USA.,The women of the village are working hard to contain the spread of COVID-19.,12.299500377713546,False
7byz3fdI-Ss--16,wrong_topic,We will have to wait and watch.,Now lets see what happens.,14.182524191406355,False
809a3a5e02d1-119,wrong_topic,People were also questioned as well.,Now your friend will ask you the same questions.,23.089221450598103,False
Rc99bcSdhak--14,wrong_topic,There are two types of roots.,She was treated like an animal.,10.551241707391265,False
v0g35qCOCwU--0,wrong_topic,There are so many shapes that we use.....,These days many couples propose in creative ways such as by giving flowers to each other.,13.501555445549652,True
N6jpL7uibFI_e2,wrong_topic,He is very happy to do something too much,"After her trip to Venezuela, she felt inspired to learn Spanish.",9.070457958822342,False
MYGqMojGwBE--282,wrong_topic,"I can't eat? Yes, here is the picture.","If you found this video useful, share it with all your friends and family",8.656612608937031,False
mjvqIq_fvRY--10,wrong_topic,They raided theer of 2010 to help the UP government find a lot in UP.,Pooja said she wanted to apply for a learner's license but could not due to financial difficulties.,13.200298776940203,False
lZarpnV0alw--12,wrong_topic,"One day along with the Chinese Government, teacher, blank and the word.",All her clothes were hand-me-downs.,17.868057604605017,False
mXq8axygjdE--28,wrong_topic,We also discussed the ways in which water is stored in water.,He saw a deer and rode after it. It ran deep into the forest followed by the king. Soon the king lost his way.,14.326374910890463,False
IjeHLt1vNoM--3,wrong_topic,"did not allow food, beds, etc. They will not be allowed to eat or wash their hands.",People consider pets their family but flights do not allow pets onboard.,24.251015474738498,True
6_yO8Lc8Hd4--16,wrong_topic,"When he did not fall sick, he said that the woman had excessively explosives.","If it is good, only then it can be served. They must do this regularly.",15.771281306509936,False
HBQwzyxvkZA--237,wrong_topic,Can you find the temperature in the soil?,This helps the rain water and snow to slide off easily.,16.106425494590727,False
CRJSZ2e7BU0--8,wrong_topic,"Since then, they had no visit to the letter, but the members had given all the details within a month.","The CM politely listened and after Abhijeet left, he wrote a letter to Prime Minister's Office.",18.745276952232075,True
K4eNr2k2Lls--19,wrong_topic,It took place on 10th February in Mumbai.,was held between 9th to 12th February 2020 in Hyderabad.,24.17104925492155,True
U5Tq9r7saZU--19,wrong_topic,who do not have a good idea.,The trust were shocked that they were blacklisted without a discussion.,7.561198740564155,False
uYaUCNl1j10--3,wrong_topic,now she will send you to India by offering JNR.,"The Sports Authority of India (SAI) tweeted, ""Congratulations, Team India won a total of 9 medals.""",11.904429460855532,True
3gKelnCwuj8--0,wrong_topic,"However, the Central Government had filed a case in West Bengal.","Today, the Supreme Court's CJI Ranjan Gogoi,",13.493103131206718,False
ZVE_KjrY_po--22,wrong_topic,"If you have no choice, how do you use it?","For example look at film stars, cricketers, sportspersons, businessmen, etc.",6.125254800274933,False
i4j5Bj2NL1c--11,wrong_topic,"or the offices will be like a woman, women, etc. who are suffering in the problem.","If you have used up your 15 GB free storage across Gmail, Google Drive and Google Photos",12.243461113160421,False
9b0136913690-57,wrong_topic,and all of them were patient and one day.,Finish shaving at once! The Sultana exclaimed.,13.045878398731059,False
wwpptVjgAws--10,wrong_topic,I am a lot of judgments with my advice.,he also teaches then to lightly place glasses on the table and other manners. The Deaf team has grown thanks to him.,7.326868276272329,False
gp0w_zrLgfw--13,wrong_topic,"According to her family and daughters, they should have decided to go ahead with their death.",Zelensky said that the decision should be left on people to decide whether they want to be with Russia and Ukraine.,23.356998646086492,False
HBQwzyxvkZA--129,wrong_topic,Do you live your life with your father?,Several kinds of plants and animals live in the same habitat.,10.372220136741678,True
fqJW-F3WIYc--0,wrong_topic,"In an update, the homeless woman's house was hanging from the hospital.","ISH News has constantly been releasing about cyclones, heatwaves, pollution, etc.",16.063730641517754,False
l9bZYazJQ1w--7,zero,"Th Though red colours are colourful, it's affection.","On reaching home, his wife was shocked and he told her the whole tale.",11.63938192528394,False
9b0136913690-114,zero,"Though red colours of red colours are coloured, it is just a half year.",Why did the barber take so long to shave the sultan? 5,13.470597618275306,False
ZMsnY_khlNQ--12,zero,different from what is you're about 5 rupees?,"When she confronted the man, he said he had sent her a wrong QR code",11.227895975769004,False
809a3a5e02d1-67,zero,"Though it's affection, it's very unique!",Who agreed to help Hellen? Four.,8.783501805155266,False
DP1ly_MsHHQ--36,zero,"Th Though red colours are colourful, it's affection.",Raut said that Mumbai has always been a part of Maharashtra and will remain so.,9.034614327124018,False
dPuKX_lM4Zc--118,zero,"Th Though red colours of red colours are colourful, it is just a half year.",The second column tells us how they will look on one third term and the third column is about how they will look on one sixth turn.,12.534534008253276,False
wwpptVjgAws--20,zero,Th Though red colours of red red colours are colourless or red colours of red red colours.,Another cafe in Delhi ‘Echoes Cafe’ is also run by the Deaf! It has a branch in Hyderabad and a total of 35 deaf people work there.,9.128324636661748,False
48couwymlMM--18,zero,different from what is you're about 5 rupees?,"When Roshan touched his face, the doctor started crying and became very emotional.",9.463289185130447,False
809a3a5e02d1-108,zero,It's very different from what is a 5 year,blank space has been provided for your answers.,11.71545607047383,False
4DhGy83DK_s--30,zero,"Though red colours of red colours are coloured, it is just a half year.",The MPs must talk and interview the local Kashmiris.,13.603110882453986,False
rZG7T9ujMEo--0,zero,Th Though red colours of red colours are colourless or red colours of red red colours.,"In 2022, ordering food at home through apps like Zomato and Swiggy has become a regular practice for almost everyone.",11.380671580038994,False
7byz3fdI-Ss--0,zero,"Th Though red colours are colourful, it is different from one year.",Jack Ma was born and raised in a very poor family.,12.005604628051456,False
eabe1f38221a-18,zero,"Th Though red colours are colourful, it is different from one year.","to bow and help her on her way? But no, I'm ashamed to say that when a lady frog comes by.",12.194108709551882,False
0kldzhToGLc--6,zero,"Th Though red colours are colourful, it is different from one year.","and if he wins the future elections in scotland, he will make Gay marriage illegal.",13.098388557794264,False
pMbMjjSj1fM--17,zero,It's very different from what is a 5 year,"due to strict lockdown rules imposed by the Kerala police, no one was allowed outside.",6.75796837904733,False
MYGqMojGwBE--267,zero,It's a half year is different from what is,just for you! Just to give you all the nutrition you need!,9.803019706466022,False
C-cgPb_N2dY--9,zero,It's a half year is different from a year,"The Indian Embassy in UAE,",9.67159158085598,False
ef52bca1a454-22,zero,It's very different from what is a 5 year,Does the little girl love her granny?,11.181417586866715,False
fulQKWknVhw--7,zero,"Though it's affection, it's very unique!",Let me now tell you about Queen Elizabeth II's life.,10.10427706973136,False
ijrjSBx7WTc--84,zero,"Though it's affection, it's affection. It's different colours of colours from their eyes.",How would you look after it?,11.925074770592225,False
oAhfJ8yB1j0--10,zero,"Though it's affection, it's very unique!",and for his moral values.,10.565732434633823,False
Zc2bgIDZ-Ks--72,zero,It's a half year is unique!,But an old blanket was all that came out.,8.171399240796283,False
mjvqIq_fvRY--11,zero,different from what is the 5th course,Pooja spoke about the hardships she faced including opposition from her family.,11.639982237787736,False
IoifXQnhN4E--4,zero,"Though it's affection, it's affection. It's a small cat!",During interrogation he confessed that he had submitted an application to the bank to secure a loan.,12.89063351552604,False
HBQwzyxvkZA--276,zero,It's very different from what is a 5 year,The speed of the deer helps them to run away from the predators.,11.853518166359397,False
o44YnPMhwPU--12,zero,"Though it's affection, it's affection. It's a small cat!",The MLA's brother then had the girl's uncle arrested.,10.624000545625712,False
myIXH3PjvoI--76,zero,It's a half year is unique!,So the area of my shape is 10 square centimeters.,10.622588499071476,False
faZQNy4aErk--15,zero,different from what is you a cat's,If a person did not have PAN card he could not file returns. That is not the case now.,11.806360814401346,False
Rc99bcSdhak--0,zero,"Though it's affection, it's affection. It's a small cat!",Many of you say that India is not a safe country as there are a lot of rapes.,13.087670025796234,False
0kldzhToGLc--2,zero,"Th Though red colours are colourful, it is different from one year.",the COVID-19 pandemic was caused due to same sex marriages.,10.11060000174242,False
5n_IGU5rYYk--30,zero,It's very different from what is a 5 year,She wrote a short note in his passport and told him to walk to Slovakia.,8.194259409049815,False
myIXH3PjvoI--89,zero,"Though it's affection, it's very unique!","If you draw like this, the area is still 10 square centimeters. Questions.",11.86439161993594,False
S9ymb66ZqqY--9,zero,It's very different from what is a 5 year,to get dry fruits from other countries. As the festival season like Navratri and Diwali is soon approaching,9.167577953443658,False
dPuKX_lM4Zc--54,zero,different from what is the 5th course,Pass the pin through the holes and fix it in the stick.,14.242319391390568,False
oPITLi0VKh8--10,zero,It's a half year is different from what is,"Mufti was arrested under the Public Safety Act,",12.954787250985863,False
17OIKvJmrK8--4,zero,Th Though red colours of red colours are different from one year.,Delhi Airport has said that they have two cargo terminals,10.868221868687055,False
yb7efY9x78U--12,zero,"Though red colours of red colours are different from one year, it is just a half year.","These 500 rupees notes were worth ₹88,032.5 crores are missing.",14.663250253293672,False
zu_bd3r2GIA--9,zero,It's a half year is different from what is,Harry had a lot of health problems since long.,13.054716826459916,False
eabe1f38221a-5,zero,"Th Though red colours of red colours are colourful, it is just a half year.","When you have a holiday from school, what do you do? Would you behave a little like the frog in the following poem?",11.970486397364127,False
QiGhWfjM2FI--31,zero,This is a unique tradition of red colour. It is different from one year.,Finally Ajay’s bodyguards were able to move the man away and the car sped off.,13.287531248207562,False
fvHtYcL913U--3,zero,It's a half year is different from a year,This account has over 2.5 million followers.,9.972476856240778,False
sktRu3sp97g--4,zero,"Though it's affection, it's affection. It's a small cat!",It is not the local police or village panchayat who are responsible for this.,12.376789735310359,False
BTqVQCBPUzg--97,zero,It's very different from what is a 5 year,Column 2 says Number of Children.,12.21418690259772,False
hYNyIXYmoYs--17,zero,Th Though red colours of red colours are colourless or red colours.,"increase in tax, property, house rates will make real estate even more difficult to sell or purchase.",11.409610648289972,False
3Pk2c_Z4ahk--1,zero,It's very different from what is a 5 year,for meetings and future plans.,12.842865593573896,False
9xc24mAlprE--1,zero,It's very different from what is a 5 year,"and Mansukh Hiren’s death came out,",12.094268321875017,False
ZMsnY_khlNQ--7,zero,It's a half year is unique!,The deal was then fixed and the man transferred a small amount of money into her account,5.658430527149781,False
fulQKWknVhw--42,zero,It's very different from what is a 5 year,do you think that we should mourn Queen's death? Let us know in the comments.,9.122218446484764,False
W4YzurwHpfw--6,zero,It's a half year is different from a year,"During the gunfight, two terrorists tried to escape.",9.837823837287806,False
glNqZ8w4iy8--9,zero,"Though it's affection, it's affection. It's a small cat!",it is very difficult to speak to people because of the loud music. No matter how loud you speak it is difficult.,9.940840244211554,False
o44YnPMhwPU--25,zero,"Though it's affection, it's affection. It's a small cat!",They were in the car when suddenly a truck rammed into their vehicle.,9.991623756926051,False
UBnqDwRds3A--2,zero,"Though it's affection, it's very unique!",The police took Raj Kundra to his Juhu residence.,10.920153619012952,False
wmTrG799MAo--19,zero,It's a half year is unique!,Biden said that Trump does not know how to treat allies,7.880240457674086,False
lPzmjeJmsXo--13,zero,Th Though red colours of red colours are colourless or red colours.,One groups of MLAs supported Gehlot while another supported Pilot.,13.859632968307023,False
ZCBew8Fv0qA--12,zero,"Though it's affection, it's affection. It's a small cat!",But why was the name changed? According to International rules,13.550798762059502,False
39at7Lxu6Yo--19,zero,Th Though red colours of red colours are colourless or red colours.,Many Investigating officers questioned Ratan Puri in the past about his alleged tax evasion & investigation is still going on.,7.765916628040739,False
EIwWHTO5rZw--8,zero,"Th Though red colours are colourful, it is different from one year.",The ABVP claimed that Members of left organizations tried to stop a Pooja from being organized.,12.23793764782079,False
MYGqMojGwBE--116,zero,different from what is you're about 5 rupees?,"So the next time you see forks and spoons on the side of your plate,",12.868041197803903,False
BTqVQCBPUzg--47,zero,different from what is the 5th course,which other animals can be kept at home.,14.972844552593653,False
myIXH3PjvoI--93,zero,different from what is the 5th course,Try some other ways yourself.,21.047962349444056,False
bU_v22EtHIU--1,zero,"Though it's affection, it's affection. It's a small cat!",Currently the currency used in El Salvador is the US Dollar.,9.093322816453533,False
uR-nzhB6D8g--2,zero,It's very unique! It's a half year!,The government has distributed food to them through the Ration systems.,7.0495107979096705,False
OEM3CR-HYmk--15,zero,"Though it's affection, it's very unique!",These are the best as it would go inside the manhole with the instructions given by the operator,10.540768126956843,False
uR-nzhB6D8g--3,zero,"Th Though red colours are colourful, it's affection.",Many NGOs have distributed food as well because feeding the poor is priority.,10.405289677469423,False
NaXDBBT5pkw--6,zero,It's a half year is unique!,It is worth Rs 1.8 lakh crore,8.838994350495351,False
wefigjf46u4--2,zero,It's a half year is unique!,The family forced the doctors to test the Deaf man for COVID-19.,6.061928677141483,False
MYGqMojGwBE--30,zero,different from what's you a cat is,"And if it won't digest, then how will it come out of your body?",11.047730895346898,False
fYxijWb0b_s--9,zero,"Though it's affection, it's affection. It's a small cat!",It is a virtual reality space where people can play games with each other.,12.31644254958045,False
Rc99bcSdhak--16,zero,"Though it's affection, it's very unique!","When she could not take the torture any more, she escaped.",8.460007465697132,False
_IyhoG9jXuM--15,zero,"Though it's affection, it's affection. It's a small cat!",They were surprised at how she did not feel any pain. She was lucky to the have reach the hospital in time.,9.803645363842813,False
uYaUCNl1j10--12,zero,"Though it's affection, it's affection. It's a small cat!",SAI Twitter handle acknowledged the effort of the Indian team at this event.,10.9878367991147,False
o9DARfrZg2o--16,zero,It's very different from what is a 5 year,The Gujarat government also said that the two institutes,13.090467850452503,False
MYGqMojGwBE--42,zero,different from what is you're about 5 rupees?,and keep throwing ingredients into it while casually something or the other?,11.238380466261289,False
ixXF2UGOyoU--5,zero,It's a half year is different from what is,have left them to join the BJP.,10.620373744400643,False
BESRE5mtipE--0,zero,"Th Though red colours are colourful, it's affection.","Many people love their pet cats, dogs, parrots, etc.",10.952600444432587,False
8DmlFztO2XM--2,zero,It's a half year is unique!,"The IMD also alerted that parts of Puducherry and Andhra's Guntur,",7.826556951411094,False
jLwvQ4URDFY--1,zero,"Th Though red colours of red red colours are red red colours, red colours off from one red red colour.","Mumbai Police found a boat with 3 AK-47 rifles and bullets at Harihareshwar Beach in Raigad district, which is 190 km away from Mumbai.",9.284797530748715,False
5QMD024bDYs--15,zero,"Though it's affection, it's affection. It's a small cat!",I want to tell the country that we are withdrawing the laws as I want peace.,11.175067978202929,False
jLwvQ4URDFY--31,zero,Th Though red colours of red colours are colourless or red colours of red red colours.,Mumbai Police Commissioner Vivek Phansalkar said that three teams of the Crime Branch would be probing the matter.,9.836053234355765,False
aDwdB7xHAOE--1,zero,Th Though red colours of red red colours are colourless or red colours of red red colours.,"on 1 January 2022, woke up to see herself listed for an “online auction” of Muslim women on an App.",9.319853653362504,False
wSEeoT9BqE0--13,zero,it's very interesting to see what's,They thought it was better to buy a house.,13.17794051057208,False
d5Lx_5-UiHY--41,zero,It's a half year is different from what is,The first one is already marked. One.,14.871353099202237,False
BTqVQCBPUzg--18,zero,It's a half year is unique!,Help Yamini complete the table.,7.076929617583912,False
faZQNy4aErk--62,zero,It's very different from what is a 5 year,This is to encourage foreign investors in India.,11.476408526135392,False
LvN9Dxq2iLY--88,zero,different from what is you're about 5 rupees?,will be there no more. Women's,16.58632845432643,False
HBQwzyxvkZA--256,zero,It's a half year is different from a year,The surroundings change and we see different kinds of adaptations.,19.06189325550677,True
xFEQrtosric--18,zero,"Th Though red colours are colourful, it's affection.",Arun Jaitley was the President of DDCA for 14 years.,11.172941731783109,False
KmW8f1GVTYY--40,zero,"Th Though red colours of red colours are colourful, it is just a half year.","India too has taken a loan. It is similar to how we take loans for buying a house, mobile or vehicle.",13.257813180453013,False
nXA9Qpj2z7E--6,zero,different from what is you're about 5 rupees?,in exchange of the civilians in the aircraft.,9.684684684684687,False
kytITkHoyls--7,zero,"Though it's affection, it's very unique!",At around 4.00am the battery exploded. Shabbir was grievously injured while his grandmother sustained minor injuries.,6.034683480358572,False
ef52bca1a454-6,zero,It's very different from what is a 5 year,"Granny, Granny, please comb my hair.",10.137306776075675,False
iwYL-ivQm6o--19,zero,It's a half year is unique!,after the Pulwama attack this was the first attack of this kind.,6.061928677141483,False
9b0136913690-41,zero,"Though it's affection, it's very unique!",He then began narrating another story which lasted half an hour.,10.014458680880848,False
K4eNr2k2Lls--1,zero,It's a half year is unique!,It was formerly known as Deaf Cricket Society (DCS) but was renamed to IDCA.,6.099738306703207,False
pMbMjjSj1fM--28,zero,This is a unique tradition of red colour. It is different from one year.,through the representatives of the villages.,15.237231220308765,False
MYGqMojGwBE--161,zero,It's very different from what is a 5 year,"but when you cut it into small pieces, how much time does it take?",8.19162842668229,False
mXq8axygjdE--32,zero,"Though it's affection, it's affection. It's a small cat!","Suddenly, he heard a voice cry out. Quick, hurry up!",8.350952110353434,False
4vfboqjtAXo_d,zero,"Th Though red colours of red colours are colourful, it is just a half year.","a liking for, an enjoyment of, or a habit of doing something.",12.82153553063746,False
HBQwzyxvkZA--261,zero,It's a half year is different from what is,Look at the picture of a lion and that of a deer. Figure 9.8,11.322240011578186,False
CAzt5cxtSjQ--23,zero,It's a half year is different from a year,Karnataka High court has decided to ban hijab.,9.295207432823847,False
d5Lx_5-UiHY--51,zero,It's very different from what is a 5 year,352 children from a school went on a camping trip.,13.727875675203755,False
klepEQSaeIk--9,zero,Th Though red colours of red colours are different from one year.,The 2 doses of the vaccine reduces the severity of the infection.,14.285554301277573,False
48couwymlMM--10,zero,It's very different from what is a 5 year,The Doctor's name was Sanduk Ruit.,10.64581955857813,False
K4eNr2k2Lls--0,zero,It's a half year is different from a year,IDCA is the Indian Deaf Cricket Association.,10.410414165666268,False
zu_bd3r2GIA--16,zero,"Though it's affection, it's affection. It's a small cat!","He believes that earlier he looked old, but then after drinking urine, he looked younger.",7.673311982476753,False
ef52bca1a454-76,zero,different from what is the 5th course,Call out the picture and write his name.,15.467913175057799,False
ixXF2UGOyoU--2,zero,different from what is the 5th course,Some members may be removed and a new person will be appointed.,8.769405541245021,False
o44YnPMhwPU--37,zero,"Though it's affection, it's affection. It's a small cat!",Her mother said that the MLA was responsible for everything that happened to her family.,9.707794526417562,False
CRJSZ2e7BU0--12,zero,"Th Though red colours of red colours are colourful, it is just a half year.","Along with his mother, Abhijeet reached Delhi and so did CM Sarma.",12.20193689618847,False
91GVHgxW8RA--2,zero,different from what is the 5th course,Shocking! Let me tell you.,9.83466019485131,False
gXa0qcoWrsQ--7,zero,Th Though red colours of red colours are colourless or red colours.,"Whenever the metal detector went past his hips, it started beeping loudly.",9.505566037527394,False
m3Mmtpr-jjA--42,zero,Th Though red colours of red colours are colourless or red colours of red red colours.,She said what about the various journalists that have attacked the BJP and have been arrested.,9.947681739267455,False
lcBujGRLwE0--29,zero,Th Though red colours of red colours are colourless or red colours of red red colours.,"Therefore, after returning from China, President Muizzu asked India to withdraw all military troops from Maldives by 15th March 2024.",10.460703702515522,False
MYGqMojGwBE--205,zero,"Though it's affection, it's very unique!","By giving this break, you'll be able to find out that your body had no need for it",9.341534821193887,False
d5Lx_5-UiHY--22,zero,"Though it's affection, it's very unique!",A tank is full of 300 litres of water. How much water will be filled into?,8.006649398263068,False
9b0136913690-89,zero,different from what is you're about 5 rupees?,But the Barber did not hurry.,13.753990397908655,False
8E-llRXuhl0--5,zero,Th Though red colours of red colours are colourless or red colours.,"MSRTC has 4,500 women conductors, but it does not have women bus drivers.",10.871161275365997,False
iGdg-iGlUFg--11,zero,Th Though red colours of red colours are colourless or red colours.,"The 35-year-old has played tests matches, ODI and T20 matches",9.50016618769906,False
jMdxYlvrkbk--9,zero,"Th Though red colours of red colours are colourful, it is just a half year.",Earlier there was no bar on the age of a cricketer to play any form of international cricket.,10.98110303689548,False
vbq8QbOwOt4--15,zero,It's very different from what is a 5 year,This is why people decide not to have children.,11.560377363223548,False
m3Mmtpr-jjA--8,zero,different from what's you a cat is,but his wife tore the papers.,14.926149720562293,False
o44YnPMhwPU--11,zero,"Though it's affection, it's very unique!",Her father then died while still in jail.,10.277954077668175,False
o9DARfrZg2o--12,zero,different from what is you're about 5 rupees?,But still children are malnourished.,14.699565061138859,False
rYcw__0tDhw--9,zero,"Th Though red colours of red colours are colourful, it is just a half year.",in 10 Chinese provinces. They were tested in veterinary hospitals.,11.003013924982318,False
eabe1f38221a-51,zero,It's very different from what is a 5 year,Refer to the poem and understand.,12.747846184168168,False
HBQwzyxvkZA--116,zero,"Though it's affection, it's affection. It's a small cat!",plants that live on the earth.,12.426852938194354,False
LvN9Dxq2iLY--139,zero,different from what is you're about 5 rupees?,to set up the factory.,12.157443203835374,False
8w6k4jEJJlU--19,zero,"Th Though red colours of red colours are different from one year - - - red colours, it is just a half year.",Mr AS Narayanan said that there are very few interpreters and many do not know sign language.,14.052580661448689,False
Kq5HfchSWv8--7,zero,it's very interesting to see what is,This year the voter turnout had decreased.,13.045272251362555,False
NDYHcIF50eE--2,zero,It's very different from what is a 5 year,In 2021 there were several bizarre food preparations.,13.559974236307129,False
809a3a5e02d1-65,zero,It's a half year is different from what is,What kind of girl was she?,14.252487326713517,False
AVb1VABiJJ8--18,zero,"Th Though red colours of red colours are colourful, it is just a half year.",China had banned international Apps in China long back.,10.429996569565457,False
HBQwzyxvkZA--265,zero,It's a half year is unique!,Do the features of a line help it in any way to survive?,8.871154695027265,False
ijrjSBx7WTc--59,zero,It's a half year is different from what is,The baby was fast asleep.,11.299435028248588,False
IjeHLt1vNoM--13,zero,"Th Though red colours are colourful, it is different from one year.",However remember only pet dogs and cats will be allowed and they must be vaccinated.,11.446198383863635,False
BTqVQCBPUzg--122,zero,It's a half year is unique!,and column 2 is about number of children. Column 1 things are...,7.145893367136908,False
NaXDBBT5pkw--25,zero,Th Though red colours of red colours are colourless or red colours.,In India more than 40 lakh people are employed in the IT Industry and India is the largest export business.,9.635292870514574,False
4DhGy83DK_s--8,zero,"Though it's affection, it's affection. It's a small cat!",Then they killed an apple trader,9.116630860889016,False
zu_bd3r2GIA--29,zero,"Though it's affection, it's very unique!",drinking your own urine can actually speed up the dehydration,11.755110319154182,False
xFEQrtosric--19,zero,"Though it's affection, it's affection. It's a small cat!",Jaitley was a politician as well as an avid cricket follower.,11.951620961315355,False
rYcw__0tDhw--11,zero,different from what is the 5th course,"They were used to study flu,",14.431265342393607,False
DP1ly_MsHHQ--25,zero,It's a half year is unique!,"while the UP government brought down 11,000 loudspeakers then why not Maharashtra government.",5.079207028975571,False
myIXH3PjvoI--106,zero,It's very different from what is a 5 year,Two sides of a shape are drawn here.,14.718977027133542,False
KI0avgGkWiU--25,zero,It's a half year is unique!,They thanked Dhoni for the free publicity.,7.56133562609827,False
-hZpPIT6N4U_d,zero,"Th Though red colours of red red colours are red red colours, red colours off from one red red colour.","to think carefully, especially about possibilities and opinions",9.532167632721206,False
myIXH3PjvoI--102,zero,"Th Though red colours of red red colours are red red colours, red colours off from one red red colour.",Complete the shape so that it's area is,10.386681460642794,False
MYGqMojGwBE--46,zero,different from what is you're about 5 rupees?,and the ingredients should only be added when the fire is burning properly,12.89332843602444,False
3vCea9zWFek--10,zero,It's a half year is unique!,Here are some of the rules that have to be followed:,7.5162035235935925,False
MYGqMojGwBE--172,zero,different from what is the 5th course,"And when I remember it, my meal is over already!",10.768656247600564,False
d5Lx_5-UiHY--100,zero,It's a half year is different from a year,"is equal to 614. Before telling his father,",11.354182001489988,False
iwYL-ivQm6o--5,zero,different from what is the 5th course,The police then fired and a gunfire ensued.,11.98965478338978,False
Xmm9ZyMy12g--19,zero,Th Though red colours of red colours are different from one year.,The Indian Navy currently have 4 German Submarines and 9 Russian Submarines.,12.28608879039862,False
hgaKby5Mha4--15,zero,"Though red colours of red colours are coloured, it is just a half year.",Rakhi and Adil had dated for 3 months before getting married in July 2022.,11.341338493539705,False
MnCcM6PZrug--9,zero,It's very different from what is a 5 year,The offer valid only for 1 day - 16th September 2022,12.5570130954216,False
bqE5C2tmc9c--9,zero,"Th Though red colours of red colours are colourful, it is just a half year.","The government is also planning to launch new Rs1, Rs 2, Rs 5 and Rs 10 coins.",11.641052825686307,False
OEM3CR-HYmk--0,zero,It's very different from what is a 5 year,"‘Manual Scavenging’ is a term mainly used in India,",10.661114109884322,False
faZQNy4aErk--82,zero,Th Though red colours of red colours are different from one year.,"Under the 'Khelo India' programme, they will develop the National Sports Education Board.",11.075522982528794,False
C-cgPb_N2dY--0,zero,Th Though red colours of red colours are colourless or red colours.,A team of 105 healthcare professionals from India landed in Abu Dhabi on 19th May,9.818268453263897,False
AVb1VABiJJ8--10,zero,"Though red colours of red colours are different from one year, it is just a half year.","Since such Apps affect the Defence of India, the government needs to take urgent action.",14.404357397483519,False
Lt5GAA6MIuM--1,zero,It's a half year is different from what is,It said that workers in Indian factories supplying goods to famous chains such as,10.666364901506203,False
gp0w_zrLgfw--10,zero,"Though red colours of red colours are coloured, it is just a half year.",1. Russia has demanded that Ukraine must never join NATO.,12.395133812567769,False
eBj_HUu0CNw--29,zero,It's very different from what is a 5 year,He said that he will take full responsibility for this.,11.58460494228738,False
QiJgNpX3zN0--11,zero,"Though it's affection, it's very unique!",They protested and demanded that the oil packets be replaced with new oil packets.,6.711970767860777,False
faZQNy4aErk--32,zero,"Th Though red colours are colourful, it is different from one year.",2. You all know that you get 1.5 lakh benefits on Investments.,12.896432606281111,False
aDwdB7xHAOE--10,zero,"Th Though red colours are colourful, it is different from one year.",The Mumbai & Delhi police have now registered FIRs against the insulting App.,12.722104959843108,False
YsuSHJ3klEs--7,zero,Th Though red colours of red colours are colourless or red colours.,against the father of the bride under the Kerala Epidemic Diseases Ordinance 2020.,7.695985851144909,False
MYGqMojGwBE--217,zero,different from what is you're about 5 rupees?,"When you get back to work right after eating your food,",15.827073335361048,False
8DmlFztO2XM--0,zero,"Though it's affection, it's very unique!","The IMD, which is a weather surveillance organisation has informed that,",11.56992662355808,False
gp0w_zrLgfw--20,zero,"Th Though red colours of red colours are colourful, it is just a half year.",The fourth demand of Russia on the list is that Ukraine stops all military action and demilitarise the area.,13.123859176502032,False
MYGqMojGwBE--258,zero,different from what is you're about 5 rupees?,"When you serve food, don't mix more than 2-3 foods",12.87309100148477,False
40BjLI5XtJE--10,zero,It's very unique! It's a half year!,"Once a license is cancelled, drivers can appeal in a court but it is not an easy process.",6.334628629783828,False
fulQKWknVhw--12,zero,Th Though red colours of red colours are colourless or red red colours.,after which Elizabeth at the age of 27 was crowned as the Queen of UK on 2nd June 1953.,7.470225059922848,False
myIXH3PjvoI--122,zero,"Though it's affection, it's affection. It's a small cat!",Here is a rectangle of area 20 square centimeters.,12.410123345735473,False
jMdxYlvrkbk--7,zero,"Th Though red colours of red colours are different from one year - - - red colours, it is just a half year.",All details about the player's exceptional qualities must be presented before the ICC.,14.9373666167581,False
-X_zmve1y00--14,zero,"Th Though red colours of red colours are different from one year - - - red colours, it is just a half year.",The tree ambulance will help a tree in a bad conditionand help it to grow again.,14.063165507916034,False
sktRu3sp97g--15,zero,"Th Though red colours are colourful, it is different from one year.",The women of the village are working hard to contain the spread of COVID-19.,14.682127560758751,False
7byz3fdI-Ss--16,zero,it's very interesting to see what,Now lets see what happens.,26.230616106142545,True
809a3a5e02d1-119,zero,It's very different from what is a 5 year,Now your friend will ask you the same questions.,11.703971356399089,False
Rc99bcSdhak--14,zero,It's very different from what is a 5 year,She was treated like an animal.,12.842865593573896,False
v0g35qCOCwU--0,zero,"Though it's affection, it's very unique!",These days many couples propose in creative ways such as by giving flowers to each other.,8.583115870900468,False
N6jpL7uibFI_e2,zero,"Th Though red colours are colourful, it is different from one year.","After her trip to Venezuela, she felt inspired to learn Spanish.",15.09875291042977,False
MYGqMojGwBE--282,zero,It's a half year is unique!,"If you found this video useful, share it with all your friends and family",8.96816757562288,False
mjvqIq_fvRY--10,zero,"Th Though red colours of red colours are colourful, it is just a half year.",Pooja said she wanted to apply for a learner's license but could not due to financial difficulties.,12.331426136452112,False
lZarpnV0alw--12,zero,"Though it's affection, it's affection. It's different colours of colours from their eyes.",All her clothes were hand-me-downs.,13.799498892134016,False
mXq8axygjdE--28,zero,Th Though red colours of red colours are colourless or red red colours.,He saw a deer and rode after it. It ran deep into the forest followed by the king. Soon the king lost his way.,9.441434894906418,False
IjeHLt1vNoM--3,zero,"Though it's affection, it's affection. It's a small cat!",People consider pets their family but flights do not allow pets onboard.,12.026260089600207,False
6_yO8Lc8Hd4--16,zero,It's a half year is different from what is,"If it is good, only then it can be served. They must do this regularly.",11.1883015588918,False
HBQwzyxvkZA--237,zero,It's very different from what is a 5 year,This helps the rain water and snow to slide off easily.,12.60469892558044,False
CRJSZ2e7BU0--8,zero,Th Though red colours of red colours are colourless or red red colours.,"The CM politely listened and after Abhijeet left, he wrote a letter to Prime Minister's Office.",7.927327523104838,False
K4eNr2k2Lls--19,zero,It's a half year is unique!,was held between 9th to 12th February 2020 in Hyderabad.,5.962081819303782,False
U5Tq9r7saZU--19,zero,It's a half year is different from a year,The trust were shocked that they were blacklisted without a discussion.,8.46255300665839,False
uYaUCNl1j10--3,zero,"Th Though red colours of red colours are colourful, it is just a half year.","The Sports Authority of India (SAI) tweeted, ""Congratulations, Team India won a total of 9 medals.""",11.577054313761696,False
3gKelnCwuj8--0,zero,"Though it's affection, it's affection. It's a small cat!","Today, the Supreme Court's CJI Ranjan Gogoi,",10.887329903089777,False
ZVE_KjrY_po--22,zero,"Though it's affection, it's affection. It's a small cat!","For example look at film stars, cricketers, sportspersons, businessmen, etc.",9.51063435795452,False
i4j5Bj2NL1c--11,zero,"Th Though red colours of red colours are different from one year - - - red colours, it is just a half year.","If you have used up your 15 GB free storage across Gmail, Google Drive and Google Photos",16.36401441072012,False
9b0136913690-57,zero,It's a half year is unique!,Finish shaving at once! The Sultana exclaimed.,8.751441400160665,False
wwpptVjgAws--10,zero,"Though it's affection, it's very unique!",he also teaches then to lightly place glasses on the table and other manners. The Deaf team has grown thanks to him.,5.838011249056059,False
gp0w_zrLgfw--13,zero,Th Though red colours of red colours are colourless or red colours.,Zelensky said that the decision should be left on people to decide whether they want to be with Russia and Ukraine.,8.238673258389408,False
HBQwzyxvkZA--129,zero,"Though it's affection, it's affection. It's a small cat!",Several kinds of plants and animals live in the same habitat.,11.958591889562985,False
fqJW-F3WIYc--0,zero,Th Though red colours of red colours are different from one year.,"ISH News has constantly been releasing about cyclones, heatwaves, pollution, etc.",10.646121243879714,False
