uid,condition,n_tokens,ref_ll,n_content,content_ll
l9bZYazJQ1w--7,correct,20,-82.65382651239634,7,-45.015363447368145
9b0136913690-114,correct,19,-81.88294374197721,5,-56.74953506886959
ZMsnY_khlNQ--12,correct,21,-79.65387697331607,7,-50.308155277743936
809a3a5e02d1-67,correct,12,-64.3826946914196,4,-58.920954525470734
DP1ly_MsHHQ--36,correct,18,-94.60958971083164,7,-51.94286513328552
dPuKX_lM4Zc--118,correct,31,-177.31683252751827,13,-100.19021986424923
wwpptVjgAws--20,correct,40,-192.19103479292244,13,-135.35990865621716
48couwymlMM--18,correct,19,-77.33779589086771,8,-63.81693823635578
809a3a5e02d1-108,correct,11,-29.941125452518463,4,-15.250328928232193
4DhGy83DK_s--30,correct,13,-52.24303985387087,5,-43.508524656295776
rZG7T9ujMEo--0,correct,28,-126.80847907773568,13,-96.65166703573777
7byz3fdI-Ss--0,correct,15,-30.89135050319601,6,-7.1177584930555895
eabe1f38221a-18,correct,31,-171.57117741636466,9,-79.88628164015245
0kldzhToGLc--6,correct,22,-113.6900281868875,8,-85.17155537381768
pMbMjjSj1fM--17,correct,18,-63.058197889477015,10,-47.600414127111435
MYGqMojGwBE--267,correct,17,-92.04808592773043,3,-32.19141303724609
C-cgPb_N2dY--9,correct,12,-23.801008373964578,3,-8.741422325838357
ef52bca1a454-22,correct,12,-41.770264842547476,4,-26.995166496373713
fulQKWknVhw--7,correct,19,-26.903433849976864,7,-26.769537603715435
ijrjSBx7WTc--84,correct,8,-8.518323242664337,1,-1.0875698328018188
oAhfJ8yB1j0--10,correct,10,-46.28941643051803,2,-26.91589605808258
Zc2bgIDZ-Ks--72,correct,12,-23.56473746523261,3,-4.640104070305824
mjvqIq_fvRY--11,correct,19,-92.53545931912959,7,-76.83984001912177
IoifXQnhN4E--4,correct,24,-68.8858642121777,8,-39.529174654744565
HBQwzyxvkZA--276,correct,20,-75.20194106549025,6,-67.0930603146553
o44YnPMhwPU--12,correct,15,-52.527771800756454,5,-35.347971990704536
myIXH3PjvoI--76,correct,13,-53.65186778455973,4,-26.387235790491104
faZQNy4aErk--15,correct,23,-112.50452094525099,7,-47.153205782175064
Rc99bcSdhak--0,correct,21,-66.55828903988004,7,-36.851115353405476
0kldzhToGLc--2,correct,14,-67.8572651296854,6,-37.255423337221146
5n_IGU5rYYk--30,correct,22,-109.74174485355616,7,-67.82829028367996
myIXH3PjvoI--89,correct,19,-94.30915115401149,7,-57.20538127049804
S9ymb66ZqqY--9,correct,25,-145.99940142035484,12,-103.1172785460949
dPuKX_lM4Zc--54,correct,19,-91.4014573507011,6,-68.0411632321775
oPITLi0VKh8--10,correct,16,-55.10307915508747,6,-46.86677211523056
17OIKvJmrK8--4,correct,13,-64.49543044529855,6,-39.092415710911155
yb7efY9x78U--12,correct,23,-80.0586814340204,5,-26.96050652489066
zu_bd3r2GIA--9,correct,12,-46.100594721734524,6,-39.676510624587536
eabe1f38221a-5,correct,29,-114.69755660369992,8,-46.195997677743435
QiGhWfjM2FI--31,correct,24,-97.18713889084756,10,-76.51741617359221
fvHtYcL913U--3,correct,11,-26.5024420885602,3,-11.314782024011947
sktRu3sp97g--4,correct,20,-78.59813710395247,5,-32.17881485167891
BTqVQCBPUzg--97,correct,10,-33.34312315285206,4,-31.352570578455925
hYNyIXYmoYs--17,correct,24,-119.45911843515933,12,-91.65095945633948
3Pk2c_Z4ahk--1,correct,9,-31.717050913721323,3,-21.9261410869658
9xc24mAlprE--1,correct,16,-33.26377593493089,4,-14.516808917280287
ZMsnY_khlNQ--7,correct,21,-102.51658922992647,8,-47.22408760152757
fulQKWknVhw--42,correct,22,-80.27788391103968,7,-56.360964154824615
W4YzurwHpfw--6,correct,14,-34.90166810154915,6,-34.29396364092827
glNqZ8w4iy8--9,correct,25,-106.00903773494065,10,-53.4562449157238
o44YnPMhwPU--25,correct,18,-59.74440710339695,5,-21.205767654813826
UBnqDwRds3A--2,correct,13,-52.28112215548754,6,-46.04531319439411
wmTrG799MAo--19,correct,13,-64.21117326710373,6,-54.41356474161148
lPzmjeJmsXo--13,correct,20,-91.41010719328187,9,-88.38229095726274
ZCBew8Fv0qA--12,correct,12,-49.62123433500528,5,-28.416366457939148
39at7Lxu6Yo--19,correct,34,-113.0685273562558,13,-74.74636047706008
EIwWHTO5rZw--8,correct,26,-116.10428657196462,9,-96.2146788276732
MYGqMojGwBE--116,correct,20,-116.11723881214857,7,-71.17107855901122
BTqVQCBPUzg--47,correct,10,-41.371939677745104,4,-22.730023086071014
myIXH3PjvoI--93,correct,8,-49.937669187784195,4,-41.10438799858093
bU_v22EtHIU--1,correct,23,-129.06350955972448,6,-92.55995466420427
uR-nzhB6D8g--2,correct,15,-54.14811937138438,6,-36.57635585591197
OEM3CR-HYmk--15,correct,24,-107.41269650869071,7,-63.81314059905708
uR-nzhB6D8g--3,correct,18,-55.44762662798166,9,-35.61782617121935
NaXDBBT5pkw--6,correct,9,-21.70522909425199,4,-3.5116895101964474
wefigjf46u4--2,correct,14,-38.55101750046015,7,-27.695703104138374
MYGqMojGwBE--30,correct,19,-68.81405830383301,4,-27.91533415019512
fYxijWb0b_s--9,correct,17,-98.4317519441247,9,-63.5586836412549
Rc99bcSdhak--16,correct,15,-81.15696296049282,3,-21.949337131809443
_IyhoG9jXuM--15,correct,25,-102.42667622864246,7,-32.95876654982567
uYaUCNl1j10--12,correct,22,-80.04461311595514,8,-59.88293645577505
o9DARfrZg2o--16,correct,14,-45.23951545730233,5,-27.11567011848092
MYGqMojGwBE--42,correct,19,-101.01030723098665,7,-72.14534421358258
ixXF2UGOyoU--5,correct,9,-46.570386312901974,3,-20.38805678486824
BESRE5mtipE--0,correct,21,-60.27923806454055,8,-54.66152829374187
8DmlFztO2XM--2,correct,25,-71.1758919697022,6,-59.51660015468951
jLwvQ4URDFY--1,correct,43,-207.07204273628304,14,-138.28751214506337
5QMD024bDYs--15,correct,19,-62.52899134159088,7,-32.99560405313969
jLwvQ4URDFY--31,correct,33,-97.86864275473636,12,-75.1398940681247
aDwdB7xHAOE--1,correct,28,-137.91070187371224,10,-101.98254690691829
wSEeoT9BqE0--13,correct,11,-37.674076080322266,4,-24.82639789581299
d5Lx_5-UiHY--41,correct,11,-56.585458628833294,5,-48.84436600096524
BTqVQCBPUzg--18,correct,9,-50.47558790445328,4,-49.34234809875488
faZQNy4aErk--62,correct,12,-38.374046145007014,4,-24.18395477347076
LvN9Dxq2iLY--88,correct,10,-64.49431619793177,1,-13.467596866190434
HBQwzyxvkZA--256,correct,19,-63.05245354375802,6,-51.32479376345873
xFEQrtosric--18,correct,19,-41.318409473926295,5,-36.40006420138525
KmW8f1GVTYY--40,correct,27,-112.27028247760609,10,-66.8163999337703
nXA9Qpj2z7E--6,correct,12,-60.5542578024324,3,-26.40394629514776
kytITkHoyls--7,correct,39,-160.7132401848212,12,-141.0527017051354
ef52bca1a454-6,correct,15,-69.81237328052521,5,-64.11998309195042
iwYL-ivQm6o--19,correct,14,-62.91160745173693,5,-27.00486922264099
9b0136913690-41,correct,17,-82.91289592161775,7,-59.95548115670681
K4eNr2k2Lls--1,correct,29,-110.21559789031744,8,-72.31812189519405
pMbMjjSj1fM--28,correct,11,-51.36843662708998,3,-42.79416559636593
MYGqMojGwBE--161,correct,18,-66.71793620288372,6,-33.49106691777706
mXq8axygjdE--32,correct,24,-52.0383782844292,6,-36.48498885438312
4vfboqjtAXo_d,correct,18,-101.97628732398152,5,-42.807092130184174
HBQwzyxvkZA--261,correct,20,-70.16191667318344,5,-47.85841865837574
CAzt5cxtSjQ--23,correct,10,-34.51277477666736,6,-27.953111167997122
d5Lx_5-UiHY--51,correct,15,-93.98011879622936,5,-55.8335961997509
klepEQSaeIk--9,correct,18,-47.43513042386621,5,-34.498733434826136
48couwymlMM--10,correct,16,-68.84565459191799,4,-60.4759890884161
K4eNr2k2Lls--0,correct,11,-16.465464975917712,5,-13.801163342082873
zu_bd3r2GIA--16,correct,23,-98.4946758300066,8,-67.92311325669289
ef52bca1a454-76,correct,11,-51.35579042881727,4,-33.91447061300278
ixXF2UGOyoU--2,correct,14,-80.33909304440022,5,-40.756020307540894
o44YnPMhwPU--37,correct,17,-69.61848591454327,7,-41.1446322966367
CRJSZ2e7BU0--12,correct,22,-83.56212088093162,7,-56.13973574154079
91GVHgxW8RA--2,correct,8,-11.813943008659407,3,-8.387993668206036
gXa0qcoWrsQ--7,correct,22,-116.84931192081422,9,-102.70070064347237
m3Mmtpr-jjA--42,correct,20,-86.79757957160473,6,-30.42227090150118
lcBujGRLwE0--29,correct,35,-145.9781370703131,13,-111.06086014397442
MYGqMojGwBE--205,correct,23,-99.5383670963347,7,-40.58407491073012
d5Lx_5-UiHY--22,correct,24,-79.23320909217,7,-30.429183688014746
9b0136913690-89,correct,12,-43.352537736296654,2,-32.05663262307644
8E-llRXuhl0--5,correct,24,-77.22737011028221,6,-58.07570729078725
iGdg-iGlUFg--11,correct,18,-57.79450989700854,7,-40.77901984192431
jMdxYlvrkbk--9,correct,20,-99.69617390143685,8,-65.02830186486244
vbq8QbOwOt4--15,correct,11,-46.09724709764123,3,-27.253666400909424
m3Mmtpr-jjA--8,correct,10,-50.83993074949831,3,-37.40602598246187
o44YnPMhwPU--11,correct,10,-42.225946106016636,5,-25.40310863405466
o9DARfrZg2o--12,correct,12,-50.79909880831838,3,-40.91417196020484
rYcw__0tDhw--9,correct,20,-83.3552090972662,5,-63.91055949032307
eabe1f38221a-51,correct,10,-28.118133559823036,3,-19.550426438450813
HBQwzyxvkZA--116,correct,8,-37.87718090415001,3,-20.429374545812607
LvN9Dxq2iLY--139,correct,7,-33.83461940288544,2,-18.689247965812683
8w6k4jEJJlU--19,correct,24,-65.8913671374321,9,-29.988399483263493
Kq5HfchSWv8--7,correct,14,-46.47764317691326,4,-33.24752901494503
NDYHcIF50eE--2,correct,16,-58.53959769755602,4,-40.35607870668173
809a3a5e02d1-65,correct,8,-23.63053049147129,2,-7.75051736831665
AVb1VABiJJ8--18,correct,12,-53.97622559964657,7,-38.76508779078722
HBQwzyxvkZA--265,correct,16,-79.39401601999998,5,-41.533446222543716
ijrjSBx7WTc--59,correct,9,-4.963849851861596,3,-3.883440988138318
IjeHLt1vNoM--13,correct,20,-85.67596742324531,7,-41.861568389460444
BTqVQCBPUzg--122,correct,17,-92.67453682795167,5,-44.1862877458334
NaXDBBT5pkw--25,correct,27,-81.82180461473763,9,-47.137339202687144
4DhGy83DK_s--8,correct,9,-58.2875896692276,3,-33.10187351703644
zu_bd3r2GIA--29,correct,18,-95.37659746408463,5,-65.78650027513504
xFEQrtosric--19,correct,19,-71.8035035058856,6,-49.055420123040676
rYcw__0tDhw--11,correct,8,-33.36761389672756,3,-18.958167552947998
DP1ly_MsHHQ--25,correct,21,-107.93671931605786,7,-63.13932641129941
myIXH3PjvoI--106,correct,12,-43.647484075278044,4,-28.677286099642515
KI0avgGkWiU--25,correct,11,-45.95071673102211,4,-39.45914079993963
-hZpPIT6N4U_d,correct,17,-42.54570572543889,5,-29.94306402374059
myIXH3PjvoI--102,correct,14,-50.60006551723927,4,-27.403268623165786
MYGqMojGwBE--46,correct,16,-81.02440619468689,5,-29.354573249816895
3vCea9zWFek--10,correct,13,-33.62273517996073,2,-7.231499530375004
MYGqMojGwBE--172,correct,13,-66.78362953662872,3,-39.13213539123535
d5Lx_5-UiHY--100,correct,14,-65.33319491147995,3,-32.23949947953224
iwYL-ivQm6o--5,correct,15,-36.10702441632748,4,-25.83108029514551
Xmm9ZyMy12g--19,correct,24,-140.91605627909303,7,-108.8003616668284
hgaKby5Mha4--15,correct,20,-82.23899439582601,7,-56.64948899159208
MnCcM6PZrug--9,correct,15,-71.57453172467649,5,-36.4722686316818
bqE5C2tmc9c--9,correct,22,-86.31630718521774,9,-66.24004457332194
OEM3CR-HYmk--0,correct,21,-100.72342775017023,6,-97.21674776822329
faZQNy4aErk--82,correct,20,-95.0257365424186,9,-80.62320489063859
C-cgPb_N2dY--0,correct,24,-64.97309899609536,8,-40.1752796722576
AVb1VABiJJ8--10,correct,23,-79.27818533638492,10,-59.376435306388885
Lt5GAA6MIuM--1,correct,19,-90.4681156873703,8,-63.20445166900754
gp0w_zrLgfw--10,correct,12,-42.64281636476517,6,-23.617235779762268
eBj_HUu0CNw--29,correct,12,-44.417793057858944,4,-29.457963466644287
QiJgNpX3zN0--11,correct,21,-77.04802583530545,8,-65.6034741140902
faZQNy4aErk--32,correct,20,-73.98782677669078,5,-36.632345877587795
aDwdB7xHAOE--10,correct,17,-56.76980063319206,9,-44.42821165919304
YsuSHJ3klEs--7,correct,24,-82.23913663253188,8,-68.76653746142983
MYGqMojGwBE--217,correct,13,-67.3746978789568,6,-34.210311487317085
8DmlFztO2XM--0,correct,21,-54.2023667152971,5,-37.73128083907068
gp0w_zrLgfw--20,correct,28,-173.89776596426964,10,-124.27477648854256
MYGqMojGwBE--258,correct,15,-63.43037486914545,5,-36.60904980544001
40BjLI5XtJE--10,correct,22,-107.86172168515623,7,-62.511774053797126
fulQKWknVhw--12,correct,31,-83.18153624201659,7,-36.75351412023883
myIXH3PjvoI--122,correct,12,-45.99416586756706,4,-17.42512372136116
jMdxYlvrkbk--7,correct,22,-82.26263461634517,6,-52.55030307918787
-X_zmve1y00--14,correct,19,-126.14624608308077,8,-77.35075902938843
sktRu3sp97g--15,correct,16,-29.468117207288742,7,-17.544040024280548
7byz3fdI-Ss--16,correct,9,-6.745826817583293,4,-5.572371966671199
809a3a5e02d1-119,correct,11,-31.13983721844852,4,-9.046342566609383
Rc99bcSdhak--14,correct,8,-39.4371919631958,3,-19.745079278945923
v0g35qCOCwU--0,correct,25,-126.72920689138118,10,-88.27438594028354
N6jpL7uibFI_e2,correct,24,-86.62157355248928,6,-59.041629776358604
MYGqMojGwBE--282,correct,16,-48.444049225596245,6,-26.343181235715747
mjvqIq_fvRY--10,correct,25,-88.87732547614723,9,-75.99918252322823
lZarpnV0alw--12,correct,14,-77.77755292505026,2,-55.46114071458578
mXq8axygjdE--28,correct,32,-67.9858780130744,12,-37.585507087409496
IjeHLt1vNoM--3,correct,20,-96.77876006811857,8,-71.2910278365016
6_yO8Lc8Hd4--16,correct,21,-91.0976428873837,3,-27.58463839814067
HBQwzyxvkZA--237,correct,16,-67.90507287532091,7,-50.44196595996618
CRJSZ2e7BU0--8,correct,30,-109.87225844198838,10,-92.13791331881657
K4eNr2k2Lls--19,correct,14,-35.74625748768449,6,-10.499547120183706
U5Tq9r7saZU--19,correct,16,-74.3038304373622,5,-42.14866476505995
uYaUCNl1j10--3,correct,34,-88.20405515481252,11,-71.83467628632206
3gKelnCwuj8--0,correct,17,-11.220870417542756,6,-10.298060060478747
ZVE_KjrY_po--22,correct,21,-45.21210508409422,8,-40.52723934117239
i4j5Bj2NL1c--11,correct,28,-157.04461713135242,10,-99.58263202011585
9b0136913690-57,correct,20,-116.13547375053167,4,-81.63661552965641
wwpptVjgAws--10,correct,32,-211.09311517328024,11,-135.13855447620153
gp0w_zrLgfw--13,correct,28,-89.58493255809299,10,-43.46568163469783
HBQwzyxvkZA--129,correct,15,-29.551195308566093,6,-20.263666223734617
fqJW-F3WIYc--0,correct,21,-46.492030940717086,8,-39.53840907639824
xnY08sy7Sqk--6,correct,13,-70.70548975467682,4,-64.93604135513306
maCRL8WG0GQ--3,correct,10,-54.24992932379246,5,-23.54615105688572
xnY08sy7Sqk--3,correct,25,-139.9729479625821,9,-101.8572239652276
AVb1VABiJJ8--13,correct,16,-58.79839074425399,7,-52.60725579969585
HBQwzyxvkZA--331,correct,16,-63.122629940509796,4,-51.186085626482964
HBQwzyxvkZA--79,correct,24,-94.01983753405511,8,-48.572745038196445
0bk98uIiTS8--18,correct,15,-65.40383855625987,5,-37.35823239013553
OJxSniCPUpI--2,correct,15,-61.54776254482567,6,-53.210723550990224
m-w_78fDg9M--11,correct,28,-118.7503108473029,9,-93.02930652885698
mDUCHJerTtE--9,correct,14,-35.61314031854272,4,-24.895618487149477
BTqVQCBPUzg--94,correct,8,-41.638742089271545,2,-19.765669345855713
CAzt5cxtSjQ--13,correct,23,-126.51677881926298,11,-87.46080885827541
8DmlFztO2XM--1,correct,27,-81.46583642018959,10,-67.27759662410244
ZVE_KjrY_po--4,correct,16,-75.02095077373087,4,-61.504253128543496
9b0136913690-78,correct,20,-102.15956825762987,7,-51.36888325214386
5n_IGU5rYYk--24,correct,29,-132.36126592755318,11,-53.78267651796341
HBQwzyxvkZA--131,correct,18,-83.995530128479,4,-70.69534632563591
lZarpnV0alw--2,correct,21,-107.92299269326031,7,-83.99472502060235
6_yO8Lc8Hd4--5,correct,25,-91.75311233103275,8,-45.63493535295129
u7wx4rUBg_k--5,correct,22,-101.14133115671575,7,-59.88802774250507
w_xCnJVyPYA_e1,correct,17,-79.08911955915391,5,-61.465770496055484
BTqVQCBPUzg--105,correct,15,-60.80303132906556,5,-43.7951915897429
d5Lx_5-UiHY--111,correct,11,-58.703753650188446,2,-15.081946611404419
HBQwzyxvkZA--330,correct,33,-124.56678314437158,10,-65.23779600788839
lcBujGRLwE0--38,correct,31,-146.60148324235342,9,-125.81647958024405
oPITLi0VKh8--1,correct,19,-40.30579458363354,7,-20.197997625917196
s_8IbRRsr0Q--0,correct,35,-139.53311193804257,9,-82.9736872415524
lZarpnV0alw--11,correct,18,-57.33479147776961,5,-23.67780078575015
NDYHcIF50eE--19,correct,9,-20.414839705452323,2,-13.58549058996141
fqJW-F3WIYc--5,correct,25,-97.14565334655344,8,-83.21258620359004
yb7efY9x78U--0,correct,33,-100.72289863973856,9,-64.93742024898529
fYxijWb0b_s--28,correct,16,-88.09612061083317,6,-82.45363599061966
HBQwzyxvkZA--140,correct,19,-102.99599039554596,6,-87.44507974386215
ojYFIliNLGI--2,correct,22,-98.05015583336353,11,-73.46453234553337
q4RnudGCU18--15,correct,20,-93.2614676207304,5,-59.50835781544447
xnY08sy7Sqk--12,correct,15,-61.59733211994171,5,-51.13148644566536
Zc2bgIDZ-Ks--57,correct,9,-23.0486492626369,4,-19.319900661706924
QiGhWfjM2FI--18,correct,23,-107.78430535644293,7,-58.61552178859711
nvfK4jQ7MH0--7,correct,16,-87.87763637676835,7,-59.181329011917114
OJxSniCPUpI--19,correct,17,-31.249027736485004,9,-28.1279483884573
mDUCHJerTtE--0,correct,14,-20.75970592070371,5,-9.262475988827646
dPuKX_lM4Zc--114,correct,8,-26.184118822216988,3,-22.111393854022026
pMbMjjSj1fM--24,correct,24,-126.90588898211718,5,-105.52699454128742
AZ2s4Adm9RU--25,correct,15,-49.6533048003912,5,-20.317425459623337
KmW8f1GVTYY--45,correct,20,-83.82726303115487,8,-76.98961517587304
faZQNy4aErk--59,correct,21,-97.39398580789566,6,-83.57274007797241
HBQwzyxvkZA--69,correct,20,-92.78906414657831,8,-54.27029390633106
9b0136913690-9,correct,11,-35.49049852788448,5,-28.78890436887741
ef52bca1a454-70,correct,8,-39.34776309877634,3,-32.62406635284424
wUH1dDbu9B4--3,correct,26,-173.56703727692366,6,-170.17203840613365
nvfK4jQ7MH0--1,correct,20,-38.93398158811033,4,-13.099574206396937
HBQwzyxvkZA--229,correct,17,-35.05320907942951,7,-24.643706172704697
HBQwzyxvkZA--76,correct,16,-62.3666477650404,5,-25.398117683827877
1xJ_dkBcAIU--6,correct,16,-65.11433475464582,7,-61.24633877724409
vyBaeFU8J_k--0,correct,13,-48.01452084258199,4,-47.59134752675891
lSLqIyupXrk--15,correct,15,-62.590972194913775,6,-36.867393374443054
HBQwzyxvkZA--280,correct,17,-74.15280458889902,6,-50.05534964799881
0bk98uIiTS8--29,correct,22,-92.34177388250828,6,-63.35006423294544
faZQNy4aErk--43,correct,41,-173.80150484782644,13,-138.6784078751225
XcXCB---N9M--37,correct,23,-95.69510564859957,7,-72.45599878579378
LvN9Dxq2iLY--137,correct,11,-50.46881655417383,4,-33.86225870810449
_r1S90f_nsM--6,correct,17,-60.257395919412374,6,-26.927211701869965
8E-llRXuhl0--17,correct,20,-111.60510553978384,7,-82.76114771328866
ijrjSBx7WTc--68,correct,8,-28.899805903434753,3,-15.502537369728088
4DhGy83DK_s--26,correct,15,-44.10204490553588,4,-13.409665646962821
oPITLi0VKh8--17,correct,21,-86.30489679425955,6,-53.20169899612665
bOZ_Lap5FNA--17,correct,22,-80.51625517196953,8,-53.02901811338961
4DhGy83DK_s--3,correct,15,-64.56292176479474,4,-49.46404581004754
ZCBew8Fv0qA--22,correct,42,-166.16363541968167,12,-117.37661732919514
klepEQSaeIk--12,correct,16,-39.93786424770951,4,-15.684468600898981
lZarpnV0alw--9,correct,10,-53.70078067481518,5,-45.1436822861433
o9DARfrZg2o--6,correct,15,-65.43640542030334,3,-58.23939722776413
o9DARfrZg2o--3,correct,18,-75.24221025593579,5,-53.7704101074487
AVb1VABiJJ8--8,correct,8,-45.17048984207213,3,-22.515824967995286
ijrjSBx7WTc--42,correct,8,-48.408857583999634,2,-30.395761013031006
kES_ZNjFKz8--10,correct,17,-55.29189709573984,7,-40.67279243469238
ckGC5hUffDU--13,correct,9,-55.85515978932381,3,-40.39523100852966
fqJW-F3WIYc--16,correct,43,-169.8415341139771,13,-142.34986850852147
8E-llRXuhl0--21,correct,20,-94.29877595230937,9,-74.15521533414721
MYGqMojGwBE--277,correct,15,-104.76306641101837,6,-54.81556272506714
myIXH3PjvoI--48,correct,17,-76.52395850792527,3,-34.84206433966756
KHL0wkbu0-s--4,correct,16,-75.60117944329977,6,-35.62910734862089
jC6VuHNpTLM--8,correct,28,-78.86821310967207,10,-61.30540030449629
myIXH3PjvoI--52,correct,12,-30.582393165677786,3,-19.167827386409044
C-cgPb_N2dY--7,correct,18,-71.1599306971766,7,-52.519937528762966
myIXH3PjvoI--92,correct,13,-50.13801555335522,5,-33.969380021095276
6_yO8Lc8Hd4--11,correct,26,-98.06571142724715,8,-71.72975504002534
o44YnPMhwPU--26,correct,23,-109.9189863204956,9,-73.71475595235825
XcXCB---N9M--40,correct,28,-142.72284676879644,9,-81.30056695640087
HBQwzyxvkZA--326,correct,28,-142.49595861323178,9,-78.67978724837303
dkavvNigK7s--3,correct,16,-73.54113669879735,6,-54.47919839806855
LvN9Dxq2iLY--9,correct,14,-68.46657790243626,4,-43.8675799369812
QiJgNpX3zN0--2,correct,13,-34.965770391980186,3,-32.611193540273234
KI0avgGkWiU--14,correct,21,-94.91769903060049,9,-62.98168148007244
48couwymlMM--0,correct,21,-49.87564851017669,6,-42.38298996957019
XcXCB---N9M--25,correct,18,-112.93469099700451,7,-67.58929803967476
myIXH3PjvoI--39,correct,16,-55.967350638471544,5,-26.236173695884645
nvfK4jQ7MH0--26,correct,12,-55.238047417253256,3,-22.847674187272787
MYGqMojGwBE--103,correct,15,-114.11543667316437,5,-62.61007356643677
LvN9Dxq2iLY--24,correct,11,-55.671996898949146,3,-32.128319807350636
Sqa3ig2NN9Q--13,correct,17,-61.69028890877962,6,-47.76825684309006
809a3a5e02d1-86,correct,8,-34.36942991614342,2,-6.575504750013351
MYGqMojGwBE--62,correct,15,-52.161966763436794,4,-23.424012385308743
pMbMjjSj1fM--16,correct,23,-81.67813527956605,11,-61.28174443356693
mXq8axygjdE--66,correct,18,-17.41733526531607,4,-14.193803715519607
vbq8QbOwOt4--17,correct,20,-74.54920004215091,5,-50.385295822285116
dPuKX_lM4Zc--110,correct,27,-144.804802583938,11,-109.39101818203926
eabe1f38221a-52,correct,15,-96.15620569884777,6,-64.75070399045944
LvN9Dxq2iLY--210,correct,18,-91.55354705185164,5,-64.59444911510218
0bk98uIiTS8--42,correct,22,-100.97287999466062,10,-73.10596175119281
faZQNy4aErk--40,correct,17,-41.25927248597145,7,-35.29502313956618
Kq5HfchSWv8--2,correct,9,-21.75506929680705,4,-17.74167511984706
ZMsnY_khlNQ--5,correct,21,-95.89069798961282,7,-78.05982395261526
80Cx4CH-AVI--4,correct,22,-105.34222088754177,8,-84.00300624966621
HBQwzyxvkZA--283,correct,23,-142.9752735774964,10,-99.38982710056007
Nv3WLYio7Lc--1,correct,20,-119.99214070290327,5,-105.96452701091766
KHL0wkbu0-s--24,correct,18,-39.45134577527642,9,-23.204021129757166
BO1ehFUMWEs--21,correct,27,-157.89929848443717,9,-130.13214697968215
QXsIVtanWdw--8,correct,16,-58.876399114727974,5,-39.17145970463753
jN2lbHzIneI--10,correct,16,-36.593366359360516,5,-16.3112189816311
_IyhoG9jXuM--10,correct,11,-28.889752072282135,4,-25.03204729873687
Kq5HfchSWv8--23,correct,17,-81.91401224629954,7,-49.46433714078739
LvN9Dxq2iLY--61,correct,18,-121.50466082524508,7,-83.11015407275409
T-5au9lZhYI--9,correct,11,-32.56825664639473,4,-20.971174508333206
mXq8axygjdE--81,correct,19,-19.484738626051694,6,-12.058293553069234
HBQwzyxvkZA--213,correct,23,-70.37840020167641,8,-39.48158611054532
fYxijWb0b_s--23,correct,9,-39.647565230727196,3,-10.477486729621887
a8zp7ivHwBU--8,correct,15,-48.785013016313314,7,-34.48253960907459
xnY08sy7Sqk--19,correct,14,-42.1166623942554,5,-31.00693640112877
9bqfEh7BD3c--14,correct,7,-22.653101310133934,3,-5.768641442060471
Zc2bgIDZ-Ks--48,correct,8,-25.623057439923286,3,-14.336653783917427
ZCBew8Fv0qA--4,correct,15,-41.15956408949569,5,-17.60241424292326
VwsRPJN7txM--8,correct,18,-96.40174617618322,9,-64.73731729388237
W4YzurwHpfw--17,correct,17,-44.24666920490563,8,-40.604820501059294
HBQwzyxvkZA--120,correct,11,-58.46136997640133,5,-42.01108282804489
T-5au9lZhYI--6,correct,14,-41.207304295152426,6,-30.816546127200127
5QMD024bDYs--23,correct,16,-60.69246105849743,7,-29.28026358783245
AVb1VABiJJ8--22,correct,20,-77.50051385723054,10,-66.24915298819542
QiJgNpX3zN0--9,correct,18,-94.1417525857687,7,-66.64027833938599
nXA9Qpj2z7E--16,correct,20,-93.44167200196534,6,-86.87164569366723
kytITkHoyls--2,correct,10,-26.233099084347486,3,-8.164494778960943
KmW8f1GVTYY--42,correct,23,-102.18885180726647,8,-72.22800633311272
m3Mmtpr-jjA--9,correct,19,-62.24535723030567,6,-41.80325870215893
o44YnPMhwPU--42,correct,11,-39.0756355561316,3,-16.056495249271393
BTqVQCBPUzg--96,correct,11,-74.55986738204956,4,-55.67160701751709
uYaUCNl1j10--0,correct,26,-58.97709131427109,10,-48.502017961815
oAhfJ8yB1j0--1,correct,15,-60.61495442688465,4,-53.926371335983276
yb7efY9x78U--4,correct,15,-64.77575848810375,5,-42.548764480277896
K4eNr2k2Lls--29,correct,23,-49.43658735230565,6,-32.73359725996852
faZQNy4aErk--7,correct,16,-99.42720048129559,4,-45.047478675842285
XcXCB---N9M--14,correct,23,-89.54348121583462,7,-76.30017610639334
NaXDBBT5pkw--0,correct,20,-55.53405842743814,5,-24.928721761330962
rZG7T9ujMEo--3,correct,9,-45.836418986320496,2,-17.840087890625
0bk98uIiTS8--24,correct,27,-114.92789826914668,8,-51.06260374188423
jN2lbHzIneI--8,correct,29,-132.38807387370616,11,-106.74349086452276
wSEeoT9BqE0--16,correct,27,-144.32822624593973,13,-106.76770906150341
wwpptVjgAws--2,correct,13,-43.87215571850538,4,-18.7853686735034
xnY08sy7Sqk--15,correct,9,-38.84509561210871,3,-18.32634150981903
eyqLkKS5Qkw--22,correct,16,-27.849685791879892,7,-16.52966884896159
Sqa3ig2NN9Q--1,correct,18,-54.839856546372175,5,-38.33244898542762
eabe1f38221a-65,correct,14,-51.98373435437679,4,-18.20844427496195
ozS8Mx8AdH8--2,correct,24,-108.11350826965645,10,-91.89480555104092
rZG7T9ujMEo--5,correct,24,-96.55368672078475,8,-44.86114350799471
cw1YIV30nQM--2,correct,10,-50.264692306518555,4,-37.800808906555176
MnCcM6PZrug--6,correct,39,-180.41415697149932,13,-137.12110063247383
MnCcM6PZrug--4,correct,23,-66.76242089271545,9,-55.10861977934837
K4eNr2k2Lls--16,correct,15,-54.22419598232955,10,-53.661896417848766
W4YzurwHpfw--14,correct,13,-47.32490555010736,4,-42.70120800100267
UBnqDwRds3A--18,correct,23,-109.26500453986228,10,-91.21244551427662
ZVE_KjrY_po--12,correct,19,-52.71501853596419,7,-29.506023324094713
IjeHLt1vNoM--6,correct,29,-128.0045118983835,11,-87.03025658987463
BESRE5mtipE--14,correct,11,-46.39120614528656,5,-21.735045477747917
9xc24mAlprE--12,correct,9,-21.042877569794655,5,-15.861619397997856
6U9AFGakrn0--1,correct,15,-54.05989620834589,5,-36.8505824804306
Lt5GAA6MIuM--14,correct,12,-60.06790781766176,5,-39.78687746077776
Zc2bgIDZ-Ks--76,correct,17,-23.02606163173914,3,-8.36906386911869
XcXCB---N9M--24,correct,17,-112.17683437466621,5,-77.84383445978165
9xc24mAlprE--9,correct,19,-64.78992359340191,6,-45.42041997611523
BESRE5mtipE--17,correct,20,-58.76990004745312,10,-47.2276384010911
MYGqMojGwBE--32,correct,14,-78.66755744814873,4,-59.76433774828911
Zc2bgIDZ-Ks--58,correct,37,-46.67228255420923,11,-30.180039521306753
zu_bd3r2GIA--5,correct,25,-131.15161763876677,4,-42.72971898317337
mjvqIq_fvRY--1,correct,18,-67.57413727790117,6,-40.98694560676813
NaXDBBT5pkw--1,correct,7,-9.542193645145744,2,-0.19014604529365897
vyBaeFU8J_k--15,correct,28,-135.70707312971354,8,-116.19989713281393
vyBaeFU8J_k--21,correct,19,-67.75573662668467,8,-51.005847945809364
3Pk2c_Z4ahk--14,correct,12,-37.6499479804188,5,-28.154496835544705
ZVE_KjrY_po--23,correct,11,-59.18232053518295,3,-26.245245695114136
Lt5GAA6MIuM--11,correct,34,-164.09986227937043,15,-130.52150710485876
lPzmjeJmsXo--40,correct,12,-44.604665614664555,7,-33.09349024295807
lPzmjeJmsXo--11,correct,17,-89.61312507931143,6,-55.56439605448395
91GVHgxW8RA--18,correct,25,-79.72082168795168,8,-71.58738848008215
rZG7T9ujMEo--19,correct,21,-126.59755897521973,8,-81.2362025976181
36YV-IPiUXM--11,correct,31,-174.51836109161377,10,-143.95035527646542
Zc2bgIDZ-Ks--23,correct,30,-18.650682555977255,11,-14.444265043362975
3gKelnCwuj8--9,correct,17,-75.4338451102376,8,-63.97110989689827
BTqVQCBPUzg--53,correct,11,-61.009298741817474,5,-44.4017391204834
MYGqMojGwBE--86,correct,16,-56.42635394074023,6,-34.70052160508931
R6_v5nqXuGg--0,correct,23,-65.33679400384426,13,-65.28203447908163
lZarpnV0alw--4,correct,20,-122.11011640354991,6,-103.99483400955796
0kldzhToGLc--0,correct,21,-88.38893160581938,6,-78.06444892645231
Sqa3ig2NN9Q--8,correct,16,-38.93596917949617,4,-26.741222316399217
Rblg5TE6TI0--29,correct,28,-135.07586263678968,10,-89.31310551613569
nvfK4jQ7MH0--8,correct,21,-107.89362958818674,10,-85.17472477257252
fYxijWb0b_s--18,correct,15,-87.85398697853088,5,-59.163370013237
HBQwzyxvkZA--267,correct,7,-44.28413683176041,2,-19.205601692199707
gp0w_zrLgfw--7,correct,29,-126.76866296492517,11,-73.93666001968086
3Pk2c_Z4ahk--20,correct,27,-120.65466605685651,8,-92.39453202672303
Zc2bgIDZ-Ks--39,correct,22,-44.78338120318949,7,-26.177089342847466
ZCBew8Fv0qA--7,correct,16,-57.51623697578907,4,-39.233304277062416
MYGqMojGwBE--26,correct,34,-181.8830749122426,7,-148.4678865969181
MYGqMojGwBE--36,correct,10,-38.73311400413513,4,-19.70007562637329
36YV-IPiUXM--17,correct,53,-257.1792295635678,14,-230.87167984992266
pMbMjjSj1fM--4,correct,18,-33.40601289458573,6,-24.165473450906575
809a3a5e02d1-27,correct,22,-156.97810158133507,6,-60.39175555109978
9xc24mAlprE--25,correct,14,-64.30107555422,6,-35.232951797544956
0kldzhToGLc--9,correct,22,-122.10932215303183,9,-92.89591955766082
aDwdB7xHAOE--13,correct,17,-49.08014839468524,6,-36.73390461085364
wUH1dDbu9B4--18,correct,17,-83.02703520655632,7,-49.66279146447778
BO1ehFUMWEs--29,correct,34,-180.28395414631814,8,-122.55766203533858
mXq8axygjdE--48,correct,20,-54.75521716475487,7,-50.707846730947495
VwsRPJN7txM--7,correct,11,-21.20383870229125,5,-20.306292425841093
ZMsnY_khlNQ--6,correct,15,-81.4106476418674,6,-67.05202158167958
KHL0wkbu0-s--21,correct,12,-58.243502700701356,5,-29.607933217659593
mjvqIq_fvRY--15,correct,9,-28.171685736626387,5,-25.57454764842987
o44YnPMhwPU--6,correct,9,-48.5821750164032,4,-36.17651891708374
s_8IbRRsr0Q--11,correct,38,-164.8926737322472,11,-137.28073590388522
ZMsnY_khlNQ--4,correct,19,-56.938750261906534,8,-45.549377674236894
9b0136913690-50,correct,20,-87.30537889152765,6,-49.31633851677179
5QMD024bDYs--4,correct,19,-79.25958003476262,6,-51.224756363779306
MYGqMojGwBE--19,correct,10,-47.02247577905655,5,-37.65636211633682
UBnqDwRds3A--16,correct,21,-139.9430987238884,8,-47.874920070171356
q4RnudGCU18--23,correct,24,-115.08246560953557,8,-71.00604166090488
vyBaeFU8J_k--3,correct,14,-81.61289878189564,6,-44.77251322567463
jN2lbHzIneI--15,correct,23,-89.98052015155554,8,-54.481206096708775
W4YzurwHpfw--5,correct,13,-51.17917451262474,5,-33.775999024510384
3vCea9zWFek--3,correct,17,-42.26936799939722,5,-23.51266090758145
wwpptVjgAws--15,correct,47,-250.22307454049587,13,-200.04126623272896
DF4fto_X1Y4--13,correct,12,-34.626162950880826,4,-16.5024747075513
fulQKWknVhw--1,correct,21,-54.098638887517154,8,-49.308266694657505
hgaKby5Mha4--34,correct,21,-110.70216713100672,7,-83.14597821235657
48couwymlMM--15,correct,23,-83.03585155308247,7,-56.81797406077385
i4j5Bj2NL1c--3,correct,24,-113.96876630373299,11,-89.32278539426625
cw1YIV30nQM--6,correct,17,-62.292703251354396,7,-39.42986031528562
fqJW-F3WIYc--8,correct,12,-43.743208980187774,5,-35.00431735254824
HBQwzyxvkZA--316,correct,15,-79.7756400089711,6,-58.01022329367697
LvN9Dxq2iLY--200,correct,12,-70.11322982609272,5,-55.03046461939812
6MxCP_583q8_e4,correct,9,-54.31661049462855,4,-47.194571232423186
HBQwzyxvkZA--57,correct,21,-102.6662965985015,7,-70.47865174431354
yb7efY9x78U--15,correct,23,-101.85786225856282,7,-75.33396857045591
l9bZYazJQ1w--2,correct,9,-10.186321139335632,4,-4.081669181585312
3gKelnCwuj8--16,correct,16,-52.109638940542936,7,-37.88416975736618
lSLqIyupXrk--7,correct,11,-24.20310435630381,4,-10.354574590921402
HBQwzyxvkZA--230,correct,15,-50.32506207656115,5,-21.014186680316925
q4RnudGCU18--11,correct,10,-49.034923672676086,4,-30.136711597442627
AZ2s4Adm9RU--9,correct,14,-79.68596768379211,5,-40.31934475898743
MYGqMojGwBE--95,correct,18,-79.23070541583002,9,-63.54209599643946
17OIKvJmrK8--11,correct,28,-127.75276346690953,9,-121.24171729572117
HBQwzyxvkZA--146,correct,20,-88.63732266053557,7,-63.88045233488083
HBQwzyxvkZA--77,correct,10,-31.774361096322536,3,-8.27272754907608
MYGqMojGwBE--235,correct,8,-38.572407841682434,3,-19.31298303604126
JqYder5vRP4--0,correct,11,-18.376413633697666,5,-9.133787920349278
eyqLkKS5Qkw--3,correct,16,-81.99234538152814,8,-65.6221365891397
48couwymlMM--24,correct,12,-59.99809546768665,5,-44.99912466108799
iGdg-iGlUFg--12,correct,19,-82.1750368103385,4,-51.19131952524185
K5lgB4YzOO0--4,correct,27,-107.65932319313288,9,-91.09239525347948
m3Mmtpr-jjA--34,correct,16,-25.96411290578544,9,-22.801821736618876
HBQwzyxvkZA--303,correct,16,-82.93238194100559,3,-56.94446683116257
Rblg5TE6TI0--19,correct,23,-145.76667065918446,12,-97.53047400712967
tDrI-9pSul0--6,correct,21,-99.65749384276569,9,-79.24434621073306
6_yO8Lc8Hd4--19,correct,11,-46.87930703163147,3,-13.33308720588684
faZQNy4aErk--51,correct,22,-60.91911354660988,8,-25.702050268650055
d5Lx_5-UiHY--85,correct,25,-117.58154314011335,10,-66.53859241306782
lSLqIyupXrk--2,correct,12,-42.883996991440654,6,-27.589717626571655
sktRu3sp97g--3,correct,15,-61.30112035572529,3,-7.7365007400512695
MnCcM6PZrug--19,correct,36,-188.84129373542964,11,-118.73036548681557
DP1ly_MsHHQ--2,correct,20,-52.13825141265988,8,-30.567442316561937
mXq8axygjdE--65,correct,15,-37.81307256966829,5,-14.579674802720547
Rblg5TE6TI0--32,correct,12,-39.881452191621065,4,-23.848247166723013
4vfboqjtAXo_e3,correct,14,-63.569210074841976,4,-47.4073161482811
HBQwzyxvkZA--313,correct,21,-112.13326669484377,5,-87.86535119265318
vyBaeFU8J_k--5,correct,33,-143.2852633818984,8,-89.37168752960861
5QMD024bDYs--5,correct,15,-45.5124190133065,5,-35.14634280651808
3gKelnCwuj8--7,correct,16,-44.528937047347426,6,-30.426674222573638
ef52bca1a454-78,correct,16,-35.640821086708456,5,-24.43478978658095
4DhGy83DK_s--17,correct,28,-69.92272693561972,8,-40.718669020337984
mXq8axygjdE--64,correct,14,-39.45657144114375,5,-14.283386152237654
yAAWlkm-_KA--8,correct,24,-96.83745365589857,10,-53.57665876299143
BTqVQCBPUzg--81,correct,16,-98.48632378876209,7,-90.78750824928284
R6_v5nqXuGg--12,correct,22,-71.15644504316151,6,-49.4424420055002
iwYL-ivQm6o--7,correct,17,-56.34359411598416,6,-43.82760218979092
pMbMjjSj1fM--18,correct,14,-31.73751601856202,6,-29.119314747862518
aDwdB7xHAOE--2,correct,19,-84.50738250557333,4,-44.62984384596348
HBQwzyxvkZA--41,correct,15,-62.40209309011698,4,-30.882046721875668
LvN9Dxq2iLY--174,correct,20,-113.92013267427683,6,-101.39260015636683
faZQNy4aErk--55,correct,14,-65.04628845304251,7,-48.74499535560608
uY7i-Y8gxn8--5,correct,22,-59.19098234549165,6,-56.657433327287436
faZQNy4aErk--31,correct,18,-53.97892068326473,8,-40.33491072058678
HBQwzyxvkZA--130,correct,26,-84.33846427220851,8,-68.78995857853442
5QMD024bDYs--16,correct,22,-92.92783978953958,8,-71.49323512986302
0bk98uIiTS8--41,correct,27,-109.5068154046312,11,-78.91913393232971
Kq5HfchSWv8--27,correct,18,-40.27447833213955,4,-25.516250734217465
kES_ZNjFKz8--15,correct,18,-71.8532498870045,4,-59.89523748494685
vZt56rnH8QQ--0,correct,16,-35.298022226430476,9,-21.223081290721893
n12WICGyBJ4--35,correct,15,-77.46301362663507,6,-48.217316664755344
MYGqMojGwBE--122,correct,10,-47.58158378303051,3,-23.688324496150017
lcBujGRLwE0--8,correct,29,-154.10259410738945,9,-90.30590796470642
ckGC5hUffDU--8,correct,18,-100.19677970558405,5,-89.81200060993433
jN2lbHzIneI--11,correct,38,-197.06023326702416,12,-152.61069005914032
MYGqMojGwBE--284,correct,16,-53.51869983971119,6,-27.346560075879097
aDwdB7xHAOE--6,correct,27,-141.28061416733544,9,-87.0337765122531
g4GfKC7z-2M--22,correct,19,-92.4678939729929,4,-59.575062438845634
XcXCB---N9M--6,correct,12,-26.873616568744183,5,-11.411321200430393
zu_bd3r2GIA--8,correct,16,-37.17634425126016,5,-19.453758772462606
u7wx4rUBg_k--8,correct,19,-103.5283413734287,9,-61.371396923437715
-X_zmve1y00--11,correct,14,-45.558957904577255,4,-22.9980731010437
DP1ly_MsHHQ--27,correct,34,-85.67530411412008,9,-58.267688657389954
MYGqMojGwBE--163,correct,13,-86.90658484399319,3,-38.10840283334255
HBQwzyxvkZA--191,correct,10,-25.01810675021261,3,-21.83573603630066
8E-llRXuhl0--14,correct,25,-113.72900548262987,8,-93.9425360262394
LvN9Dxq2iLY--130,correct,11,-48.54655373841524,4,-23.387606620788574
lcBujGRLwE0--12,correct,25,-131.0140265659429,8,-109.7208487004973
809a3a5e02d1-35,correct,17,-92.2928783595562,8,-71.73311626911163
myIXH3PjvoI--5,correct,25,-125.3588739708066,9,-78.78001449257135
ZCBew8Fv0qA--14,correct,15,-48.390331879258156,4,-20.598655313253403
jC6VuHNpTLM--22,correct,19,-89.99795104190707,6,-72.56817960739136
MYGqMojGwBE--241,correct,27,-130.74573966115713,6,-80.99094463139772
m-w_78fDg9M--7,correct,22,-94.09273716434836,7,-60.28682620823383
0kldzhToGLc--16,correct,15,-63.446361067704856,7,-43.58693332225084
vbq8QbOwOt4--0,correct,25,-102.91210913099349,13,-69.08458868972957
8w6k4jEJJlU--3,correct,11,-54.31511275982484,5,-42.76312821125612
eGkBCS1t9-E--16,correct,24,-102.45020085945725,8,-86.26235780492425
Rblg5TE6TI0--33,correct,26,-89.18200209038332,11,-63.34513533907011
0Z5d6D2vBbc--3,correct,12,-34.75698012113571,4,-27.652438148856163
ijrjSBx7WTc--53,correct,21,-23.483246306423098,5,-15.732638301793486
HBQwzyxvkZA--169,correct,17,-72.04446195065975,7,-49.58495770394802
LvN9Dxq2iLY--104,correct,7,-38.67663490772247,4,-29.526068210601807
vZt56rnH8QQ--9,correct,15,-48.89966861670837,7,-32.83084362745285
UBnqDwRds3A--12,correct,9,-75.64019519090652,2,-18.737518310546875
w_xCnJVyPYA_e3,correct,13,-35.40028918534517,3,-14.4292236790061
BESRE5mtipE--10,correct,14,-40.63851700723171,5,-16.933467406779528
eBj_HUu0CNw--7,correct,17,-64.15359872207046,6,-45.937378358095884
mXq8axygjdE--8,correct,9,-58.710142716765404,3,-42.9384400844574
jC6VuHNpTLM--10,correct,19,-87.05383714288473,8,-64.68368202447891
Rc99bcSdhak--15,correct,23,-92.40009081689641,8,-66.57480355119333
ef52bca1a454-75,correct,9,-28.37400598451495,5,-26.201244801282883
vbq8QbOwOt4--13,correct,23,-73.81326192460256,7,-69.69485038361745
vbq8QbOwOt4--5,correct,25,-99.7026986554265,5,-55.8979187682271
UBnqDwRds3A--15,correct,19,-92.83114420389757,6,-60.030947387218475
2B2z46vgaAA--19,correct,14,-59.13642496615648,5,-48.75485575944185
xnY08sy7Sqk--22,correct,21,-124.00722089409828,7,-107.32492509484291
lAFiWmUUHOg--15,correct,15,-81.77839791867882,5,-41.326627613045275
MYGqMojGwBE--65,correct,13,-47.55996035039425,6,-39.37541411817074
zu_bd3r2GIA--12,correct,17,-103.4016315639019,4,-61.8317925632
9b0136913690-90,correct,15,-74.3907863330096,4,-50.19359783641994
fqJW-F3WIYc--18,correct,21,-89.12038745731115,9,-65.54514060914516
jLwvQ4URDFY--16,correct,9,-36.10301936045289,3,-13.40032959356904
BO1ehFUMWEs--37,correct,12,-55.38408270198852,3,-32.64074420928955
fYxijWb0b_s--5,correct,12,-74.65237538516521,4,-61.929116412997246
6_yO8Lc8Hd4--3,correct,36,-141.18579412810504,14,-106.15440429933369
17OIKvJmrK8--7,correct,16,-75.53121101297438,7,-46.3498752117157
iGdg-iGlUFg--7,correct,20,-65.38973900862038,8,-44.37007971294224
ZMsnY_khlNQ--11,correct,29,-134.40928974933922,8,-113.5611438639462
-X_zmve1y00--9,correct,17,-100.88274413347244,6,-54.70893253386021
fqJW-F3WIYc--11,correct,28,-109.84537838911638,7,-59.685139077249914
Lt5GAA6MIuM--27,correct,21,-83.44697272963822,7,-60.92088108509779
tDrI-9pSul0--9,correct,24,-85.12362886336632,8,-75.23963565495797
maCRL8WG0GQ--9,correct,18,-54.68045076355338,8,-31.961022347211838
HBQwzyxvkZA--179,correct,13,-49.70253375545144,4,-33.99577943980694
C6CIPVno_yQ--10,correct,22,-110.54877582937479,7,-49.032745242118835
dkavvNigK7s--13,correct,29,-144.35594609752297,12,-104.37759187445045
9bqfEh7BD3c--2,correct,27,-133.02942943945527,9,-78.96289909258485
spDHZsNp4RA_d,correct,22,-143.42899849638343,8,-119.95143139362335
KI0avgGkWiU--9,correct,23,-81.07760176062584,6,-52.6595622934401
jLwvQ4URDFY--27,correct,36,-168.42669714801013,10,-99.32078219018877
BO1ehFUMWEs--30,correct,37,-254.42152740526944,11,-154.24991589505225
lPzmjeJmsXo--31,correct,21,-84.1058591036126,7,-47.394644379615784
vyBaeFU8J_k--8,correct,11,-29.85888863541186,4,-15.63257841207087
BESRE5mtipE--19,correct,21,-70.5701349452138,8,-46.327789805829525
NDYHcIF50eE--0,correct,33,-100.84553470090032,15,-73.58003224804997
MYGqMojGwBE--109,correct,20,-131.94599348306656,9,-121.33143681287766
9b0136913690-8,correct,17,-63.176396877504885,4,-48.09431887045503
_T-35xhqSkE--11,correct,17,-78.79725384712219,3,-58.67517240345478
myIXH3PjvoI--37,correct,11,-33.723261774284765,3,-24.273013145430014
ozS8Mx8AdH8--13,correct,21,-78.8376080377493,6,-56.557609705487266
NDYHcIF50eE--3,correct,26,-90.51563866250217,12,-74.84424201957881
809a3a5e02d1-19,correct,16,-63.07601657509804,7,-40.250901222229004
rYcw__0tDhw--17,correct,21,-58.26173332007602,4,-28.79772863537073
HBQwzyxvkZA--311,correct,16,-55.724184319376945,4,-42.3214235752821
HBQwzyxvkZA--236,correct,14,-72.84917528927326,3,-50.08356714248657
wUH1dDbu9B4--29,correct,18,-86.48915732651949,8,-67.82331816852093
l9bZYazJQ1w--18,correct,23,-109.8728364109993,6,-72.0169071033597
faZQNy4aErk--76,correct,28,-67.66274327866267,6,-49.24260731495451
dkavvNigK7s--14,correct,17,-58.0075850058347,6,-33.80276803858578
YsuSHJ3klEs--14,correct,17,-41.09267005324364,6,-23.29242502897978
MYGqMojGwBE--38,correct,21,-103.10258738696575,6,-58.56531302630901
dPuKX_lM4Zc--107,correct,12,-63.16710591316223,3,-49.91340160369873
OJxSniCPUpI--9,correct,17,-31.701453812420368,4,-28.69451680034399
CRJSZ2e7BU0--10,correct,17,-73.43848307617009,7,-46.43744086660445
MYGqMojGwBE--128,correct,16,-59.40118245407939,5,-29.609994411468506
myIXH3PjvoI--47,correct,18,-69.65771411452442,4,-48.09332721028477
cw1YIV30nQM--22,correct,17,-63.61554515361786,4,-47.92102934420109
KmW8f1GVTYY--10,correct,13,-60.46300879120827,6,-48.0415301322937
ijrjSBx7WTc--67,correct,24,-80.42284040339291,7,-68.60526054538786
gXa0qcoWrsQ--4,correct,13,-22.075082512572408,3,-11.40269647911191
Zc2bgIDZ-Ks--45,correct,36,-32.683317283168435,12,-19.619761005043983
36YV-IPiUXM--10,correct,39,-169.35320601868443,11,-122.91832510638051
36YV-IPiUXM--8,correct,32,-132.53132378915325,10,-107.04845374682918
HBQwzyxvkZA--320,correct,16,-88.95713479816914,5,-60.32449425756931
QiJgNpX3zN0--1,correct,12,-43.87793872319162,4,-34.871726309880614
U5Tq9r7saZU--15,correct,31,-131.92624767217785,13,-95.3485526451841
pMbMjjSj1fM--11,correct,16,-74.32077323459089,7,-49.19699068553746
oPITLi0VKh8--20,correct,17,-51.54539009928703,4,-20.880385361611843
ci_iGsLDZ9w_e1,correct,18,-87.33454456552863,5,-75.5846885330975
NDYHcIF50eE--16,correct,32,-135.0398472994566,9,-92.22549647092819
KmW8f1GVTYY--15,correct,16,-77.14293495193124,6,-36.786129627376795
ci_iGsLDZ9w_d,correct,8,-63.39463737607002,3,-39.9103207886219
6OlSDCcwM10--25,correct,12,-57.37472981214523,3,-35.155464351177216
8w6k4jEJJlU--0,correct,20,-38.99382472457364,6,-24.94296903954819
myIXH3PjvoI--97,correct,17,-93.70923622697592,6,-61.35725936293602
9b0136913690-12,correct,8,-46.44091475009918,2,-28.921422004699707
91GVHgxW8RA--7,correct,33,-121.32269805669785,11,-87.87104260921478
eabe1f38221a-36,correct,10,-21.125676214694977,3,-9.427985310554504
6_yO8Lc8Hd4--2,correct,17,-78.45372868329287,7,-39.474454551935196
KmW8f1GVTYY--46,correct,12,-38.288558271713555,4,-24.153140477836132
9bqfEh7BD3c--13,correct,18,-87.97616443037987,5,-71.57056101411581
VwsRPJN7txM--9,correct,18,-60.5327279465273,6,-50.753768597729504
QXsIVtanWdw--5,correct,9,-12.754599079489708,3,-5.818002328276634
S9ymb66ZqqY--8,correct,11,-49.1254478325136,5,-26.5163893699646
LvN9Dxq2iLY--33,correct,12,-55.343193009495735,5,-51.31278893351555
K4eNr2k2Lls--21,correct,21,-88.92722545191646,8,-78.66950147598982
wSEeoT9BqE0--21,correct,34,-110.58668970502913,9,-83.7771005090326
LvN9Dxq2iLY--12,correct,16,-72.7769131809473,4,-40.535076797008514
faZQNy4aErk--6,correct,14,-40.516022104769945,5,-25.596891451627016
WabgM-SmPzU_e1,correct,12,-33.638074807822704,4,-27.846669472754
wmTrG799MAo--12,correct,17,-46.25116201303899,6,-12.704659551382065
i4j5Bj2NL1c--13,correct,14,-50.94877670193091,5,-42.89946665568277
nvfK4jQ7MH0--3,correct,22,-107.09245097450912,7,-95.16029739379883
ojYFIliNLGI--0,correct,23,-82.8962610187009,8,-61.99347784835845
HBQwzyxvkZA--203,correct,12,-58.16991440951824,6,-48.656141608953476
vZt56rnH8QQ--1,correct,11,-30.23818341270089,5,-28.23163664340973
NaXDBBT5pkw--17,correct,16,-68.38736833631992,5,-47.35802211612463
9bqfEh7BD3c--23,correct,20,-65.53126391023397,9,-43.296566426754
eyqLkKS5Qkw--20,correct,12,-34.851891964673996,5,-27.724576726555824
vbq8QbOwOt4--14,correct,26,-81.04947180300951,13,-62.84729506075382
faZQNy4aErk--25,correct,13,-60.89236915670335,2,-55.50730141997337
s_8IbRRsr0Q--13,correct,12,-37.8231461700052,6,-24.29080716520548
lcBujGRLwE0--7,correct,25,-120.35419904068112,7,-68.51730355620384
CAzt5cxtSjQ--17,correct,15,-70.04402771219611,4,-32.94185886159539
m3Mmtpr-jjA--22,correct,9,-31.629240036010742,4,-23.1808749884367
9b0136913690-67,correct,8,-49.923011515289545,1,-11.944540977478027
HBQwzyxvkZA--34,correct,14,-72.55157890170813,5,-53.43659549951553
HBQwzyxvkZA--151,correct,15,-89.33567852526903,6,-73.11249995231628
ozS8Mx8AdH8--14,correct,25,-118.1765483468771,9,-90.33061037957668
AZ2s4Adm9RU--14,correct,14,-79.2243617773056,3,-47.84237962961197
KmW8f1GVTYY--48,correct,12,-78.91321940720081,6,-52.35265928506851
dPuKX_lM4Zc--103,correct,10,-21.57056911662221,3,-14.619359493255615
OEM3CR-HYmk--22,correct,16,-50.837354958057404,3,-36.77297696471214
lcBujGRLwE0--11,correct,28,-168.52334456145763,9,-142.71012587100267
d5Lx_5-UiHY--101,correct,8,-42.83817223086953,1,-10.977396760135889
vZt56rnH8QQ--8,correct,27,-90.57488065771759,12,-44.18795952759683
BO1ehFUMWEs--7,correct,18,-54.11288199946284,6,-41.749325811862946
HBQwzyxvkZA--99,correct,11,-21.55511265480891,5,-21.113190930336714
s_8IbRRsr0Q--22,correct,13,-59.236223336309195,5,-42.79940252006054
fvHtYcL913U--15,correct,13,-41.641238836571574,5,-22.194437108933926
sktRu3sp97g--2,correct,11,-43.73866060376167,6,-29.023074381053448
BO1ehFUMWEs--10,correct,27,-160.31982325017452,6,-117.73668229579926
lSLqIyupXrk--18,correct,23,-87.27542027458549,8,-60.078623961657286
xFEQrtosric--9,correct,9,-26.494064568076283,4,-19.92931177932769
ef52bca1a454-29,correct,10,-19.666406597476453,3,-14.216829409822822
q4RnudGCU18--28,correct,30,-181.41346099227667,14,-105.32868786901236
HBQwzyxvkZA--93,correct,15,-81.08084924705327,6,-52.56873241066933
ijrjSBx7WTc--51,correct,20,-41.01789156720042,7,-33.74463565275073
U5Tq9r7saZU--13,correct,33,-129.09984569484368,11,-110.22479608142748
d5Lx_5-UiHY--73,correct,11,-38.78362417221069,3,-16.283565759658813
s_8IbRRsr0Q--25,correct,19,-59.40497623383999,7,-36.03192911297083
LvN9Dxq2iLY--17,correct,13,-54.99752892926335,3,-37.73233841359615
lcBujGRLwE0--19,correct,31,-187.12232122570276,12,-144.2097316905856
9bqfEh7BD3c--18,correct,12,-35.268620416522026,4,-20.553991317749023
iwYL-ivQm6o--16,correct,20,-74.37724160216749,5,-38.368734082207084
myIXH3PjvoI--115,correct,16,-68.16947194375098,7,-41.32757905125618
gXa0qcoWrsQ--23,correct,23,-74.97094743093476,6,-34.421813355293125
hYNyIXYmoYs--0,correct,14,-78.85297040641308,5,-57.919719099998474
40BjLI5XtJE--1,correct,12,-64.39327400922775,5,-34.33772510290146
Zc2bgIDZ-Ks--28,correct,16,-39.553792633116245,6,-38.99620497226715
vbq8QbOwOt4--18,correct,21,-81.41831148322672,8,-41.20308735128492
fulQKWknVhw--25,correct,23,-85.70167961670086,7,-43.931934892665595
n12WICGyBJ4--17,correct,11,-61.727174151688814,5,-53.9227937348187
OEM3CR-HYmk--8,correct,9,-46.24336749315262,3,-12.011281311511993
6OlSDCcwM10--0,correct,14,-28.90619380865246,4,-4.923705116845667
K4eNr2k2Lls--31,correct,18,-70.33261808007956,7,-38.26464470475912
8DmlFztO2XM--4,correct,22,-78.66907981038094,7,-55.25660075247288
gXa0qcoWrsQ--1,correct,29,-96.50470067188144,8,-79.86771184578538
6_yO8Lc8Hd4--18,correct,33,-104.47326243735733,7,-50.65080200412194
dPuKX_lM4Zc--81,correct,19,-71.41352739930153,6,-33.48456860333681
egjhIFJbR2I--1,correct,17,-42.89411793462932,5,-42.5385073479265
3vCea9zWFek--8,correct,15,-25.7392755986657,4,-12.898319037398323
2B2z46vgaAA--25,correct,9,-28.22241160646081,4,-21.519736144691706
QiGhWfjM2FI--29,correct,13,-57.57093799766153,6,-42.72157967090607
wefigjf46u4--7,correct,22,-95.06868586689234,9,-52.63520486652851
MYGqMojGwBE--188,correct,10,-37.354646699503064,4,-21.880616085603833
Kq5HfchSWv8--3,correct,10,-44.49444697238505,3,-20.670386476442218
5n_IGU5rYYk--31,correct,24,-108.43523583933711,11,-71.09218810126185
HBQwzyxvkZA--43,correct,13,-61.046834252774715,4,-20.706236101686954
7byz3fdI-Ss--10,correct,16,-30.99463512469083,5,-11.822749686427414
mjvqIq_fvRY--2,correct,20,-75.65195484925061,8,-43.90297307725996
Lt5GAA6MIuM--8,correct,19,-92.87036778777838,5,-43.072680816054344
uR-nzhB6D8g--11,correct,13,-42.63877612352371,5,-33.9550256729126
vyBaeFU8J_k--16,correct,25,-81.22150540351868,6,-27.87639930844307
myIXH3PjvoI--85,correct,21,-117.96585335186683,7,-78.7552841489669
gW1N-ttBBTo--2,correct,9,-23.0994783192873,2,-6.723296403884888
K4eNr2k2Lls--30,correct,29,-97.68522721342742,9,-78.55156098492444
s_8IbRRsr0Q--20,correct,21,-56.41527276765555,10,-50.651766057126224
rZG7T9ujMEo--13,correct,12,-48.34272968699224,4,-36.413209452526644
_IyhoG9jXuM--1,correct,17,-42.25515184365213,8,-36.44537728279829
6OlSDCcwM10--15,correct,18,-72.67491303151473,7,-59.43139506643638
OtlvzXZG_Uk_e1,correct,15,-79.13738294318318,4,-54.861165922135115
iwYL-ivQm6o--8,correct,9,-31.748315701261163,4,-12.503091150894761
Lt5GAA6MIuM--4,correct,25,-128.33048370480537,8,-85.80137238651514
mDUCHJerTtE--6,correct,23,-95.34008471667767,8,-80.89391551911831
BTqVQCBPUzg--107,correct,21,-106.81937309354544,8,-70.33817402273417
80Cx4CH-AVI--17,correct,8,-20.41399080120027,6,-12.231661384925246
0Z5d6D2vBbc--11,correct,35,-199.59425242617726,13,-141.1246815137565
BTqVQCBPUzg--110,correct,8,-42.76998543739319,3,-31.48699140548706
lZarpnV0alw--14,correct,11,-60.51736722886562,4,-41.62192511558533
mjvqIq_fvRY--22,correct,20,-93.4399762172252,9,-61.40369752980769
g4GfKC7z-2M--7,correct,20,-102.57182924076915,7,-93.93682721629739
gp0w_zrLgfw--17,correct,29,-136.1580779151991,10,-81.83397836703807
UBnqDwRds3A--8,correct,25,-122.99585632700473,7,-58.742228967137635
MYGqMojGwBE--219,correct,10,-67.00773048400879,4,-29.041686534881592
809a3a5e02d1-116,correct,9,-23.296681974083185,3,-16.3518196195364
ckGC5hUffDU--5,correct,15,-56.02688860334456,5,-20.203347930684686
faZQNy4aErk--18,correct,23,-112.71153837349266,7,-112.39193498995155
uYaUCNl1j10--8,correct,25,-104.69771691784263,10,-67.49810445681214
jN2lbHzIneI--4,correct,31,-173.90873728692532,10,-157.638384193182
LvN9Dxq2iLY--86,correct,12,-89.9340229332447,2,-58.37444317340851
Zc2bgIDZ-Ks--85,correct,25,-79.29746914282441,6,-64.32758704945445
m3Mmtpr-jjA--38,correct,26,-116.85544246248901,11,-97.95649358443916
q4RnudGCU18--13,correct,26,-113.56203009933233,9,-82.08967070281506
aDwdB7xHAOE--5,correct,15,-62.448014944791794,4,-55.990384593605995
s_8IbRRsr0Q--8,correct,8,-32.52088874578476,2,-10.472174644470215
C-cgPb_N2dY--3,correct,12,-32.37649082392454,6,-18.01428396999836
sktRu3sp97g--11,correct,19,-68.50204214453697,7,-55.01010549813509
4DhGy83DK_s--13,correct,17,-59.2706224299036,5,-44.6184886880219
MYGqMojGwBE--182,correct,18,-115.93070167303085,7,-71.113425552845
l9bZYazJQ1w--16,correct,12,-71.03683567792177,5,-33.968299984931946
Xmm9ZyMy12g--8,correct,16,-62.36087618768215,4,-56.83891382813454
C6CIPVno_yQ--20,correct,22,-104.35553102008998,9,-90.6282399520278
DF4fto_X1Y4--2,correct,14,-28.326002614572644,5,-24.12834519520402
HBQwzyxvkZA--100,correct,12,-24.716276958584785,2,-3.949461828917265
dkavvNigK7s--30,correct,14,-50.42342785000801,6,-40.17636659741402
4DhGy83DK_s--35,correct,28,-89.25734559027478,6,-42.22169323498383
ZVE_KjrY_po--8,correct,23,-97.86186145432293,9,-66.30455368943512
lPzmjeJmsXo--14,correct,27,-119.46091371402144,10,-91.1475789397955
d5Lx_5-UiHY--36,correct,12,-51.79300132021308,4,-25.26031231880188
xFEQrtosric--2,correct,26,-127.71228926815093,9,-112.02372665889561
MYGqMojGwBE--215,correct,15,-54.785535871982574,6,-18.20392444729805
6_yO8Lc8Hd4--6,correct,29,-96.91812669602223,10,-73.69498395291157
vbq8QbOwOt4--1,correct,16,-47.42725706845522,6,-16.843924056738615
5n_IGU5rYYk--2,correct,20,-77.0790132805705,8,-64.40219417959452
ZMsnY_khlNQ--15,correct,9,-23.306491807103157,2,-10.963335871696472
myIXH3PjvoI--4,correct,14,-41.603513941168785,6,-25.66176726669073
q4RnudGCU18--26,correct,28,-105.81596619030461,10,-83.78145896783099
HBQwzyxvkZA--165,correct,12,-51.70752443931997,4,-48.474304458126426
o9DARfrZg2o--1,correct,21,-67.65431226044893,8,-44.19458459317684
uR-nzhB6D8g--1,correct,16,-30.28975587245077,6,-13.25997842848301
RIwfym39VVM_e3,correct,21,-122.87975100800395,6,-78.05658393166959
wwpptVjgAws--0,correct,29,-62.24835660587996,13,-50.804061382077634
9b0136913690-52,correct,14,-70.93235082924366,3,-32.86898097395897
Lt5GAA6MIuM--17,correct,22,-105.67200176091865,10,-67.77183017553762
klepEQSaeIk--1,correct,36,-136.5498138605617,11,-99.09563248604536
Lt5GAA6MIuM--28,correct,13,-49.91473313048482,4,-34.70814083889127
ef52bca1a454-8,correct,13,-81.5090929120779,6,-48.942593812942505
jLwvQ4URDFY--14,correct,34,-140.6563684005523,10,-100.41437765548471
LvN9Dxq2iLY--82,correct,14,-73.18961477279663,4,-40.84529006481171
iwYL-ivQm6o--11,correct,14,-51.09716663137078,4,-31.840055465698242
9b0136913690-59,correct,16,-96.18677316606045,4,-89.49770084023476
KmW8f1GVTYY--33,correct,13,-54.50118514895439,5,-47.29017636179924
NDYHcIF50eE--11,correct,20,-73.80322533845901,3,-48.086218774318695
MYGqMojGwBE--279,correct,9,-30.701834853738546,5,-26.01655000075698
tDrI-9pSul0--10,correct,29,-210.85670540481806,10,-194.99327066540718
5n_IGU5rYYk--32,correct,31,-109.72789422189817,7,-35.77862927084789
ijrjSBx7WTc--23,correct,26,-122.60080627351999,9,-81.80911222100258
a8zp7ivHwBU--4,correct,18,-49.91236154735088,6,-43.48231951519847
9bqfEh7BD3c--24,correct,18,-77.02807255834341,5,-57.8178086951375
U5Tq9r7saZU--29,correct,21,-80.58052425086498,11,-55.819288060069084
wSEeoT9BqE0--14,correct,27,-113.89433777332306,8,-91.0388892814517
QiGhWfjM2FI--9,correct,24,-60.59401173284277,11,-52.131730230059475
809a3a5e02d1-64,correct,14,-64.9518046528101,4,-46.732948020100594
ckGC5hUffDU--6,correct,26,-112.31652649957687,6,-80.07635421305895
o44YnPMhwPU--36,correct,22,-54.83822442032397,11,-52.07009436003864
HBQwzyxvkZA--193,correct,9,-34.6196489110589,4,-28.955902107059956
Kq5HfchSWv8--36,correct,16,-55.28632963821292,4,-22.673985846340656
ZCBew8Fv0qA--3,correct,13,-40.2151600481011,3,-22.74790638545528
91GVHgxW8RA--33,correct,22,-69.84242069534957,6,-23.475347880274057
MYGqMojGwBE--211,correct,13,-84.0264630317688,7,-44.4517035484314
hgaKby5Mha4--28,correct,25,-139.5638333298266,8,-65.46169831976295
-X_zmve1y00--1,correct,12,-22.52854250371456,3,-10.534163072705269
hgaKby5Mha4--1,correct,23,-76.53016372676939,8,-53.20352521818131
BO1ehFUMWEs--1,correct,21,-113.68474426865578,6,-102.0766333937645
OEM3CR-HYmk--3,correct,12,-74.44134082645178,3,-37.22095263004303
R6_v5nqXuGg--5,correct,18,-46.43080896884203,6,-33.85299617797136
rZG7T9ujMEo--2,correct,14,-84.74477089941502,6,-67.95677608251572
HBQwzyxvkZA--143,correct,9,-26.847860544919968,4,-22.373482197523117
HBQwzyxvkZA--319,correct,22,-138.67894504219294,7,-95.23573672026396
3vCea9zWFek--39,correct,23,-97.22454010695219,9,-59.94610223919153
tDrI-9pSul0--11,correct,12,-76.68033493310213,6,-52.625266559422016
kxz4AA9lNmY_e4,correct,17,-75.17834940552711,4,-64.01974315196276
zu_bd3r2GIA--28,correct,14,-68.34188824985176,5,-52.74758702609688
Xmm9ZyMy12g--13,correct,22,-81.15615512058139,6,-70.03970316797495
NTc0m4Q1-xU--0,correct,17,-50.34430487640202,7,-34.548473566770554
9xc24mAlprE--14,correct,23,-79.96647294797003,9,-62.210930325090885
Rc99bcSdhak--5,correct,37,-132.50906600034796,11,-88.21376546821557
HBQwzyxvkZA--286,correct,24,-125.34659616649151,10,-87.23918768763542
Zc2bgIDZ-Ks--79,correct,15,-30.40526918024989,4,-15.506862078618724
wefigjf46u4--10,correct,8,-40.058348655700684,2,-12.688741445541382
wSEeoT9BqE0--2,correct,20,-33.90308011556044,7,-27.841102103237063
o9DARfrZg2o--0,correct,21,-73.81248930096626,7,-57.73668320477009
DP1ly_MsHHQ--15,correct,30,-126.59546574950218,7,-77.19842025637627
C-cgPb_N2dY--16,correct,21,-63.585868320893496,7,-35.993094108533114
6U9AFGakrn0--5,correct,14,-32.82339158654213,4,-14.576671361923218
0kldzhToGLc--15,correct,10,-23.13818708062172,3,-9.966358602046967
oyWhLo5brto--1,correct,21,-61.25293970876373,9,-32.93972845398821
bqE5C2tmc9c--13,correct,14,-50.54176030680537,6,-32.37884932383895
ijrjSBx7WTc--32,correct,21,-30.41843197727576,7,-17.895252326969057
MYGqMojGwBE--149,correct,17,-74.0734175927937,3,-31.66627811267972
n12WICGyBJ4--43,correct,17,-45.4093451006338,6,-44.31120784301311
Zc2bgIDZ-Ks--43,correct,19,-76.2060149461031,4,-31.747437730431557
IjeHLt1vNoM--9,correct,20,-122.47606558352709,6,-73.28744101524353
rYcw__0tDhw--1,correct,33,-94.7275774278678,8,-67.79332510614768
Sqa3ig2NN9Q--4,correct,14,-62.40105050802231,5,-50.39364904165268
IjeHLt1vNoM--17,correct,15,-52.93926796410233,5,-34.47793962806463
9b0136913690-70,correct,12,-52.24884605407715,3,-26.746437072753906
Kq5HfchSWv8--28,correct,15,-23.95917255245149,4,-16.439391419291496
ojYFIliNLGI--9,correct,16,-66.53259824216366,6,-30.18520998954773
m3Mmtpr-jjA--30,correct,23,-79.32047566398978,9,-60.58125800639391
6u-ZspWSpwE--14,correct,17,-65.51326868054457,6,-46.63690754887648
HBQwzyxvkZA--111,correct,13,-66.18766433000565,5,-48.300128519535065
xFJw5GMtlCk--4,correct,8,-38.47166648507118,1,-4.5362443923950195
U5Tq9r7saZU--18,correct,18,-60.31687968224287,5,-47.49270125478506
QiJgNpX3zN0--17,correct,11,-68.74692007061094,4,-44.49026597198099
9bqfEh7BD3c--9,correct,19,-64.41984242293984,7,-44.33998490963131
5n_IGU5rYYk--17,correct,31,-132.16963868029416,11,-80.43500350601971
kES_ZNjFKz8--18,correct,12,-30.230138547718525,4,-10.332498848438263
nvfK4jQ7MH0--19,correct,12,-43.079991675913334,3,-19.306094028055668
LvN9Dxq2iLY--71,correct,26,-70.85713492333889,6,-37.5688446238637
aDwdB7xHAOE--8,correct,19,-92.19427184015512,9,-62.783758632838726
HBQwzyxvkZA--1,correct,10,-31.695628762245178,2,-14.775146484375
gW1N-ttBBTo--6,correct,30,-118.20488150417805,9,-78.84988821297884
ef52bca1a454-57,correct,17,-50.21303587220609,5,-17.308206245303154
_r1S90f_nsM--13,correct,13,-67.80579662322998,4,-26.2700412273407
Xmm9ZyMy12g--12,correct,16,-43.183290985412896,3,-29.34944576025009
fulQKWknVhw--29,correct,34,-153.26242591172922,12,-128.27318754745647
BTqVQCBPUzg--116,correct,10,-72.50483793765306,2,-27.42561335116625
Zc2bgIDZ-Ks--9,correct,16,-17.09870443266118,4,-6.126782571489457
eBj_HUu0CNw--22,correct,13,-51.51174296438694,5,-31.89609863422811
K4eNr2k2Lls--33,correct,29,-134.87212600186467,10,-108.92505499720573
jMdxYlvrkbk--10,correct,24,-103.4695548415184,9,-82.24083382636309
jLwvQ4URDFY--3,correct,28,-122.76070562005043,14,-96.40388760715723
R6_v5nqXuGg--14,correct,18,-94.95388665422797,7,-79.91863560676575
Sqa3ig2NN9Q--25,correct,20,-102.8912560865283,3,-68.99671842902899
gW1N-ttBBTo--10,correct,37,-135.59639170300215,12,-106.92281540762633
cw1YIV30nQM--20,correct,21,-89.24984847195446,7,-54.2139907181263
BESRE5mtipE--1,correct,20,-99.22542832605541,5,-67.67488775961101
KHL0wkbu0-s--8,correct,24,-110.38680281117558,9,-74.03921258449554
eGkBCS1t9-E--20,correct,22,-70.88505029305816,5,-46.24799385666847
EIwWHTO5rZw--14,correct,13,-29.4045266835019,4,-11.172365250997245
eBj_HUu0CNw--24,correct,17,-69.03457137942314,6,-38.28150370717049
gXa0qcoWrsQ--12,correct,21,-95.98968270793557,6,-62.06447808071971
80Cx4CH-AVI--8,correct,21,-122.73649611324072,6,-96.42678737640381
ckGC5hUffDU--2,correct,19,-80.77817846089602,5,-80.18873708695173
K5lgB4YzOO0--6,correct,19,-51.71140127850231,5,-31.241387891001068
-X_zmve1y00--12,correct,18,-69.05495112761855,8,-56.69518292695284
xFEQrtosric--7,correct,25,-89.34929940896109,10,-75.13110525952652
HBQwzyxvkZA--121,correct,22,-87.91182698309422,7,-63.916622050106525
bOZ_Lap5FNA--11,correct,19,-74.20875842869282,9,-42.351373448967934
rYcw__0tDhw--2,correct,21,-71.90144685097039,8,-44.1113512981683
xFJw5GMtlCk--10,correct,24,-70.82263247179799,7,-42.63767616963014
9b0136913690-106,correct,8,-31.739664681255817,3,-20.700249791145325
rZG7T9ujMEo--21,correct,9,-26.927974805235863,2,-12.472185134887695
mXq8axygjdE--51,correct,36,-21.043462854693644,15,-10.503208962734789
m-w_78fDg9M--18,correct,17,-63.9939324259758,4,-35.72963458299637
XcXCB---N9M--3,correct,20,-101.4448485802859,6,-65.69540683738887
K4eNr2k2Lls--2,correct,16,-39.83279280317947,6,-27.59691389882937
BTqVQCBPUzg--154,correct,8,-31.63918501511216,3,-26.150646898895502
Zc2bgIDZ-Ks--60,correct,17,-9.337591091170907,6,-5.628404783084989
gW1N-ttBBTo--7,correct,28,-164.80168264638633,10,-144.6699355347082
0bk98uIiTS8--32,correct,30,-99.8370959656313,12,-91.9298718618229
BTqVQCBPUzg--148,correct,12,-74.47204573452473,6,-51.51617090404034
lAFiWmUUHOg--25,correct,27,-92.15629129868466,6,-66.42848118406255
bGqx2eKgdB0_e4,correct,10,-50.88405626267195,3,-41.66296625137329
ZVE_KjrY_po--21,correct,8,-44.69236171245575,2,-23.081137776374817
BTqVQCBPUzg--34,correct,13,-65.90834477543831,4,-35.44244043529034
XcXCB---N9M--20,correct,30,-163.34053798113018,8,-102.44275646004826
o9DARfrZg2o--9,correct,13,-20.751753643155098,3,-7.317241579294205
HBQwzyxvkZA--228,correct,13,-54.2016980573535,4,-43.99893069267273
80Cx4CH-AVI--2,correct,29,-101.87033116072416,11,-74.30772638320923
Zc2bgIDZ-Ks--12,correct,11,-33.01722367107868,3,-3.7067969143390656
vbq8QbOwOt4--7,correct,17,-38.45929457957391,6,-19.68729691358749
HBQwzyxvkZA--291,correct,31,-133.54107777029276,9,-100.40715979784727
i4j5Bj2NL1c--9,correct,19,-86.43661034852266,6,-58.58089516311884
5QMD024bDYs--8,correct,21,-65.23717859946191,6,-49.727257361635566
faZQNy4aErk--44,correct,24,-122.50653489865363,9,-105.60052289441228
oPITLi0VKh8--18,correct,13,-56.680515334010124,5,-35.535324297845364
Xmm9ZyMy12g--14,correct,16,-50.62844422645867,5,-27.44753336906433
-X_zmve1y00--29,correct,11,-36.63969726487994,4,-35.74973412230611
HBQwzyxvkZA--278,correct,12,-76.51335595548153,5,-49.458736181259155
OEM3CR-HYmk--2,correct,13,-70.07732486724854,4,-53.5357608795166
1xJ_dkBcAIU--20,correct,20,-98.6393627319485,6,-74.28561186976731
IoifXQnhN4E--5,correct,9,-42.79731642641127,5,-29.547431821003556
jMdxYlvrkbk--6,correct,15,-79.37150012515485,5,-35.44097852706909
q4RnudGCU18--5,correct,22,-81.34182280302048,6,-63.66340098157525
lcBujGRLwE0--30,correct,25,-103.4104044851847,9,-67.1396724046208
egjhIFJbR2I--8,correct,16,-76.75692305713892,5,-47.994534850120544
oAhfJ8yB1j0--5,correct,27,-103.04982329905033,10,-92.54094340652227
klepEQSaeIk--15,correct,11,-25.444409672170877,6,-14.252115998417139
Rc99bcSdhak--27,correct,30,-175.48916478361934,10,-115.5310008218512
iwYL-ivQm6o--3,correct,29,-117.00312887132168,9,-82.75840085744858
MYGqMojGwBE--248,correct,24,-107.27653799206018,8,-68.52604711055756
mjvqIq_fvRY--12,correct,23,-91.72915068641305,6,-71.7525149397552
s_8IbRRsr0Q--1,correct,28,-114.84528180211782,8,-61.658210039138794
6OlSDCcwM10--2,correct,7,-27.932271495461464,2,-11.293662622570992
m3Mmtpr-jjA--44,correct,24,-100.82537486217916,6,-62.25622781179845
9b0136913690-31,correct,17,-70.00975730270147,5,-43.18448819965124
HBQwzyxvkZA--207,correct,13,-49.734840244054794,4,-31.090553432703018
Nv3WLYio7Lc--9,correct,17,-78.63098774850368,5,-47.348786786198616
Nv3WLYio7Lc--14,correct,11,-49.812052285298705,5,-33.70149123668671
hYNyIXYmoYs--2,correct,19,-45.89109971560538,8,-26.39648454915732
ef52bca1a454-69,correct,9,-34.3921805024147,3,-18.043206810951233
HBQwzyxvkZA--90,correct,11,-50.66944721713662,4,-33.71974543109536
C6CIPVno_yQ--21,correct,22,-101.47385950386524,8,-82.37000939249992
LvN9Dxq2iLY--26,correct,22,-180.8409583568573,7,-174.85839474201202
HBQwzyxvkZA--318,correct,18,-102.15336333215237,8,-83.5266311019659
zu_bd3r2GIA--30,correct,18,-72.1562171978876,7,-55.39967621024698
oAhfJ8yB1j0--3,correct,23,-103.5139755923301,6,-89.60814155824482
5n_IGU5rYYk--6,correct,17,-50.66900508105755,6,-27.4584858417511
nvfK4jQ7MH0--27,correct,17,-80.67702376842499,7,-58.60300976037979
kytITkHoyls--15,correct,21,-83.04280623421073,5,-48.63492218777537
dPuKX_lM4Zc--120,correct,31,-221.89342510234565,13,-116.13126208912581
5n_IGU5rYYk--3,correct,21,-51.52905858820304,7,-45.20097734918818
dPuKX_lM4Zc--129,correct,23,-142.4368551298976,9,-73.63084160536528
9xc24mAlprE--26,correct,18,-86.53547345101833,5,-78.84355252236128
oyWhLo5brto--5,correct,21,-71.52197956852615,5,-39.432157872244716
ojYFIliNLGI--16,correct,37,-174.0690134074539,13,-145.42435347288847
LvN9Dxq2iLY--124,correct,18,-88.93231476191431,4,-39.70265252236277
lcBujGRLwE0--4,correct,34,-110.32041838066652,12,-92.61158849997446
wwpptVjgAws--7,correct,39,-220.1493296448607,10,-171.82345487666316
Kq5HfchSWv8--18,correct,16,-30.25502174673602,4,-21.505859073251486
mjvqIq_fvRY--6,correct,27,-99.84881567535922,10,-83.16221987782046
Nv3WLYio7Lc--13,correct,30,-116.49849083973095,7,-67.35566998971626
6_yO8Lc8Hd4--7,correct,14,-59.16906767338514,6,-50.45888066291809
0Z5d6D2vBbc--6,correct,17,-56.082861819304526,8,-34.626911314204335
80Cx4CH-AVI--11,correct,28,-126.08596964552999,9,-69.3405745215714
xFJw5GMtlCk--5,correct,24,-72.58378652110696,10,-25.061790000647306
9b0136913690-80,correct,17,-90.50939247012138,4,-25.206117808818817
AVb1VABiJJ8--9,correct,19,-84.25976113602519,7,-37.281317461282015
xFEQrtosric--4,correct,14,-31.744287983048707,4,-23.654073763638735
iGdg-iGlUFg--2,correct,42,-222.8613742981106,12,-163.55535295978189
wUH1dDbu9B4--26,correct,23,-120.03244929015636,6,-114.99282286316156
LvN9Dxq2iLY--101,correct,14,-89.62272974103689,4,-57.46391439437866
HBQwzyxvkZA--67,correct,9,-33.768579468131065,2,-12.686334118247032
QiGhWfjM2FI--1,correct,19,-90.09280862286687,9,-60.11235697939992
LvN9Dxq2iLY--168,correct,9,-24.401524543762207,4,-16.968648672103882
MYGqMojGwBE--2,correct,18,-85.70659095421433,8,-51.60231465473771
mjvqIq_fvRY--18,correct,14,-77.22312332247384,7,-54.429460282670334
m-w_78fDg9M--3,correct,17,-99.6261225566268,7,-77.11373698711395
8E-llRXuhl0--22,correct,20,-91.39515695720911,7,-72.85268483310938
lPzmjeJmsXo--2,correct,32,-88.92421000084141,13,-69.28292009985307
rYcw__0tDhw--10,correct,22,-93.58142366120592,6,-58.05150250950828
mXq8axygjdE--62,correct,9,-25.79458048194647,3,-13.680682182312012
AZ2s4Adm9RU--1,correct,28,-61.90858419239521,7,-11.430142775177956
CRJSZ2e7BU0--4,correct,25,-75.70087367482483,10,-50.84159399755299
HBQwzyxvkZA--272,correct,14,-98.32280372083187,5,-56.909706592559814
kES_ZNjFKz8--16,correct,21,-100.70563835941721,8,-89.01544516079593
MYGqMojGwBE--206,correct,13,-86.73325555026531,6,-65.52498833835125
glNqZ8w4iy8--5,correct,11,-20.74485783930868,3,-11.060885704122484
Rblg5TE6TI0--30,correct,34,-170.08596286922693,12,-99.99897821992636
809a3a5e02d1-77,correct,11,-57.21430131047964,4,-46.913914144039154
lSLqIyupXrk--5,correct,17,-113.86400312371552,7,-101.28373901173472
eabe1f38221a-48,correct,10,-33.715971663594246,3,-20.301538795232773
jLwvQ4URDFY--5,correct,11,-37.43834387511015,4,-25.01569628715515
m3Mmtpr-jjA--2,correct,11,-45.03588029742241,4,-43.5412440598011
HBQwzyxvkZA--155,correct,22,-92.9208250939846,7,-62.960422709584236
K5lgB4YzOO0--12,correct,15,-59.16744865011424,6,-40.944056945852935
Rblg5TE6TI0--1,correct,23,-69.59108672197908,7,-36.534847983159125
dkavvNigK7s--27,correct,27,-127.16592069959734,12,-114.28085691854358
NaXDBBT5pkw--3,correct,11,-24.53377198241651,4,-12.759062072262168
LvN9Dxq2iLY--164,correct,20,-77.23867375776172,8,-50.924140110611916
vZt56rnH8QQ--3,correct,11,-27.404407470021397,5,-25.090910641942173
mXq8axygjdE--67,correct,12,-49.73829025798477,4,-23.0732900055591
7byz3fdI-Ss--7,correct,18,-39.823133774101734,7,-24.493130706250668
dkavvNigK7s--9,correct,17,-69.68971440941095,6,-60.46127938479185
g4GfKC7z-2M--9,correct,19,-71.87267336249352,5,-63.98706325888634
6OlSDCcwM10--20,correct,16,-55.32387744355947,8,-44.24469840247184
KI0avgGkWiU--1,correct,23,-93.97252887114882,7,-63.435578029602766
iwYL-ivQm6o--0,correct,7,-1.4109269492328167,3,-0.44430453330278397
OEM3CR-HYmk--19,correct,18,-89.32330618426204,4,-73.36958919093013
6OlSDCcwM10--11,correct,17,-41.58642288483679,11,-35.58322097547352
e4rWudmfrfY--0,correct,9,-20.199098110198975,1,-5.3412089347839355
o44YnPMhwPU--1,correct,11,-16.467317352769896,3,-9.38564249384217
l9bZYazJQ1w--7,wrong_length,20,-142.63049116788898,7,-82.47823518572841
9b0136913690-114,wrong_length,19,-96.09393690526485,5,-63.076871909201145
ZMsnY_khlNQ--12,wrong_length,21,-98.40307413041592,7,-56.896201476454735
809a3a5e02d1-67,wrong_length,12,-82.29823409020901,4,-70.38536238670349
DP1ly_MsHHQ--36,wrong_length,18,-121.19635257124901,7,-73.09314250946045
dPuKX_lM4Zc--118,wrong_length,31,-206.2784418091178,13,-130.0571192726493
wwpptVjgAws--20,wrong_length,40,-249.07997953146696,13,-173.32151629030704
48couwymlMM--18,wrong_length,19,-116.16351041197777,8,-87.30672657489777
809a3a5e02d1-108,wrong_length,11,-57.3918035030365,4,-33.36118674278259
4DhGy83DK_s--30,wrong_length,13,-76.37434747070074,5,-54.73428434878588
rZG7T9ujMEo--0,wrong_length,28,-172.51831666892394,13,-122.66521814232692
7byz3fdI-Ss--0,wrong_length,15,-85.27923727035522,6,-62.32668802142143
eabe1f38221a-18,wrong_length,31,-219.73852268699557,9,-108.77203778270632
0kldzhToGLc--6,wrong_length,22,-139.31270642578602,8,-95.38127075880766
pMbMjjSj1fM--17,wrong_length,18,-117.44373319670558,10,-90.99960760399699
MYGqMojGwBE--267,wrong_length,17,-140.5489046871662,3,-44.9471213594079
C-cgPb_N2dY--9,wrong_length,12,-51.534007552079856,3,-33.577109101228416
ef52bca1a454-22,wrong_length,12,-66.29560482501984,4,-43.15353965759277
fulQKWknVhw--7,wrong_length,19,-55.41629387065768,7,-51.18725994601846
ijrjSBx7WTc--84,wrong_length,8,-44.66890096664429,1,-3.0112204551696777
oAhfJ8yB1j0--10,wrong_length,10,-63.17076735943556,2,-32.33887183666229
Zc2bgIDZ-Ks--72,wrong_length,12,-88.48622477054596,3,-34.38737499713898
mjvqIq_fvRY--11,wrong_length,19,-105.55080034583807,7,-88.36289743706584
IoifXQnhN4E--4,wrong_length,24,-102.59231274249032,8,-77.36884412588552
HBQwzyxvkZA--276,wrong_length,20,-116.33169165253639,6,-101.38379140198231
o44YnPMhwPU--12,wrong_length,15,-109.85693633556366,5,-73.1662186384201
myIXH3PjvoI--76,wrong_length,13,-93.4417871683836,4,-41.820490285754204
faZQNy4aErk--15,wrong_length,23,-131.10246897209436,7,-65.65909908059984
Rc99bcSdhak--0,wrong_length,21,-112.91169559024274,7,-67.15762691944838
0kldzhToGLc--2,wrong_length,14,-105.46094086766243,6,-72.42590853571892
5n_IGU5rYYk--30,wrong_length,22,-115.26381106628105,7,-74.34987243218347
myIXH3PjvoI--89,wrong_length,19,-131.05187524855137,7,-80.25933215022087
S9ymb66ZqqY--9,wrong_length,25,-178.80091125145555,12,-125.21513206139207
dPuKX_lM4Zc--54,wrong_length,19,-101.25736865401268,6,-78.68066704273224
oPITLi0VKh8--10,wrong_length,16,-71.30348230153322,6,-59.667455203831196
17OIKvJmrK8--4,wrong_length,13,-103.53460085391998,6,-86.74363017082214
yb7efY9x78U--12,wrong_length,23,-154.81566016376019,5,-50.45209515094757
zu_bd3r2GIA--9,wrong_length,12,-69.62333276867867,6,-62.42421889305115
eabe1f38221a-5,wrong_length,29,-191.40050657093525,8,-94.23448241502047
QiGhWfjM2FI--31,wrong_length,24,-162.37235784064978,10,-122.09878589492291
fvHtYcL913U--3,wrong_length,11,-57.165277019143105,3,-25.253776967525482
sktRu3sp97g--4,wrong_length,20,-118.05142965726554,5,-61.18414214812219
BTqVQCBPUzg--97,wrong_length,10,-40.7364543043077,4,-35.190486680716276
hYNyIXYmoYs--17,wrong_length,24,-133.77939692884684,12,-108.12052413076162
3Pk2c_Z4ahk--1,wrong_length,9,-60.928955532610416,3,-35.58461330085993
9xc24mAlprE--1,wrong_length,16,-77.96613737568259,4,-53.33063527569175
ZMsnY_khlNQ--7,wrong_length,21,-125.13493230007589,8,-60.24521686695516
fulQKWknVhw--42,wrong_length,22,-120.43056467175484,7,-73.48799602687359
W4YzurwHpfw--6,wrong_length,14,-84.78009330481291,6,-83.79006654024124
glNqZ8w4iy8--9,wrong_length,25,-171.59108619391918,10,-94.77176196873188
o44YnPMhwPU--25,wrong_length,18,-111.43470163270831,5,-56.34429645165801
UBnqDwRds3A--2,wrong_length,13,-93.1403985619545,6,-70.49743348360062
wmTrG799MAo--19,wrong_length,13,-107.07926678657532,6,-72.55393362045288
lPzmjeJmsXo--13,wrong_length,20,-104.91787685547024,9,-103.65691764745861
ZCBew8Fv0qA--12,wrong_length,12,-87.88679654151201,5,-53.79489088058472
39at7Lxu6Yo--19,wrong_length,34,-158.2730006906204,13,-123.84791448293254
EIwWHTO5rZw--8,wrong_length,26,-180.6563394293189,9,-144.53687186539173
MYGqMojGwBE--116,wrong_length,20,-105.31320956721902,7,-68.06285642832518
BTqVQCBPUzg--47,wrong_length,10,-46.032936096191406,4,-22.531244039535522
myIXH3PjvoI--93,wrong_length,8,-41.82642298936844,4,-35.63954573869705
bU_v22EtHIU--1,wrong_length,23,-116.60844017053023,6,-89.89308805251494
uR-nzhB6D8g--2,wrong_length,15,-99.0701685398817,6,-80.59493672847748
OEM3CR-HYmk--15,wrong_length,24,-119.57800729945302,7,-71.42869328334928
uR-nzhB6D8g--3,wrong_length,18,-112.62018679827452,9,-85.95266270637512
NaXDBBT5pkw--6,wrong_length,9,-51.62929928302765,4,-25.749176502227783
wefigjf46u4--2,wrong_length,14,-93.7925425618887,7,-72.2169713973999
MYGqMojGwBE--30,wrong_length,19,-92.08513405546546,4,-38.52736431732774
fYxijWb0b_s--9,wrong_length,17,-117.86186499893665,9,-82.11013086140156
Rc99bcSdhak--16,wrong_length,15,-85.69237315282226,3,-25.002291079610586
_IyhoG9jXuM--15,wrong_length,25,-163.5281798057258,7,-78.28976724296808
uYaUCNl1j10--12,wrong_length,22,-134.95350182242692,8,-99.20491984672844
o9DARfrZg2o--16,wrong_length,14,-76.51807447522879,5,-49.704996548593044
MYGqMojGwBE--42,wrong_length,19,-125.04631104879081,7,-85.7954336386174
ixXF2UGOyoU--5,wrong_length,9,-55.91025870293379,3,-30.57274416089058
BESRE5mtipE--0,wrong_length,21,-91.90707007423043,8,-83.56110135093331
8DmlFztO2XM--2,wrong_length,25,-124.85583202540874,6,-104.83612449467182
jLwvQ4URDFY--1,wrong_length,43,-240.4386659115553,14,-188.23651568591595
5QMD024bDYs--15,wrong_length,19,-104.54736030101776,7,-59.316492795944214
jLwvQ4URDFY--31,wrong_length,33,-168.3610911294818,12,-142.66166870296001
aDwdB7xHAOE--1,wrong_length,28,-192.92808598745614,10,-109.99567606765777
wSEeoT9BqE0--13,wrong_length,11,-51.39167279005051,4,-37.34034466743469
d5Lx_5-UiHY--41,wrong_length,11,-70.76900375634432,5,-57.510759480297565
BTqVQCBPUzg--18,wrong_length,9,-48.894308775663376,4,-45.08247262239456
faZQNy4aErk--62,wrong_length,12,-69.25959715992212,4,-38.92843971401453
LvN9Dxq2iLY--88,wrong_length,10,-72.35015414655209,1,-21.830651506781578
HBQwzyxvkZA--256,wrong_length,19,-86.43296772800386,6,-63.036538316402584
xFEQrtosric--18,wrong_length,19,-96.20032841684588,5,-66.90728234472044
KmW8f1GVTYY--40,wrong_length,27,-131.50026881322265,10,-87.45532616972923
nXA9Qpj2z7E--6,wrong_length,12,-51.49135545641184,3,-32.84005546569824
kytITkHoyls--7,wrong_length,39,-179.2321307505481,12,-162.10759847564623
ef52bca1a454-6,wrong_length,15,-99.52569657564163,5,-85.86530238389969
iwYL-ivQm6o--19,wrong_length,14,-101.9616966880858,5,-46.56743669509888
9b0136913690-41,wrong_length,17,-107.40652943402529,7,-77.43758402764797
K4eNr2k2Lls--1,wrong_length,29,-166.04211017489433,8,-136.86267502605915
pMbMjjSj1fM--28,wrong_length,11,-45.214259922504425,3,-36.83071619272232
MYGqMojGwBE--161,wrong_length,18,-90.85702215321362,6,-43.560336926952004
mXq8axygjdE--32,wrong_length,24,-95.08224303275347,6,-53.52556840330362
4vfboqjtAXo_d,wrong_length,18,-135.73511259257793,5,-60.20054152607918
HBQwzyxvkZA--261,wrong_length,20,-106.46510422229767,5,-57.324199199676514
CAzt5cxtSjQ--23,wrong_length,10,-72.95236909389496,6,-64.7834587097168
d5Lx_5-UiHY--51,wrong_length,15,-89.66168189048767,5,-41.88516193628311
klepEQSaeIk--9,wrong_length,18,-92.66736871004105,5,-54.97637178748846
48couwymlMM--10,wrong_length,16,-90.29718629643321,4,-79.56801287457347
K4eNr2k2Lls--0,wrong_length,11,-67.18815886601806,5,-62.68013320490718
zu_bd3r2GIA--16,wrong_length,23,-121.36706930398941,8,-81.08920051157475
ef52bca1a454-76,wrong_length,11,-70.80181020498276,4,-40.19351989030838
ixXF2UGOyoU--2,wrong_length,14,-93.72503511980176,5,-55.221049785614014
o44YnPMhwPU--37,wrong_length,17,-117.86424431111664,7,-59.51035294588655
CRJSZ2e7BU0--12,wrong_length,22,-119.39660948794335,7,-92.6927764704451
91GVHgxW8RA--2,wrong_length,8,-36.23618743009865,3,-29.23847007751465
gXa0qcoWrsQ--7,wrong_length,22,-115.42862927401438,9,-102.44486453616992
m3Mmtpr-jjA--42,wrong_length,20,-124.90797202289104,6,-63.64444229006767
lcBujGRLwE0--29,wrong_length,35,-181.37246936745942,13,-147.78716772980988
MYGqMojGwBE--205,wrong_length,23,-134.35993656888604,7,-63.66873475536704
d5Lx_5-UiHY--22,wrong_length,24,-124.14308993890882,7,-65.70264994725585
9b0136913690-89,wrong_length,12,-60.703090600669384,2,-38.322160832583904
8E-llRXuhl0--5,wrong_length,24,-157.0872027873993,6,-97.0071265399456
iGdg-iGlUFg--11,wrong_length,18,-124.57761687692255,7,-104.41856283601373
jMdxYlvrkbk--9,wrong_length,20,-117.27145159989595,8,-68.57113417983055
vbq8QbOwOt4--15,wrong_length,11,-69.27078294754028,3,-34.6933958530426
m3Mmtpr-jjA--8,wrong_length,10,-61.6216057240963,3,-39.36905384063721
o44YnPMhwPU--11,wrong_length,10,-67.25609536468983,5,-41.901196241378784
o9DARfrZg2o--12,wrong_length,12,-66.59311491250992,3,-48.62442618608475
rYcw__0tDhw--9,wrong_length,20,-131.85783724486828,5,-84.22202613204718
eabe1f38221a-51,wrong_length,10,-63.70390236377716,3,-46.440900415182114
HBQwzyxvkZA--116,wrong_length,8,-56.427354618906975,3,-34.09193992614746
LvN9Dxq2iLY--139,wrong_length,7,-50.05658695846796,2,-34.88957214355469
8w6k4jEJJlU--19,wrong_length,24,-132.49420996755362,9,-82.12090284377337
Kq5HfchSWv8--7,wrong_length,14,-60.37709636986256,4,-43.02901913225651
NDYHcIF50eE--2,wrong_length,16,-80.83442515134811,4,-53.49271357804537
809a3a5e02d1-65,wrong_length,8,-55.93172127008438,2,-13.912862777709961
AVb1VABiJJ8--18,wrong_length,12,-96.64381627738476,7,-83.95137166976929
HBQwzyxvkZA--265,wrong_length,16,-123.70343131944537,5,-69.25233554840088
ijrjSBx7WTc--59,wrong_length,9,-40.302652806043625,3,-34.222804337739944
IjeHLt1vNoM--13,wrong_length,20,-124.65769540145993,7,-67.8167486526072
BTqVQCBPUzg--122,wrong_length,17,-122.89978132396936,5,-56.6607129573822
NaXDBBT5pkw--25,wrong_length,27,-148.83598525822163,9,-81.17249466478825
4DhGy83DK_s--8,wrong_length,9,-56.72925138473511,3,-30.473482608795166
zu_bd3r2GIA--29,wrong_length,18,-97.7016412615776,5,-68.74166321754456
xFEQrtosric--19,wrong_length,19,-106.33516419294756,6,-73.25740920368116
rYcw__0tDhw--11,wrong_length,8,-57.11691929399967,3,-37.41871738433838
DP1ly_MsHHQ--25,wrong_length,21,-141.97335767385084,7,-72.97717678558547
myIXH3PjvoI--106,wrong_length,12,-59.690413519740105,4,-34.10676620900631
KI0avgGkWiU--25,wrong_length,11,-70.1161819845438,4,-58.41350049525499
-hZpPIT6N4U_d,wrong_length,17,-74.56681042164564,5,-44.94926577061415
myIXH3PjvoI--102,wrong_length,14,-85.3270306661725,4,-52.78732717782259
MYGqMojGwBE--46,wrong_length,16,-98.63236826658249,5,-46.90463501214981
3vCea9zWFek--10,wrong_length,13,-90.27921024337411,2,-31.81311798095703
MYGqMojGwBE--172,wrong_length,13,-89.13865205645561,3,-38.353074073791504
d5Lx_5-UiHY--100,wrong_length,14,-94.04171016439795,3,-33.133392594754696
iwYL-ivQm6o--5,wrong_length,15,-83.06767743080854,4,-53.76774416863918
Xmm9ZyMy12g--19,wrong_length,24,-166.06141491234303,7,-128.67764820158482
hgaKby5Mha4--15,wrong_length,20,-133.3369286316447,7,-83.8625650065951
MnCcM6PZrug--9,wrong_length,15,-111.9766403324902,5,-53.57586203888059
bqE5C2tmc9c--9,wrong_length,22,-131.3913025856018,9,-91.46494817733765
OEM3CR-HYmk--0,wrong_length,21,-129.10826036334038,6,-116.31916841864586
faZQNy4aErk--82,wrong_length,20,-144.78201754391193,9,-129.15178325772285
C-cgPb_N2dY--0,wrong_length,24,-138.63589168564067,8,-81.7323055662273
AVb1VABiJJ8--10,wrong_length,23,-125.09871853049845,10,-102.24574379529804
Lt5GAA6MIuM--1,wrong_length,19,-146.66518250107765,8,-104.21842700242996
gp0w_zrLgfw--10,wrong_length,12,-99.52495973557234,6,-59.919252663850784
eBj_HUu0CNw--29,wrong_length,12,-59.00679998099804,4,-27.40409517288208
QiJgNpX3zN0--11,wrong_length,21,-133.48861073888838,8,-104.74574934132397
faZQNy4aErk--32,wrong_length,20,-120.70986965298653,5,-59.1424727588892
aDwdB7xHAOE--10,wrong_length,17,-122.0105392485857,9,-93.46594502776861
YsuSHJ3klEs--7,wrong_length,24,-135.75738875195384,8,-106.5058522336185
MYGqMojGwBE--217,wrong_length,13,-120.49290132522583,6,-71.56767559051514
8DmlFztO2XM--0,wrong_length,21,-128.0759506970644,5,-83.4379382878542
gp0w_zrLgfw--20,wrong_length,28,-200.15631513670087,10,-155.23122337460518
MYGqMojGwBE--258,wrong_length,15,-97.47956889495254,5,-57.62713271006942
40BjLI5XtJE--10,wrong_length,22,-150.15260047465563,7,-84.08785380423069
fulQKWknVhw--12,wrong_length,31,-165.30497485026717,7,-81.49694340396672
myIXH3PjvoI--122,wrong_length,12,-80.85040414705873,4,-41.802535731345415
jMdxYlvrkbk--7,wrong_length,22,-112.37032909318805,6,-75.33731949701905
-X_zmve1y00--14,wrong_length,19,-146.68635300546885,8,-96.06553506851196
sktRu3sp97g--15,wrong_length,16,-85.76752066519111,7,-54.605216562747955
7byz3fdI-Ss--16,wrong_length,9,-40.312338303774595,4,-36.812669545412064
809a3a5e02d1-119,wrong_length,11,-69.38258838653564,4,-42.01034164428711
Rc99bcSdhak--14,wrong_length,8,-43.40133535861969,3,-20.366747856140137
v0g35qCOCwU--0,wrong_length,25,-144.4240548296366,10,-102.78110346198082
N6jpL7uibFI_e2,wrong_length,24,-117.49693568260409,6,-78.07220716238953
MYGqMojGwBE--282,wrong_length,16,-83.17541129142046,6,-47.85537192225456
mjvqIq_fvRY--10,wrong_length,25,-131.0924000646919,9,-101.75614489614964
lZarpnV0alw--12,wrong_length,14,-112.00053384900093,2,-77.43631008267403
mXq8axygjdE--28,wrong_length,32,-220.7284764572978,12,-142.69516250491142
IjeHLt1vNoM--3,wrong_length,20,-108.30522763170302,8,-93.1876206472516
6_yO8Lc8Hd4--16,wrong_length,21,-105.31091080978513,3,-26.208771098405123
HBQwzyxvkZA--237,wrong_length,16,-92.5988637059927,7,-69.74197821319103
CRJSZ2e7BU0--8,wrong_length,30,-135.34402031078935,10,-114.05997170880437
K4eNr2k2Lls--19,wrong_length,14,-87.51477082073689,6,-59.03377674520016
U5Tq9r7saZU--19,wrong_length,16,-100.67768572643399,5,-62.03297721222043
uYaUCNl1j10--3,wrong_length,34,-157.12200270593166,11,-128.69668811559677
3gKelnCwuj8--0,wrong_length,17,-67.16842229664326,6,-52.865797117352486
ZVE_KjrY_po--22,wrong_length,21,-112.0832552537322,8,-103.91401320695877
i4j5Bj2NL1c--11,wrong_length,28,-196.22550539672375,10,-140.24389152228832
9b0136913690-57,wrong_length,20,-110.08794292807579,4,-85.69748079776764
wwpptVjgAws--10,wrong_length,32,-201.06973543018103,11,-135.51553709805012
gp0w_zrLgfw--13,wrong_length,28,-155.8916632574983,10,-113.60906731151044
HBQwzyxvkZA--129,wrong_length,15,-51.681803323328495,6,-36.258791126310825
fqJW-F3WIYc--0,wrong_length,21,-103.65557806938887,8,-83.36839293688536
xnY08sy7Sqk--6,wrong_length,13,-73.87452140450478,4,-61.11673295497894
maCRL8WG0GQ--3,wrong_length,10,-76.94791865348816,5,-37.15731430053711
xnY08sy7Sqk--3,wrong_length,25,-150.91332922130823,9,-116.45069120079279
AVb1VABiJJ8--13,wrong_length,16,-107.19461711961776,7,-92.20990670192987
HBQwzyxvkZA--331,wrong_length,16,-82.80047902464867,4,-61.273979872465134
HBQwzyxvkZA--79,wrong_length,24,-154.27089406177402,8,-91.97654534503818
0bk98uIiTS8--18,wrong_length,15,-80.88769942522049,5,-54.0142120718956
OJxSniCPUpI--2,wrong_length,15,-62.069023206830025,6,-54.0319677144289
m-w_78fDg9M--11,wrong_length,28,-183.07773928157985,9,-118.0941088180989
mDUCHJerTtE--9,wrong_length,14,-93.37502139806747,4,-50.33565670251846
BTqVQCBPUzg--94,wrong_length,8,-56.87570238113403,2,-23.28747797012329
CAzt5cxtSjQ--13,wrong_length,23,-161.12336367368698,11,-112.19197651743889
8DmlFztO2XM--1,wrong_length,27,-142.234361265786,10,-108.90736713353544
ZVE_KjrY_po--4,wrong_length,16,-94.75862636603415,4,-76.13568058051169
9b0136913690-78,wrong_length,20,-140.78002561628819,7,-65.10981849581003
5n_IGU5rYYk--24,wrong_length,29,-219.03850622847676,11,-103.64602237939835
HBQwzyxvkZA--131,wrong_length,18,-113.31444644927979,4,-98.86770243942738
lZarpnV0alw--2,wrong_length,21,-112.27205994678661,7,-89.75164578063414
6_yO8Lc8Hd4--5,wrong_length,25,-148.57242328301072,8,-90.91206845641136
u7wx4rUBg_k--5,wrong_length,22,-136.6940175164491,7,-88.94574667699635
w_xCnJVyPYA_e1,wrong_length,17,-98.91855393629521,5,-74.81830607634038
BTqVQCBPUzg--105,wrong_length,15,-68.04260247945786,5,-47.17450439929962
d5Lx_5-UiHY--111,wrong_length,11,-69.45638513565063,2,-21.27896547317505
HBQwzyxvkZA--330,wrong_length,33,-206.63523588888347,10,-133.660992173478
lcBujGRLwE0--38,wrong_length,31,-166.44055949803442,9,-147.37172678019851
oPITLi0VKh8--1,wrong_length,19,-96.22386247338727,7,-54.14424512954429
s_8IbRRsr0Q--0,wrong_length,35,-186.95185168995522,9,-119.44409939064644
lZarpnV0alw--11,wrong_length,18,-116.38361781835556,5,-55.99272894114256
NDYHcIF50eE--19,wrong_length,9,-34.60282888635993,2,-19.761937391012907
fqJW-F3WIYc--5,wrong_length,25,-142.27512634824961,8,-120.49695449601859
yb7efY9x78U--0,wrong_length,33,-172.1835523173213,9,-89.81493690609932
fYxijWb0b_s--28,wrong_length,16,-110.53018929436803,6,-94.89703240990639
HBQwzyxvkZA--140,wrong_length,19,-102.04716001078486,6,-86.39279771968722
ojYFIliNLGI--2,wrong_length,22,-151.0438779257238,11,-115.32350062951446
q4RnudGCU18--15,wrong_length,20,-123.54537792876363,5,-93.72272472456098
xnY08sy7Sqk--12,wrong_length,15,-88.1080263108015,5,-77.67962843179703
Zc2bgIDZ-Ks--57,wrong_length,9,-47.201890498399734,4,-43.81033420562744
QiGhWfjM2FI--18,wrong_length,23,-102.3406459260732,7,-55.28699784167111
nvfK4jQ7MH0--7,wrong_length,16,-102.37360740080476,7,-72.1333468221128
OJxSniCPUpI--19,wrong_length,17,-99.08168753609061,9,-77.00116785988212
mDUCHJerTtE--0,wrong_length,14,-76.99323953688145,5,-46.07170858979225
dPuKX_lM4Zc--114,wrong_length,8,-46.97086151689291,3,-34.53888273239136
pMbMjjSj1fM--24,wrong_length,24,-160.46495755761862,5,-138.8567852601409
AZ2s4Adm9RU--25,wrong_length,15,-103.22386670857668,5,-48.21124142408371
KmW8f1GVTYY--45,wrong_length,20,-102.39115343987942,8,-93.98161195218563
faZQNy4aErk--59,wrong_length,21,-115.42256217449903,6,-85.1559184640646
HBQwzyxvkZA--69,wrong_length,20,-165.3673083782196,8,-94.90975427627563
9b0136913690-9,wrong_length,11,-54.691026113927364,5,-35.62086844444275
ef52bca1a454-70,wrong_length,8,-58.30396103858948,3,-39.136759757995605
wUH1dDbu9B4--3,wrong_length,26,-177.80560361593962,6,-172.4868523478508
nvfK4jQ7MH0--1,wrong_length,20,-74.72955048084259,4,-29.531193554401398
HBQwzyxvkZA--229,wrong_length,17,-88.03575012460351,7,-69.78665336593986
HBQwzyxvkZA--76,wrong_length,16,-54.94308365136385,5,-27.60687953233719
1xJ_dkBcAIU--6,wrong_length,16,-133.9677105769515,7,-107.00794371217489
vyBaeFU8J_k--0,wrong_length,13,-100.21999847888947,4,-73.99976372718811
lSLqIyupXrk--15,wrong_length,15,-76.90809491835535,6,-52.4837007522583
HBQwzyxvkZA--280,wrong_length,17,-86.54849308729172,6,-62.73395735025406
0bk98uIiTS8--29,wrong_length,22,-132.81714608892798,6,-77.68625899776816
faZQNy4aErk--43,wrong_length,41,-253.82345023332164,13,-193.39359864918515
XcXCB---N9M--37,wrong_length,23,-129.25864938180894,7,-83.68205772619694
LvN9Dxq2iLY--137,wrong_length,11,-60.87230350077152,4,-40.854484245181084
_r1S90f_nsM--6,wrong_length,17,-103.12293334957212,6,-60.34986466821283
8E-llRXuhl0--17,wrong_length,20,-146.17844777926803,7,-94.86201390251517
ijrjSBx7WTc--68,wrong_length,8,-60.922717809677124,3,-30.893862009048462
4DhGy83DK_s--26,wrong_length,15,-71.66478344704956,4,-33.0719793131575
oPITLi0VKh8--17,wrong_length,21,-128.41366231255233,6,-83.81454308144748
bOZ_Lap5FNA--17,wrong_length,22,-99.58846837969031,8,-68.39766325743403
4DhGy83DK_s--3,wrong_length,15,-70.24958647415042,4,-49.41166293248534
ZCBew8Fv0qA--22,wrong_length,42,-290.65330366790295,12,-208.36182540655136
klepEQSaeIk--12,wrong_length,16,-73.55681571364403,4,-34.09105443954468
lZarpnV0alw--9,wrong_length,10,-65.68259620666504,5,-55.97846484184265
o9DARfrZg2o--6,wrong_length,15,-83.65869089961052,3,-62.759917706251144
o9DARfrZg2o--3,wrong_length,18,-96.67026939988136,5,-66.86802358180285
AVb1VABiJJ8--8,wrong_length,8,-53.82878955453634,3,-32.370099388062954
ijrjSBx7WTc--42,wrong_length,8,-42.22472297772765,2,-23.057271152734756
kES_ZNjFKz8--10,wrong_length,17,-95.41833809018135,7,-73.14881694316864
ckGC5hUffDU--13,wrong_length,9,-61.089905977249146,3,-35.52181851863861
fqJW-F3WIYc--16,wrong_length,43,-258.05395774543285,13,-229.0233062505722
8E-llRXuhl0--21,wrong_length,20,-110.47650797665119,9,-80.28757525980473
MYGqMojGwBE--277,wrong_length,15,-116.57821916602552,6,-61.62412368319929
myIXH3PjvoI--48,wrong_length,17,-107.98046056181192,3,-56.04728899896145
KHL0wkbu0-s--4,wrong_length,16,-108.00703562051058,6,-61.24374184012413
jC6VuHNpTLM--8,wrong_length,28,-103.71445091813803,10,-76.78306614607573
myIXH3PjvoI--52,wrong_length,12,-32.95183927938342,3,-22.575470227748156
C-cgPb_N2dY--7,wrong_length,18,-120.28337238729,7,-84.95181345939636
myIXH3PjvoI--92,wrong_length,13,-77.68713821470737,5,-48.72596979141235
6_yO8Lc8Hd4--11,wrong_length,26,-135.07424440421164,8,-87.54345844872296
o44YnPMhwPU--26,wrong_length,23,-130.6597111467272,9,-98.63930506817997
XcXCB---N9M--40,wrong_length,28,-183.08103208988905,9,-106.23253956437111
HBQwzyxvkZA--326,wrong_length,28,-208.97875265963376,9,-126.55424820631742
dkavvNigK7s--3,wrong_length,16,-73.2189674298279,6,-59.905498997773975
LvN9Dxq2iLY--9,wrong_length,14,-90.22831687983125,4,-47.63205251749605
QiJgNpX3zN0--2,wrong_length,13,-110.20667389035225,3,-58.158722430467606
KI0avgGkWiU--14,wrong_length,21,-108.27048854529858,9,-85.65004024654627
48couwymlMM--0,wrong_length,21,-121.37411838397384,6,-105.92768036946654
XcXCB---N9M--25,wrong_length,18,-110.98291584849358,7,-73.23336064815521
myIXH3PjvoI--39,wrong_length,16,-68.07277145422995,5,-45.28134217299521
nvfK4jQ7MH0--26,wrong_length,12,-56.39815425872803,3,-36.462921023368835
MYGqMojGwBE--103,wrong_length,15,-101.26397407054901,5,-52.2978538274765
LvN9Dxq2iLY--24,wrong_length,11,-82.26811993122101,3,-32.60264503955841
Sqa3ig2NN9Q--13,wrong_length,17,-88.9958680011332,6,-66.54268034175038
809a3a5e02d1-86,wrong_length,8,-53.98418673872948,2,-18.679369539022446
MYGqMojGwBE--62,wrong_length,15,-75.2227892819792,4,-49.532059544697404
pMbMjjSj1fM--16,wrong_length,23,-129.14816396683455,11,-112.40744979679585
mXq8axygjdE--66,wrong_length,18,-84.0276507884264,4,-71.74732272326946
vbq8QbOwOt4--17,wrong_length,20,-138.30843344703317,5,-97.62385312095284
dPuKX_lM4Zc--110,wrong_length,27,-168.56954058725387,11,-128.50759398937225
eabe1f38221a-52,wrong_length,15,-114.48249387741089,6,-78.87930274009705
LvN9Dxq2iLY--210,wrong_length,18,-105.8347204066813,5,-74.85336164012551
0bk98uIiTS8--42,wrong_length,22,-137.11982374545187,10,-113.51971191167831
faZQNy4aErk--40,wrong_length,17,-101.2477276623249,7,-77.79944470524788
Kq5HfchSWv8--2,wrong_length,9,-49.77855959534645,4,-38.468549847602844
ZMsnY_khlNQ--5,wrong_length,21,-132.87799314782023,7,-109.57952499389648
80Cx4CH-AVI--4,wrong_length,22,-145.22570710629225,8,-114.10148826241493
HBQwzyxvkZA--283,wrong_length,23,-126.5762311569415,10,-93.63979313289747
Nv3WLYio7Lc--1,wrong_length,20,-147.65154237300158,5,-128.63270390033722
KHL0wkbu0-s--24,wrong_length,18,-84.49560202658176,9,-65.10938769951463
BO1ehFUMWEs--21,wrong_length,27,-185.31378234922886,9,-147.41932582855225
QXsIVtanWdw--8,wrong_length,16,-95.36223048716784,5,-65.42901376634836
jN2lbHzIneI--10,wrong_length,16,-53.2648406829685,5,-18.96364434622228
_IyhoG9jXuM--10,wrong_length,11,-76.69191300868988,4,-63.05300924181938
Kq5HfchSWv8--23,wrong_length,17,-96.41703601926565,7,-63.39120356738567
LvN9Dxq2iLY--61,wrong_length,18,-102.5578928119503,7,-78.83025608723983
T-5au9lZhYI--9,wrong_length,11,-63.166510447859764,4,-46.846288308501244
mXq8axygjdE--81,wrong_length,19,-76.48625243268907,6,-44.34024195931852
HBQwzyxvkZA--213,wrong_length,23,-74.1593017000705,8,-48.534171076491475
fYxijWb0b_s--23,wrong_length,9,-49.93268692493439,3,-22.061077058315277
a8zp7ivHwBU--8,wrong_length,15,-77.99587077647448,7,-44.89414781332016
xnY08sy7Sqk--19,wrong_length,14,-99.04968082904816,5,-73.58420324325562
9bqfEh7BD3c--14,wrong_length,7,-55.03843057155609,3,-21.77196741104126
Zc2bgIDZ-Ks--48,wrong_length,8,-58.62712740898132,3,-36.72109246253967
ZCBew8Fv0qA--4,wrong_length,15,-106.82008998841047,5,-56.91008162498474
VwsRPJN7txM--8,wrong_length,18,-136.49609711766243,9,-85.21300521492958
W4YzurwHpfw--17,wrong_length,17,-103.94578236853704,8,-81.75674547022209
HBQwzyxvkZA--120,wrong_length,11,-61.855464577674866,5,-45.785828590393066
T-5au9lZhYI--6,wrong_length,14,-83.94333043694496,6,-68.10433933138847
5QMD024bDYs--23,wrong_length,16,-103.86016979813576,7,-65.11954107880592
AVb1VABiJJ8--22,wrong_length,20,-164.4530362635851,10,-117.33945627510548
QiJgNpX3zN0--9,wrong_length,18,-126.57659346610308,7,-91.59216446429491
nXA9Qpj2z7E--16,wrong_length,20,-117.99601954221725,6,-108.10301721096039
kytITkHoyls--2,wrong_length,10,-62.32056373357773,3,-28.493885427713394
KmW8f1GVTYY--42,wrong_length,23,-160.05122899636626,8,-105.935895036906
m3Mmtpr-jjA--9,wrong_length,19,-132.23158805072308,6,-83.91924285888672
o44YnPMhwPU--42,wrong_length,11,-44.4764614328742,3,-19.705400943756104
BTqVQCBPUzg--96,wrong_length,11,-103.3780187368393,4,-77.40015077590942
uYaUCNl1j10--0,wrong_length,26,-158.39984054584056,10,-121.41913114208728
oAhfJ8yB1j0--1,wrong_length,15,-101.44705879688263,4,-83.40646559000015
yb7efY9x78U--4,wrong_length,15,-94.81655518710613,5,-59.12781721353531
K4eNr2k2Lls--29,wrong_length,23,-129.24736694060266,6,-89.20383115112782
faZQNy4aErk--7,wrong_length,16,-123.06580236554146,4,-56.74529409408569
XcXCB---N9M--14,wrong_length,23,-115.55848128721118,7,-74.40931073203683
NaXDBBT5pkw--0,wrong_length,20,-126.05394464731216,5,-97.38717037439346
rZG7T9ujMEo--3,wrong_length,9,-61.27409887313843,2,-18.096216678619385
0bk98uIiTS8--24,wrong_length,27,-179.53478760039434,8,-76.13719192147255
jN2lbHzIneI--8,wrong_length,29,-164.31331865116954,11,-121.92303447797894
wSEeoT9BqE0--16,wrong_length,27,-196.8400629707612,13,-141.53883710503578
wwpptVjgAws--2,wrong_length,13,-66.27932684496045,4,-28.281393621116877
xnY08sy7Sqk--15,wrong_length,9,-80.09092032909393,3,-46.52626037597656
eyqLkKS5Qkw--22,wrong_length,16,-59.043648563325405,7,-52.830509543418884
Sqa3ig2NN9Q--1,wrong_length,18,-109.18483318202198,5,-78.03880728594959
eabe1f38221a-65,wrong_length,14,-69.5604193136096,4,-27.574148178100586
ozS8Mx8AdH8--2,wrong_length,24,-137.27439361810684,10,-117.98796420544386
rZG7T9ujMEo--5,wrong_length,24,-152.820802628994,8,-84.19555322825909
cw1YIV30nQM--2,wrong_length,10,-68.1863329410553,4,-49.78070282936096
MnCcM6PZrug--6,wrong_length,39,-240.5730895474553,13,-190.01706947386265
MnCcM6PZrug--4,wrong_length,23,-146.3783235810697,9,-116.02589083462954
K4eNr2k2Lls--16,wrong_length,15,-102.011659540236,10,-100.51139379292727
W4YzurwHpfw--14,wrong_length,13,-73.22161770635284,4,-59.646700971061364
UBnqDwRds3A--18,wrong_length,23,-145.68685336411,10,-132.86154178902507
ZVE_KjrY_po--12,wrong_length,19,-126.86215773969889,7,-59.02200023084879
IjeHLt1vNoM--6,wrong_length,29,-170.74462047964334,11,-128.50559370219707
BESRE5mtipE--14,wrong_length,11,-66.02875021845102,5,-48.31131064891815
9xc24mAlprE--12,wrong_length,9,-63.55013120174408,5,-44.79449450969696
6U9AFGakrn0--1,wrong_length,15,-83.27443743683398,5,-55.822945637628436
Lt5GAA6MIuM--14,wrong_length,12,-60.51947908103466,5,-40.382449582219124
Zc2bgIDZ-Ks--76,wrong_length,17,-83.9673479218036,3,-30.318035574629903
XcXCB---N9M--24,wrong_length,17,-130.0597897991538,5,-93.1789999306202
9xc24mAlprE--9,wrong_length,19,-91.78208246827126,6,-77.10779567807913
BESRE5mtipE--17,wrong_length,20,-119.16900225169957,10,-83.56813788414001
MYGqMojGwBE--32,wrong_length,14,-97.19962155818939,4,-75.93012702465057
Zc2bgIDZ-Ks--58,wrong_length,37,-169.19151634164155,11,-100.46426132507622
zu_bd3r2GIA--5,wrong_length,25,-132.90995678305626,4,-50.33507376909256
mjvqIq_fvRY--1,wrong_length,18,-97.76759180426598,6,-50.087132304906845
NaXDBBT5pkw--1,wrong_length,7,-30.540284782648087,2,-3.8110748529434204
vyBaeFU8J_k--15,wrong_length,28,-183.1063225120306,8,-150.76267898082733
vyBaeFU8J_k--21,wrong_length,19,-118.33150102570653,8,-89.30173726007342
3Pk2c_Z4ahk--14,wrong_length,12,-84.19274774193764,5,-56.982479602098465
ZVE_KjrY_po--23,wrong_length,11,-70.95176416635513,3,-32.654622077941895
Lt5GAA6MIuM--11,wrong_length,34,-187.14064058288932,15,-155.3919050730765
lPzmjeJmsXo--40,wrong_length,12,-70.14418163895607,7,-52.70957440137863
lPzmjeJmsXo--11,wrong_length,17,-121.49632950127125,6,-87.35827116668224
91GVHgxW8RA--18,wrong_length,25,-131.18964163865894,8,-118.14167855586857
rZG7T9ujMEo--19,wrong_length,21,-167.25853370130062,8,-107.01899456977844
36YV-IPiUXM--11,wrong_length,31,-170.61732793226838,10,-141.76231177523732
Zc2bgIDZ-Ks--23,wrong_length,30,-161.9680115841329,11,-116.93499077111483
3gKelnCwuj8--9,wrong_length,17,-97.82258599996567,8,-88.75675705075264
BTqVQCBPUzg--53,wrong_length,11,-64.62209782004356,5,-45.3978476524353
MYGqMojGwBE--86,wrong_length,16,-73.21605391800404,6,-47.33950658142567
R6_v5nqXuGg--0,wrong_length,23,-166.64203859865665,13,-166.46463723480701
lZarpnV0alw--4,wrong_length,20,-132.88501788768917,6,-121.62227872107178
0kldzhToGLc--0,wrong_length,21,-129.50859612226486,6,-115.50397557020187
Sqa3ig2NN9Q--8,wrong_length,16,-80.4720369502902,4,-39.22104454040527
Rblg5TE6TI0--29,wrong_length,28,-166.52342668175697,10,-117.38695558160543
nvfK4jQ7MH0--8,wrong_length,21,-156.801910135895,10,-121.19243264198303
fYxijWb0b_s--18,wrong_length,15,-101.6388321518898,5,-76.7906002998352
HBQwzyxvkZA--267,wrong_length,7,-54.9795081615448,2,-22.005209922790527
gp0w_zrLgfw--7,wrong_length,29,-194.8269371241331,11,-117.23329915851355
3Pk2c_Z4ahk--20,wrong_length,27,-159.47134061157703,8,-130.44553735107183
Zc2bgIDZ-Ks--39,wrong_length,22,-119.7390344440937,7,-86.36733757704496
ZCBew8Fv0qA--7,wrong_length,16,-113.29493129253387,4,-91.17523205280304
MYGqMojGwBE--26,wrong_length,34,-250.03727606125176,7,-191.68058201670647
MYGqMojGwBE--36,wrong_length,10,-79.45288825035095,4,-37.766656160354614
36YV-IPiUXM--17,wrong_length,53,-327.94832814857364,14,-273.47447879239917
pMbMjjSj1fM--4,wrong_length,18,-101.12875162996352,6,-84.56244157627225
809a3a5e02d1-27,wrong_length,22,-153.21253378875554,6,-80.15428903885186
9xc24mAlprE--25,wrong_length,14,-93.59581217169762,6,-63.848397731781006
0kldzhToGLc--9,wrong_length,22,-109.42968934262171,9,-80.31634814525023
aDwdB7xHAOE--13,wrong_length,17,-98.54698386508971,6,-74.2456239508465
wUH1dDbu9B4--18,wrong_length,17,-113.13913735747337,7,-57.20939201116562
BO1ehFUMWEs--29,wrong_length,34,-239.3395657017827,8,-158.12637819349766
mXq8axygjdE--48,wrong_length,20,-112.87687258422375,7,-105.09460043907166
VwsRPJN7txM--7,wrong_length,11,-54.88737213611603,5,-52.77553457021713
ZMsnY_khlNQ--6,wrong_length,15,-89.42769604921341,6,-69.11677980422974
KHL0wkbu0-s--21,wrong_length,12,-52.389778822660446,5,-25.653496712446213
mjvqIq_fvRY--15,wrong_length,9,-50.958601638674736,5,-40.80206388235092
o44YnPMhwPU--6,wrong_length,9,-70.17581748962402,4,-57.17701840400696
s_8IbRRsr0Q--11,wrong_length,38,-232.55786564573646,11,-188.02326933667064
ZMsnY_khlNQ--4,wrong_length,19,-107.0762211335823,8,-80.90430075954646
9b0136913690-50,wrong_length,20,-124.07572881877422,6,-67.02737140655518
5QMD024bDYs--4,wrong_length,19,-119.71902742236853,6,-75.23978384584188
MYGqMojGwBE--19,wrong_length,10,-89.46738958358765,5,-74.23262739181519
UBnqDwRds3A--16,wrong_length,21,-140.89974353462458,8,-74.49364348500967
q4RnudGCU18--23,wrong_length,24,-152.65702920220792,8,-85.02136397175491
vyBaeFU8J_k--3,wrong_length,14,-124.87660886347294,6,-68.89617681503296
jN2lbHzIneI--15,wrong_length,23,-119.97617389634252,8,-75.03413705527782
W4YzurwHpfw--5,wrong_length,13,-84.41048012673855,5,-61.22785626351833
3vCea9zWFek--3,wrong_length,17,-98.49480078741908,5,-59.99553982540965
wwpptVjgAws--15,wrong_length,47,-277.966132781934,13,-221.20322836143896
DF4fto_X1Y4--13,wrong_length,12,-75.9218201637268,4,-43.35292196273804
fulQKWknVhw--1,wrong_length,21,-107.31765219327644,8,-88.75316788759665
hgaKby5Mha4--34,wrong_length,21,-141.55278734862804,7,-99.86200599372387
48couwymlMM--15,wrong_length,23,-133.78790303319693,7,-90.24621787667274
i4j5Bj2NL1c--3,wrong_length,24,-190.50503153540194,11,-159.1978545282036
cw1YIV30nQM--6,wrong_length,17,-106.90694946050644,7,-62.655770003795624
fqJW-F3WIYc--8,wrong_length,12,-56.774997279047966,5,-44.098655983805656
HBQwzyxvkZA--316,wrong_length,15,-79.23407519841567,6,-64.73318632924929
LvN9Dxq2iLY--200,wrong_length,12,-74.46342967450619,5,-57.124104142189026
6MxCP_583q8_e4,wrong_length,9,-67.67765465378761,4,-53.49319362640381
HBQwzyxvkZA--57,wrong_length,21,-152.28682927414775,7,-89.35121576115489
yb7efY9x78U--15,wrong_length,23,-149.81196846999228,7,-120.6107259914279
l9bZYazJQ1w--2,wrong_length,9,-56.13079130649567,4,-45.61028563976288
3gKelnCwuj8--16,wrong_length,16,-91.02848156541586,7,-70.53225535154343
lSLqIyupXrk--7,wrong_length,11,-66.0102830529213,4,-48.279977560043335
HBQwzyxvkZA--230,wrong_length,15,-82.77567909657955,5,-43.76403760910034
q4RnudGCU18--11,wrong_length,10,-59.723217219114304,4,-35.457032322883606
AZ2s4Adm9RU--9,wrong_length,14,-92.61855041980743,5,-50.22309350967407
MYGqMojGwBE--95,wrong_length,18,-106.20569705218077,9,-83.50512217730284
17OIKvJmrK8--11,wrong_length,28,-183.29615172743797,9,-170.32796701788902
HBQwzyxvkZA--146,wrong_length,20,-126.9505076110363,7,-95.32774847745895
HBQwzyxvkZA--77,wrong_length,10,-48.73176810145378,3,-14.291622281074524
MYGqMojGwBE--235,wrong_length,8,-77.12470388412476,3,-25.70943832397461
JqYder5vRP4--0,wrong_length,11,-50.416849352419376,5,-37.866657234728336
eyqLkKS5Qkw--3,wrong_length,16,-115.46462150663137,8,-93.30725974589586
48couwymlMM--24,wrong_length,12,-83.79597414284945,5,-58.29851234704256
iGdg-iGlUFg--12,wrong_length,19,-120.40719710662961,4,-78.22198276221752
K5lgB4YzOO0--4,wrong_length,27,-152.74337424337864,9,-139.55989637970924
m3Mmtpr-jjA--34,wrong_length,16,-99.25900319218636,9,-84.25078538060188
HBQwzyxvkZA--303,wrong_length,16,-74.93351622624323,3,-55.60472130775452
Rblg5TE6TI0--19,wrong_length,23,-205.4777493495494,12,-156.24265244603157
tDrI-9pSul0--6,wrong_length,21,-123.13640181720257,9,-103.20118530839682
6_yO8Lc8Hd4--19,wrong_length,11,-54.30949121713638,3,-14.701338410377502
faZQNy4aErk--51,wrong_length,22,-146.95355746150017,8,-62.49917459487915
d5Lx_5-UiHY--85,wrong_length,25,-165.63367382716388,10,-119.45460718870163
lSLqIyupXrk--2,wrong_length,12,-74.67938083410263,6,-53.60587978363037
sktRu3sp97g--3,wrong_length,15,-90.53795475512743,3,-32.95835542678833
MnCcM6PZrug--19,wrong_length,36,-202.39189221337438,11,-136.14131170138717
DP1ly_MsHHQ--2,wrong_length,20,-121.09193265065551,8,-79.26397125795484
mXq8axygjdE--65,wrong_length,15,-92.49054730683565,5,-56.112392619252205
Rblg5TE6TI0--32,wrong_length,12,-70.45658515393734,4,-43.136984802782536
4vfboqjtAXo_e3,wrong_length,14,-76.94614294916391,4,-46.579193748533726
HBQwzyxvkZA--313,wrong_length,21,-122.79955289512873,5,-95.74487398564816
vyBaeFU8J_k--5,wrong_length,33,-233.81544021517038,8,-137.74804708361626
5QMD024bDYs--5,wrong_length,15,-63.42189938761294,5,-53.03362726420164
3gKelnCwuj8--7,wrong_length,16,-81.98637342639267,6,-52.47733182273805
ef52bca1a454-78,wrong_length,16,-84.99285401031375,5,-50.10031497478485
4DhGy83DK_s--17,wrong_length,28,-133.43738664279226,8,-77.42572272906546
mXq8axygjdE--64,wrong_length,14,-97.38078381679952,5,-60.16459131240845
yAAWlkm-_KA--8,wrong_length,24,-147.57768111675978,10,-90.53714513778687
BTqVQCBPUzg--81,wrong_length,16,-108.91581599414349,7,-104.89206200838089
R6_v5nqXuGg--12,wrong_length,22,-90.69268253818154,6,-55.20985696092248
iwYL-ivQm6o--7,wrong_length,17,-100.47348846122622,6,-76.99970604106784
pMbMjjSj1fM--18,wrong_length,14,-61.92624810501002,6,-61.255209170049056
aDwdB7xHAOE--2,wrong_length,19,-116.60111659765244,4,-46.74729412794113
HBQwzyxvkZA--41,wrong_length,15,-97.5228678882122,4,-54.27343741059303
LvN9Dxq2iLY--174,wrong_length,20,-163.4748086631298,6,-147.46772015094757
faZQNy4aErk--55,wrong_length,14,-71.00914869457483,7,-52.48311948776245
uY7i-Y8gxn8--5,wrong_length,22,-141.38113323412836,6,-117.97867502830923
faZQNy4aErk--31,wrong_length,18,-143.4336476996541,8,-92.10327434539795
HBQwzyxvkZA--130,wrong_length,26,-136.59575704857707,8,-115.97522152587771
5QMD024bDYs--16,wrong_length,22,-119.70942519325763,8,-88.13416950125247
0bk98uIiTS8--41,wrong_length,27,-191.39189825952053,11,-124.21063489466906
Kq5HfchSWv8--27,wrong_length,18,-107.63368605077267,4,-80.79709285497665
kES_ZNjFKz8--15,wrong_length,18,-129.0898345708847,4,-108.42492377758026
vZt56rnH8QQ--0,wrong_length,16,-100.20811013877392,9,-70.51172336935997
n12WICGyBJ4--35,wrong_length,15,-127.12338877283037,6,-94.2836952265352
MYGqMojGwBE--122,wrong_length,10,-56.85758876800537,3,-33.64589977264404
lcBujGRLwE0--8,wrong_length,29,-167.1650212407112,9,-110.87543046474457
ckGC5hUffDU--8,wrong_length,18,-137.66800579428673,5,-128.48217484354973
jN2lbHzIneI--11,wrong_length,38,-226.6468291170895,12,-178.2784922644496
MYGqMojGwBE--284,wrong_length,16,-82.08973977714777,6,-43.6779990196228
aDwdB7xHAOE--6,wrong_length,27,-177.25762818194926,9,-123.97630868293345
g4GfKC7z-2M--22,wrong_length,19,-136.52341870963573,4,-90.06506881117821
XcXCB---N9M--6,wrong_length,12,-56.48474712483585,5,-34.62732911482453
zu_bd3r2GIA--8,wrong_length,16,-79.54997998662293,5,-42.39802656508982
u7wx4rUBg_k--8,wrong_length,19,-145.99926986917853,9,-88.31442335620522
-X_zmve1y00--11,wrong_length,14,-66.03026904165745,4,-39.54551804065704
DP1ly_MsHHQ--27,wrong_length,34,-153.19943500868976,9,-99.19757386296988
MYGqMojGwBE--163,wrong_length,13,-88.95005094073713,3,-36.32183228991926
HBQwzyxvkZA--191,wrong_length,10,-64.70354700088501,3,-41.173561573028564
8E-llRXuhl0--14,wrong_length,25,-153.7432713508606,8,-101.05825281143188
LvN9Dxq2iLY--130,wrong_length,11,-71.40646558161825,4,-47.884674072265625
lcBujGRLwE0--12,wrong_length,25,-138.28635430335999,8,-119.57777715474367
809a3a5e02d1-35,wrong_length,17,-138.22700521349907,8,-117.05337047576904
myIXH3PjvoI--5,wrong_length,25,-108.57298711687326,9,-74.22153735905886
ZCBew8Fv0qA--14,wrong_length,15,-70.43798387050629,4,-43.2710874825716
jC6VuHNpTLM--22,wrong_length,19,-108.11258771270514,6,-93.51008735597134
MYGqMojGwBE--241,wrong_length,27,-126.0711350440979,6,-70.15918642282486
m-w_78fDg9M--7,wrong_length,22,-168.70413498207927,7,-93.9598037712276
0kldzhToGLc--16,wrong_length,15,-99.81156053394079,7,-69.6347371712327
vbq8QbOwOt4--0,wrong_length,25,-171.76757726073265,13,-122.30027163028717
8w6k4jEJJlU--3,wrong_length,11,-91.25012987852097,5,-71.31612414121628
eGkBCS1t9-E--16,wrong_length,24,-150.8489646613598,8,-128.12725020945072
Rblg5TE6TI0--33,wrong_length,26,-140.62854016758502,11,-107.14574700780213
0Z5d6D2vBbc--3,wrong_length,12,-52.62546878680587,4,-33.08994157239795
ijrjSBx7WTc--53,wrong_length,21,-133.61972713842988,5,-91.3599550165236
HBQwzyxvkZA--169,wrong_length,17,-92.19401244446635,7,-66.44920497760177
LvN9Dxq2iLY--104,wrong_length,7,-53.00890317559242,4,-47.83947229385376
vZt56rnH8QQ--9,wrong_length,15,-88.49823821336031,7,-63.200354903936386
UBnqDwRds3A--12,wrong_length,9,-71.19068002700806,2,-22.475461959838867
w_xCnJVyPYA_e3,wrong_length,13,-73.65483877807856,3,-34.39390239864588
BESRE5mtipE--10,wrong_length,14,-88.07554883137345,5,-55.37075299397111
eBj_HUu0CNw--7,wrong_length,17,-87.08412156999111,6,-60.381346464157104
mXq8axygjdE--8,wrong_length,9,-86.18931102752686,3,-62.0742130279541
jC6VuHNpTLM--10,wrong_length,19,-132.6282864883542,8,-96.61330676078796
Rc99bcSdhak--15,wrong_length,23,-139.59598038252443,8,-93.97664604242891
ef52bca1a454-75,wrong_length,9,-67.15540838241577,5,-53.356162548065186
vbq8QbOwOt4--13,wrong_length,23,-81.58888795599341,7,-79.48875453695655
vbq8QbOwOt4--5,wrong_length,25,-114.74235738255084,5,-83.45954109169543
UBnqDwRds3A--15,wrong_length,19,-165.0151835437864,6,-98.4481611251831
2B2z46vgaAA--19,wrong_length,14,-75.10114714689553,5,-53.03149473853409
xnY08sy7Sqk--22,wrong_length,21,-134.5373219922185,7,-115.47670836001635
lAFiWmUUHOg--15,wrong_length,15,-98.23040413670242,5,-58.227518854662776
MYGqMojGwBE--65,wrong_length,13,-67.72999689728022,6,-57.26295254379511
zu_bd3r2GIA--12,wrong_length,17,-107.53261265158653,4,-72.49103578925133
9b0136913690-90,wrong_length,15,-86.11004100739956,4,-53.05412718653679
fqJW-F3WIYc--18,wrong_length,21,-117.22959598898888,9,-77.74795286357403
jLwvQ4URDFY--16,wrong_length,9,-62.18412500619888,3,-31.11558109521866
BO1ehFUMWEs--37,wrong_length,12,-73.99808017909527,3,-38.47372102737427
fYxijWb0b_s--5,wrong_length,12,-66.64906412363052,4,-60.630866169929504
6_yO8Lc8Hd4--3,wrong_length,36,-206.5630393102765,14,-152.21377712488174
17OIKvJmrK8--7,wrong_length,16,-126.7946497797966,7,-70.92551136016846
iGdg-iGlUFg--7,wrong_length,20,-94.4693184196949,8,-69.03683996200562
ZMsnY_khlNQ--11,wrong_length,29,-154.61755160987377,8,-125.39454208314419
-X_zmve1y00--9,wrong_length,17,-112.75070519652218,6,-58.58039136137813
fqJW-F3WIYc--11,wrong_length,28,-125.13953351881355,7,-75.33456019964069
Lt5GAA6MIuM--27,wrong_length,21,-98.91087043099105,7,-68.58023825287819
tDrI-9pSul0--9,wrong_length,24,-131.5897271106951,8,-115.30968003673479
maCRL8WG0GQ--9,wrong_length,18,-145.9152573645115,8,-93.81207728385925
HBQwzyxvkZA--179,wrong_length,13,-79.95241528749466,4,-40.61066144704819
C6CIPVno_yQ--10,wrong_length,22,-121.2130599617958,7,-79.87880373001099
dkavvNigK7s--13,wrong_length,29,-185.71600552275777,12,-129.2150569744408
9bqfEh7BD3c--2,wrong_length,27,-180.7070565968752,9,-125.34211257100105
spDHZsNp4RA_d,wrong_length,22,-145.17162303626537,8,-123.02426980435848
KI0avgGkWiU--9,wrong_length,23,-94.42598500102758,6,-60.86982858181
jLwvQ4URDFY--27,wrong_length,36,-266.77884783409536,10,-183.59344475530088
BO1ehFUMWEs--30,wrong_length,37,-288.1245198044926,11,-183.91141839511693
lPzmjeJmsXo--31,wrong_length,21,-132.66765690594912,7,-94.09215354174376
vyBaeFU8J_k--8,wrong_length,11,-60.176963694393635,4,-31.733584709465504
BESRE5mtipE--19,wrong_length,21,-134.36671852262225,8,-88.44942175538745
NDYHcIF50eE--0,wrong_length,33,-192.3661642819643,15,-161.40754137188196
MYGqMojGwBE--109,wrong_length,20,-146.41413830965757,9,-130.10183452814817
9b0136913690-8,wrong_length,17,-84.88416566234082,4,-50.9938876433298
_T-35xhqSkE--11,wrong_length,17,-102.8346306309104,3,-84.09639128297567
myIXH3PjvoI--37,wrong_length,11,-63.659339636564255,3,-41.27778550982475
ozS8Mx8AdH8--13,wrong_length,21,-108.43957774701994,6,-83.50414590898436
NDYHcIF50eE--3,wrong_length,26,-136.34604110009968,12,-114.35139635391533
809a3a5e02d1-19,wrong_length,16,-111.53773868083954,7,-79.36914157867432
rYcw__0tDhw--17,wrong_length,21,-129.78279439359903,4,-42.147853426635265
HBQwzyxvkZA--311,wrong_length,16,-67.23640052974224,4,-56.67547245323658
HBQwzyxvkZA--236,wrong_length,14,-61.624213099479675,3,-41.285776644945145
wUH1dDbu9B4--29,wrong_length,18,-118.80870563909411,8,-85.05371053144336
l9bZYazJQ1w--18,wrong_length,23,-127.41274471580982,6,-78.68128019571304
faZQNy4aErk--76,wrong_length,28,-122.66706479061395,6,-61.893506650812924
dkavvNigK7s--14,wrong_length,17,-108.85728156194091,6,-66.10634269192815
YsuSHJ3klEs--14,wrong_length,17,-84.60287690535188,6,-49.91906804218888
MYGqMojGwBE--38,wrong_length,21,-114.69072015210986,6,-69.52525092288852
dPuKX_lM4Zc--107,wrong_length,12,-68.73377369903028,3,-48.54052448272705
OJxSniCPUpI--9,wrong_length,17,-92.71978836506605,4,-74.55714606493711
CRJSZ2e7BU0--10,wrong_length,17,-98.3768305759877,7,-60.8710206951946
MYGqMojGwBE--128,wrong_length,16,-87.44554238021374,5,-45.427716970443726
myIXH3PjvoI--47,wrong_length,18,-82.52123336493969,4,-62.9441943615675
cw1YIV30nQM--22,wrong_length,17,-67.9905970916152,4,-40.99308976531029
KmW8f1GVTYY--10,wrong_length,13,-78.52411732077599,6,-59.137229919433594
ijrjSBx7WTc--67,wrong_length,24,-160.7584581822157,7,-126.0556611418724
gXa0qcoWrsQ--4,wrong_length,13,-44.824725249782205,3,-35.073748955503106
Zc2bgIDZ-Ks--45,wrong_length,36,-235.49819315969944,12,-169.41500543057919
36YV-IPiUXM--10,wrong_length,39,-240.45106868445873,11,-153.8812915161252
36YV-IPiUXM--8,wrong_length,32,-208.01926595065743,10,-166.97739145997912
HBQwzyxvkZA--320,wrong_length,16,-117.60020315647125,5,-76.39340889453888
QiJgNpX3zN0--1,wrong_length,12,-74.23072315007448,4,-61.925397247076035
U5Tq9r7saZU--15,wrong_length,31,-179.30018695164472,13,-128.84211478102952
pMbMjjSj1fM--11,wrong_length,16,-122.5563405752182,7,-88.6655398607254
oPITLi0VKh8--20,wrong_length,17,-81.83404901251197,4,-45.20408958569169
ci_iGsLDZ9w_e1,wrong_length,18,-100.76443940587342,5,-85.88839084655046
NDYHcIF50eE--16,wrong_length,32,-198.94342905841768,9,-142.7275097426027
KmW8f1GVTYY--15,wrong_length,16,-121.7896885573864,6,-78.21071296930313
ci_iGsLDZ9w_d,wrong_length,8,-70.41158912703395,3,-39.70350597426295
6OlSDCcwM10--25,wrong_length,12,-64.17705777287483,3,-38.0613808631897
8w6k4jEJJlU--0,wrong_length,20,-119.12886807322502,6,-79.84045407176018
myIXH3PjvoI--97,wrong_length,17,-93.81408657692373,6,-65.66001119278371
9b0136913690-12,wrong_length,8,-40.520731419324875,2,-24.358194828033447
91GVHgxW8RA--7,wrong_length,33,-211.91933808289468,11,-163.8102012630552
eabe1f38221a-36,wrong_length,10,-42.30347728729248,3,-27.69619369506836
6_yO8Lc8Hd4--2,wrong_length,17,-116.3944253847003,7,-63.379462242126465
KmW8f1GVTYY--46,wrong_length,12,-64.44967411737889,4,-45.39768763910979
9bqfEh7BD3c--13,wrong_length,18,-106.53212881833315,5,-94.14407790452242
VwsRPJN7txM--9,wrong_length,18,-116.82765184249729,6,-86.94845918472856
QXsIVtanWdw--5,wrong_length,9,-49.42032881826162,3,-30.257769227027893
S9ymb66ZqqY--8,wrong_length,11,-84.1955326795578,5,-52.83104407787323
LvN9Dxq2iLY--33,wrong_length,12,-71.54631720483303,5,-59.89783154428005
K4eNr2k2Lls--21,wrong_length,21,-121.83306677266955,8,-116.23938115313649
wSEeoT9BqE0--21,wrong_length,34,-141.46576404711232,9,-119.6258756085299
LvN9Dxq2iLY--12,wrong_length,16,-108.58854954689741,4,-71.86598348617554
faZQNy4aErk--6,wrong_length,14,-82.87196824327111,5,-46.43408077955246
WabgM-SmPzU_e1,wrong_length,12,-65.37653099745512,4,-46.67588772624731
wmTrG799MAo--12,wrong_length,17,-81.56420215964317,6,-40.90292692184448
i4j5Bj2NL1c--13,wrong_length,14,-95.09164333716035,5,-84.80679250136018
nvfK4jQ7MH0--3,wrong_length,22,-148.17862297594547,7,-116.20088309794664
ojYFIliNLGI--0,wrong_length,23,-93.19059549219673,8,-68.12310422904557
HBQwzyxvkZA--203,wrong_length,12,-72.02128460630774,6,-62.202447026968
vZt56rnH8QQ--1,wrong_length,11,-66.30617640167475,5,-58.85312124341726
NaXDBBT5pkw--17,wrong_length,16,-87.83636660128832,5,-60.04805675894022
9bqfEh7BD3c--23,wrong_length,20,-133.46003699861467,9,-92.1358350571245
eyqLkKS5Qkw--20,wrong_length,12,-85.3400262594223,5,-59.30941665172577
vbq8QbOwOt4--14,wrong_length,26,-170.36949193105102,13,-114.94294458627701
faZQNy4aErk--25,wrong_length,13,-81.50801104307175,2,-58.083550810813904
s_8IbRRsr0Q--13,wrong_length,12,-80.90948367118835,6,-62.19338011741638
lcBujGRLwE0--7,wrong_length,25,-146.26033113524318,7,-100.67364774271846
CAzt5cxtSjQ--17,wrong_length,15,-84.11992072314024,4,-42.02993202209473
m3Mmtpr-jjA--22,wrong_length,9,-64.62464439868927,4,-45.460914611816406
9b0136913690-67,wrong_length,8,-71.92124009132385,1,-9.834138870239258
HBQwzyxvkZA--34,wrong_length,14,-77.40290158241987,5,-62.515565633773804
HBQwzyxvkZA--151,wrong_length,15,-101.22147617861629,6,-87.9920346736908
ozS8Mx8AdH8--14,wrong_length,25,-143.01034323871136,9,-111.95200316607952
AZ2s4Adm9RU--14,wrong_length,14,-106.11024567484856,3,-64.79673209786415
KmW8f1GVTYY--48,wrong_length,12,-63.347854524850845,6,-44.142521262168884
dPuKX_lM4Zc--103,wrong_length,10,-56.90915250778198,3,-27.03719472885132
OEM3CR-HYmk--22,wrong_length,16,-67.20504246652126,3,-51.32252785563469
lcBujGRLwE0--11,wrong_length,28,-171.47367012500763,9,-151.52030800282955
d5Lx_5-UiHY--101,wrong_length,8,-48.65428553521633,1,-9.202684506773949
vZt56rnH8QQ--8,wrong_length,27,-199.5477671753615,12,-123.283447785303
BO1ehFUMWEs--7,wrong_length,18,-95.22643607854843,6,-74.88047564029694
HBQwzyxvkZA--99,wrong_length,11,-44.29524067975581,5,-39.05188401415944
s_8IbRRsr0Q--22,wrong_length,13,-82.8540506362915,5,-49.984894156455994
fvHtYcL913U--15,wrong_length,13,-83.97667162120342,5,-51.06822681427002
sktRu3sp97g--2,wrong_length,11,-57.772647216916084,6,-41.80969285964966
BO1ehFUMWEs--10,wrong_length,27,-197.25808268412948,6,-132.42414527386427
lSLqIyupXrk--18,wrong_length,23,-133.25279153510928,8,-102.16867395862937
xFEQrtosric--9,wrong_length,9,-46.86234570015222,4,-35.29823914170265
ef52bca1a454-29,wrong_length,10,-53.33423912525177,3,-25.843585968017578
q4RnudGCU18--28,wrong_length,30,-225.9843253903091,14,-145.51222188025713
HBQwzyxvkZA--93,wrong_length,15,-73.03051138669252,6,-52.14217233657837
ijrjSBx7WTc--51,wrong_length,20,-92.79854842275381,7,-77.41799934953451
U5Tq9r7saZU--13,wrong_length,33,-170.21763126575388,11,-152.9230789693538
d5Lx_5-UiHY--73,wrong_length,11,-71.41536283493042,3,-31.886539459228516
s_8IbRRsr0Q--25,wrong_length,19,-86.40983585081995,7,-58.82126522064209
LvN9Dxq2iLY--17,wrong_length,13,-80.97600142657757,3,-47.8105762898922
lcBujGRLwE0--19,wrong_length,31,-188.31116975098848,12,-145.93886787444353
9bqfEh7BD3c--18,wrong_length,12,-80.63445127010345,4,-49.32342004776001
iwYL-ivQm6o--16,wrong_length,20,-93.59088699519634,5,-59.64924177527428
myIXH3PjvoI--115,wrong_length,16,-99.97386694839224,7,-75.03178596496582
gXa0qcoWrsQ--23,wrong_length,23,-108.50977413007058,6,-68.44382251240313
hYNyIXYmoYs--0,wrong_length,14,-92.56300816684961,5,-72.93475931882858
40BjLI5XtJE--1,wrong_length,12,-98.20226061344147,5,-53.977731347084045
Zc2bgIDZ-Ks--28,wrong_length,16,-59.40146057680249,6,-57.1203996874392
vbq8QbOwOt4--18,wrong_length,21,-146.6347009446472,8,-75.26923972927034
fulQKWknVhw--25,wrong_length,23,-155.75986385717988,7,-82.13525291159749
n12WICGyBJ4--17,wrong_length,11,-85.23190768435597,5,-77.84965594485402
OEM3CR-HYmk--8,wrong_length,9,-64.35107088088989,3,-20.194613456726074
6OlSDCcwM10--0,wrong_length,14,-77.43093339726329,4,-39.61753283441067
K4eNr2k2Lls--31,wrong_length,18,-144.35836166143417,7,-90.09895747900009
8DmlFztO2XM--4,wrong_length,22,-112.32680603116751,7,-86.67043027281761
gXa0qcoWrsQ--1,wrong_length,29,-172.2726101912558,8,-147.1934849061072
6_yO8Lc8Hd4--18,wrong_length,33,-153.51458816602826,7,-82.88595836982131
dPuKX_lM4Zc--81,wrong_length,19,-131.44274584949017,6,-65.42409837245941
egjhIFJbR2I--1,wrong_length,17,-74.53806941956282,5,-69.27690871804953
3vCea9zWFek--8,wrong_length,15,-79.63532283902168,4,-59.63986276090145
2B2z46vgaAA--25,wrong_length,9,-56.68513938039541,4,-41.94737435132265
QiGhWfjM2FI--29,wrong_length,13,-89.77871936559677,6,-64.49751567840576
wefigjf46u4--7,wrong_length,22,-159.49195878952742,9,-92.31200206279755
MYGqMojGwBE--188,wrong_length,10,-44.94430229347199,4,-31.76255056541413
Kq5HfchSWv8--3,wrong_length,10,-54.70775526762009,3,-18.737418830394745
5n_IGU5rYYk--31,wrong_length,24,-155.08182687312365,11,-92.79616401344538
HBQwzyxvkZA--43,wrong_length,13,-82.72379975020885,4,-37.858168825507164
7byz3fdI-Ss--10,wrong_length,16,-94.19083985034376,5,-47.083395414985716
mjvqIq_fvRY--2,wrong_length,20,-106.35115497559309,8,-65.2601044178009
Lt5GAA6MIuM--8,wrong_length,19,-125.66314947232604,5,-52.9692195802927
uR-nzhB6D8g--11,wrong_length,13,-89.70083926618099,5,-68.3044910877943
vyBaeFU8J_k--16,wrong_length,25,-148.87559220474213,6,-53.57175930868834
myIXH3PjvoI--85,wrong_length,21,-145.4558601975441,7,-117.55134952068329
gW1N-ttBBTo--2,wrong_length,9,-61.14785593748093,2,-21.050121307373047
K4eNr2k2Lls--30,wrong_length,29,-190.38384069502354,9,-132.7090467363596
s_8IbRRsr0Q--20,wrong_length,21,-121.34109274670482,10,-100.27770925685763
rZG7T9ujMEo--13,wrong_length,12,-60.66317052394152,4,-58.3128049466759
_IyhoG9jXuM--1,wrong_length,17,-92.41447124630213,8,-74.12604146450758
6OlSDCcwM10--15,wrong_length,18,-121.0694192647934,7,-103.8525048494339
OtlvzXZG_Uk_e1,wrong_length,15,-96.18860667943954,4,-77.6496770977974
iwYL-ivQm6o--8,wrong_length,9,-48.25659925118089,4,-35.87353851273656
Lt5GAA6MIuM--4,wrong_length,25,-191.43454148992896,8,-136.24571165069938
mDUCHJerTtE--6,wrong_length,23,-125.37770276144147,8,-103.18676027655602
BTqVQCBPUzg--107,wrong_length,21,-157.00924245268106,8,-99.66338673979044
80Cx4CH-AVI--17,wrong_length,8,-57.58203238248825,6,-34.40697783231735
0Z5d6D2vBbc--11,wrong_length,35,-281.4009572379291,13,-220.06081804260612
BTqVQCBPUzg--110,wrong_length,8,-65.60526231862605,3,-44.87983417510986
lZarpnV0alw--14,wrong_length,11,-82.35676085948944,4,-38.892810344696045
mjvqIq_fvRY--22,wrong_length,20,-137.7877646535635,9,-94.98945146799088
g4GfKC7z-2M--7,wrong_length,20,-139.82380606234074,7,-113.92640489339828
gp0w_zrLgfw--17,wrong_length,29,-184.89149516262114,10,-117.44913277216256
UBnqDwRds3A--8,wrong_length,25,-125.8852490792051,7,-68.74077318049967
MYGqMojGwBE--219,wrong_length,10,-88.31262540817261,4,-35.02517604827881
809a3a5e02d1-116,wrong_length,9,-31.22259996458888,3,-19.957803916186094
ckGC5hUffDU--5,wrong_length,15,-107.32117392122746,5,-48.53023409843445
faZQNy4aErk--18,wrong_length,23,-159.85279519855976,7,-151.90041883289814
uYaUCNl1j10--8,wrong_length,25,-125.6710695810616,10,-86.60651296004653
jN2lbHzIneI--4,wrong_length,31,-193.48049237579107,10,-176.99984324723482
LvN9Dxq2iLY--86,wrong_length,12,-118.48401942849159,2,-72.24314212799072
Zc2bgIDZ-Ks--85,wrong_length,25,-151.44266378879547,6,-100.92917029559612
m3Mmtpr-jjA--38,wrong_length,26,-133.8694845791906,11,-117.04602916352451
q4RnudGCU18--13,wrong_length,26,-138.90167452394962,9,-98.16826756298542
aDwdB7xHAOE--5,wrong_length,15,-94.06135413050652,4,-70.52425074577332
s_8IbRRsr0Q--8,wrong_length,8,-48.01722010970116,2,-22.061488151550293
C-cgPb_N2dY--3,wrong_length,12,-73.2750913798809,6,-52.11022001504898
sktRu3sp97g--11,wrong_length,19,-93.15830444917083,7,-75.2366310916841
4DhGy83DK_s--13,wrong_length,17,-76.09738994389772,5,-54.080550368875265
MYGqMojGwBE--182,wrong_length,18,-128.6655896306038,7,-70.12438875436783
l9bZYazJQ1w--16,wrong_length,12,-97.20091693103313,5,-50.7798787355423
Xmm9ZyMy12g--8,wrong_length,16,-85.0693744122982,4,-74.93833899497986
C6CIPVno_yQ--20,wrong_length,22,-142.2316200612113,9,-116.72505972906947
DF4fto_X1Y4--2,wrong_length,14,-92.67886886745691,5,-65.643429428339
HBQwzyxvkZA--100,wrong_length,12,-58.98418743163347,2,-17.711899757385254
dkavvNigK7s--30,wrong_length,14,-92.50212015770376,6,-73.38105314038694
4DhGy83DK_s--35,wrong_length,28,-145.69479361828417,6,-63.76012696977705
ZVE_KjrY_po--8,wrong_length,23,-144.07637705281377,9,-104.96468822285533
lPzmjeJmsXo--14,wrong_length,27,-172.18040992692113,10,-131.28194073960185
d5Lx_5-UiHY--36,wrong_length,12,-75.68286919593811,4,-29.16825842857361
xFEQrtosric--2,wrong_length,26,-162.23887427989393,9,-138.0634101331234
MYGqMojGwBE--215,wrong_length,15,-104.94930410385132,6,-44.9164776802063
6_yO8Lc8Hd4--6,wrong_length,29,-136.13050087844022,10,-103.02166122500785
vbq8QbOwOt4--1,wrong_length,16,-116.36337009444833,6,-60.44160318374634
5n_IGU5rYYk--2,wrong_length,20,-133.6682947613299,8,-110.09137198701501
ZMsnY_khlNQ--15,wrong_length,9,-63.92411317676306,2,-23.87006378173828
myIXH3PjvoI--4,wrong_length,14,-84.82171054556966,6,-54.02402714267373
q4RnudGCU18--26,wrong_length,28,-142.25607983022928,10,-104.22104723751545
HBQwzyxvkZA--165,wrong_length,12,-68.76092927251011,4,-59.43609155807644
o9DARfrZg2o--1,wrong_length,21,-128.45350117981434,8,-95.41756519675255
uR-nzhB6D8g--1,wrong_length,16,-58.01248502265662,6,-39.437335312366486
RIwfym39VVM_e3,wrong_length,21,-130.4044265858829,6,-71.03407050296664
wwpptVjgAws--0,wrong_length,29,-141.82764997333288,13,-118.50595194846392
9b0136913690-52,wrong_length,14,-97.46179179474711,3,-39.587182607501745
Lt5GAA6MIuM--17,wrong_length,22,-136.05364621430635,10,-112.40116358920932
klepEQSaeIk--1,wrong_length,36,-195.39562066900544,11,-127.77076482283883
Lt5GAA6MIuM--28,wrong_length,13,-73.09715460240841,4,-42.771527990698814
ef52bca1a454-8,wrong_length,13,-116.37242011725903,6,-77.89474320411682
jLwvQ4URDFY--14,wrong_length,34,-188.58394133360707,10,-130.07067539604031
LvN9Dxq2iLY--82,wrong_length,14,-72.08699804544449,4,-41.52640879154205
iwYL-ivQm6o--11,wrong_length,14,-80.32927441596985,4,-41.14309072494507
9b0136913690-59,wrong_length,16,-93.92173195630312,4,-91.12152564525604
KmW8f1GVTYY--33,wrong_length,13,-79.3210309445858,5,-65.60399708151817
NDYHcIF50eE--11,wrong_length,20,-93.96354815736413,3,-53.85421248152852
MYGqMojGwBE--279,wrong_length,9,-50.58196727372706,5,-41.69525174237788
tDrI-9pSul0--10,wrong_length,29,-233.842214345932,10,-209.17414712905884
5n_IGU5rYYk--32,wrong_length,31,-160.69905601115897,7,-68.87939960928634
ijrjSBx7WTc--23,wrong_length,26,-179.2061402797699,9,-127.43136878311634
a8zp7ivHwBU--4,wrong_length,18,-99.83104394748807,6,-81.19314246624708
9bqfEh7BD3c--24,wrong_length,18,-110.27688916027546,5,-71.74114343523979
U5Tq9r7saZU--29,wrong_length,21,-121.23895984888077,11,-99.62197950482368
wSEeoT9BqE0--14,wrong_length,27,-182.11835972219706,8,-159.58324990421534
QiGhWfjM2FI--9,wrong_length,24,-120.79117290396243,11,-105.68499128241092
809a3a5e02d1-64,wrong_length,14,-105.55381633527577,4,-69.90996553190053
ckGC5hUffDU--6,wrong_length,26,-154.19804952893173,6,-107.49799883365631
o44YnPMhwPU--36,wrong_length,22,-109.24126330390573,11,-91.98967868089676
HBQwzyxvkZA--193,wrong_length,9,-51.96932500600815,4,-35.34890502691269
Kq5HfchSWv8--36,wrong_length,16,-84.67173087596893,4,-52.18204541504383
ZCBew8Fv0qA--3,wrong_length,13,-68.66216902807355,3,-43.998065169900656
91GVHgxW8RA--33,wrong_length,22,-119.74015722796321,6,-45.72646954283118
MYGqMojGwBE--211,wrong_length,13,-117.68840956687927,7,-67.16625022888184
hgaKby5Mha4--28,wrong_length,25,-167.8154633678496,8,-79.62268787994981
-X_zmve1y00--1,wrong_length,12,-52.1781030613929,3,-32.360308142378926
hgaKby5Mha4--1,wrong_length,23,-107.55189068615437,8,-82.93853113055229
BO1ehFUMWEs--1,wrong_length,21,-130.43383259046823,6,-108.89512059092522
OEM3CR-HYmk--3,wrong_length,12,-67.27326090633869,3,-38.05296039581299
R6_v5nqXuGg--5,wrong_length,18,-107.65394100546837,6,-77.07465586066246
rZG7T9ujMEo--2,wrong_length,14,-80.43469354510307,6,-61.24166448414326
HBQwzyxvkZA--143,wrong_length,9,-32.64944329112768,4,-32.04750615358353
HBQwzyxvkZA--319,wrong_length,22,-148.65399830043316,7,-117.63892126083374
3vCea9zWFek--39,wrong_length,23,-150.22396214306355,9,-85.06451171636581
tDrI-9pSul0--11,wrong_length,12,-74.37176865339279,6,-58.323941230773926
kxz4AA9lNmY_e4,wrong_length,17,-91.110845297575,4,-67.43584489822388
zu_bd3r2GIA--28,wrong_length,14,-94.90857665613294,5,-82.46549575403333
Xmm9ZyMy12g--13,wrong_length,22,-158.2157312706113,6,-114.6604552268982
NTc0m4Q1-xU--0,wrong_length,17,-94.64814870804548,7,-72.67909054458141
9xc24mAlprE--14,wrong_length,23,-127.65613162517548,9,-96.19014298915863
Rc99bcSdhak--5,wrong_length,37,-218.3228014856577,11,-153.72856814786792
HBQwzyxvkZA--286,wrong_length,24,-153.33305713161826,10,-113.92505061626434
Zc2bgIDZ-Ks--79,wrong_length,15,-83.29994449019432,4,-40.54729399085045
wefigjf46u4--10,wrong_length,8,-53.069358587265015,2,-26.851040363311768
wSEeoT9BqE0--2,wrong_length,20,-92.02933705598116,7,-76.6048326343298
o9DARfrZg2o--0,wrong_length,21,-164.55509507656097,7,-132.24091041088104
DP1ly_MsHHQ--15,wrong_length,30,-160.1472768187523,7,-124.26150040701032
C-cgPb_N2dY--16,wrong_length,21,-118.96840945258737,7,-74.2029210999608
6U9AFGakrn0--5,wrong_length,14,-69.66346646100283,4,-37.66153836250305
0kldzhToGLc--15,wrong_length,10,-58.129080794751644,3,-24.359782122075558
oyWhLo5brto--1,wrong_length,21,-137.9230941273272,9,-71.61575894802809
bqE5C2tmc9c--13,wrong_length,14,-126.07805013656616,6,-82.01409673690796
ijrjSBx7WTc--32,wrong_length,21,-103.28479161858559,7,-86.9360193349421
MYGqMojGwBE--149,wrong_length,17,-118.03345906734467,3,-61.61514413356781
n12WICGyBJ4--43,wrong_length,17,-89.22677791351452,6,-75.73253580927849
Zc2bgIDZ-Ks--43,wrong_length,19,-148.2081847935915,4,-55.288373693823814
IjeHLt1vNoM--9,wrong_length,20,-146.68074230849743,6,-97.44582891464233
rYcw__0tDhw--1,wrong_length,33,-128.51372096687555,8,-102.37643839418888
Sqa3ig2NN9Q--4,wrong_length,14,-126.60532093048096,5,-83.10563230514526
IjeHLt1vNoM--17,wrong_length,15,-64.96855914592743,5,-47.20531892031431
9b0136913690-70,wrong_length,12,-69.81218202412128,3,-29.144828230142593
Kq5HfchSWv8--28,wrong_length,15,-93.83504072204232,4,-44.679528687149286
ojYFIliNLGI--9,wrong_length,16,-102.37570711225271,6,-61.430459856987
m3Mmtpr-jjA--30,wrong_length,23,-124.06534149125218,9,-97.517054207623
6u-ZspWSpwE--14,wrong_length,17,-113.31473948806524,6,-76.21322993189096
HBQwzyxvkZA--111,wrong_length,13,-97.47395837306976,5,-70.60165357589722
xFJw5GMtlCk--4,wrong_length,8,-44.53761909902096,1,-14.004022598266602
U5Tq9r7saZU--18,wrong_length,18,-83.69574129208922,5,-57.49696945771575
QiJgNpX3zN0--17,wrong_length,11,-71.09581878781319,4,-43.75740110874176
9bqfEh7BD3c--9,wrong_length,19,-106.70527462847531,7,-71.78150593675673
5n_IGU5rYYk--17,wrong_length,31,-136.54702030867338,11,-88.01459001004696
kES_ZNjFKz8--18,wrong_length,12,-71.63546038232744,4,-45.56057572364807
nvfK4jQ7MH0--19,wrong_length,12,-88.57537215948105,3,-50.92410844564438
LvN9Dxq2iLY--71,wrong_length,26,-137.11177880316973,6,-68.04267404973507
aDwdB7xHAOE--8,wrong_length,19,-103.33295048214495,9,-91.58187800645828
HBQwzyxvkZA--1,wrong_length,10,-38.36164253205061,2,-11.341178715229034
gW1N-ttBBTo--6,wrong_length,30,-198.02209705114365,9,-148.59724220633507
ef52bca1a454-57,wrong_length,17,-116.9904491007328,5,-52.19001579284668
_r1S90f_nsM--13,wrong_length,13,-61.423044726252556,4,-27.904465958476067
Xmm9ZyMy12g--12,wrong_length,16,-104.01660449057817,3,-40.88216382265091
fulQKWknVhw--29,wrong_length,34,-172.38008569879457,12,-141.52800281718373
BTqVQCBPUzg--116,wrong_length,10,-84.24119933694601,2,-29.66314872354269
Zc2bgIDZ-Ks--9,wrong_length,16,-72.6344990087673,4,-46.989515039138496
eBj_HUu0CNw--22,wrong_length,13,-77.15986845642328,5,-59.29367238283157
K4eNr2k2Lls--33,wrong_length,29,-149.91315738856792,10,-125.10666686296463
jMdxYlvrkbk--10,wrong_length,24,-149.53482411801815,9,-122.02796731889248
jLwvQ4URDFY--3,wrong_length,28,-144.62423522397876,14,-104.8642001580447
R6_v5nqXuGg--14,wrong_length,18,-111.54769533872604,7,-95.36902165412903
Sqa3ig2NN9Q--25,wrong_length,20,-125.66087440401316,3,-77.12677955627441
gW1N-ttBBTo--10,wrong_length,37,-187.76363328192383,12,-147.07214775774628
cw1YIV30nQM--20,wrong_length,21,-127.36357157677412,7,-73.4435460716486
BESRE5mtipE--1,wrong_length,20,-105.08333940804005,5,-63.17384031414986
KHL0wkbu0-s--8,wrong_length,24,-148.21072854846716,9,-105.37114644050598
eGkBCS1t9-E--20,wrong_length,22,-113.90272013098001,5,-94.53202860802412
EIwWHTO5rZw--14,wrong_length,13,-70.47300946712494,4,-34.039488792419434
eBj_HUu0CNw--24,wrong_length,17,-106.96599661558867,6,-62.242530047893524
gXa0qcoWrsQ--12,wrong_length,21,-119.2154540270567,6,-76.50880229473114
80Cx4CH-AVI--8,wrong_length,21,-131.31668147444725,6,-114.82396328449249
ckGC5hUffDU--2,wrong_length,19,-128.03304367884994,5,-123.65459793433547
K5lgB4YzOO0--6,wrong_length,19,-102.9020561426878,5,-63.658362701535225
-X_zmve1y00--12,wrong_length,18,-100.48128185421228,8,-83.52463348209858
xFEQrtosric--7,wrong_length,25,-133.3762418590486,10,-125.2536919079721
HBQwzyxvkZA--121,wrong_length,22,-142.04381631314754,7,-106.4865598231554
bOZ_Lap5FNA--11,wrong_length,19,-125.11266437545419,9,-82.24472152814269
rYcw__0tDhw--2,wrong_length,21,-125.23565270751715,8,-88.56167771667242
xFJw5GMtlCk--10,wrong_length,24,-104.05628592637368,7,-61.20834572799504
9b0136913690-106,wrong_length,8,-40.75384370237589,3,-25.04366295784712
rZG7T9ujMEo--21,wrong_length,9,-50.731148451566696,2,-20.689578533172607
mXq8axygjdE--51,wrong_length,36,-231.01243241876364,15,-164.61794494092464
m-w_78fDg9M--18,wrong_length,17,-129.93196675926447,4,-61.466678857803345
XcXCB---N9M--3,wrong_length,20,-125.37828803062439,6,-83.96950032562017
K4eNr2k2Lls--2,wrong_length,16,-70.14248095452785,6,-48.51434509456158
BTqVQCBPUzg--154,wrong_length,8,-28.098231848329306,3,-18.57408867403865
Zc2bgIDZ-Ks--60,wrong_length,17,-77.34737978503108,6,-46.944613229483366
gW1N-ttBBTo--7,wrong_length,28,-185.92235212773085,10,-152.01716355234385
0bk98uIiTS8--32,wrong_length,30,-153.96946231275797,12,-125.02654091268778
BTqVQCBPUzg--148,wrong_length,12,-80.67480984330177,6,-49.87200012803078
lAFiWmUUHOg--25,wrong_length,27,-152.41356106847525,6,-108.05533117800951
bGqx2eKgdB0_e4,wrong_length,10,-82.81411838531494,3,-51.011446952819824
ZVE_KjrY_po--21,wrong_length,8,-68.33425951004028,2,-29.59542751312256
BTqVQCBPUzg--34,wrong_length,13,-71.31745493784547,4,-56.18173721805215
XcXCB---N9M--20,wrong_length,30,-170.00790910422802,8,-106.63790260255337
o9DARfrZg2o--9,wrong_length,13,-71.02043704688549,3,-25.207541942596436
HBQwzyxvkZA--228,wrong_length,13,-72.88126119971275,4,-61.74727115035057
80Cx4CH-AVI--2,wrong_length,29,-175.3839811384678,11,-130.27438047528267
Zc2bgIDZ-Ks--12,wrong_length,11,-65.91222144663334,3,-16.739298939704895
vbq8QbOwOt4--7,wrong_length,17,-88.89197475463152,6,-45.085168555378914
HBQwzyxvkZA--291,wrong_length,31,-184.5316231381148,9,-137.05876506865025
i4j5Bj2NL1c--9,wrong_length,19,-114.44484647735953,6,-74.66558029875159
5QMD024bDYs--8,wrong_length,21,-97.0747676033061,6,-76.10146489623003
faZQNy4aErk--44,wrong_length,24,-197.16653599217534,9,-148.38210970163345
oPITLi0VKh8--18,wrong_length,13,-66.59011454880238,5,-46.6786807179451
Xmm9ZyMy12g--14,wrong_length,16,-104.93791615217924,5,-55.372347831726074
-X_zmve1y00--29,wrong_length,11,-62.703088398557156,4,-56.96512972889468
HBQwzyxvkZA--278,wrong_length,12,-80.31154584884644,5,-46.257493019104004
OEM3CR-HYmk--2,wrong_length,13,-78.16224046051502,4,-58.26309533417225
1xJ_dkBcAIU--20,wrong_length,20,-98.24362077191472,6,-77.99156108871102
IoifXQnhN4E--5,wrong_length,9,-69.34486985206604,5,-53.30500364303589
jMdxYlvrkbk--6,wrong_length,15,-99.08157688379288,5,-52.255518317222595
q4RnudGCU18--5,wrong_length,22,-117.64934138208628,6,-81.29737577587366
lcBujGRLwE0--30,wrong_length,25,-124.01008729392197,9,-89.98921105766203
egjhIFJbR2I--8,wrong_length,16,-85.9806393198669,5,-53.55271587893367
oAhfJ8yB1j0--5,wrong_length,27,-122.1011724807322,10,-118.65214456990361
klepEQSaeIk--15,wrong_length,11,-43.095486022531986,6,-39.60587292909622
Rc99bcSdhak--27,wrong_length,30,-162.7469442822039,10,-99.78685839101672
iwYL-ivQm6o--3,wrong_length,29,-154.68154706060886,9,-95.75094816088676
MYGqMojGwBE--248,wrong_length,24,-192.3080148100853,8,-97.54413169622421
mjvqIq_fvRY--12,wrong_length,23,-129.40662679821253,6,-79.43714004009962
s_8IbRRsr0Q--1,wrong_length,28,-152.5989878848195,8,-98.81658644974232
6OlSDCcwM10--2,wrong_length,7,-37.83459530770779,2,-19.704610109329224
m3Mmtpr-jjA--44,wrong_length,24,-142.38952173292637,6,-80.86564639210701
9b0136913690-31,wrong_length,17,-99.87818020582199,5,-53.5913020670414
HBQwzyxvkZA--207,wrong_length,13,-66.37573900818825,4,-40.392875760793686
Nv3WLYio7Lc--9,wrong_length,17,-98.38585350289941,5,-61.171408507972956
Nv3WLYio7Lc--14,wrong_length,11,-77.08477528579533,5,-63.40275080688298
hYNyIXYmoYs--2,wrong_length,19,-102.01129386480898,8,-61.623667291365564
ef52bca1a454-69,wrong_length,9,-49.8574835062027,3,-21.98667049407959
HBQwzyxvkZA--90,wrong_length,11,-83.912188090384,4,-43.16573707014322
C6CIPVno_yQ--21,wrong_length,22,-109.71716126054525,8,-86.03543458133936
LvN9Dxq2iLY--26,wrong_length,22,-187.94298703595996,7,-182.6667309999466
HBQwzyxvkZA--318,wrong_length,18,-117.56357277184725,8,-89.13856921344995
zu_bd3r2GIA--30,wrong_length,18,-90.19901700131595,7,-64.55877744220197
oAhfJ8yB1j0--3,wrong_length,23,-130.95337080955505,6,-122.16520154476166
5n_IGU5rYYk--6,wrong_length,17,-90.82737074047327,6,-49.832579612731934
nvfK4jQ7MH0--27,wrong_length,17,-97.21761010587215,7,-75.9076459184289
kytITkHoyls--15,wrong_length,21,-104.0518276207149,5,-47.95882584527135
dPuKX_lM4Zc--120,wrong_length,31,-228.03922816365957,13,-138.7083217650652
5n_IGU5rYYk--3,wrong_length,21,-96.16037651197985,7,-79.31864453898743
dPuKX_lM4Zc--129,wrong_length,23,-144.98120361939073,9,-85.62097933888435
9xc24mAlprE--26,wrong_length,18,-119.55952969938517,5,-109.34591702371836
oyWhLo5brto--5,wrong_length,21,-84.02006215043366,5,-50.20217175781727
ojYFIliNLGI--16,wrong_length,37,-247.12264729104936,13,-195.96412319131196
LvN9Dxq2iLY--124,wrong_length,18,-99.16314541385509,4,-40.84191055991687
lcBujGRLwE0--4,wrong_length,34,-141.25944703561254,12,-115.44330261391588
wwpptVjgAws--7,wrong_length,39,-271.5041800942272,10,-215.00276329182088
Kq5HfchSWv8--18,wrong_length,16,-91.04060825332999,4,-36.78854709863663
mjvqIq_fvRY--6,wrong_length,27,-188.74688132852316,10,-163.69724538177252
Nv3WLYio7Lc--13,wrong_length,30,-173.5501683484763,7,-91.00129157863557
6_yO8Lc8Hd4--7,wrong_length,14,-81.07770846039057,6,-68.74839615821838
0Z5d6D2vBbc--6,wrong_length,17,-104.32364233769476,8,-78.45437143184245
80Cx4CH-AVI--11,wrong_length,28,-140.91071059182286,9,-90.91261879727244
xFJw5GMtlCk--5,wrong_length,24,-165.02922133728862,10,-98.56812129542232
9b0136913690-80,wrong_length,17,-115.36602395027876,4,-45.403573989868164
AVb1VABiJJ8--9,wrong_length,19,-111.0669249072671,7,-70.54868975281715
xFEQrtosric--4,wrong_length,14,-95.80929604917765,4,-45.0059038028121
iGdg-iGlUFg--2,wrong_length,42,-251.35244899243116,12,-178.6887232363224
wUH1dDbu9B4--26,wrong_length,23,-174.97433208674192,6,-167.8997062817216
LvN9Dxq2iLY--101,wrong_length,14,-86.21788169443607,4,-59.76420909166336
HBQwzyxvkZA--67,wrong_length,9,-77.01176338270307,2,-32.67724370956421
QiGhWfjM2FI--1,wrong_length,19,-152.5444698855281,9,-111.23002641648054
LvN9Dxq2iLY--168,wrong_length,9,-37.46065700054169,4,-30.48341715335846
MYGqMojGwBE--2,wrong_length,18,-143.7884170114994,8,-92.17571821808815
mjvqIq_fvRY--18,wrong_length,14,-99.04453802108765,7,-72.67169678211212
m-w_78fDg9M--3,wrong_length,17,-106.41181315481663,7,-81.5854964852333
8E-llRXuhl0--22,wrong_length,20,-102.34249890595675,7,-83.25656028091908
lPzmjeJmsXo--2,wrong_length,32,-176.949279114604,13,-143.44224777072668
rYcw__0tDhw--10,wrong_length,22,-166.6157299769111,6,-122.7326002237387
mXq8axygjdE--62,wrong_length,9,-50.655019589699805,3,-29.136982560157776
AZ2s4Adm9RU--1,wrong_length,28,-118.42129816114902,7,-44.67437493801117
CRJSZ2e7BU0--4,wrong_length,25,-160.08686305582523,10,-122.05132038891315
HBQwzyxvkZA--272,wrong_length,14,-106.00015687942505,5,-61.99472618103027
kES_ZNjFKz8--16,wrong_length,21,-91.06467921566218,8,-73.96307352464646
MYGqMojGwBE--206,wrong_length,13,-79.61365489661694,6,-64.23380787670612
glNqZ8w4iy8--5,wrong_length,11,-57.33816009759903,3,-23.400629103183746
Rblg5TE6TI0--30,wrong_length,34,-203.52134154736996,12,-136.0691603347659
809a3a5e02d1-77,wrong_length,11,-76.51418972015381,4,-59.21211397647858
lSLqIyupXrk--5,wrong_length,17,-145.37169933319092,7,-127.05022644996643
eabe1f38221a-48,wrong_length,10,-43.64516071230173,3,-32.50125031918287
jLwvQ4URDFY--5,wrong_length,11,-57.775309562683105,4,-40.51108694076538
m3Mmtpr-jjA--2,wrong_length,11,-58.5372902341187,4,-56.600194830447435
HBQwzyxvkZA--155,wrong_length,22,-127.92143251001835,7,-96.42695444822311
K5lgB4YzOO0--12,wrong_length,15,-80.4717127289623,6,-54.33340784907341
Rblg5TE6TI0--1,wrong_length,23,-127.53270469605923,7,-67.5091562345624
dkavvNigK7s--27,wrong_length,27,-144.37190377619117,12,-133.0295583261177
NaXDBBT5pkw--3,wrong_length,11,-64.39619153738022,4,-41.12272149324417
LvN9Dxq2iLY--164,wrong_length,20,-111.50561397522688,8,-79.43065452575684
vZt56rnH8QQ--3,wrong_length,11,-73.55045562796295,5,-59.08569580130279
mXq8axygjdE--67,wrong_length,12,-64.28154520434327,4,-35.50809380901046
7byz3fdI-Ss--7,wrong_length,18,-81.51544193923473,7,-62.08091924339533
dkavvNigK7s--9,wrong_length,17,-105.16530273109674,6,-69.7993932440877
g4GfKC7z-2M--9,wrong_length,19,-125.72315225750208,5,-109.71605411171913
6OlSDCcwM10--20,wrong_length,16,-98.56681029871106,8,-80.87055416032672
KI0avgGkWiU--1,wrong_length,23,-135.75033706054091,7,-82.50351396203041
iwYL-ivQm6o--0,wrong_length,7,-53.97486620116979,3,-25.752461244352162
OEM3CR-HYmk--19,wrong_length,18,-85.88021182268858,4,-67.26216524094343
6OlSDCcwM10--11,wrong_length,17,-98.34356782585382,11,-80.35006415843964
e4rWudmfrfY--0,wrong_length,9,-76.49609136581421,1,-8.753934025764465
o44YnPMhwPU--1,wrong_length,11,-43.49997627735138,3,-27.039798229932785
l9bZYazJQ1w--7,wrong_topic,20,-112.4035231564194,7,-62.732237810269
9b0136913690-114,wrong_topic,19,-88.58787981793284,5,-60.23066210746765
ZMsnY_khlNQ--12,wrong_topic,21,-111.36850462853909,7,-75.60504595935345
809a3a5e02d1-67,wrong_topic,12,-92.21521483361721,4,-80.00145292282104
DP1ly_MsHHQ--36,wrong_topic,18,-103.49549363926053,7,-64.6356508731842
dPuKX_lM4Zc--118,wrong_topic,31,-180.01024388708174,13,-102.35704959370196
wwpptVjgAws--20,wrong_topic,40,-245.86143279075623,13,-170.15148126333952
48couwymlMM--18,wrong_topic,19,-79.85954499430954,8,-63.6638762075454
809a3a5e02d1-108,wrong_topic,11,-29.44558220729232,4,-16.601906295865774
4DhGy83DK_s--30,wrong_topic,13,-91.1982419192791,5,-64.95736572146416
rZG7T9ujMEo--0,wrong_topic,28,-163.16519254993182,13,-121.07449967216235
7byz3fdI-Ss--0,wrong_topic,15,-52.15215222351253,6,-35.13140779547393
eabe1f38221a-18,wrong_topic,31,-201.22082097828388,9,-104.86579129844904
0kldzhToGLc--6,wrong_topic,22,-134.47960578557104,8,-93.5629418110475
pMbMjjSj1fM--17,wrong_topic,18,-83.57643246650696,10,-62.74682126939297
MYGqMojGwBE--267,wrong_topic,17,-128.56007954105735,3,-46.68726525828242
C-cgPb_N2dY--9,wrong_topic,12,-45.25780106987804,3,-27.604881300590932
ef52bca1a454-22,wrong_topic,12,-67.76932390034199,4,-42.990488946437836
fulQKWknVhw--7,wrong_topic,19,-55.067367118783295,7,-45.6199732767418
ijrjSBx7WTc--84,wrong_topic,8,-24.409907341003418,1,-5.164717197418213
oAhfJ8yB1j0--10,wrong_topic,10,-58.780058562755585,2,-32.46780699491501
Zc2bgIDZ-Ks--72,wrong_topic,12,-84.96535205841064,3,-32.06340456008911
mjvqIq_fvRY--11,wrong_topic,19,-107.37572441156954,7,-85.56162447389215
IoifXQnhN4E--4,wrong_topic,24,-146.96047516539693,8,-99.72510553151369
HBQwzyxvkZA--276,wrong_topic,20,-116.23399034887552,6,-80.3094871044159
o44YnPMhwPU--12,wrong_topic,15,-105.8787688985467,5,-68.15582732856274
myIXH3PjvoI--76,wrong_topic,13,-46.492142364382744,4,-19.260029077529907
faZQNy4aErk--15,wrong_topic,23,-127.75546681880951,7,-50.82033729553223
Rc99bcSdhak--0,wrong_topic,21,-141.79085945663974,7,-77.52034033462405
0kldzhToGLc--2,wrong_topic,14,-83.65289751626551,6,-54.572358042001724
5n_IGU5rYYk--30,wrong_topic,22,-126.18917202949524,7,-87.92329978942871
myIXH3PjvoI--89,wrong_topic,19,-102.40669855847955,7,-64.73226187378168
S9ymb66ZqqY--9,wrong_topic,25,-169.38976374268532,12,-121.15396276116371
dPuKX_lM4Zc--54,wrong_topic,19,-91.38251819042489,6,-68.01174127636477
oPITLi0VKh8--10,wrong_topic,16,-55.17251974157989,6,-47.38619696907699
17OIKvJmrK8--4,wrong_topic,13,-94.18756305798888,6,-71.63040274381638
yb7efY9x78U--12,wrong_topic,23,-136.5363215059042,5,-45.7538126707077
zu_bd3r2GIA--9,wrong_topic,12,-70.95036124438047,6,-58.36645582318306
eabe1f38221a-5,wrong_topic,29,-165.27944450825453,8,-75.97842448949814
QiGhWfjM2FI--31,wrong_topic,24,-154.02297471044585,10,-118.79006934491917
fvHtYcL913U--3,wrong_topic,11,-50.6533817530144,3,-21.472978825913742
sktRu3sp97g--4,wrong_topic,20,-116.03836698830128,5,-52.35489506646991
BTqVQCBPUzg--97,wrong_topic,10,-57.354425854980946,4,-48.62861120700836
hYNyIXYmoYs--17,wrong_topic,24,-129.68457951024175,12,-111.2590479850769
3Pk2c_Z4ahk--1,wrong_topic,9,-40.7524678260088,3,-24.863907665014267
9xc24mAlprE--1,wrong_topic,16,-78.46331729739904,4,-61.57251634448767
ZMsnY_khlNQ--7,wrong_topic,21,-109.43598035350442,8,-66.76824713125825
fulQKWknVhw--42,wrong_topic,22,-94.5045655965805,7,-53.799510315060616
W4YzurwHpfw--6,wrong_topic,14,-66.71693239361048,6,-66.00094788521528
glNqZ8w4iy8--9,wrong_topic,25,-127.32904770225286,10,-77.75422909855843
o44YnPMhwPU--25,wrong_topic,18,-83.28265531756915,5,-38.70711446949281
UBnqDwRds3A--2,wrong_topic,13,-52.89125294610858,6,-46.83190035820007
wmTrG799MAo--19,wrong_topic,13,-96.94174868613482,6,-75.20916938781738
lPzmjeJmsXo--13,wrong_topic,20,-115.11000030208379,9,-114.71063287276775
ZCBew8Fv0qA--12,wrong_topic,12,-67.91027696244419,5,-46.02943575382233
39at7Lxu6Yo--19,wrong_topic,34,-155.45417770347558,13,-111.03394796117209
EIwWHTO5rZw--8,wrong_topic,26,-196.68825002759695,9,-167.72122037410736
MYGqMojGwBE--116,wrong_topic,20,-107.12228710949421,7,-75.4732075035572
BTqVQCBPUzg--47,wrong_topic,10,-56.74561882019043,4,-38.31759023666382
myIXH3PjvoI--93,wrong_topic,8,-65.54525008797646,4,-49.607399970293045
bU_v22EtHIU--1,wrong_topic,23,-109.13119981437922,6,-79.53656455129385
uR-nzhB6D8g--2,wrong_topic,15,-80.89309497922659,6,-66.60415330529213
OEM3CR-HYmk--15,wrong_topic,24,-156.06540310382843,7,-81.87231469154358
uR-nzhB6D8g--3,wrong_topic,18,-90.7212431654334,9,-65.3294870108366
NaXDBBT5pkw--6,wrong_topic,9,-40.749708499759436,4,-10.210216846317053
wefigjf46u4--2,wrong_topic,14,-85.98148871213198,7,-60.10168468952179
MYGqMojGwBE--30,wrong_topic,19,-88.73782620206475,4,-35.74509749189019
fYxijWb0b_s--9,wrong_topic,17,-73.12270260974765,9,-54.766737055033445
Rc99bcSdhak--16,wrong_topic,15,-79.66575639694929,3,-30.215718649327755
_IyhoG9jXuM--15,wrong_topic,25,-184.11592898517847,7,-67.58701485395432
uYaUCNl1j10--12,wrong_topic,22,-109.34681494534016,8,-88.17173850536346
o9DARfrZg2o--16,wrong_topic,14,-85.38363762199879,5,-47.67089952528477
MYGqMojGwBE--42,wrong_topic,19,-117.26153263635933,7,-87.71165350265801
ixXF2UGOyoU--5,wrong_topic,9,-50.50474628806114,3,-28.598212480545044
BESRE5mtipE--0,wrong_topic,21,-86.10514276102185,8,-74.40100781992078
8DmlFztO2XM--2,wrong_topic,25,-127.45392743032426,6,-107.47331426572055
jLwvQ4URDFY--1,wrong_topic,43,-236.82438685372472,14,-177.63441611081362
5QMD024bDYs--15,wrong_topic,19,-102.52980208396912,7,-51.095733880996704
jLwvQ4URDFY--31,wrong_topic,33,-156.1498106867075,12,-128.85425505787134
aDwdB7xHAOE--1,wrong_topic,28,-211.8358952612616,10,-119.78181542316452
wSEeoT9BqE0--13,wrong_topic,11,-44.06707414984703,4,-35.19939351081848
d5Lx_5-UiHY--41,wrong_topic,11,-50.215102748945355,5,-42.224498527124524
BTqVQCBPUzg--18,wrong_topic,9,-66.47170758247375,4,-55.47394323348999
faZQNy4aErk--62,wrong_topic,12,-53.67403345182538,4,-35.22185879573226
LvN9Dxq2iLY--88,wrong_topic,10,-57.794495575129986,1,-13.170015804469585
HBQwzyxvkZA--256,wrong_topic,19,-92.39089282788336,6,-63.27218946814537
xFEQrtosric--18,wrong_topic,19,-77.91133128385991,5,-59.860434715636075
KmW8f1GVTYY--40,wrong_topic,27,-175.7785988864489,10,-108.87294492544606
nXA9Qpj2z7E--6,wrong_topic,12,-47.050764843821526,3,-24.400568038225174
kytITkHoyls--7,wrong_topic,39,-229.36873651482165,12,-200.50503721274436
ef52bca1a454-6,wrong_topic,15,-94.97352505475283,5,-85.97335368394852
iwYL-ivQm6o--19,wrong_topic,14,-74.94359596073627,5,-27.084065407514572
9b0136913690-41,wrong_topic,17,-101.4061104208231,7,-80.87225296720862
K4eNr2k2Lls--1,wrong_topic,29,-145.97789999190718,8,-112.46843972895294
pMbMjjSj1fM--28,wrong_topic,11,-50.68111979961395,3,-37.77210384607315
MYGqMojGwBE--161,wrong_topic,18,-94.50041381642222,6,-44.11971855536103
mXq8axygjdE--32,wrong_topic,24,-86.28817595914006,6,-64.38621849194169
4vfboqjtAXo_d,wrong_topic,18,-112.3413468375802,5,-51.074519485235214
HBQwzyxvkZA--261,wrong_topic,20,-83.69968903809786,5,-40.147071085870266
CAzt5cxtSjQ--23,wrong_topic,10,-51.374173894524574,6,-46.5890970826149
d5Lx_5-UiHY--51,wrong_topic,15,-88.4035894535482,5,-36.42422862350941
klepEQSaeIk--9,wrong_topic,18,-81.98226730525494,5,-58.66749067977071
48couwymlMM--10,wrong_topic,16,-84.41442105453461,4,-75.98175931256264
K4eNr2k2Lls--0,wrong_topic,11,-59.16076693683863,5,-54.06571874022484
zu_bd3r2GIA--16,wrong_topic,23,-124.7891584187746,8,-87.52268934994936
ef52bca1a454-76,wrong_topic,11,-59.56229345500469,4,-30.89732801914215
ixXF2UGOyoU--2,wrong_topic,14,-82.76944992691278,5,-44.28250044584274
o44YnPMhwPU--37,wrong_topic,17,-95.82678816467524,7,-57.33860045671463
CRJSZ2e7BU0--12,wrong_topic,22,-123.83144994452596,7,-92.7813105173409
91GVHgxW8RA--2,wrong_topic,8,-23.73131102696061,3,-15.580289553385228
gXa0qcoWrsQ--7,wrong_topic,22,-125.18863128125668,9,-112.57904259860516
m3Mmtpr-jjA--42,wrong_topic,20,-123.4508116748184,6,-57.4227031301707
lcBujGRLwE0--29,wrong_topic,35,-171.356222640723,13,-134.50029383972287
MYGqMojGwBE--205,wrong_topic,23,-106.30523997731507,7,-38.75215229392052
d5Lx_5-UiHY--22,wrong_topic,24,-96.55704770190641,7,-44.18077978445217
9b0136913690-89,wrong_topic,12,-50.86744265258312,2,-32.99467618763447
8E-llRXuhl0--5,wrong_topic,24,-128.65767549537122,6,-67.21511883288622
iGdg-iGlUFg--11,wrong_topic,18,-89.35859514400363,7,-66.74239207431674
jMdxYlvrkbk--9,wrong_topic,20,-114.12395872175694,8,-53.31960195302963
vbq8QbOwOt4--15,wrong_topic,11,-45.73327586054802,3,-27.848896980285645
m3Mmtpr-jjA--8,wrong_topic,10,-65.41554955393076,3,-41.5713495016098
o44YnPMhwPU--11,wrong_topic,10,-48.031579392030835,5,-26.912791984155774
o9DARfrZg2o--12,wrong_topic,12,-58.367081597447395,3,-40.761482670903206
rYcw__0tDhw--9,wrong_topic,20,-109.50030755996704,5,-66.39153760671616
eabe1f38221a-51,wrong_topic,10,-35.81839931756258,3,-29.947706043720245
HBQwzyxvkZA--116,wrong_topic,8,-64.85604119300842,3,-31.53603768348694
LvN9Dxq2iLY--139,wrong_topic,7,-36.71326521039009,2,-25.0110924243927
8w6k4jEJJlU--19,wrong_topic,24,-109.67945201694965,9,-59.6577532440424
Kq5HfchSWv8--7,wrong_topic,14,-65.40914594568312,4,-41.43864552117884
NDYHcIF50eE--2,wrong_topic,16,-64.39340063557029,4,-42.18277895078063
809a3a5e02d1-65,wrong_topic,8,-32.67663509771228,2,-11.56941032409668
AVb1VABiJJ8--18,wrong_topic,12,-99.57494216412306,7,-86.23696956038475
HBQwzyxvkZA--265,wrong_topic,16,-111.57485689967871,5,-58.15571320056915
ijrjSBx7WTc--59,wrong_topic,9,-36.5542820203118,3,-26.482748936396092
IjeHLt1vNoM--13,wrong_topic,20,-88.655892200768,7,-48.59652750939131
BTqVQCBPUzg--122,wrong_topic,17,-131.34099105745554,5,-65.86315250396729
NaXDBBT5pkw--25,wrong_topic,27,-150.74145347438753,9,-86.11394961737096
4DhGy83DK_s--8,wrong_topic,9,-84.21004843711853,3,-42.82167315483093
zu_bd3r2GIA--29,wrong_topic,18,-116.4099642932415,5,-77.92609879374504
xFEQrtosric--19,wrong_topic,19,-90.58472438249737,6,-69.42178057227284
rYcw__0tDhw--11,wrong_topic,8,-55.551172867417336,3,-40.67289400100708
DP1ly_MsHHQ--25,wrong_topic,21,-128.864031907171,7,-60.372070495039225
myIXH3PjvoI--106,wrong_topic,12,-67.44694540277123,4,-42.75645089522004
KI0avgGkWiU--25,wrong_topic,11,-60.37503666430712,4,-48.809268429875374
-hZpPIT6N4U_d,wrong_topic,17,-42.943714164197445,5,-29.808004029095173
myIXH3PjvoI--102,wrong_topic,14,-86.21572895348072,4,-56.44591232389212
MYGqMojGwBE--46,wrong_topic,16,-116.99397471547127,5,-52.946020394563675
3vCea9zWFek--10,wrong_topic,13,-63.39432008937001,2,-19.91162919998169
MYGqMojGwBE--172,wrong_topic,13,-105.8166146054864,3,-43.04281949996948
d5Lx_5-UiHY--100,wrong_topic,14,-81.87567859143019,3,-18.601095013320446
iwYL-ivQm6o--5,wrong_topic,15,-66.82411788776517,4,-41.86552329733968
Xmm9ZyMy12g--19,wrong_topic,24,-141.62777805514634,7,-115.50191771425307
hgaKby5Mha4--15,wrong_topic,20,-116.6818182989955,7,-78.1267802119255
MnCcM6PZrug--9,wrong_topic,15,-116.31791458884254,5,-56.543727500829846
bqE5C2tmc9c--9,wrong_topic,22,-109.80392946302891,9,-75.06470148265362
OEM3CR-HYmk--0,wrong_topic,21,-145.6102819442749,6,-124.94750332832336
faZQNy4aErk--82,wrong_topic,20,-112.297059064731,9,-102.30037027411163
C-cgPb_N2dY--0,wrong_topic,24,-159.53439926262945,8,-92.00756584759802
AVb1VABiJJ8--10,wrong_topic,23,-111.44704390410334,10,-81.47029966954142
Lt5GAA6MIuM--1,wrong_topic,19,-119.05994959175587,8,-98.4507600069046
gp0w_zrLgfw--10,wrong_topic,12,-91.62513493001461,6,-63.223655223846436
eBj_HUu0CNw--29,wrong_topic,12,-54.15470055118203,4,-29.726266860961914
QiJgNpX3zN0--11,wrong_topic,21,-133.23590437322855,8,-103.94076300784945
faZQNy4aErk--32,wrong_topic,20,-108.66091180965304,5,-55.36402427777648
aDwdB7xHAOE--10,wrong_topic,17,-109.98825213313103,9,-83.09246532619
YsuSHJ3klEs--7,wrong_topic,24,-105.65834939922206,8,-89.48337726364844
MYGqMojGwBE--217,wrong_topic,13,-71.37712544202805,6,-45.87860298156738
8DmlFztO2XM--0,wrong_topic,21,-97.23218026012182,5,-79.56337513402104
gp0w_zrLgfw--20,wrong_topic,28,-206.12848794087768,10,-141.25808423385024
MYGqMojGwBE--258,wrong_topic,15,-77.8201939240098,5,-36.51397744566202
40BjLI5XtJE--10,wrong_topic,22,-140.7131361681968,7,-68.66400329209864
fulQKWknVhw--12,wrong_topic,31,-155.14201343152672,7,-60.31410495657474
myIXH3PjvoI--122,wrong_topic,12,-57.529425360262394,4,-38.9557029530406
jMdxYlvrkbk--7,wrong_topic,22,-112.22002284228802,6,-74.73921516165137
-X_zmve1y00--14,wrong_topic,19,-144.31024987995625,8,-84.50205755233765
sktRu3sp97g--15,wrong_topic,16,-69.82670976221561,7,-51.41044872999191
7byz3fdI-Ss--16,wrong_topic,9,-8.286231804639101,4,-8.141407202929258
809a3a5e02d1-119,wrong_topic,11,-72.21137975901365,4,-33.84801387786865
Rc99bcSdhak--14,wrong_topic,8,-44.29713287949562,3,-14.803318977355957
v0g35qCOCwU--0,wrong_topic,25,-135.46047433000058,10,-100.66742835659534
N6jpL7uibFI_e2,wrong_topic,24,-109.15609499509446,6,-73.37275726045482
MYGqMojGwBE--282,wrong_topic,16,-84.5654573738575,6,-42.405962347984314
mjvqIq_fvRY--10,wrong_topic,25,-155.70705768465996,9,-119.86056758463383
lZarpnV0alw--12,wrong_topic,14,-91.40808618068695,2,-63.76104390621185
mXq8axygjdE--28,wrong_topic,32,-181.09588457643986,12,-124.26936864852905
IjeHLt1vNoM--3,wrong_topic,20,-105.97521946253255,8,-77.31342447921634
6_yO8Lc8Hd4--16,wrong_topic,21,-111.74048957042396,3,-35.46137133054435
HBQwzyxvkZA--237,wrong_topic,16,-84.79935912042856,7,-65.3772277534008
CRJSZ2e7BU0--8,wrong_topic,30,-131.55248764902353,10,-109.38076850026846
K4eNr2k2Lls--19,wrong_topic,14,-77.90995535440743,6,-51.959583051502705
U5Tq9r7saZU--19,wrong_topic,16,-84.09422433003783,5,-55.39830647408962
uYaUCNl1j10--3,wrong_topic,34,-145.46202623844147,11,-114.3916985951364
3gKelnCwuj8--0,wrong_topic,17,-49.9750099722296,6,-42.47757927514613
ZVE_KjrY_po--22,wrong_topic,21,-114.83791267126799,8,-98.82579230517149
i4j5Bj2NL1c--11,wrong_topic,28,-194.33693394437432,10,-134.90081558004022
9b0136913690-57,wrong_topic,20,-100.58566795289516,4,-73.37240347266197
wwpptVjgAws--10,wrong_topic,32,-182.1369651593268,11,-111.92379593476653
gp0w_zrLgfw--13,wrong_topic,28,-109.34719712939113,10,-70.99760136660188
HBQwzyxvkZA--129,wrong_topic,15,-59.38784805126488,6,-41.566169790923595
fqJW-F3WIYc--0,wrong_topic,21,-104.09917224492528,8,-89.33002675618627
xnY08sy7Sqk--6,wrong_topic,13,-69.99951268732548,4,-58.94895958900452
maCRL8WG0GQ--3,wrong_topic,10,-68.48313426971436,5,-32.95665884017944
xnY08sy7Sqk--3,wrong_topic,25,-164.81322803953663,9,-120.7355987415649
AVb1VABiJJ8--13,wrong_topic,16,-97.02307840064168,7,-85.23978908732533
HBQwzyxvkZA--331,wrong_topic,16,-68.92280582338572,4,-56.07391535490751
HBQwzyxvkZA--79,wrong_topic,24,-118.08542773872614,8,-65.0948661416769
0bk98uIiTS8--18,wrong_topic,15,-65.80193999409676,5,-47.80676972866058
OJxSniCPUpI--2,wrong_topic,15,-90.40716525912285,6,-82.85813567042351
m-w_78fDg9M--11,wrong_topic,28,-176.77738407056313,9,-105.54288366239052
mDUCHJerTtE--9,wrong_topic,14,-93.71615770459175,4,-46.28829634189606
BTqVQCBPUzg--94,wrong_topic,8,-64.32742857933044,2,-29.80626630783081
CAzt5cxtSjQ--13,wrong_topic,23,-129.375443267636,11,-87.50215760152787
8DmlFztO2XM--1,wrong_topic,27,-148.02422680985183,10,-113.46443626563996
ZVE_KjrY_po--4,wrong_topic,16,-62.132858112454414,4,-45.411877647042274
9b0136913690-78,wrong_topic,20,-135.48801619466394,7,-70.90655472129583
5n_IGU5rYYk--24,wrong_topic,29,-184.10953622311354,11,-76.14910459518433
HBQwzyxvkZA--131,wrong_topic,18,-88.52293285913765,4,-76.2702630776912
lZarpnV0alw--2,wrong_topic,21,-102.3961832486093,7,-80.58284534141421
6_yO8Lc8Hd4--5,wrong_topic,25,-116.07603195589036,8,-61.26989981532097
u7wx4rUBg_k--5,wrong_topic,22,-153.0976260714233,7,-98.92061198875308
w_xCnJVyPYA_e1,wrong_topic,17,-95.50202560611069,5,-74.52009463496506
BTqVQCBPUzg--105,wrong_topic,15,-75.46948905289173,5,-51.087519496679306
d5Lx_5-UiHY--111,wrong_topic,11,-79.93469059467316,2,-19.031786799430847
HBQwzyxvkZA--330,wrong_topic,33,-187.54199171066284,10,-105.8144409507513
lcBujGRLwE0--38,wrong_topic,31,-134.599502741592,9,-113.89797991444357
oPITLi0VKh8--1,wrong_topic,19,-99.6488184503396,7,-67.12199148751097
s_8IbRRsr0Q--0,wrong_topic,35,-179.1575908511877,9,-104.97668466717005
lZarpnV0alw--11,wrong_topic,18,-102.39517978951335,5,-44.03495603427291
NDYHcIF50eE--19,wrong_topic,9,-41.59274089336395,2,-20.22674000263214
fqJW-F3WIYc--5,wrong_topic,25,-124.19772084522992,8,-108.99054401088506
yb7efY9x78U--0,wrong_topic,33,-166.18712270259857,9,-74.27318949252367
fYxijWb0b_s--28,wrong_topic,16,-92.59927546977997,6,-82.73421561717987
HBQwzyxvkZA--140,wrong_topic,19,-115.87910287082195,6,-99.35889880359173
ojYFIliNLGI--2,wrong_topic,22,-118.20033382205293,11,-97.44621502934024
q4RnudGCU18--15,wrong_topic,20,-112.35643194615841,5,-78.8048750385642
xnY08sy7Sqk--12,wrong_topic,15,-78.45445298403502,5,-65.26577451080084
Zc2bgIDZ-Ks--57,wrong_topic,9,-35.419956155121326,4,-20.762804120779037
QiGhWfjM2FI--18,wrong_topic,23,-113.74649114906788,7,-59.96932057291269
nvfK4jQ7MH0--7,wrong_topic,16,-107.28410832956433,7,-67.95624160766602
OJxSniCPUpI--19,wrong_topic,17,-76.94087624549866,9,-57.504475593566895
mDUCHJerTtE--0,wrong_topic,14,-82.44236662983894,5,-46.969821363687515
dPuKX_lM4Zc--114,wrong_topic,8,-25.38189333677292,3,-21.089038372039795
pMbMjjSj1fM--24,wrong_topic,24,-198.3543542996049,5,-160.56801700219512
AZ2s4Adm9RU--25,wrong_topic,15,-72.77055334299803,5,-34.785345166921616
KmW8f1GVTYY--45,wrong_topic,20,-123.03563327342272,8,-110.71058578044176
faZQNy4aErk--59,wrong_topic,21,-116.4229788556695,6,-86.71706364303827
HBQwzyxvkZA--69,wrong_topic,20,-139.33239775896072,8,-79.88385635614395
9b0136913690-9,wrong_topic,11,-50.66112294793129,5,-35.143935441970825
ef52bca1a454-70,wrong_topic,8,-48.81096601486206,3,-31.161704063415527
wUH1dDbu9B4--3,wrong_topic,26,-193.16786436736584,6,-173.66890554130077
nvfK4jQ7MH0--1,wrong_topic,20,-84.31498423591256,4,-21.02256828173995
HBQwzyxvkZA--229,wrong_topic,17,-74.80837272154167,7,-55.18850004673004
HBQwzyxvkZA--76,wrong_topic,16,-92.45549742132425,5,-47.95504315197468
1xJ_dkBcAIU--6,wrong_topic,16,-120.22778429463506,7,-106.46507467702031
vyBaeFU8J_k--0,wrong_topic,13,-75.01473146677017,4,-57.138461619615555
lSLqIyupXrk--15,wrong_topic,15,-56.579453121870756,6,-43.568381398916245
HBQwzyxvkZA--280,wrong_topic,17,-93.42494797240943,6,-60.80408099293709
0bk98uIiTS8--29,wrong_topic,22,-123.81447655335069,6,-69.48689946904778
faZQNy4aErk--43,wrong_topic,41,-226.46911957813427,13,-167.9226387445815
XcXCB---N9M--37,wrong_topic,23,-116.70153074897826,7,-70.75512174703181
LvN9Dxq2iLY--137,wrong_topic,11,-54.531785912811756,4,-40.006303288042545
_r1S90f_nsM--6,wrong_topic,17,-87.9590393374674,6,-44.45868612034246
8E-llRXuhl0--17,wrong_topic,20,-154.82380833476782,7,-97.13633497804403
ijrjSBx7WTc--68,wrong_topic,8,-47.90839171409607,3,-24.335741996765137
4DhGy83DK_s--26,wrong_topic,15,-43.007188661023974,4,-15.352211890742183
oPITLi0VKh8--17,wrong_topic,21,-104.65520797297359,6,-67.3903437666595
bOZ_Lap5FNA--17,wrong_topic,22,-98.41820215573534,8,-66.29130573710427
4DhGy83DK_s--3,wrong_topic,15,-91.54860825836658,4,-64.38115130364895
ZCBew8Fv0qA--22,wrong_topic,42,-273.209862023592,12,-198.05312737822533
klepEQSaeIk--12,wrong_topic,16,-50.21557514742017,4,-24.213696416467428
lZarpnV0alw--9,wrong_topic,10,-63.08127325028181,5,-48.65368478745222
o9DARfrZg2o--6,wrong_topic,15,-75.7738965973258,3,-61.744456857442856
o9DARfrZg2o--3,wrong_topic,18,-104.88694037124515,5,-74.56287467107177
AVb1VABiJJ8--8,wrong_topic,8,-53.82878955453634,3,-32.370099388062954
ijrjSBx7WTc--42,wrong_topic,8,-52.1457998752594,2,-20.010956048965454
kES_ZNjFKz8--10,wrong_topic,17,-106.21139808744192,7,-79.7979587316513
ckGC5hUffDU--13,wrong_topic,9,-51.25572547316551,3,-27.41009411215782
fqJW-F3WIYc--16,wrong_topic,43,-231.34265077346936,13,-185.7598082893528
8E-llRXuhl0--21,wrong_topic,20,-127.3207825049758,9,-95.22436812520027
MYGqMojGwBE--277,wrong_topic,15,-137.58448226749897,6,-63.21044833958149
myIXH3PjvoI--48,wrong_topic,17,-114.78805636614561,3,-41.11152036488056
KHL0wkbu0-s--4,wrong_topic,16,-99.84659258276224,6,-49.13107157498598
jC6VuHNpTLM--8,wrong_topic,28,-133.1215425711125,10,-105.28249108605087
myIXH3PjvoI--52,wrong_topic,12,-43.05363094061613,3,-32.20281505584717
C-cgPb_N2dY--7,wrong_topic,18,-99.37059523165226,7,-64.45999932289124
myIXH3PjvoI--92,wrong_topic,13,-52.094192997552454,5,-34.54509353637695
6_yO8Lc8Hd4--11,wrong_topic,26,-140.62353062909096,8,-95.04000976216048
o44YnPMhwPU--26,wrong_topic,23,-136.61548902094364,9,-96.04576056450605
XcXCB---N9M--40,wrong_topic,28,-179.99426594376564,9,-102.65139731764793
HBQwzyxvkZA--326,wrong_topic,28,-179.1113130673766,9,-96.16555923968554
dkavvNigK7s--3,wrong_topic,16,-77.07461320050061,6,-46.494625033810735
LvN9Dxq2iLY--9,wrong_topic,14,-108.27070919051766,4,-60.26685133948922
QiJgNpX3zN0--2,wrong_topic,13,-80.22705351561308,3,-38.344333581626415
KI0avgGkWiU--14,wrong_topic,21,-115.03162456862628,9,-72.864904506132
48couwymlMM--0,wrong_topic,21,-103.3708785593044,6,-85.10170811112039
XcXCB---N9M--25,wrong_topic,18,-123.72245392203331,7,-88.09914875030518
myIXH3PjvoI--39,wrong_topic,16,-76.12295740441186,5,-45.02025556907756
nvfK4jQ7MH0--26,wrong_topic,12,-60.63161325827241,3,-41.86274478211999
MYGqMojGwBE--103,wrong_topic,15,-97.83518862724304,5,-42.38569378852844
LvN9Dxq2iLY--24,wrong_topic,11,-83.27128171175718,3,-37.35199046134949
Sqa3ig2NN9Q--13,wrong_topic,17,-87.52186500281096,6,-44.5935532823205
809a3a5e02d1-86,wrong_topic,8,-41.607454776763916,2,-17.41560459136963
MYGqMojGwBE--62,wrong_topic,15,-90.66911629680544,4,-56.553981580771506
pMbMjjSj1fM--16,wrong_topic,23,-125.75798712996766,11,-106.173909581732
mXq8axygjdE--66,wrong_topic,18,-85.7657271772623,4,-63.65570715069771
vbq8QbOwOt4--17,wrong_topic,20,-134.66738432645798,5,-86.39148014783859
dPuKX_lM4Zc--110,wrong_topic,27,-146.58022762089968,11,-100.0192193761468
eabe1f38221a-52,wrong_topic,15,-116.61190891265869,6,-76.86017322540283
LvN9Dxq2iLY--210,wrong_topic,18,-104.0819433350116,5,-74.59736135788262
0bk98uIiTS8--42,wrong_topic,22,-124.08141376636922,10,-95.6301993727684
faZQNy4aErk--40,wrong_topic,17,-69.74078910797834,7,-47.90912799537182
Kq5HfchSWv8--2,wrong_topic,9,-57.88258743286133,4,-48.75165367126465
ZMsnY_khlNQ--5,wrong_topic,21,-159.49554308503866,7,-130.3612922206521
80Cx4CH-AVI--4,wrong_topic,22,-141.39203990623355,8,-119.54169959947467
HBQwzyxvkZA--283,wrong_topic,23,-133.1678093969822,10,-94.14042654633522
Nv3WLYio7Lc--1,wrong_topic,20,-145.59761559218168,5,-131.30505930632353
KHL0wkbu0-s--24,wrong_topic,18,-54.85225687548518,9,-45.592859238386154
BO1ehFUMWEs--21,wrong_topic,27,-191.24511882662773,9,-149.0035970211029
QXsIVtanWdw--8,wrong_topic,16,-78.22035074234009,5,-55.137116990983486
jN2lbHzIneI--10,wrong_topic,16,-76.39930233266205,5,-39.86881703790277
_IyhoG9jXuM--10,wrong_topic,11,-51.556715697050095,4,-42.37887182831764
Kq5HfchSWv8--23,wrong_topic,17,-97.70941427350044,7,-60.08853778243065
LvN9Dxq2iLY--61,wrong_topic,18,-122.48816749686375,7,-100.64068052405491
T-5au9lZhYI--9,wrong_topic,11,-51.03338347375393,4,-36.28529067337513
mXq8axygjdE--81,wrong_topic,19,-72.11657506227493,6,-47.03119480609894
HBQwzyxvkZA--213,wrong_topic,23,-109.80133811105043,8,-67.84803526569158
fYxijWb0b_s--23,wrong_topic,9,-31.918099835515022,3,-12.221500396728516
a8zp7ivHwBU--8,wrong_topic,15,-99.67079619318247,7,-57.459887117147446
xnY08sy7Sqk--19,wrong_topic,14,-66.73391967266798,5,-44.1799373626709
9bqfEh7BD3c--14,wrong_topic,7,-49.34728819131851,3,-19.04744654893875
Zc2bgIDZ-Ks--48,wrong_topic,8,-47.39685720205307,3,-31.39437010884285
ZCBew8Fv0qA--4,wrong_topic,15,-95.29996716976166,5,-43.88123273849487
VwsRPJN7txM--8,wrong_topic,18,-119.88323982059956,9,-79.05740571022034
W4YzurwHpfw--17,wrong_topic,17,-73.7240032274276,8,-65.80804817564785
HBQwzyxvkZA--120,wrong_topic,11,-62.54156818985939,5,-45.3259257376194
T-5au9lZhYI--6,wrong_topic,14,-81.40606672409922,6,-60.79341620206833
5QMD024bDYs--23,wrong_topic,16,-84.60969961434603,7,-55.65315608680248
AVb1VABiJJ8--22,wrong_topic,20,-150.78118255734444,10,-109.70010223984718
QiJgNpX3zN0--9,wrong_topic,18,-96.32506690267473,7,-70.85728792846203
nXA9Qpj2z7E--16,wrong_topic,20,-142.1855688728392,6,-125.3740963973105
kytITkHoyls--2,wrong_topic,10,-77.84815680980682,3,-38.36533486843109
KmW8f1GVTYY--42,wrong_topic,23,-152.82903134822845,8,-106.14476680755615
m3Mmtpr-jjA--9,wrong_topic,19,-89.15296639688313,6,-59.59192651510239
o44YnPMhwPU--42,wrong_topic,11,-60.84115794673562,3,-22.615489661693573
BTqVQCBPUzg--96,wrong_topic,11,-86.7557714395225,4,-58.09679865837097
uYaUCNl1j10--0,wrong_topic,26,-119.12837949022651,10,-86.69829896092415
oAhfJ8yB1j0--1,wrong_topic,15,-76.69526962190866,4,-67.4720600694418
yb7efY9x78U--4,wrong_topic,15,-59.95319293066859,5,-44.917348582297564
K4eNr2k2Lls--29,wrong_topic,23,-91.1969961989671,6,-67.60318907722831
faZQNy4aErk--7,wrong_topic,16,-93.34177223592997,4,-35.753987945616245
XcXCB---N9M--14,wrong_topic,23,-122.22911465726793,7,-75.87585867755115
NaXDBBT5pkw--0,wrong_topic,20,-134.9756832602434,5,-97.63791518239304
rZG7T9ujMEo--3,wrong_topic,9,-49.05120921134949,2,-7.147752523422241
0bk98uIiTS8--24,wrong_topic,27,-148.22348492592573,8,-77.73457486182451
jN2lbHzIneI--8,wrong_topic,29,-166.1560797393322,11,-130.0119832456112
wSEeoT9BqE0--16,wrong_topic,27,-189.45325886830688,13,-148.00914826989174
wwpptVjgAws--2,wrong_topic,13,-46.753249533474445,4,-14.05575131624937
xnY08sy7Sqk--15,wrong_topic,9,-67.55146192014217,3,-30.495866298675537
eyqLkKS5Qkw--22,wrong_topic,16,-62.85673766117543,7,-61.621485613286495
Sqa3ig2NN9Q--1,wrong_topic,18,-95.26641714572906,5,-67.4924544095993
eabe1f38221a-65,wrong_topic,14,-76.83368999417871,4,-22.36317454185337
ozS8Mx8AdH8--2,wrong_topic,24,-122.12033748440444,10,-97.39879971556365
rZG7T9ujMEo--5,wrong_topic,24,-130.59373572468758,8,-89.14403282850981
cw1YIV30nQM--2,wrong_topic,10,-84.17465595901012,4,-54.01584219932556
MnCcM6PZrug--6,wrong_topic,39,-224.32766081485897,13,-167.25725043658167
MnCcM6PZrug--4,wrong_topic,23,-120.17068243771791,9,-103.06727319210768
K4eNr2k2Lls--16,wrong_topic,15,-90.24552786909044,10,-87.79040604643524
W4YzurwHpfw--14,wrong_topic,13,-63.79851900390349,4,-56.095357947051525
UBnqDwRds3A--18,wrong_topic,23,-121.57145604491234,10,-107.67670203000307
ZVE_KjrY_po--12,wrong_topic,19,-105.69843004271388,7,-54.64457568153739
IjeHLt1vNoM--6,wrong_topic,29,-181.2434562817216,11,-136.23769330233335
BESRE5mtipE--14,wrong_topic,11,-64.27412033453584,5,-43.203287065029144
9xc24mAlprE--12,wrong_topic,9,-31.672215675469488,5,-21.53261679923162
6U9AFGakrn0--1,wrong_topic,15,-76.99144473671913,5,-52.63503968715668
Lt5GAA6MIuM--14,wrong_topic,12,-62.90744516812265,5,-44.50935089401901
Zc2bgIDZ-Ks--76,wrong_topic,17,-67.7516784525942,3,-13.363963314099237
XcXCB---N9M--24,wrong_topic,17,-126.86398649215698,5,-89.43801212310791
9xc24mAlprE--9,wrong_topic,19,-68.15200186520815,6,-51.6116828173399
BESRE5mtipE--17,wrong_topic,20,-135.68860840797424,10,-98.34884667396545
MYGqMojGwBE--32,wrong_topic,14,-81.14896023273468,4,-67.15386641025543
Zc2bgIDZ-Ks--58,wrong_topic,37,-163.56602512300014,11,-90.62546941637993
zu_bd3r2GIA--5,wrong_topic,25,-138.15719810128212,4,-59.335966765880585
mjvqIq_fvRY--1,wrong_topic,18,-101.05507276207209,6,-57.88722554594278
NaXDBBT5pkw--1,wrong_topic,7,-19.411611109972,2,-0.44082120060920715
vyBaeFU8J_k--15,wrong_topic,28,-176.1314048934728,8,-138.19252035208046
vyBaeFU8J_k--21,wrong_topic,19,-89.4896833896637,8,-72.55714688450098
3Pk2c_Z4ahk--14,wrong_topic,12,-74.14075786620378,5,-55.86548126488924
ZVE_KjrY_po--23,wrong_topic,11,-49.89612613618374,3,-23.525728940963745
Lt5GAA6MIuM--11,wrong_topic,34,-190.58539491146803,15,-149.69701669365168
lPzmjeJmsXo--40,wrong_topic,12,-73.80458439141512,7,-50.51203475147486
lPzmjeJmsXo--11,wrong_topic,17,-111.47739704046398,6,-69.78219659719616
91GVHgxW8RA--18,wrong_topic,25,-131.23928067553788,8,-106.50753475446254
rZG7T9ujMEo--19,wrong_topic,21,-137.47225144132972,8,-94.06999358534813
36YV-IPiUXM--11,wrong_topic,31,-200.64795257151127,10,-170.0299470871687
Zc2bgIDZ-Ks--23,wrong_topic,30,-171.5097172856331,11,-126.00423635542393
3gKelnCwuj8--9,wrong_topic,17,-84.04390957206488,8,-72.74842804670334
BTqVQCBPUzg--53,wrong_topic,11,-81.33588767051697,5,-54.17803430557251
MYGqMojGwBE--86,wrong_topic,16,-65.95419907942414,6,-47.688481751829386
R6_v5nqXuGg--0,wrong_topic,23,-160.90972038917243,13,-157.32651755027473
lZarpnV0alw--4,wrong_topic,20,-138.4370077252388,6,-117.7062730640173
0kldzhToGLc--0,wrong_topic,21,-163.3067484498024,6,-141.3558788895607
Sqa3ig2NN9Q--8,wrong_topic,16,-78.76101115345955,4,-47.535417169332504
Rblg5TE6TI0--29,wrong_topic,28,-186.98540865629911,10,-112.64376731216908
nvfK4jQ7MH0--8,wrong_topic,21,-129.13461017608643,10,-105.0482530593872
fYxijWb0b_s--18,wrong_topic,15,-90.34416285157204,5,-68.38090139627457
HBQwzyxvkZA--267,wrong_topic,7,-53.48009526729584,2,-14.422703623771667
gp0w_zrLgfw--7,wrong_topic,29,-183.2370681851171,11,-104.02318729599938
3Pk2c_Z4ahk--20,wrong_topic,27,-145.34548227488995,8,-122.05395326390862
Zc2bgIDZ-Ks--39,wrong_topic,22,-118.66916661709547,7,-83.69821237772703
ZCBew8Fv0qA--7,wrong_topic,16,-107.28787994384766,4,-83.63946914672852
MYGqMojGwBE--26,wrong_topic,34,-236.05118106678128,7,-178.2769684791565
MYGqMojGwBE--36,wrong_topic,10,-60.90407752990723,4,-35.89360523223877
36YV-IPiUXM--17,wrong_topic,53,-320.9546375460923,14,-266.8236691094935
pMbMjjSj1fM--4,wrong_topic,18,-102.88678331160918,6,-93.00650779390708
809a3a5e02d1-27,wrong_topic,22,-168.64869583398104,6,-75.45528849959373
9xc24mAlprE--25,wrong_topic,14,-83.1995087787509,6,-66.7275664806366
0kldzhToGLc--9,wrong_topic,22,-119.53445509448647,9,-80.2212344892323
aDwdB7xHAOE--13,wrong_topic,17,-62.170119062880985,6,-39.90777614794206
wUH1dDbu9B4--18,wrong_topic,17,-98.9052706733346,7,-56.867175072431564
BO1ehFUMWEs--29,wrong_topic,34,-193.64262501290068,8,-118.35556354513392
mXq8axygjdE--48,wrong_topic,20,-131.58264927566051,7,-120.3065569549799
VwsRPJN7txM--7,wrong_topic,11,-57.74601837620139,5,-52.50665148720145
ZMsnY_khlNQ--6,wrong_topic,15,-86.53985752165318,6,-69.01512928307056
KHL0wkbu0-s--21,wrong_topic,12,-68.02237386256456,5,-39.187969863414764
mjvqIq_fvRY--15,wrong_topic,9,-47.1027252599597,5,-39.41844916343689
o44YnPMhwPU--6,wrong_topic,9,-61.253428019583225,4,-49.16780972480774
s_8IbRRsr0Q--11,wrong_topic,38,-198.51206157868728,11,-168.3624626225792
ZMsnY_khlNQ--4,wrong_topic,19,-62.93923504278064,8,-45.26118743047118
9b0136913690-50,wrong_topic,20,-121.60519195906818,6,-66.26440553180873
5QMD024bDYs--4,wrong_topic,19,-108.87157539464533,6,-62.62772331573069
MYGqMojGwBE--19,wrong_topic,10,-91.9628399014473,5,-79.67868447303772
UBnqDwRds3A--16,wrong_topic,21,-160.19691434502602,8,-87.66583096981049
q4RnudGCU18--23,wrong_topic,24,-145.06986340135336,8,-88.77532456070185
vyBaeFU8J_k--3,wrong_topic,14,-88.89759428054094,6,-53.77282578498125
jN2lbHzIneI--15,wrong_topic,23,-116.34397492930293,8,-81.66933024302125
W4YzurwHpfw--5,wrong_topic,13,-74.943199750036,5,-52.49610823020339
3vCea9zWFek--3,wrong_topic,17,-77.94317784905434,5,-36.100746646523476
wwpptVjgAws--15,wrong_topic,47,-299.30061827786267,13,-221.54331529326737
DF4fto_X1Y4--13,wrong_topic,12,-44.83468200266361,4,-18.187825679779053
fulQKWknVhw--1,wrong_topic,21,-87.35952357994393,8,-72.0706584607251
hgaKby5Mha4--34,wrong_topic,21,-115.7275592237711,7,-93.906234562397
48couwymlMM--15,wrong_topic,23,-111.57386803627014,7,-65.7309292703867
i4j5Bj2NL1c--3,wrong_topic,24,-122.9483257830143,11,-105.04238238930702
cw1YIV30nQM--6,wrong_topic,17,-95.40980960428715,7,-57.70375221967697
fqJW-F3WIYc--8,wrong_topic,12,-63.5095826163888,5,-48.818370796740055
HBQwzyxvkZA--316,wrong_topic,15,-93.41238623671234,6,-64.38414564542472
LvN9Dxq2iLY--200,wrong_topic,12,-77.92712140083313,5,-54.227666318416595
6MxCP_583q8_e4,wrong_topic,9,-68.10159777104855,4,-50.800990447402
HBQwzyxvkZA--57,wrong_topic,21,-122.62177886068821,7,-76.96350127458572
yb7efY9x78U--15,wrong_topic,23,-133.00604814291,7,-100.8603373169899
l9bZYazJQ1w--2,wrong_topic,9,-27.79274097830057,4,-14.518517889082432
3gKelnCwuj8--16,wrong_topic,16,-94.97131917625666,7,-71.39077162742615
lSLqIyupXrk--7,wrong_topic,11,-49.36734703183174,4,-27.1696595326066
HBQwzyxvkZA--230,wrong_topic,15,-52.02856219559908,5,-28.142971336841583
q4RnudGCU18--11,wrong_topic,10,-66.58704662322998,4,-38.620790004730225
AZ2s4Adm9RU--9,wrong_topic,14,-86.72737714648247,5,-42.314979404211044
MYGqMojGwBE--95,wrong_topic,18,-104.3277094066143,9,-84.55487722158432
17OIKvJmrK8--11,wrong_topic,28,-150.7850631857291,9,-139.23571864608675
HBQwzyxvkZA--146,wrong_topic,20,-117.09192568995059,7,-79.7194468472153
HBQwzyxvkZA--77,wrong_topic,10,-62.4037584066391,3,-21.878398656845093
MYGqMojGwBE--235,wrong_topic,8,-80.03007411956787,3,-30.424875259399414
JqYder5vRP4--0,wrong_topic,11,-75.40678392723203,5,-51.84547792747617
eyqLkKS5Qkw--3,wrong_topic,16,-98.913130402565,8,-80.85940623283386
48couwymlMM--24,wrong_topic,12,-65.15883027017117,5,-47.11133299767971
iGdg-iGlUFg--12,wrong_topic,19,-113.94592817872763,4,-71.94643253087997
K5lgB4YzOO0--4,wrong_topic,27,-163.23479045927525,9,-148.39585203677416
m3Mmtpr-jjA--34,wrong_topic,16,-85.9525715187192,9,-74.42401755601168
HBQwzyxvkZA--303,wrong_topic,16,-99.8983895778656,3,-70.92072677612305
Rblg5TE6TI0--19,wrong_topic,23,-167.70237679593265,12,-124.10104252770543
tDrI-9pSul0--6,wrong_topic,21,-118.34068809635937,9,-92.20109564997256
6_yO8Lc8Hd4--19,wrong_topic,11,-66.9860320687294,3,-22.222506999969482
faZQNy4aErk--51,wrong_topic,22,-157.77230578660965,8,-50.49720670282841
d5Lx_5-UiHY--85,wrong_topic,25,-110.6117765456438,10,-75.24923318624496
lSLqIyupXrk--2,wrong_topic,12,-68.08886022865772,6,-52.19447183609009
sktRu3sp97g--3,wrong_topic,15,-94.94870625436306,3,-20.889273643493652
MnCcM6PZrug--19,wrong_topic,36,-194.33040139032528,11,-113.5961916144006
DP1ly_MsHHQ--2,wrong_topic,20,-142.60838939249516,8,-79.76974435150623
mXq8axygjdE--65,wrong_topic,15,-66.73817598074675,5,-37.73132711648941
Rblg5TE6TI0--32,wrong_topic,12,-42.00883275642991,4,-29.343404062092304
4vfboqjtAXo_e3,wrong_topic,14,-79.97397004067898,4,-55.628117598593235
HBQwzyxvkZA--313,wrong_topic,21,-132.18514618836343,5,-88.421323036775
vyBaeFU8J_k--5,wrong_topic,33,-162.12452667206526,8,-110.21356035768986
5QMD024bDYs--5,wrong_topic,15,-82.31381425634027,5,-56.23367389664054
3gKelnCwuj8--7,wrong_topic,16,-71.49659866094589,6,-53.11331105977297
ef52bca1a454-78,wrong_topic,16,-54.82331306487322,5,-39.74254910647869
4DhGy83DK_s--17,wrong_topic,28,-105.32784729206469,8,-62.59345992782619
mXq8axygjdE--64,wrong_topic,14,-82.1782570257783,5,-45.42649423331022
yAAWlkm-_KA--8,wrong_topic,24,-148.8034712523222,10,-89.8971289396286
BTqVQCBPUzg--81,wrong_topic,16,-86.94115340709686,7,-79.81751871109009
R6_v5nqXuGg--12,wrong_topic,22,-82.03452523518354,6,-51.158186935819685
iwYL-ivQm6o--7,wrong_topic,17,-118.56343489140272,6,-80.39061384648085
pMbMjjSj1fM--18,wrong_topic,14,-54.81790141016245,6,-48.040210001170635
aDwdB7xHAOE--2,wrong_topic,19,-109.86243486776948,4,-47.41208736598492
HBQwzyxvkZA--41,wrong_topic,15,-88.76894038170576,4,-44.57257080078125
LvN9Dxq2iLY--174,wrong_topic,20,-114.71848771348596,6,-102.3803362287581
faZQNy4aErk--55,wrong_topic,14,-83.1897150836885,7,-74.08485690504313
uY7i-Y8gxn8--5,wrong_topic,22,-156.97669323533773,6,-125.1261615678668
faZQNy4aErk--31,wrong_topic,18,-85.45548011362553,8,-58.98127841949463
HBQwzyxvkZA--130,wrong_topic,26,-127.61301467008889,8,-98.79706080444157
5QMD024bDYs--16,wrong_topic,22,-128.33518498390913,8,-87.88364227861166
0bk98uIiTS8--41,wrong_topic,27,-164.39703403180465,11,-106.57227260386571
Kq5HfchSWv8--27,wrong_topic,18,-83.70800654962659,4,-55.0223412103951
kES_ZNjFKz8--15,wrong_topic,18,-134.89270555973053,4,-114.84531795978546
vZt56rnH8QQ--0,wrong_topic,16,-78.72833100706339,9,-54.21238497644663
n12WICGyBJ4--35,wrong_topic,15,-104.33204771578312,6,-74.51681114733219
MYGqMojGwBE--122,wrong_topic,10,-61.57888674736023,3,-33.48808407783508
lcBujGRLwE0--8,wrong_topic,29,-181.2357474565506,9,-97.20566785335541
ckGC5hUffDU--8,wrong_topic,18,-131.43576134741306,5,-112.14917458593845
jN2lbHzIneI--11,wrong_topic,38,-207.81351201236248,12,-157.74449225142598
MYGqMojGwBE--284,wrong_topic,16,-110.09120213985443,6,-48.374828815460205
aDwdB7xHAOE--6,wrong_topic,27,-172.27301494032145,9,-118.98351711779833
g4GfKC7z-2M--22,wrong_topic,19,-113.39459867030382,4,-64.91742341220379
XcXCB---N9M--6,wrong_topic,12,-56.56682797335088,5,-44.27363286167383
zu_bd3r2GIA--8,wrong_topic,16,-74.89357737638056,5,-41.07652583159506
u7wx4rUBg_k--8,wrong_topic,19,-136.43688222765923,9,-88.17574644088745
-X_zmve1y00--11,wrong_topic,14,-61.07278211414814,4,-29.360248804092407
DP1ly_MsHHQ--27,wrong_topic,34,-142.63104158081114,9,-100.55059844441712
MYGqMojGwBE--163,wrong_topic,13,-85.98508143424988,3,-38.294618368148804
HBQwzyxvkZA--191,wrong_topic,10,-52.66158452630043,3,-37.62368541955948
8E-llRXuhl0--14,wrong_topic,25,-142.19772346667014,8,-90.11302040307783
LvN9Dxq2iLY--130,wrong_topic,11,-66.5887598991394,4,-42.372390270233154
lcBujGRLwE0--12,wrong_topic,25,-122.93486575596035,8,-107.37820122949779
809a3a5e02d1-35,wrong_topic,17,-114.06809414178133,8,-95.40762281417847
myIXH3PjvoI--5,wrong_topic,25,-142.77918024361134,9,-84.90331085026264
ZCBew8Fv0qA--14,wrong_topic,15,-81.17892947793007,4,-36.33208295702934
jC6VuHNpTLM--22,wrong_topic,19,-112.96126617211848,6,-95.53582072257996
MYGqMojGwBE--241,wrong_topic,27,-147.03379273414612,6,-81.93689092993736
m-w_78fDg9M--7,wrong_topic,22,-140.33614631462842,7,-77.4062257008627
0kldzhToGLc--16,wrong_topic,15,-70.8970574438572,7,-46.06426000595093
vbq8QbOwOt4--0,wrong_topic,25,-162.47346135228872,13,-111.82790458202362
8w6k4jEJJlU--3,wrong_topic,11,-76.03010055981576,5,-61.19521543942392
eGkBCS1t9-E--16,wrong_topic,24,-130.76385074853897,8,-114.7646262049675
Rblg5TE6TI0--33,wrong_topic,26,-157.0780496466905,11,-121.50451789237559
0Z5d6D2vBbc--3,wrong_topic,12,-73.68203012645245,4,-48.543828427791595
ijrjSBx7WTc--53,wrong_topic,21,-107.41206662356853,5,-83.73682202398777
HBQwzyxvkZA--169,wrong_topic,17,-123.04034633934498,7,-86.02930289506912
LvN9Dxq2iLY--104,wrong_topic,7,-55.021268367767334,4,-36.707711696624756
vZt56rnH8QQ--9,wrong_topic,15,-83.0653948187828,7,-63.11142420768738
UBnqDwRds3A--12,wrong_topic,9,-70.42678056657314,2,-22.599294662475586
w_xCnJVyPYA_e3,wrong_topic,13,-36.756648366106674,3,-20.802244812250137
BESRE5mtipE--10,wrong_topic,14,-66.33010616526008,5,-34.704007770866156
eBj_HUu0CNw--7,wrong_topic,17,-76.25623762235045,6,-51.068136751651764
mXq8axygjdE--8,wrong_topic,9,-85.36091542243958,3,-61.2672061920166
jC6VuHNpTLM--10,wrong_topic,19,-136.5764347910881,8,-102.92166785895824
Rc99bcSdhak--15,wrong_topic,23,-140.6798441791907,8,-91.70577001105994
ef52bca1a454-75,wrong_topic,9,-29.87693252786994,5,-28.935127332806587
vbq8QbOwOt4--13,wrong_topic,23,-70.60158807877451,7,-70.46790175978094
vbq8QbOwOt4--5,wrong_topic,25,-93.5458240583539,5,-63.14032614976168
UBnqDwRds3A--15,wrong_topic,19,-141.68381021171808,6,-84.38067293167114
2B2z46vgaAA--19,wrong_topic,14,-60.13568472862244,5,-43.747892178595066
xnY08sy7Sqk--22,wrong_topic,21,-153.0645048469305,7,-125.16879199445248
lAFiWmUUHOg--15,wrong_topic,15,-98.69771348126233,5,-56.606960045173764
MYGqMojGwBE--65,wrong_topic,13,-65.11392156034708,6,-54.82486806064844
zu_bd3r2GIA--12,wrong_topic,17,-101.40067528560758,4,-61.053045976907015
9b0136913690-90,wrong_topic,15,-89.9968236386776,4,-58.65972435474396
fqJW-F3WIYc--18,wrong_topic,21,-115.71975783258677,9,-78.50855251774192
jLwvQ4URDFY--16,wrong_topic,9,-60.131701791659,3,-34.82603963650763
BO1ehFUMWEs--37,wrong_topic,12,-54.59630945324898,3,-30.14374031126499
fYxijWb0b_s--5,wrong_topic,12,-67.79514765739441,4,-65.31515836715698
6_yO8Lc8Hd4--3,wrong_topic,36,-219.35149903595448,14,-157.53951612114906
17OIKvJmrK8--7,wrong_topic,16,-120.97355353832245,7,-70.83386564254761
iGdg-iGlUFg--7,wrong_topic,20,-97.7638405226171,8,-69.34291709586978
ZMsnY_khlNQ--11,wrong_topic,29,-137.88245534989983,8,-120.56859368178993
-X_zmve1y00--9,wrong_topic,17,-108.77702300134115,6,-65.05765096726827
fqJW-F3WIYc--11,wrong_topic,28,-118.88242847565562,7,-65.99231591168791
Lt5GAA6MIuM--27,wrong_topic,21,-97.8377374522388,7,-61.97048471868038
tDrI-9pSul0--9,wrong_topic,24,-117.41397597268224,8,-103.55875122919679
maCRL8WG0GQ--9,wrong_topic,18,-106.81287286430597,8,-70.02258110046387
HBQwzyxvkZA--179,wrong_topic,13,-70.72586938366294,4,-41.45148679241538
C6CIPVno_yQ--10,wrong_topic,22,-141.22632921487093,7,-78.16535365581512
dkavvNigK7s--13,wrong_topic,29,-182.28698098100722,12,-144.37459635175765
9bqfEh7BD3c--2,wrong_topic,27,-151.93786790966988,9,-112.71419139951468
spDHZsNp4RA_d,wrong_topic,22,-140.1790101826191,8,-125.7653777897358
KI0avgGkWiU--9,wrong_topic,23,-83.23963289801031,6,-59.56650044117123
jLwvQ4URDFY--27,wrong_topic,36,-222.15967812063172,10,-150.76226313086227
BO1ehFUMWEs--30,wrong_topic,37,-261.6948511675,11,-172.10879789292812
lPzmjeJmsXo--31,wrong_topic,21,-138.84675241541117,7,-91.27746964525431
vyBaeFU8J_k--8,wrong_topic,11,-56.121710777282715,4,-30.518692016601562
BESRE5mtipE--19,wrong_topic,21,-79.80110254511237,8,-53.32920644804835
NDYHcIF50eE--0,wrong_topic,33,-162.5491663813591,15,-126.59121457487345
MYGqMojGwBE--109,wrong_topic,20,-141.20937445014715,9,-122.10762598365545
9b0136913690-8,wrong_topic,17,-62.071813724935055,4,-41.6547910310328
_T-35xhqSkE--11,wrong_topic,17,-104.248052068986,3,-74.98797185067087
myIXH3PjvoI--37,wrong_topic,11,-50.80342754884623,3,-26.77107891603373
ozS8Mx8AdH8--13,wrong_topic,21,-91.83393811807036,6,-62.3973340280354
NDYHcIF50eE--3,wrong_topic,26,-117.89228667598218,12,-88.01442642789334
809a3a5e02d1-19,wrong_topic,16,-98.4653194770217,7,-59.6502103805542
rYcw__0tDhw--17,wrong_topic,21,-103.83193963766098,4,-34.67460197210312
HBQwzyxvkZA--311,wrong_topic,16,-64.62860694900155,4,-50.01489005610347
HBQwzyxvkZA--236,wrong_topic,14,-74.61479561030865,3,-47.63419997692108
wUH1dDbu9B4--29,wrong_topic,18,-100.44293962419033,8,-70.79775657504797
l9bZYazJQ1w--18,wrong_topic,23,-120.79218052327633,6,-72.05026671290398
faZQNy4aErk--76,wrong_topic,28,-105.6338099646382,6,-52.60974911553785
dkavvNigK7s--14,wrong_topic,17,-96.11283672973514,6,-49.729738008230925
YsuSHJ3klEs--14,wrong_topic,17,-90.31114080362022,6,-38.146484760567546
MYGqMojGwBE--38,wrong_topic,21,-112.54002851620317,6,-62.102045241743326
dPuKX_lM4Zc--107,wrong_topic,12,-56.472518265247345,3,-38.286404728889465
OJxSniCPUpI--9,wrong_topic,17,-75.38665081560612,4,-65.98172335326672
CRJSZ2e7BU0--10,wrong_topic,17,-97.76607698574662,7,-65.24793028831482
MYGqMojGwBE--128,wrong_topic,16,-73.68758983910084,5,-41.31998538970947
myIXH3PjvoI--47,wrong_topic,18,-75.86936020851135,4,-60.82846713066101
cw1YIV30nQM--22,wrong_topic,17,-80.88315602391958,4,-53.88963995873928
KmW8f1GVTYY--10,wrong_topic,13,-80.96195155382156,6,-65.74047517776489
ijrjSBx7WTc--67,wrong_topic,24,-129.27789172902703,7,-103.3947809971869
gXa0qcoWrsQ--4,wrong_topic,13,-57.32425464130938,3,-47.50182440318167
Zc2bgIDZ-Ks--45,wrong_topic,36,-160.34223601408303,12,-123.27796844951808
36YV-IPiUXM--10,wrong_topic,39,-254.6049648243934,11,-153.634062288329
36YV-IPiUXM--8,wrong_topic,32,-173.10676013189368,10,-141.76918474095874
HBQwzyxvkZA--320,wrong_topic,16,-123.83860911428928,5,-82.14697998762131
QiJgNpX3zN0--1,wrong_topic,12,-50.12293481454253,4,-44.411356057971716
U5Tq9r7saZU--15,wrong_topic,31,-141.3451450066641,13,-103.2572311135009
pMbMjjSj1fM--11,wrong_topic,16,-101.9739031791687,7,-84.17119824886322
oPITLi0VKh8--20,wrong_topic,17,-92.77409707196057,4,-36.01647355593741
ci_iGsLDZ9w_e1,wrong_topic,18,-97.87765575945377,5,-80.5670179054141
NDYHcIF50eE--16,wrong_topic,32,-150.4260346777737,9,-116.7267665117979
KmW8f1GVTYY--15,wrong_topic,16,-120.61477953195572,6,-77.00475937128067
ci_iGsLDZ9w_d,wrong_topic,8,-67.6146545112133,3,-40.448070019483566
6OlSDCcwM10--25,wrong_topic,12,-65.70964217185974,3,-40.98353600502014
8w6k4jEJJlU--0,wrong_topic,20,-88.8633882664144,6,-60.68722767755389
myIXH3PjvoI--97,wrong_topic,17,-88.8332804813981,6,-59.93006157875061
9b0136913690-12,wrong_topic,8,-42.63877975940704,2,-21.42008864879608
91GVHgxW8RA--7,wrong_topic,33,-286.8236367702484,11,-240.72751212120056
eabe1f38221a-36,wrong_topic,10,-67.62869822978973,3,-23.84198796749115
6_yO8Lc8Hd4--2,wrong_topic,17,-96.7824720069766,7,-56.3515509814024
KmW8f1GVTYY--46,wrong_topic,12,-49.5765123013407,4,-37.000838447362185
9bqfEh7BD3c--13,wrong_topic,18,-94.0013507725671,5,-82.07020674366504
VwsRPJN7txM--9,wrong_topic,18,-68.2429625140503,6,-51.302405858412385
QXsIVtanWdw--5,wrong_topic,9,-28.830941542983055,3,-16.330766335129738
S9ymb66ZqqY--8,wrong_topic,11,-48.01258710026741,5,-23.358236402273178
LvN9Dxq2iLY--33,wrong_topic,12,-52.49498154222965,5,-50.579727068543434
K4eNr2k2Lls--21,wrong_topic,21,-91.86648936755955,8,-84.31828814186156
wSEeoT9BqE0--21,wrong_topic,34,-162.85915833711624,9,-131.53743302822113
LvN9Dxq2iLY--12,wrong_topic,16,-70.71189662069082,4,-40.15111219882965
faZQNy4aErk--6,wrong_topic,14,-61.41250554472208,5,-36.28909891843796
WabgM-SmPzU_e1,wrong_topic,12,-40.64390495698899,4,-22.91318569611758
wmTrG799MAo--12,wrong_topic,17,-75.31319973710924,6,-26.11330604739487
i4j5Bj2NL1c--13,wrong_topic,14,-86.60998121649027,5,-75.8381841853261
nvfK4jQ7MH0--3,wrong_topic,22,-135.46878956630826,7,-119.25683751702309
ojYFIliNLGI--0,wrong_topic,23,-88.25339861027896,8,-58.44184632413089
HBQwzyxvkZA--203,wrong_topic,12,-64.03878331929445,6,-54.57459434866905
vZt56rnH8QQ--1,wrong_topic,11,-35.61084055155516,5,-33.33314645290375
NaXDBBT5pkw--17,wrong_topic,16,-65.59991382807493,5,-49.865101747214794
9bqfEh7BD3c--23,wrong_topic,20,-108.23202756699175,9,-72.11513995286077
eyqLkKS5Qkw--20,wrong_topic,12,-77.79122599959373,5,-45.45155197381973
vbq8QbOwOt4--14,wrong_topic,26,-158.27563625201583,13,-103.78401421010494
faZQNy4aErk--25,wrong_topic,13,-98.01798677444458,2,-68.77425575256348
s_8IbRRsr0Q--13,wrong_topic,12,-54.18866440653801,6,-39.83909133076668
lcBujGRLwE0--7,wrong_topic,25,-150.90500006265938,7,-90.06292620487511
CAzt5cxtSjQ--17,wrong_topic,15,-66.66059178486466,4,-27.23925280570984
m3Mmtpr-jjA--22,wrong_topic,9,-53.383666560053825,4,-43.09106469154358
9b0136913690-67,wrong_topic,8,-71.043785572052,1,-10.16978645324707
HBQwzyxvkZA--34,wrong_topic,14,-73.1224096417427,5,-56.093329668045044
HBQwzyxvkZA--151,wrong_topic,15,-89.8676195666194,6,-75.90669924207032
ozS8Mx8AdH8--14,wrong_topic,25,-150.6172701343894,9,-114.29246877878904
AZ2s4Adm9RU--14,wrong_topic,14,-88.48691463470459,3,-49.23569118976593
KmW8f1GVTYY--48,wrong_topic,12,-80.67396751791239,6,-57.124170780181885
dPuKX_lM4Zc--103,wrong_topic,10,-38.22798861935735,3,-23.604408264160156
OEM3CR-HYmk--22,wrong_topic,16,-76.39408212900162,3,-49.841857969760895
lcBujGRLwE0--11,wrong_topic,28,-164.69630400226742,9,-141.9204004159692
d5Lx_5-UiHY--101,wrong_topic,8,-37.664161652326584,1,-13.717264771461487
vZt56rnH8QQ--8,wrong_topic,27,-176.94447744451463,12,-98.24748409353197
BO1ehFUMWEs--7,wrong_topic,18,-111.97374380379915,6,-84.7604645639658
HBQwzyxvkZA--99,wrong_topic,11,-51.87792544439435,5,-40.380454674363136
s_8IbRRsr0Q--22,wrong_topic,13,-80.51595568656921,5,-53.830063223838806
fvHtYcL913U--15,wrong_topic,13,-62.76654380559921,5,-41.0093195438385
sktRu3sp97g--2,wrong_topic,11,-77.60526587069035,6,-52.562530159950256
BO1ehFUMWEs--10,wrong_topic,27,-174.35743317753077,6,-133.18837482854724
lSLqIyupXrk--18,wrong_topic,23,-122.97764441743493,8,-96.75269427523017
xFEQrtosric--9,wrong_topic,9,-44.23820103704929,4,-37.46035145968199
ef52bca1a454-29,wrong_topic,10,-79.91274690628052,3,-31.493361949920654
q4RnudGCU18--28,wrong_topic,30,-178.27856849133968,14,-115.41884890198708
HBQwzyxvkZA--93,wrong_topic,15,-69.50623650103807,6,-41.995025880634785
ijrjSBx7WTc--51,wrong_topic,20,-91.37505117803812,7,-81.23921120911837
U5Tq9r7saZU--13,wrong_topic,33,-181.22086039511487,11,-144.83951924322173
d5Lx_5-UiHY--73,wrong_topic,11,-39.7079102396965,3,-19.91769790649414
s_8IbRRsr0Q--25,wrong_topic,19,-109.77156065404415,7,-64.60118095576763
LvN9Dxq2iLY--17,wrong_topic,13,-71.1111814873293,3,-45.029140532016754
lcBujGRLwE0--19,wrong_topic,31,-173.94400645792484,12,-127.99582269787788
9bqfEh7BD3c--18,wrong_topic,12,-68.15554893016815,4,-46.74979257583618
iwYL-ivQm6o--16,wrong_topic,20,-71.50306936353445,5,-32.55164337158203
myIXH3PjvoI--115,wrong_topic,16,-86.31072407960892,7,-65.3181764036417
gXa0qcoWrsQ--23,wrong_topic,23,-117.60255816671997,6,-77.7004679152742
hYNyIXYmoYs--0,wrong_topic,14,-66.86176263540983,5,-57.53850543498993
40BjLI5XtJE--1,wrong_topic,12,-100.90582872927189,5,-53.555742517113686
Zc2bgIDZ-Ks--28,wrong_topic,16,-69.68261709681246,6,-61.272576554329135
vbq8QbOwOt4--18,wrong_topic,21,-105.33345022797585,8,-42.15262497961521
fulQKWknVhw--25,wrong_topic,23,-129.101816162467,7,-58.17985513061285
n12WICGyBJ4--17,wrong_topic,11,-93.72373709082603,5,-84.02677664160728
OEM3CR-HYmk--8,wrong_topic,9,-58.40280447900295,3,-11.51337693631649
6OlSDCcwM10--0,wrong_topic,14,-68.55556268244982,4,-29.427398592233658
K4eNr2k2Lls--31,wrong_topic,18,-101.03917806595564,7,-65.12305403500795
8DmlFztO2XM--4,wrong_topic,22,-114.74418497085571,7,-82.93300518393517
gXa0qcoWrsQ--1,wrong_topic,29,-181.98917762935162,8,-161.31215830147266
6_yO8Lc8Hd4--18,wrong_topic,33,-137.95874065812677,7,-82.18307695444673
dPuKX_lM4Zc--81,wrong_topic,19,-86.08596909046173,6,-37.47412043809891
egjhIFJbR2I--1,wrong_topic,17,-89.10250046104193,5,-83.37139821052551
3vCea9zWFek--8,wrong_topic,15,-80.20029449090362,4,-57.63701277598739
2B2z46vgaAA--25,wrong_topic,9,-46.37780325859785,4,-39.52109245955944
QiGhWfjM2FI--29,wrong_topic,13,-79.02805279940367,6,-61.22849416732788
wefigjf46u4--7,wrong_topic,22,-119.46016068011522,9,-70.77838802337646
MYGqMojGwBE--188,wrong_topic,10,-46.33139489591122,4,-31.616964399814606
Kq5HfchSWv8--3,wrong_topic,10,-53.983764827251434,3,-31.89237007498741
5n_IGU5rYYk--31,wrong_topic,24,-101.32840469479561,11,-71.26401326060295
HBQwzyxvkZA--43,wrong_topic,13,-81.77993389219046,4,-45.22923544794321
7byz3fdI-Ss--10,wrong_topic,16,-92.61779445037246,5,-51.49413073435426
mjvqIq_fvRY--2,wrong_topic,20,-73.24012492224574,8,-42.22497868910432
Lt5GAA6MIuM--8,wrong_topic,19,-111.05360024422407,5,-50.03267180174589
uR-nzhB6D8g--11,wrong_topic,13,-69.64380645751953,5,-54.17421078681946
vyBaeFU8J_k--16,wrong_topic,25,-133.97101635299623,6,-51.2867668364197
myIXH3PjvoI--85,wrong_topic,21,-107.5000424971804,7,-73.5101727982983
gW1N-ttBBTo--2,wrong_topic,9,-41.51215022057295,2,-21.65038776397705
K4eNr2k2Lls--30,wrong_topic,29,-173.11850634217262,9,-138.07741549611092
s_8IbRRsr0Q--20,wrong_topic,21,-118.82014151313342,10,-104.81458440423012
rZG7T9ujMEo--13,wrong_topic,12,-54.2351058870554,4,-49.147870011627674
_IyhoG9jXuM--1,wrong_topic,17,-99.62892855983227,8,-71.41604559402913
6OlSDCcwM10--15,wrong_topic,18,-123.84139146190137,7,-102.74927844386548
OtlvzXZG_Uk_e1,wrong_topic,15,-83.9899078309536,4,-68.76641389727592
iwYL-ivQm6o--8,wrong_topic,9,-46.94039794057608,4,-25.95138544589281
Lt5GAA6MIuM--4,wrong_topic,25,-148.5734091848135,8,-112.07463651895523
mDUCHJerTtE--6,wrong_topic,23,-116.99777037650347,8,-88.34824696183205
BTqVQCBPUzg--107,wrong_topic,21,-132.54425323195755,8,-81.89173567481339
80Cx4CH-AVI--17,wrong_topic,8,-28.300171207636595,6,-14.34790475293994
0Z5d6D2vBbc--11,wrong_topic,35,-254.61981615051627,13,-176.18685709685087
BTqVQCBPUzg--110,wrong_topic,8,-44.825502552092075,3,-29.822416305541992
lZarpnV0alw--14,wrong_topic,11,-74.24200201034546,4,-34.741451263427734
mjvqIq_fvRY--22,wrong_topic,20,-147.28892850875854,9,-103.13998222351074
g4GfKC7z-2M--7,wrong_topic,20,-123.39114382863045,7,-93.24954169988632
gp0w_zrLgfw--17,wrong_topic,29,-171.23367914557457,10,-92.8944425880909
UBnqDwRds3A--8,wrong_topic,25,-111.51907928986475,7,-59.58839394105598
MYGqMojGwBE--219,wrong_topic,10,-77.04202008247375,4,-37.80389404296875
809a3a5e02d1-116,wrong_topic,9,-32.120569344609976,3,-18.042186971753836
ckGC5hUffDU--5,wrong_topic,15,-95.30189118906856,5,-43.59558191150427
faZQNy4aErk--18,wrong_topic,23,-141.56796011328697,7,-139.2826336324215
uYaUCNl1j10--8,wrong_topic,25,-104.98499162122607,10,-65.80828012153506
jN2lbHzIneI--4,wrong_topic,31,-195.81830955669284,10,-174.58111492916942
LvN9Dxq2iLY--86,wrong_topic,12,-99.6344746351242,2,-70.18981695175171
Zc2bgIDZ-Ks--85,wrong_topic,25,-164.19578561931849,6,-117.2451012134552
m3Mmtpr-jjA--38,wrong_topic,26,-138.12311451137066,11,-112.70309711620212
q4RnudGCU18--13,wrong_topic,26,-165.96538961678743,9,-115.90570265054703
aDwdB7xHAOE--5,wrong_topic,15,-80.00401452928782,4,-74.2370103597641
s_8IbRRsr0Q--8,wrong_topic,8,-35.28959780931473,2,-12.237682819366455
C-cgPb_N2dY--3,wrong_topic,12,-53.42321063950658,6,-39.59062074497342
sktRu3sp97g--11,wrong_topic,19,-99.37271417677402,7,-81.25403419137001
4DhGy83DK_s--13,wrong_topic,17,-55.39700029231608,5,-40.90121865272522
MYGqMojGwBE--182,wrong_topic,18,-124.27157819271088,7,-65.60694444179535
l9bZYazJQ1w--16,wrong_topic,12,-76.64447966217995,5,-33.543488800525665
Xmm9ZyMy12g--8,wrong_topic,16,-73.52592131495476,4,-56.81519803404808
C6CIPVno_yQ--20,wrong_topic,22,-121.5640896637924,9,-99.14808758534491
DF4fto_X1Y4--2,wrong_topic,14,-55.48112915456295,5,-39.6331627368927
HBQwzyxvkZA--100,wrong_topic,12,-34.16907986998558,2,-7.981664597988129
dkavvNigK7s--30,wrong_topic,14,-80.38180676847696,6,-62.623871840536594
4DhGy83DK_s--35,wrong_topic,28,-123.81009951024316,6,-49.9609309209045
ZVE_KjrY_po--8,wrong_topic,23,-109.53916270192713,9,-79.73877558019012
lPzmjeJmsXo--14,wrong_topic,27,-176.1071006283164,10,-142.6937456279993
d5Lx_5-UiHY--36,wrong_topic,12,-35.829638727009296,4,-15.025920897722244
xFEQrtosric--2,wrong_topic,26,-179.9775572270155,9,-149.4476379752159
MYGqMojGwBE--215,wrong_topic,15,-115.42924861609936,6,-39.459443137049675
6_yO8Lc8Hd4--6,wrong_topic,29,-157.06968195410445,10,-118.77127452613786
vbq8QbOwOt4--1,wrong_topic,16,-75.34237837046385,6,-33.45215281099081
5n_IGU5rYYk--2,wrong_topic,20,-106.9629483697936,8,-83.36483926605433
ZMsnY_khlNQ--15,wrong_topic,9,-59.53113789856434,2,-23.508098602294922
myIXH3PjvoI--4,wrong_topic,14,-50.024071127176285,6,-28.209107637405396
q4RnudGCU18--26,wrong_topic,28,-132.4237383902073,10,-103.92688488215208
HBQwzyxvkZA--165,wrong_topic,12,-69.95413975790143,4,-59.825165558606386
o9DARfrZg2o--1,wrong_topic,21,-122.94678753614426,8,-91.06489104032516
uR-nzhB6D8g--1,wrong_topic,16,-70.89971566200256,6,-39.81010681390762
RIwfym39VVM_e3,wrong_topic,21,-98.89638218283653,6,-47.50040652230382
wwpptVjgAws--0,wrong_topic,29,-147.17357103526592,13,-118.96237567067146
9b0136913690-52,wrong_topic,14,-107.57515880465508,3,-42.13235116004944
Lt5GAA6MIuM--17,wrong_topic,22,-127.48249004036188,10,-93.46934930235147
klepEQSaeIk--1,wrong_topic,36,-212.3464616285637,11,-115.86972602177411
Lt5GAA6MIuM--28,wrong_topic,13,-71.3182780072093,4,-46.760371915996075
ef52bca1a454-8,wrong_topic,13,-104.22727918624878,6,-57.13017201423645
jLwvQ4URDFY--14,wrong_topic,34,-179.29276349062275,10,-130.2434832792933
LvN9Dxq2iLY--82,wrong_topic,14,-89.41884265467525,4,-41.736173897981644
iwYL-ivQm6o--11,wrong_topic,14,-75.58760707825422,4,-41.457303047180176
9b0136913690-59,wrong_topic,16,-86.99121478199959,4,-80.94855588674545
KmW8f1GVTYY--33,wrong_topic,13,-95.52971822023392,5,-87.54459291696548
NDYHcIF50eE--11,wrong_topic,20,-119.16702203452587,3,-66.35007643699646
MYGqMojGwBE--279,wrong_topic,9,-52.772927556186914,5,-41.21720150485635
tDrI-9pSul0--10,wrong_topic,29,-243.42675149440765,10,-222.61854553222656
5n_IGU5rYYk--32,wrong_topic,31,-155.84576413358445,7,-44.685017775249435
ijrjSBx7WTc--23,wrong_topic,26,-129.88521230965853,9,-92.22480549663305
a8zp7ivHwBU--4,wrong_topic,18,-96.42569448798895,6,-81.77533336728811
9bqfEh7BD3c--24,wrong_topic,18,-107.54458624869585,5,-87.61106626689434
U5Tq9r7saZU--29,wrong_topic,21,-140.36927427444607,11,-110.70518106967211
wSEeoT9BqE0--14,wrong_topic,27,-183.19838594645262,8,-153.28506576269865
QiGhWfjM2FI--9,wrong_topic,24,-78.49974276660942,11,-66.62888234644197
809a3a5e02d1-64,wrong_topic,14,-80.54990092664957,4,-60.6080908998847
ckGC5hUffDU--6,wrong_topic,26,-126.79892236087471,6,-81.62301499210298
o44YnPMhwPU--36,wrong_topic,22,-102.75498785078526,11,-80.08643092215061
HBQwzyxvkZA--193,wrong_topic,9,-36.20204630121589,4,-23.706184592097998
Kq5HfchSWv8--36,wrong_topic,16,-80.74750996381044,4,-40.45930353552103
ZCBew8Fv0qA--3,wrong_topic,13,-63.017754854634404,3,-35.58899182267487
91GVHgxW8RA--33,wrong_topic,22,-80.95852309605107,6,-32.412226697895676
MYGqMojGwBE--211,wrong_topic,13,-116.54088354110718,7,-64.99333095550537
hgaKby5Mha4--28,wrong_topic,25,-158.6389132682234,8,-76.96659063734114
-X_zmve1y00--1,wrong_topic,12,-38.76659458503127,3,-29.383730202913284
hgaKby5Mha4--1,wrong_topic,23,-101.46577239222825,8,-69.55229434929788
BO1ehFUMWEs--1,wrong_topic,21,-141.59846192598343,6,-116.03398275375366
OEM3CR-HYmk--3,wrong_topic,12,-72.76875352859497,3,-40.295835852622986
R6_v5nqXuGg--5,wrong_topic,18,-83.80620960146189,6,-57.95522642880678
rZG7T9ujMEo--2,wrong_topic,14,-101.22999043762684,6,-76.04808583855629
HBQwzyxvkZA--143,wrong_topic,9,-35.04886001907289,4,-34.606990337371826
HBQwzyxvkZA--319,wrong_topic,22,-140.43070313706994,7,-94.09353556111455
3vCea9zWFek--39,wrong_topic,23,-114.65675837546587,9,-70.09402261674404
tDrI-9pSul0--11,wrong_topic,12,-68.25746074318886,6,-47.15197420120239
kxz4AA9lNmY_e4,wrong_topic,17,-96.59685225598514,4,-77.23162372224033
zu_bd3r2GIA--28,wrong_topic,14,-108.92670026049018,5,-80.72883143648505
Xmm9ZyMy12g--13,wrong_topic,22,-155.2956959605217,6,-116.81349420547485
NTc0m4Q1-xU--0,wrong_topic,17,-90.2575162127614,7,-67.86516705155373
9xc24mAlprE--14,wrong_topic,23,-121.00906210392714,9,-98.204355917871
Rc99bcSdhak--5,wrong_topic,37,-181.50109304487705,11,-130.5636918246746
HBQwzyxvkZA--286,wrong_topic,24,-135.45149590075016,10,-99.5368417352438
Zc2bgIDZ-Ks--79,wrong_topic,15,-67.54406396800186,4,-31.58691996091511
wefigjf46u4--10,wrong_topic,8,-44.306639859452844,2,-19.087978065013885
wSEeoT9BqE0--2,wrong_topic,20,-36.739944230765104,7,-31.96030816808343
o9DARfrZg2o--0,wrong_topic,21,-124.36764935776591,7,-104.00024090334773
DP1ly_MsHHQ--15,wrong_topic,30,-127.86244276445359,7,-85.60638502053916
C-cgPb_N2dY--16,wrong_topic,21,-104.85856069251895,7,-65.21906289830804
6U9AFGakrn0--5,wrong_topic,14,-65.69619190692902,4,-26.860177129507065
0kldzhToGLc--15,wrong_topic,10,-57.950350284576416,3,-21.686712741851807
oyWhLo5brto--1,wrong_topic,21,-108.11766035296023,9,-63.66883219964802
bqE5C2tmc9c--13,wrong_topic,14,-108.88999509811401,6,-65.50759470462799
ijrjSBx7WTc--32,wrong_topic,21,-108.01989985257387,7,-88.29204996675253
MYGqMojGwBE--149,wrong_topic,17,-107.2560234554112,3,-45.42476039007306
n12WICGyBJ4--43,wrong_topic,17,-78.20428156200796,6,-63.53931646142155
Zc2bgIDZ-Ks--43,wrong_topic,19,-133.68914102762938,4,-38.98893781751394
IjeHLt1vNoM--9,wrong_topic,20,-138.81677559623495,6,-78.20247399806976
rYcw__0tDhw--1,wrong_topic,33,-151.28766341204755,8,-110.27992348070256
Sqa3ig2NN9Q--4,wrong_topic,14,-103.07588821649551,5,-72.02555900812149
IjeHLt1vNoM--17,wrong_topic,15,-57.82468284619972,5,-39.075056962203234
9b0136913690-70,wrong_topic,12,-58.37309956550598,3,-34.35726410150528
Kq5HfchSWv8--28,wrong_topic,15,-50.88517675176263,4,-17.5456481911242
ojYFIliNLGI--9,wrong_topic,16,-69.13059192895889,6,-39.393987476825714
m3Mmtpr-jjA--30,wrong_topic,23,-106.04304651916027,9,-81.18343324959278
6u-ZspWSpwE--14,wrong_topic,17,-95.95602106302977,6,-64.88284496963024
HBQwzyxvkZA--111,wrong_topic,13,-94.89121294021606,5,-68.67885029315948
xFJw5GMtlCk--4,wrong_topic,8,-49.00265979766846,1,-7.39784574508667
U5Tq9r7saZU--18,wrong_topic,18,-83.41997070983052,5,-58.488677840679884
QiJgNpX3zN0--17,wrong_topic,11,-57.64212532527745,4,-39.189078737050295
9bqfEh7BD3c--9,wrong_topic,19,-94.09747488051653,7,-72.3873499929905
5n_IGU5rYYk--17,wrong_topic,31,-152.3844788596034,11,-109.66841731220484
kES_ZNjFKz8--18,wrong_topic,12,-48.598851673305035,4,-32.882952839136124
nvfK4jQ7MH0--19,wrong_topic,12,-56.65566265583038,3,-26.319995522499084
LvN9Dxq2iLY--71,wrong_topic,26,-76.97723610699177,6,-39.40349031984806
aDwdB7xHAOE--8,wrong_topic,19,-112.90834282338619,9,-78.8519669920206
HBQwzyxvkZA--1,wrong_topic,10,-68.31766155362129,2,-23.58507063984871
gW1N-ttBBTo--6,wrong_topic,30,-146.75727489218116,9,-107.65710296109319
ef52bca1a454-57,wrong_topic,17,-82.98140905424953,5,-30.212604522705078
_r1S90f_nsM--13,wrong_topic,13,-64.41576654277742,4,-15.03721708804369
Xmm9ZyMy12g--12,wrong_topic,16,-82.13174247741699,3,-21.773524165153503
fulQKWknVhw--29,wrong_topic,34,-202.34432939626276,12,-150.240623453632
BTqVQCBPUzg--116,wrong_topic,10,-58.39230513945222,2,-22.896761659532785
Zc2bgIDZ-Ks--9,wrong_topic,16,-44.51514320075512,4,-25.08285165205598
eBj_HUu0CNw--22,wrong_topic,13,-53.69809202477336,5,-39.281823985278606
K4eNr2k2Lls--33,wrong_topic,29,-136.64695002883673,10,-117.47374070249498
jMdxYlvrkbk--10,wrong_topic,24,-138.0040748640895,9,-116.18993359059095
jLwvQ4URDFY--3,wrong_topic,28,-150.9027848429978,14,-109.03401200473309
R6_v5nqXuGg--14,wrong_topic,18,-109.82724070549011,7,-91.21617150306702
Sqa3ig2NN9Q--25,wrong_topic,20,-109.37747188657522,3,-65.88021563738585
gW1N-ttBBTo--10,wrong_topic,37,-216.6956617794931,12,-169.73363968357444
cw1YIV30nQM--20,wrong_topic,21,-122.96091823652387,7,-63.884996473789215
BESRE5mtipE--1,wrong_topic,20,-113.19278513640165,5,-74.87709122151136
KHL0wkbu0-s--8,wrong_topic,24,-139.17138300091028,9,-92.80316013097763
eGkBCS1t9-E--20,wrong_topic,22,-103.4710895344615,5,-79.5160808712244
EIwWHTO5rZw--14,wrong_topic,13,-55.57922239601612,4,-20.67839315533638
eBj_HUu0CNw--24,wrong_topic,17,-107.45850881934166,6,-60.51003287732601
gXa0qcoWrsQ--12,wrong_topic,21,-128.76714011561126,6,-102.97834852337837
80Cx4CH-AVI--8,wrong_topic,21,-124.25730510056019,6,-98.90807890892029
ckGC5hUffDU--2,wrong_topic,19,-102.1911013647914,5,-100.89979100972414
K5lgB4YzOO0--6,wrong_topic,19,-89.9184111726936,5,-55.787477776175365
-X_zmve1y00--12,wrong_topic,18,-81.12046388629824,8,-68.30340423062444
xFEQrtosric--7,wrong_topic,25,-124.34921268001199,10,-115.2168990187347
HBQwzyxvkZA--121,wrong_topic,22,-163.48458824306726,7,-99.5395427569747
bOZ_Lap5FNA--11,wrong_topic,19,-123.45500458776951,9,-84.83017864823341
rYcw__0tDhw--2,wrong_topic,21,-93.12059507146478,8,-56.279964718967676
xFJw5GMtlCk--10,wrong_topic,24,-101.31906725943554,7,-53.962049305438995
9b0136913690-106,wrong_topic,8,-35.87732191383839,3,-18.424012795090675
rZG7T9ujMEo--21,wrong_topic,9,-72.08219228684902,2,-29.877046585083008
mXq8axygjdE--51,wrong_topic,36,-106.85819691698998,15,-81.86157511454076
m-w_78fDg9M--18,wrong_topic,17,-100.89957219362259,4,-45.62299954891205
XcXCB---N9M--3,wrong_topic,20,-100.09719321876764,6,-64.54746363312006
K4eNr2k2Lls--2,wrong_topic,16,-67.26399613032117,6,-54.888809530530125
BTqVQCBPUzg--154,wrong_topic,8,-35.91013115644455,3,-23.30108478665352
Zc2bgIDZ-Ks--60,wrong_topic,17,-73.02514486201108,6,-48.774667548015714
gW1N-ttBBTo--7,wrong_topic,28,-183.74648047983646,10,-163.4489986896515
0bk98uIiTS8--32,wrong_topic,30,-173.14417500700802,12,-150.96569649595767
BTqVQCBPUzg--148,wrong_topic,12,-79.21961811650544,6,-46.88303497899324
lAFiWmUUHOg--25,wrong_topic,27,-121.90862728166394,6,-79.37498974311166
bGqx2eKgdB0_e4,wrong_topic,10,-58.01117417216301,3,-42.86297890543938
ZVE_KjrY_po--21,wrong_topic,8,-69.1639678478241,2,-27.373125314712524
BTqVQCBPUzg--34,wrong_topic,13,-60.922755271196365,4,-53.44272340834141
XcXCB---N9M--20,wrong_topic,30,-165.6676089093089,8,-114.70886505395174
o9DARfrZg2o--9,wrong_topic,13,-64.95763140171766,3,-25.436080932617188
HBQwzyxvkZA--228,wrong_topic,13,-74.03367055207491,4,-60.93739205598831
80Cx4CH-AVI--2,wrong_topic,29,-182.3290325626731,11,-137.84975785017014
Zc2bgIDZ-Ks--12,wrong_topic,11,-74.52236285060644,3,-19.59210517257452
vbq8QbOwOt4--7,wrong_topic,17,-59.349557634443045,6,-23.71245350316167
HBQwzyxvkZA--291,wrong_topic,31,-160.43711717799306,9,-115.25589272752404
i4j5Bj2NL1c--9,wrong_topic,19,-105.07851637154818,6,-68.50676727294922
5QMD024bDYs--8,wrong_topic,21,-84.3926879055798,6,-64.33297337964177
faZQNy4aErk--44,wrong_topic,24,-155.64298360422254,9,-119.47037916630507
oPITLi0VKh8--18,wrong_topic,13,-68.13473857194185,5,-43.818138383328915
Xmm9ZyMy12g--14,wrong_topic,16,-84.65622548013926,5,-41.94014644622803
-X_zmve1y00--29,wrong_topic,11,-53.05992376431823,4,-49.77262167260051
HBQwzyxvkZA--278,wrong_topic,12,-77.48488876968622,5,-54.200557708740234
OEM3CR-HYmk--2,wrong_topic,13,-67.39463610947132,4,-52.288715079426765
1xJ_dkBcAIU--20,wrong_topic,20,-104.85292908549309,6,-80.39838790893555
IoifXQnhN4E--5,wrong_topic,9,-60.60904623940587,5,-44.24087192490697
jMdxYlvrkbk--6,wrong_topic,15,-104.77302071452141,5,-45.86358094215393
q4RnudGCU18--5,wrong_topic,22,-118.32242418639362,6,-85.86202771775424
lcBujGRLwE0--30,wrong_topic,25,-114.65638165129349,9,-70.01546979648992
egjhIFJbR2I--8,wrong_topic,16,-85.31747597455978,5,-41.48368473351002
oAhfJ8yB1j0--5,wrong_topic,27,-141.47578942216933,10,-127.88427050597966
klepEQSaeIk--15,wrong_topic,11,-34.82745270431042,6,-29.106993570923805
Rc99bcSdhak--27,wrong_topic,30,-181.4571020770818,10,-113.47183958627284
iwYL-ivQm6o--3,wrong_topic,29,-160.45704965293407,9,-108.33660733699799
MYGqMojGwBE--248,wrong_topic,24,-175.0408008992672,8,-97.74743208289146
mjvqIq_fvRY--12,wrong_topic,23,-131.59586837887764,6,-91.4960161447525
s_8IbRRsr0Q--1,wrong_topic,28,-125.40772637911141,8,-75.96413478441536
6OlSDCcwM10--2,wrong_topic,7,-40.96273851394653,2,-22.664415642619133
m3Mmtpr-jjA--44,wrong_topic,24,-133.26792810671031,6,-74.77041311375797
9b0136913690-31,wrong_topic,17,-91.99264152534306,5,-48.615600207820535
HBQwzyxvkZA--207,wrong_topic,13,-59.04278522729874,4,-31.711225509643555
Nv3WLYio7Lc--9,wrong_topic,17,-97.2459147349,5,-56.35207549482584
Nv3WLYio7Lc--14,wrong_topic,11,-52.79489220678806,5,-46.87372197210789
hYNyIXYmoYs--2,wrong_topic,19,-64.07048985455185,8,-43.004646823741496
ef52bca1a454-69,wrong_topic,9,-42.640749238431454,3,-18.95918083190918
HBQwzyxvkZA--90,wrong_topic,11,-70.30700069665909,4,-38.509675562381744
C6CIPVno_yQ--21,wrong_topic,22,-135.90662944316864,8,-113.77753734588623
LvN9Dxq2iLY--26,wrong_topic,22,-185.89115539193153,7,-178.88867473602295
HBQwzyxvkZA--318,wrong_topic,18,-99.29540598392487,8,-81.50405836105347
zu_bd3r2GIA--30,wrong_topic,18,-81.63664739578962,7,-56.389834977686405
oAhfJ8yB1j0--3,wrong_topic,23,-137.1021987274289,6,-124.36793155223131
5n_IGU5rYYk--6,wrong_topic,17,-76.35660243034363,6,-47.0549755692482
nvfK4jQ7MH0--27,wrong_topic,17,-74.00023625791073,7,-63.92856629565358
kytITkHoyls--15,wrong_topic,21,-108.34036139771342,5,-66.76100860908628
dPuKX_lM4Zc--120,wrong_topic,31,-180.3325455263257,13,-105.51812192797661
5n_IGU5rYYk--3,wrong_topic,21,-81.67369783920003,7,-70.24135184538318
dPuKX_lM4Zc--129,wrong_topic,23,-166.42398221045732,9,-102.65617083013058
9xc24mAlprE--26,wrong_topic,18,-113.99268411286175,5,-93.10543798096478
oyWhLo5brto--5,wrong_topic,21,-109.84469283185899,5,-43.30378716997802
ojYFIliNLGI--16,wrong_topic,37,-233.7735241316259,13,-180.62352030351758
LvN9Dxq2iLY--124,wrong_topic,18,-97.59837683290243,4,-55.179471895098686
lcBujGRLwE0--4,wrong_topic,34,-129.16429646126926,12,-110.16627874039114
wwpptVjgAws--7,wrong_topic,39,-267.25620845891535,10,-221.4595791939646
Kq5HfchSWv8--18,wrong_topic,16,-88.256492421031,4,-37.053267031908035
mjvqIq_fvRY--6,wrong_topic,27,-157.71216794103384,10,-135.65645352005959
Nv3WLYio7Lc--13,wrong_topic,30,-163.32853955589235,7,-96.85884707979858
6_yO8Lc8Hd4--7,wrong_topic,14,-86.78183859586716,6,-68.30332434177399
0Z5d6D2vBbc--6,wrong_topic,17,-90.34002292901278,8,-68.80974186956882
80Cx4CH-AVI--11,wrong_topic,28,-142.47328197676688,9,-74.87479237560183
xFJw5GMtlCk--5,wrong_topic,24,-140.8445709310472,10,-68.60643154755235
9b0136913690-80,wrong_topic,17,-119.975062482059,4,-32.90524065494537
AVb1VABiJJ8--9,wrong_topic,19,-108.3486432209611,7,-69.56910073012114
xFEQrtosric--4,wrong_topic,14,-70.72921499237418,4,-38.11881145462394
iGdg-iGlUFg--2,wrong_topic,42,-269.0449970290065,12,-179.06550259143114
wUH1dDbu9B4--26,wrong_topic,23,-173.16598199307919,6,-170.67082118988037
LvN9Dxq2iLY--101,wrong_topic,14,-89.25092512369156,4,-58.629747569561005
HBQwzyxvkZA--67,wrong_topic,9,-47.11518529988825,2,-22.728342309594154
QiGhWfjM2FI--1,wrong_topic,19,-107.1016591116786,9,-87.13936899602413
LvN9Dxq2iLY--168,wrong_topic,9,-30.49784966185689,4,-18.067098692059517
MYGqMojGwBE--2,wrong_topic,18,-111.95335492677987,8,-65.82470414228737
mjvqIq_fvRY--18,wrong_topic,14,-96.88218367099762,7,-82.68041181564331
m-w_78fDg9M--3,wrong_topic,17,-120.95630665123463,7,-88.20275504887104
8E-llRXuhl0--22,wrong_topic,20,-113.67973852250725,7,-93.34642744157463
lPzmjeJmsXo--2,wrong_topic,32,-152.62051115371287,13,-127.39343491010368
rYcw__0tDhw--10,wrong_topic,22,-130.4261303236708,6,-90.81321584340185
mXq8axygjdE--62,wrong_topic,9,-48.4128318503499,3,-35.28871035575867
AZ2s4Adm9RU--1,wrong_topic,28,-122.51005971059203,7,-22.84488605707884
CRJSZ2e7BU0--4,wrong_topic,25,-130.6075258422643,10,-100.46898669190705
HBQwzyxvkZA--272,wrong_topic,14,-112.33866133540869,5,-77.53553056716919
kES_ZNjFKz8--16,wrong_topic,21,-105.11563370609656,8,-91.33869748795405
MYGqMojGwBE--206,wrong_topic,13,-60.389362171292305,6,-47.189253091812134
glNqZ8w4iy8--5,wrong_topic,11,-52.68799765408039,3,-24.296264067292213
Rblg5TE6TI0--30,wrong_topic,34,-200.4335958827287,12,-129.65867680497468
809a3a5e02d1-77,wrong_topic,11,-77.38614772260189,4,-65.71464976668358
lSLqIyupXrk--5,wrong_topic,17,-125.88355781137943,7,-117.49196767807007
eabe1f38221a-48,wrong_topic,10,-66.3479821830988,3,-34.724911227822304
jLwvQ4URDFY--5,wrong_topic,11,-43.737331764772534,4,-32.972405314445496
m3Mmtpr-jjA--2,wrong_topic,11,-63.29678285121918,4,-58.88608646392822
HBQwzyxvkZA--155,wrong_topic,22,-115.5315277799964,7,-89.0666686296463
K5lgB4YzOO0--12,wrong_topic,15,-64.32131834886968,6,-41.51094341278076
Rblg5TE6TI0--1,wrong_topic,23,-130.68652035086416,7,-60.47716740146279
dkavvNigK7s--27,wrong_topic,27,-147.0475037433207,12,-126.04278736189008
NaXDBBT5pkw--3,wrong_topic,11,-56.66801881045103,4,-37.166347451508045
LvN9Dxq2iLY--164,wrong_topic,20,-90.19510841742158,8,-58.57243824005127
vZt56rnH8QQ--3,wrong_topic,11,-52.63685308722779,5,-49.89403926162049
mXq8axygjdE--67,wrong_topic,12,-69.52225176244974,4,-27.517047323286533
7byz3fdI-Ss--7,wrong_topic,18,-71.0700798779726,7,-61.524711698293686
dkavvNigK7s--9,wrong_topic,17,-95.05282889306545,6,-68.309057533741
g4GfKC7z-2M--9,wrong_topic,19,-131.20382424257696,5,-118.14739437960088
6OlSDCcwM10--20,wrong_topic,16,-72.85223231464624,8,-55.596306420862675
KI0avgGkWiU--1,wrong_topic,23,-154.64063633605838,7,-92.6441207639873
iwYL-ivQm6o--0,wrong_topic,7,-54.20108276605606,3,-24.779652178287506
OEM3CR-HYmk--19,wrong_topic,18,-64.13061989098787,4,-55.55881059914827
6OlSDCcwM10--11,wrong_topic,17,-85.47623744234443,11,-66.03216718509793
e4rWudmfrfY--0,wrong_topic,9,-76.3302925825119,1,-12.75346553325653
o44YnPMhwPU--1,wrong_topic,11,-36.472919313644525,3,-28.433664231037255
l9bZYazJQ1w--7,cross_domain,20,-108.12746189907193,7,-63.44935384020209
9b0136913690-114,cross_domain,19,-101.62447802722454,5,-53.17228884994984
ZMsnY_khlNQ--12,cross_domain,21,-111.65548902750015,7,-70.92377084493637
809a3a5e02d1-67,cross_domain,12,-85.41604208946228,4,-74.70536375045776
DP1ly_MsHHQ--36,cross_domain,18,-110.79895016923547,7,-68.43786382675171
dPuKX_lM4Zc--118,cross_domain,31,-214.11069240793586,13,-126.63763017579913
wwpptVjgAws--20,cross_domain,40,-261.9076501354575,13,-180.51368468999863
48couwymlMM--18,cross_domain,19,-100.35162441432476,8,-81.89403864741325
809a3a5e02d1-108,cross_domain,11,-32.17629978060722,4,-22.034767627716064
4DhGy83DK_s--30,cross_domain,13,-73.56508730351925,5,-65.38921332359314
rZG7T9ujMEo--0,cross_domain,28,-165.82775608915836,13,-120.19260160345584
7byz3fdI-Ss--0,cross_domain,15,-69.16201259940863,6,-47.00193032622337
eabe1f38221a-18,cross_domain,31,-218.38881640788168,9,-112.51031259354204
0kldzhToGLc--6,cross_domain,22,-136.72501737996936,8,-101.94499944522977
pMbMjjSj1fM--17,cross_domain,18,-90.16436596214771,10,-75.3830855935812
MYGqMojGwBE--267,cross_domain,17,-112.96791670564562,3,-35.887084394693375
C-cgPb_N2dY--9,cross_domain,12,-57.806798841804266,3,-32.72012462839484
ef52bca1a454-22,cross_domain,12,-71.48203570395708,4,-47.514463782310486
fulQKWknVhw--7,cross_domain,19,-57.305229854013305,7,-49.728745499800425
ijrjSBx7WTc--84,cross_domain,8,-43.96772553026676,1,-4.889472007751465
oAhfJ8yB1j0--10,cross_domain,10,-50.57451043277979,2,-30.74574875831604
Zc2bgIDZ-Ks--72,cross_domain,12,-79.21781998872757,3,-22.938762962818146
mjvqIq_fvRY--11,cross_domain,19,-106.1001597493887,7,-85.38061210885644
IoifXQnhN4E--4,cross_domain,24,-110.3683992952574,8,-68.2426698685158
HBQwzyxvkZA--276,cross_domain,20,-92.54836279153824,6,-61.73144459724426
o44YnPMhwPU--12,cross_domain,15,-93.11303924769163,5,-66.80586933344603
myIXH3PjvoI--76,cross_domain,13,-69.36696100234985,4,-38.33394908905029
faZQNy4aErk--15,cross_domain,23,-122.51156916096807,7,-54.15056988596916
Rc99bcSdhak--0,cross_domain,21,-123.1305002225563,7,-72.71036593616009
0kldzhToGLc--2,cross_domain,14,-81.19402454793453,6,-50.15469479560852
5n_IGU5rYYk--30,cross_domain,22,-122.67502258718014,7,-77.37256401777267
myIXH3PjvoI--89,cross_domain,19,-106.53284602612257,7,-71.28711371868849
S9ymb66ZqqY--9,cross_domain,25,-171.9824904203415,12,-133.1753613948822
dPuKX_lM4Zc--54,cross_domain,19,-66.3799523790367,6,-52.09509448008612
oPITLi0VKh8--10,cross_domain,16,-68.2850094102323,6,-58.608721639961004
17OIKvJmrK8--4,cross_domain,13,-102.32833308726549,6,-69.3752421811223
yb7efY9x78U--12,cross_domain,23,-116.90688713639975,5,-43.28185673803091
zu_bd3r2GIA--9,cross_domain,12,-82.2795309945941,6,-64.91330325603485
eabe1f38221a-5,cross_domain,29,-167.25676247593947,8,-68.02366542560048
QiGhWfjM2FI--31,cross_domain,24,-134.6071514901705,10,-108.51914207683876
fvHtYcL913U--3,cross_domain,11,-56.659093314781785,3,-23.738206515088677
sktRu3sp97g--4,cross_domain,20,-101.23232507798821,5,-53.837069989182055
BTqVQCBPUzg--97,cross_domain,10,-48.10102055221796,4,-40.947019413113594
hYNyIXYmoYs--17,cross_domain,24,-150.5441701337695,12,-126.89137625694275
3Pk2c_Z4ahk--1,cross_domain,9,-54.06862876564264,3,-40.75493786484003
9xc24mAlprE--1,cross_domain,16,-68.03079726919532,4,-51.17292055115104
ZMsnY_khlNQ--7,cross_domain,21,-105.38236101064831,8,-62.089424767531455
fulQKWknVhw--42,cross_domain,22,-91.87169788777828,7,-68.08441691100597
W4YzurwHpfw--6,cross_domain,14,-82.79752744361758,6,-77.83128461614251
glNqZ8w4iy8--9,cross_domain,25,-134.04022762179375,10,-88.52300596237183
o44YnPMhwPU--25,cross_domain,18,-82.47780677676201,5,-41.18745491653681
UBnqDwRds3A--2,cross_domain,13,-85.1467068195343,6,-64.28886222839355
wmTrG799MAo--19,cross_domain,13,-89.83988184854388,6,-70.2684600353241
lPzmjeJmsXo--13,cross_domain,20,-109.67587007582188,9,-108.22147531807423
ZCBew8Fv0qA--12,cross_domain,12,-72.64202041178942,5,-44.05599570274353
39at7Lxu6Yo--19,cross_domain,34,-179.66082519479096,13,-133.85672468319535
EIwWHTO5rZw--8,cross_domain,26,-175.70696876198053,9,-150.55843144655228
MYGqMojGwBE--116,cross_domain,20,-119.46106007695198,7,-79.8229622989893
BTqVQCBPUzg--47,cross_domain,10,-44.548512265086174,4,-24.94340505450964
myIXH3PjvoI--93,cross_domain,8,-56.54307609796524,4,-45.71475791931152
bU_v22EtHIU--1,cross_domain,23,-143.8299061304424,6,-99.73270391882397
uR-nzhB6D8g--2,cross_domain,15,-88.45013850927353,6,-63.9438042640686
OEM3CR-HYmk--15,cross_domain,24,-123.13066945225,7,-69.30572352558374
uR-nzhB6D8g--3,cross_domain,18,-74.62725482136011,9,-59.681528367102146
NaXDBBT5pkw--6,cross_domain,9,-43.77126902341843,4,-25.12230634689331
wefigjf46u4--2,cross_domain,14,-79.05803876370192,7,-62.656237691640854
MYGqMojGwBE--30,cross_domain,19,-101.76990177482367,4,-43.70090647786856
fYxijWb0b_s--9,cross_domain,17,-81.06308902427554,9,-56.9204157628119
Rc99bcSdhak--16,cross_domain,15,-58.67237974330783,3,-24.06389554962516
_IyhoG9jXuM--15,cross_domain,25,-154.7422926723957,7,-62.886108338832855
uYaUCNl1j10--12,cross_domain,22,-124.47608306352049,8,-95.53576637152582
o9DARfrZg2o--16,cross_domain,14,-88.31602701544762,5,-62.45440062880516
MYGqMojGwBE--42,cross_domain,19,-129.55832423642278,7,-90.51352285966277
ixXF2UGOyoU--5,cross_domain,9,-44.40759399533272,3,-23.027612656354904
BESRE5mtipE--0,cross_domain,21,-97.12175738811493,8,-90.49778610467911
8DmlFztO2XM--2,cross_domain,25,-145.15729574859142,6,-122.38394258916378
jLwvQ4URDFY--1,cross_domain,43,-242.25965591706336,14,-172.66632612235844
5QMD024bDYs--15,cross_domain,19,-95.70003825426102,7,-60.106051445007324
jLwvQ4URDFY--31,cross_domain,33,-143.89092060457915,12,-129.5582952303812
aDwdB7xHAOE--1,cross_domain,28,-185.10538844182156,10,-122.7615535648074
wSEeoT9BqE0--13,cross_domain,11,-37.85832475870848,4,-22.303526401519775
d5Lx_5-UiHY--41,cross_domain,11,-42.97942449175753,5,-36.55635447334498
BTqVQCBPUzg--18,cross_domain,9,-67.58739602565765,4,-55.525604128837585
faZQNy4aErk--62,cross_domain,12,-50.5260795596987,4,-35.01915987767279
LvN9Dxq2iLY--88,cross_domain,10,-72.1023236438632,1,-17.03511556237936
HBQwzyxvkZA--256,cross_domain,19,-75.15419505164027,6,-56.989751659333706
xFEQrtosric--18,cross_domain,19,-98.72538806311786,5,-75.45954902283847
KmW8f1GVTYY--40,cross_domain,27,-146.21864584833384,10,-96.21032170811668
nXA9Qpj2z7E--6,cross_domain,12,-66.52022380381823,3,-35.83812481164932
kytITkHoyls--7,cross_domain,39,-205.16566414874978,12,-174.6880010862369
ef52bca1a454-6,cross_domain,15,-98.9913718290627,5,-88.54177418723702
iwYL-ivQm6o--19,cross_domain,14,-91.71595171838999,5,-36.955270141363144
9b0136913690-41,cross_domain,17,-95.5928546525538,7,-70.69463563337922
K4eNr2k2Lls--1,cross_domain,29,-151.73865506984293,8,-126.87097469344735
pMbMjjSj1fM--28,cross_domain,11,-62.16302517056465,3,-51.16472193598747
MYGqMojGwBE--161,cross_domain,18,-80.12966436892748,6,-43.87887183576822
mXq8axygjdE--32,cross_domain,24,-90.85458974726498,6,-59.76627606339753
4vfboqjtAXo_d,cross_domain,18,-130.9867169186473,5,-59.22707310318947
HBQwzyxvkZA--261,cross_domain,20,-83.70735300797969,5,-46.95870876684785
CAzt5cxtSjQ--23,cross_domain,10,-80.36820383369923,6,-68.07044172286987
d5Lx_5-UiHY--51,cross_domain,15,-101.87258522212505,5,-55.23624822497368
klepEQSaeIk--9,cross_domain,18,-73.43927206099033,5,-51.25420308113098
48couwymlMM--10,cross_domain,16,-81.75385040044785,4,-77.76989343762398
K4eNr2k2Lls--0,cross_domain,11,-63.045273035764694,5,-50.90506064891815
zu_bd3r2GIA--16,cross_domain,23,-129.00940693169832,8,-91.74062842130661
ef52bca1a454-76,cross_domain,11,-63.42156172543764,4,-38.53317919373512
ixXF2UGOyoU--2,cross_domain,14,-81.8061009272933,5,-42.55499088764191
o44YnPMhwPU--37,cross_domain,17,-115.14753980189562,7,-68.33427096158266
CRJSZ2e7BU0--12,cross_domain,22,-120.05081360880286,7,-95.76811745110899
91GVHgxW8RA--2,cross_domain,8,-29.583037508651614,3,-21.38713538646698
gXa0qcoWrsQ--7,cross_domain,22,-107.41788662597537,9,-98.62717124447227
m3Mmtpr-jjA--42,cross_domain,20,-115.43143903464079,6,-59.90599884837866
lcBujGRLwE0--29,cross_domain,35,-199.00312550924718,13,-154.83709253184497
MYGqMojGwBE--205,cross_domain,23,-116.42562422342598,7,-57.20552878640592
d5Lx_5-UiHY--22,cross_domain,24,-116.01453084126115,7,-64.31604063883424
9b0136913690-89,cross_domain,12,-50.53003844618797,2,-32.35788771510124
8E-llRXuhl0--5,cross_domain,24,-155.12510126270354,6,-90.08878464996815
iGdg-iGlUFg--11,cross_domain,18,-110.03202764689922,7,-88.86944358050823
jMdxYlvrkbk--9,cross_domain,20,-113.41674454975873,8,-71.52620903775096
vbq8QbOwOt4--15,cross_domain,11,-59.58981442451477,3,-31.802734911441803
m3Mmtpr-jjA--8,cross_domain,10,-67.8457168340683,3,-45.87856435775757
o44YnPMhwPU--11,cross_domain,10,-78.83700433373451,5,-51.956322103738785
o9DARfrZg2o--12,cross_domain,12,-58.161035960540175,3,-48.647509878501296
rYcw__0tDhw--9,cross_domain,20,-126.64432095736265,5,-84.61717086285353
eabe1f38221a-51,cross_domain,10,-54.03325070440769,3,-41.97091484069824
HBQwzyxvkZA--116,cross_domain,8,-37.53688472509384,3,-25.723227381706238
LvN9Dxq2iLY--139,cross_domain,7,-33.507735311985016,2,-20.25655746459961
8w6k4jEJJlU--19,cross_domain,24,-118.71355015784502,9,-71.76954608410597
Kq5HfchSWv8--7,cross_domain,14,-49.72610655031167,4,-34.39687082520686
NDYHcIF50eE--2,cross_domain,16,-79.51223773509264,4,-43.9810488820076
809a3a5e02d1-65,cross_domain,8,-47.99044346809387,2,-14.095348358154297
AVb1VABiJJ8--18,cross_domain,12,-100.05492843687534,7,-92.89926648139954
HBQwzyxvkZA--265,cross_domain,16,-107.20972561836243,5,-46.15514701604843
ijrjSBx7WTc--59,cross_domain,9,-39.918401880189776,3,-31.5853823851794
IjeHLt1vNoM--13,cross_domain,20,-118.54845476895571,7,-70.7260719165206
BTqVQCBPUzg--122,cross_domain,17,-84.21069175004959,5,-46.95623207092285
NaXDBBT5pkw--25,cross_domain,27,-191.1690678037703,9,-105.88554981723428
4DhGy83DK_s--8,cross_domain,9,-67.11674064397812,3,-31.200281083583832
zu_bd3r2GIA--29,cross_domain,18,-130.6031695008278,5,-83.41924768686295
xFEQrtosric--19,cross_domain,19,-104.93186086113565,6,-71.2804274528753
rYcw__0tDhw--11,cross_domain,8,-53.39456973597407,3,-32.98030233383179
DP1ly_MsHHQ--25,cross_domain,21,-133.59616835042834,7,-62.59306272119284
myIXH3PjvoI--106,cross_domain,12,-59.532255448400974,4,-40.288642562925816
KI0avgGkWiU--25,cross_domain,11,-62.918146431446075,4,-48.52114221453667
-hZpPIT6N4U_d,cross_domain,17,-78.95370287913829,5,-45.15206284541637
myIXH3PjvoI--102,cross_domain,14,-70.08881938457489,4,-35.28174048662186
MYGqMojGwBE--46,cross_domain,16,-95.55455556511879,5,-44.74324357509613
3vCea9zWFek--10,cross_domain,13,-84.92098966240883,2,-27.2814359664917
MYGqMojGwBE--172,cross_domain,13,-77.7998381704092,3,-34.69077777862549
d5Lx_5-UiHY--100,cross_domain,14,-91.64326748391613,3,-27.564685912337154
iwYL-ivQm6o--5,cross_domain,15,-77.75144082307816,4,-51.515557408332825
Xmm9ZyMy12g--19,cross_domain,24,-164.0255507826805,7,-130.565932944417
hgaKby5Mha4--15,cross_domain,20,-128.8620249349624,7,-81.75627900846303
MnCcM6PZrug--9,cross_domain,15,-119.11707921582274,5,-58.56556649762206
bqE5C2tmc9c--9,cross_domain,22,-133.04915463924408,9,-94.20676174759865
OEM3CR-HYmk--0,cross_domain,21,-137.24146628379822,6,-111.22228074073792
faZQNy4aErk--82,cross_domain,20,-155.65296742226928,9,-130.25952303316444
C-cgPb_N2dY--0,cross_domain,24,-134.23620915948413,8,-65.4190518760588
AVb1VABiJJ8--10,cross_domain,23,-115.88013886846602,10,-90.66754026152194
Lt5GAA6MIuM--1,cross_domain,19,-149.03192567825317,8,-112.00434374809265
gp0w_zrLgfw--10,cross_domain,12,-82.11986589431763,6,-50.85453021526337
eBj_HUu0CNw--29,cross_domain,12,-77.03225934505463,4,-35.96231412887573
QiJgNpX3zN0--11,cross_domain,21,-127.35014582425356,8,-92.83250999450684
faZQNy4aErk--32,cross_domain,20,-115.56642650067806,5,-57.96537397801876
aDwdB7xHAOE--10,cross_domain,17,-114.56911724060774,9,-84.89851440489292
YsuSHJ3klEs--7,cross_domain,24,-105.97837813943624,8,-89.1454358547926
MYGqMojGwBE--217,cross_domain,13,-73.44217318296432,6,-44.671242415905
8DmlFztO2XM--0,cross_domain,21,-85.40618149284273,5,-65.30808691773564
gp0w_zrLgfw--20,cross_domain,28,-197.69982601888478,10,-146.14689647592604
MYGqMojGwBE--258,cross_domain,15,-89.63581548444927,5,-49.16828046552837
40BjLI5XtJE--10,cross_domain,22,-130.6452162656933,7,-62.029434042051435
fulQKWknVhw--12,cross_domain,31,-138.9113235870318,7,-61.26149022448226
myIXH3PjvoI--122,cross_domain,12,-55.64270521700382,4,-25.277014896273613
jMdxYlvrkbk--7,cross_domain,22,-104.08939860761166,6,-73.82024058699608
-X_zmve1y00--14,cross_domain,19,-127.8967787027359,8,-83.67387819290161
sktRu3sp97g--15,cross_domain,16,-75.15314918011427,7,-49.85718014836311
7byz3fdI-Ss--16,cross_domain,9,-29.597038883715868,4,-26.649792198091745
809a3a5e02d1-119,cross_domain,11,-59.93932828307152,4,-30.113653898239136
Rc99bcSdhak--14,cross_domain,8,-46.08240146934986,3,-24.659852027893066
v0g35qCOCwU--0,cross_domain,25,-145.2865667641163,10,-98.20854087546468
N6jpL7uibFI_e2,cross_domain,24,-111.94781222194433,6,-77.05407520383596
MYGqMojGwBE--282,cross_domain,16,-99.31982137262821,6,-47.6694421172142
mjvqIq_fvRY--10,cross_domain,25,-132.85584827885032,9,-104.10950966179371
lZarpnV0alw--12,cross_domain,14,-92.95778855215758,2,-65.83790771197528
mXq8axygjdE--28,cross_domain,32,-151.2912348806858,12,-107.1279461979866
IjeHLt1vNoM--3,cross_domain,20,-125.65359856188297,8,-103.75069922208786
6_yO8Lc8Hd4--16,cross_domain,21,-110.00700993835926,3,-36.6504631228745
HBQwzyxvkZA--237,cross_domain,16,-78.4904125481844,7,-61.75499139726162
CRJSZ2e7BU0--8,cross_domain,30,-172.55608488246799,10,-124.94143893197179
K4eNr2k2Lls--19,cross_domain,14,-72.48380315862596,6,-50.59698419086635
U5Tq9r7saZU--19,cross_domain,16,-87.90146432071924,5,-54.743264347314835
uYaUCNl1j10--3,cross_domain,34,-156.52842459082603,11,-125.75646082311869
3gKelnCwuj8--0,cross_domain,17,-95.39527902752161,6,-81.9753333106637
ZVE_KjrY_po--22,cross_domain,21,-101.91153124161065,8,-91.48330393619835
i4j5Bj2NL1c--11,cross_domain,28,-185.6008616052568,10,-136.00737422332168
9b0136913690-57,cross_domain,20,-95.13243149220943,4,-69.86816182732582
wwpptVjgAws--10,cross_domain,32,-210.68064706400037,11,-133.86617583408952
gp0w_zrLgfw--13,cross_domain,28,-165.1174160465598,10,-103.12435075640678
HBQwzyxvkZA--129,cross_domain,15,-51.23236664477736,6,-42.629990827292204
fqJW-F3WIYc--0,cross_domain,21,-116.49014430120587,8,-100.41812090948224
xnY08sy7Sqk--6,cross_domain,13,-73.85123155266047,4,-64.02391922473907
maCRL8WG0GQ--3,cross_domain,10,-90.49057877063751,5,-47.14252281188965
xnY08sy7Sqk--3,cross_domain,25,-173.0852384492755,9,-121.15106450766325
AVb1VABiJJ8--13,cross_domain,16,-99.73501349240541,7,-94.67782897502184
HBQwzyxvkZA--331,cross_domain,16,-62.22785650938749,4,-45.62865003198385
HBQwzyxvkZA--79,cross_domain,24,-105.99719379469752,8,-66.2899168394506
0bk98uIiTS8--18,cross_domain,15,-78.32391083240509,5,-50.67910587787628
OJxSniCPUpI--2,cross_domain,15,-92.02577131986618,6,-82.09529918432236
m-w_78fDg9M--11,cross_domain,28,-201.46380825340748,9,-114.97992773354053
mDUCHJerTtE--9,cross_domain,14,-76.45838829874992,4,-36.425748974084854
BTqVQCBPUzg--94,cross_domain,8,-50.7245306968689,2,-19.43787670135498
CAzt5cxtSjQ--13,cross_domain,23,-153.74195075035095,11,-111.13752329349518
8DmlFztO2XM--1,cross_domain,27,-143.3430690318346,10,-109.6229745298624
ZVE_KjrY_po--4,cross_domain,16,-71.53372194804251,4,-58.11619463004172
9b0136913690-78,cross_domain,20,-127.95026987791061,7,-69.18269169330597
5n_IGU5rYYk--24,cross_domain,29,-233.48271725326777,11,-107.66569721698761
HBQwzyxvkZA--131,cross_domain,18,-100.21455170959234,4,-84.90621480345726
lZarpnV0alw--2,cross_domain,21,-120.26867133565247,7,-99.78491807170212
6_yO8Lc8Hd4--5,cross_domain,25,-141.6599075961858,8,-80.95752635784447
u7wx4rUBg_k--5,cross_domain,22,-156.8501006476581,7,-97.2137301824987
w_xCnJVyPYA_e1,cross_domain,17,-107.00232412526384,5,-84.52230980107561
BTqVQCBPUzg--105,cross_domain,15,-53.01712143229088,5,-37.713465629087295
d5Lx_5-UiHY--111,cross_domain,11,-86.43456029891968,2,-28.764813899993896
HBQwzyxvkZA--330,cross_domain,33,-176.58814088627696,10,-107.34833406284451
lcBujGRLwE0--38,cross_domain,31,-163.448260422796,9,-140.64699586853385
oPITLi0VKh8--1,cross_domain,19,-95.06917835772038,7,-65.14663068950176
s_8IbRRsr0Q--0,cross_domain,35,-176.79811230674386,9,-107.79476403817534
lZarpnV0alw--11,cross_domain,18,-100.34545848146081,5,-46.86544664949179
NDYHcIF50eE--19,cross_domain,9,-40.170973621308804,2,-27.72487784549594
fqJW-F3WIYc--5,cross_domain,25,-146.36805095430464,8,-119.84835734125227
yb7efY9x78U--0,cross_domain,33,-194.5535994619131,9,-96.12184321135283
fYxijWb0b_s--28,cross_domain,16,-99.02910476922989,6,-86.51292872428894
HBQwzyxvkZA--140,cross_domain,19,-104.01572100073099,6,-97.36892072111368
ojYFIliNLGI--2,cross_domain,22,-148.89044789224863,11,-107.72715649753809
q4RnudGCU18--15,cross_domain,20,-116.68134489655495,5,-76.69427573680878
xnY08sy7Sqk--12,cross_domain,15,-72.78232809901237,5,-62.82640352845192
Zc2bgIDZ-Ks--57,cross_domain,9,-29.072578877210617,4,-20.88360333442688
QiGhWfjM2FI--18,cross_domain,23,-125.00192183442414,7,-76.72149463184178
nvfK4jQ7MH0--7,cross_domain,16,-116.33026239275932,7,-80.76485559344292
OJxSniCPUpI--19,cross_domain,17,-110.19886663556099,9,-72.8273951113224
mDUCHJerTtE--0,cross_domain,14,-106.55398735404015,5,-56.10233151912689
dPuKX_lM4Zc--114,cross_domain,8,-50.313477754592896,3,-35.85821986198425
pMbMjjSj1fM--24,cross_domain,24,-156.57059341669083,5,-138.51171720027924
AZ2s4Adm9RU--25,cross_domain,15,-91.31168946204707,5,-41.201733883004636
KmW8f1GVTYY--45,cross_domain,20,-110.70307504571974,8,-94.4400247875601
faZQNy4aErk--59,cross_domain,21,-114.70204912126064,6,-86.61511273682117
HBQwzyxvkZA--69,cross_domain,20,-115.12361134588718,8,-71.50731249153614
9b0136913690-9,cross_domain,11,-59.15810386836529,5,-44.346240520477295
ef52bca1a454-70,cross_domain,8,-47.46615256369114,3,-33.30086612701416
wUH1dDbu9B4--3,cross_domain,26,-161.5969153046608,6,-152.58040565252304
nvfK4jQ7MH0--1,cross_domain,20,-75.08309959620237,4,-33.34649298340082
HBQwzyxvkZA--229,cross_domain,17,-70.28003051131964,7,-54.02492906153202
HBQwzyxvkZA--76,cross_domain,16,-72.01204949617386,5,-40.31562477350235
1xJ_dkBcAIU--6,cross_domain,16,-121.94531062245369,7,-99.50896075367928
vyBaeFU8J_k--0,cross_domain,13,-114.29648047685623,4,-80.19780379533768
lSLqIyupXrk--15,cross_domain,15,-96.57055820524693,6,-66.8143031746149
HBQwzyxvkZA--280,cross_domain,17,-88.63665764778852,6,-55.61860752105713
0bk98uIiTS8--29,cross_domain,22,-126.02278006076813,6,-76.0357985496521
faZQNy4aErk--43,cross_domain,41,-215.45392138324678,13,-172.6170970182866
XcXCB---N9M--37,cross_domain,23,-143.13231445848942,7,-98.17080742120743
LvN9Dxq2iLY--137,cross_domain,11,-53.83777868002653,4,-37.194639794528484
_r1S90f_nsM--6,cross_domain,17,-89.23605713993311,6,-42.771920658648014
8E-llRXuhl0--17,cross_domain,20,-133.698622263968,7,-100.93812285363674
ijrjSBx7WTc--68,cross_domain,8,-37.47360718250275,3,-24.644862174987793
4DhGy83DK_s--26,cross_domain,15,-78.07341435551643,4,-42.49207094311714
oPITLi0VKh8--17,cross_domain,21,-133.11786681041121,6,-89.41974233463407
bOZ_Lap5FNA--17,cross_domain,22,-97.20710524171591,8,-74.13034831732512
4DhGy83DK_s--3,cross_domain,15,-102.97290581464767,4,-71.54180172085762
ZCBew8Fv0qA--22,cross_domain,42,-295.57946590334177,12,-200.0932184457779
klepEQSaeIk--12,cross_domain,16,-79.45586344087496,4,-40.90177509421483
lZarpnV0alw--9,cross_domain,10,-78.08922201395035,5,-66.92479234933853
o9DARfrZg2o--6,cross_domain,15,-68.46139842271805,3,-54.67503494024277
o9DARfrZg2o--3,cross_domain,18,-102.04310682415962,5,-72.44300058484077
AVb1VABiJJ8--8,cross_domain,8,-60.844362646341324,3,-34.749514013528824
ijrjSBx7WTc--42,cross_domain,8,-42.99157381057739,2,-22.833449602127075
kES_ZNjFKz8--10,cross_domain,17,-119.2976892143488,7,-78.446218252182
ckGC5hUffDU--13,cross_domain,9,-54.58696359395981,3,-30.26856940984726
fqJW-F3WIYc--16,cross_domain,43,-258.53773649036884,13,-212.4215304031968
8E-llRXuhl0--21,cross_domain,20,-133.85469956696033,9,-103.35269804298878
MYGqMojGwBE--277,cross_domain,15,-99.72695185244083,6,-56.70473571121693
myIXH3PjvoI--48,cross_domain,17,-90.6068855933845,3,-38.04575331136584
KHL0wkbu0-s--4,cross_domain,16,-121.20019686222076,6,-59.713144421577454
jC6VuHNpTLM--8,cross_domain,28,-125.55396958254278,10,-98.06677033565938
myIXH3PjvoI--52,cross_domain,12,-37.84383009746671,3,-20.397127080708742
C-cgPb_N2dY--7,cross_domain,18,-125.92144128680229,7,-102.04364466667175
myIXH3PjvoI--92,cross_domain,13,-57.64505496621132,5,-35.70839595794678
6_yO8Lc8Hd4--11,cross_domain,26,-136.75239889044315,8,-86.30824235547334
o44YnPMhwPU--26,cross_domain,23,-121.53237192332745,9,-98.78585942089558
XcXCB---N9M--40,cross_domain,28,-177.72641342878342,9,-114.2526221871376
HBQwzyxvkZA--326,cross_domain,28,-177.1221671719104,9,-100.28757095523179
dkavvNigK7s--3,cross_domain,16,-86.15890440810472,6,-64.92974713910371
LvN9Dxq2iLY--9,cross_domain,14,-71.57965669035912,4,-48.84795445203781
QiJgNpX3zN0--2,cross_domain,13,-72.55761329084635,3,-37.86253917962313
KI0avgGkWiU--14,cross_domain,21,-114.5926172323525,9,-77.86896680295467
48couwymlMM--0,cross_domain,21,-121.67408948484808,6,-98.18672122899443
XcXCB---N9M--25,cross_domain,18,-138.39186761155725,7,-92.80962959304452
myIXH3PjvoI--39,cross_domain,16,-109.8401306271553,5,-63.78581167757511
nvfK4jQ7MH0--26,cross_domain,12,-57.54800710082054,3,-32.5624540746212
MYGqMojGwBE--103,cross_domain,15,-123.32727193832397,5,-56.44943332672119
LvN9Dxq2iLY--24,cross_domain,11,-78.86407947540283,3,-30.462847232818604
Sqa3ig2NN9Q--13,cross_domain,17,-103.9628886282444,6,-61.60071811079979
809a3a5e02d1-86,cross_domain,8,-53.153390765190125,2,-18.630053400993347
MYGqMojGwBE--62,cross_domain,15,-69.57154055684805,4,-41.22553809732199
pMbMjjSj1fM--16,cross_domain,23,-131.5822526924312,11,-108.0222239382565
mXq8axygjdE--66,cross_domain,18,-71.8689399510622,4,-54.89730015397072
vbq8QbOwOt4--17,cross_domain,20,-136.7410976178944,5,-97.5818288512528
dPuKX_lM4Zc--110,cross_domain,27,-182.6132410854334,11,-131.4989234805107
eabe1f38221a-52,cross_domain,15,-90.6043975353241,6,-64.08277809619904
LvN9Dxq2iLY--210,cross_domain,18,-120.62467070296407,5,-84.09456940367818
0bk98uIiTS8--42,cross_domain,22,-135.11487548006698,10,-95.6849220986478
faZQNy4aErk--40,cross_domain,17,-118.5318216085434,7,-86.15367686748505
Kq5HfchSWv8--2,cross_domain,9,-60.414860621094704,4,-40.53541673719883
ZMsnY_khlNQ--5,cross_domain,21,-129.46070044115186,7,-109.44535871967673
80Cx4CH-AVI--4,cross_domain,22,-120.5307109542191,8,-96.19226627796888
HBQwzyxvkZA--283,cross_domain,23,-152.23750920593739,10,-98.02714045345783
Nv3WLYio7Lc--1,cross_domain,20,-130.99765512160957,5,-110.18981376104057
KHL0wkbu0-s--24,cross_domain,18,-89.13146918267012,9,-65.03348124027252
BO1ehFUMWEs--21,cross_domain,27,-189.7753518372774,9,-147.88142189383507
QXsIVtanWdw--8,cross_domain,16,-86.82041028141975,5,-66.12545055150986
jN2lbHzIneI--10,cross_domain,16,-93.80442753620446,5,-58.49245590157807
_IyhoG9jXuM--10,cross_domain,11,-64.24294242542237,4,-55.40292272251099
Kq5HfchSWv8--23,cross_domain,17,-91.00621848553419,7,-59.147419452667236
LvN9Dxq2iLY--61,cross_domain,18,-124.1057052295655,7,-89.92287732474506
T-5au9lZhYI--9,cross_domain,11,-62.50174016878009,4,-41.137913312762976
mXq8axygjdE--81,cross_domain,19,-96.10463141277432,6,-69.7099116332829
HBQwzyxvkZA--213,cross_domain,23,-77.61906039342284,8,-53.99435603246093
fYxijWb0b_s--23,cross_domain,9,-56.451195903122425,3,-26.889379501342773
a8zp7ivHwBU--8,cross_domain,15,-113.79360643029213,7,-70.90446391701698
xnY08sy7Sqk--19,cross_domain,14,-61.95081131532788,5,-49.68526744842529
9bqfEh7BD3c--14,cross_domain,7,-53.522146105766296,3,-27.538525104522705
Zc2bgIDZ-Ks--48,cross_domain,8,-47.13443624973297,3,-30.198392033576965
ZCBew8Fv0qA--4,cross_domain,15,-94.37761852145195,5,-46.67790758609772
VwsRPJN7txM--8,cross_domain,18,-119.16526858508587,9,-83.7852231413126
W4YzurwHpfw--17,cross_domain,17,-80.53216166468337,8,-69.53342792810872
HBQwzyxvkZA--120,cross_domain,11,-71.28969417512417,5,-49.397752821445465
T-5au9lZhYI--6,cross_domain,14,-71.23672415316105,6,-54.11096076667309
5QMD024bDYs--23,cross_domain,16,-93.82194739580154,7,-57.53689582645893
AVb1VABiJJ8--22,cross_domain,20,-136.17937323451042,10,-111.50690206885338
QiJgNpX3zN0--9,cross_domain,18,-103.10500606149435,7,-74.0394521355629
nXA9Qpj2z7E--16,cross_domain,20,-156.7778477370739,6,-142.86091244220734
kytITkHoyls--2,cross_domain,10,-65.4420715495944,3,-33.693505957722664
KmW8f1GVTYY--42,cross_domain,23,-128.64177650213242,8,-87.40508212894201
m3Mmtpr-jjA--9,cross_domain,19,-111.78400193154812,6,-63.97903098165989
o44YnPMhwPU--42,cross_domain,11,-44.10720497369766,3,-18.13483402132988
BTqVQCBPUzg--96,cross_domain,11,-86.92832934856415,4,-61.90935397148132
uYaUCNl1j10--0,cross_domain,26,-154.54823968745768,10,-113.83548707515001
oAhfJ8yB1j0--1,cross_domain,15,-89.4314372241497,4,-72.58888694643974
yb7efY9x78U--4,cross_domain,15,-92.6642551496625,5,-54.51158398389816
K4eNr2k2Lls--29,cross_domain,23,-121.22453253343701,6,-79.07780505344272
faZQNy4aErk--7,cross_domain,16,-114.6388031244278,4,-47.55748224258423
XcXCB---N9M--14,cross_domain,23,-113.75520386733115,7,-73.2079538423568
NaXDBBT5pkw--0,cross_domain,20,-131.92403787374496,5,-97.0343217253685
rZG7T9ujMEo--3,cross_domain,9,-44.65596491098404,2,-7.926438093185425
0bk98uIiTS8--24,cross_domain,27,-143.935119651258,8,-71.70317824929953
jN2lbHzIneI--8,cross_domain,29,-169.67085900902748,11,-108.91337066143751
wSEeoT9BqE0--16,cross_domain,27,-159.68067470565438,13,-113.48762735724449
wwpptVjgAws--2,cross_domain,13,-47.78858244419098,4,-18.502658665180206
xnY08sy7Sqk--15,cross_domain,9,-51.779200077056885,3,-28.471008777618408
eyqLkKS5Qkw--22,cross_domain,16,-100.25860598683357,7,-85.38740944862366
Sqa3ig2NN9Q--1,cross_domain,18,-128.83547184243798,5,-88.9747493006289
eabe1f38221a-65,cross_domain,14,-78.00479055941105,4,-27.325525283813477
ozS8Mx8AdH8--2,cross_domain,24,-134.6785308793187,10,-106.3787914738059
rZG7T9ujMEo--5,cross_domain,24,-124.65334780141711,8,-90.01695673167706
cw1YIV30nQM--2,cross_domain,10,-77.73799484968185,4,-54.377639293670654
MnCcM6PZrug--6,cross_domain,39,-239.8757016789168,13,-188.80544864200056
MnCcM6PZrug--4,cross_domain,23,-123.71595343970694,9,-94.51970425271429
K4eNr2k2Lls--16,cross_domain,15,-106.48429473489523,10,-104.63911604881287
W4YzurwHpfw--14,cross_domain,13,-73.5237629339099,4,-67.11251552402973
UBnqDwRds3A--18,cross_domain,23,-145.18008959293365,10,-117.32219280302525
ZVE_KjrY_po--12,cross_domain,19,-119.36163853108883,7,-58.656455501914024
IjeHLt1vNoM--6,cross_domain,29,-191.37809712812304,11,-140.0774585902691
BESRE5mtipE--14,cross_domain,11,-63.438227232545614,5,-47.27054977416992
9xc24mAlprE--12,cross_domain,9,-47.79970300197601,5,-37.563673317432404
6U9AFGakrn0--1,cross_domain,15,-92.35836920142174,5,-62.22057390213013
Lt5GAA6MIuM--14,cross_domain,12,-69.06407126784325,5,-43.77278642356396
Zc2bgIDZ-Ks--76,cross_domain,17,-85.7463412322104,3,-29.029672268778086
XcXCB---N9M--24,cross_domain,17,-129.77331399917603,5,-101.44531154632568
9xc24mAlprE--9,cross_domain,19,-75.39135272800922,6,-56.018430933356285
BESRE5mtipE--17,cross_domain,20,-104.53584077954292,10,-82.78237843513489
MYGqMojGwBE--32,cross_domain,14,-66.18457917310297,4,-50.20007542707026
Zc2bgIDZ-Ks--58,cross_domain,37,-163.01604392379522,11,-95.08396779745817
zu_bd3r2GIA--5,cross_domain,25,-136.8395549505949,4,-51.523248851299286
mjvqIq_fvRY--1,cross_domain,18,-123.13642537593842,6,-70.69008767604828
NaXDBBT5pkw--1,cross_domain,7,-36.324428260326385,2,-3.1817840933799744
vyBaeFU8J_k--15,cross_domain,28,-166.03347371541895,8,-134.03983470075764
vyBaeFU8J_k--21,cross_domain,19,-77.52390857040882,8,-61.34909364581108
3Pk2c_Z4ahk--14,cross_domain,12,-78.49589075520635,5,-52.27908696606755
ZVE_KjrY_po--23,cross_domain,11,-61.64214541018009,3,-33.13818435370922
Lt5GAA6MIuM--11,cross_domain,34,-185.56868206243962,15,-145.1878400882706
lPzmjeJmsXo--40,cross_domain,12,-60.131044030189514,7,-44.78740847110748
lPzmjeJmsXo--11,cross_domain,17,-128.11554568260908,6,-92.62553720921278
91GVHgxW8RA--18,cross_domain,25,-146.3622344341129,8,-124.49198215268552
rZG7T9ujMEo--19,cross_domain,21,-135.11355124460533,8,-85.25340628623962
36YV-IPiUXM--11,cross_domain,31,-209.342092782259,10,-163.50530502200127
Zc2bgIDZ-Ks--23,cross_domain,30,-125.127775285393,11,-85.36373256891966
3gKelnCwuj8--9,cross_domain,17,-102.87509017065167,8,-79.68924595415592
BTqVQCBPUzg--53,cross_domain,11,-67.10463989526033,5,-44.76427698135376
MYGqMojGwBE--86,cross_domain,16,-82.98248465918005,6,-48.590710958465934
R6_v5nqXuGg--0,cross_domain,23,-138.05687642097473,13,-137.94829852879047
lZarpnV0alw--4,cross_domain,20,-123.44411458828836,6,-107.15607240059762
0kldzhToGLc--0,cross_domain,21,-135.77211502566934,6,-119.21260384097695
Sqa3ig2NN9Q--8,cross_domain,16,-67.92864125594497,4,-47.30248832702637
Rblg5TE6TI0--29,cross_domain,28,-168.84716494753957,10,-106.05513800680637
nvfK4jQ7MH0--8,cross_domain,21,-140.46627210080624,10,-93.09158983826637
fYxijWb0b_s--18,cross_domain,15,-88.36710995435715,5,-54.572005569934845
HBQwzyxvkZA--267,cross_domain,7,-48.44215205311775,2,-22.91052308678627
gp0w_zrLgfw--7,cross_domain,29,-220.29119180887938,11,-124.17239071428776
3Pk2c_Z4ahk--20,cross_domain,27,-157.10775923728943,8,-132.9370417445898
Zc2bgIDZ-Ks--39,cross_domain,22,-100.50077276676893,7,-61.58837703615427
ZCBew8Fv0qA--7,cross_domain,16,-106.16035571694374,4,-79.51547735929489
MYGqMojGwBE--26,cross_domain,34,-198.7330998275429,7,-160.98183249682188
MYGqMojGwBE--36,cross_domain,10,-71.25926971435547,4,-35.76013469696045
36YV-IPiUXM--17,cross_domain,53,-310.15327429026365,14,-263.0886425897479
pMbMjjSj1fM--4,cross_domain,18,-104.07180786132812,6,-84.93896484375
809a3a5e02d1-27,cross_domain,22,-157.23758001998067,6,-63.212004244327545
9xc24mAlprE--25,cross_domain,14,-87.10926211904734,6,-65.31127989292145
0kldzhToGLc--9,cross_domain,22,-137.4831759892404,9,-98.2505281753838
aDwdB7xHAOE--13,cross_domain,17,-80.12263367976993,6,-47.769286326132715
wUH1dDbu9B4--18,cross_domain,17,-131.382704526186,7,-68.21642242372036
BO1ehFUMWEs--29,cross_domain,34,-195.95105257630348,8,-130.0812152773142
mXq8axygjdE--48,cross_domain,20,-108.09419402480125,7,-99.97876799106598
VwsRPJN7txM--7,cross_domain,11,-70.39934739470482,5,-64.76082888245583
ZMsnY_khlNQ--6,cross_domain,15,-100.56902972608805,6,-80.53238800168037
KHL0wkbu0-s--21,cross_domain,12,-63.0606437548995,5,-37.75640848278999
mjvqIq_fvRY--15,cross_domain,9,-65.55927199497819,5,-45.632835149765015
o44YnPMhwPU--6,cross_domain,9,-63.12950196117163,4,-45.802961468696594
s_8IbRRsr0Q--11,cross_domain,38,-207.49017822695896,11,-173.95443995622918
ZMsnY_khlNQ--4,cross_domain,19,-90.69288788828999,8,-68.8868347266689
9b0136913690-50,cross_domain,20,-117.17666359059513,6,-55.18689981661737
5QMD024bDYs--4,cross_domain,19,-123.22715061437339,6,-79.80449586641043
MYGqMojGwBE--19,cross_domain,10,-71.54986834526062,5,-60.857810735702515
UBnqDwRds3A--16,cross_domain,21,-163.40228080749512,8,-89.20944435894489
q4RnudGCU18--23,cross_domain,24,-158.13358932733536,8,-83.58185863494873
vyBaeFU8J_k--3,cross_domain,14,-80.4692660421133,6,-47.2335984185338
jN2lbHzIneI--15,cross_domain,23,-134.6437872685492,8,-91.43875819072127
W4YzurwHpfw--5,cross_domain,13,-72.64419265091419,5,-58.60197128355503
3vCea9zWFek--3,cross_domain,17,-95.32806892879307,5,-58.48168699629605
wwpptVjgAws--15,cross_domain,47,-276.7909305598587,13,-230.9850883614272
DF4fto_X1Y4--13,cross_domain,12,-58.00215710699558,4,-29.563608646392822
fulQKWknVhw--1,cross_domain,21,-102.12671213084832,8,-78.44187484169379
hgaKby5Mha4--34,cross_domain,21,-136.60046040266752,7,-101.9621810913086
48couwymlMM--15,cross_domain,23,-117.7680732011795,7,-79.67721274495125
i4j5Bj2NL1c--3,cross_domain,24,-146.71364805847406,11,-123.4805624037981
cw1YIV30nQM--6,cross_domain,17,-111.81756249815226,7,-77.65904742479324
fqJW-F3WIYc--8,cross_domain,12,-52.85558997094631,5,-40.934014201164246
HBQwzyxvkZA--316,cross_domain,15,-93.46678886783775,6,-74.86105055583175
LvN9Dxq2iLY--200,cross_domain,12,-75.81432807445526,5,-61.07423919439316
6MxCP_583q8_e4,cross_domain,9,-60.40369234979153,4,-50.81622478365898
HBQwzyxvkZA--57,cross_domain,21,-106.7514999806881,7,-62.56305684894323
yb7efY9x78U--15,cross_domain,23,-167.90070426277816,7,-122.63586723804474
l9bZYazJQ1w--2,cross_domain,9,-52.71276319026947,4,-35.70762598514557
3gKelnCwuj8--16,cross_domain,16,-84.90479615330696,7,-64.89102125167847
lSLqIyupXrk--7,cross_domain,11,-47.84881975501776,4,-31.543097376823425
HBQwzyxvkZA--230,cross_domain,15,-62.25423499941826,5,-31.149053275585175
q4RnudGCU18--11,cross_domain,10,-56.77583658695221,4,-37.527581214904785
AZ2s4Adm9RU--9,cross_domain,14,-101.28927886486053,5,-47.82065665721893
MYGqMojGwBE--95,cross_domain,18,-107.61660911515355,9,-89.54992606118321
17OIKvJmrK8--11,cross_domain,28,-154.95767782442272,9,-144.77033494226635
HBQwzyxvkZA--146,cross_domain,20,-92.74886470194906,7,-65.94980608299375
HBQwzyxvkZA--77,cross_domain,10,-58.1647180467844,3,-17.153076648712158
MYGqMojGwBE--235,cross_domain,8,-65.44307374954224,3,-21.358725547790527
JqYder5vRP4--0,cross_domain,11,-64.58829730382422,5,-48.995806153921876
eyqLkKS5Qkw--3,cross_domain,16,-111.57069223374128,8,-85.19014096260071
48couwymlMM--24,cross_domain,12,-70.81183203030378,5,-52.74502464104444
iGdg-iGlUFg--12,cross_domain,19,-129.58817298710346,4,-73.51604509353638
K5lgB4YzOO0--4,cross_domain,27,-168.90286752581596,9,-147.68655902147293
m3Mmtpr-jjA--34,cross_domain,16,-95.5079974476248,9,-89.53250592388213
HBQwzyxvkZA--303,cross_domain,16,-88.54289045929909,3,-65.6402839422226
Rblg5TE6TI0--19,cross_domain,23,-171.71746527776122,12,-136.93157405406237
tDrI-9pSul0--6,cross_domain,21,-120.23265673220158,9,-84.3573097139597
6_yO8Lc8Hd4--19,cross_domain,11,-69.92946290969849,3,-28.218460083007812
faZQNy4aErk--51,cross_domain,22,-156.38575272262096,8,-76.80539011955261
d5Lx_5-UiHY--85,cross_domain,25,-118.35374143719673,10,-94.5791677236557
lSLqIyupXrk--2,cross_domain,12,-87.8942174911499,6,-61.994056224823
sktRu3sp97g--3,cross_domain,15,-89.38355720043182,3,-23.856058835983276
MnCcM6PZrug--19,cross_domain,36,-237.6999198757112,11,-146.87672128155828
DP1ly_MsHHQ--2,cross_domain,20,-151.7643714696169,8,-76.62082870304585
mXq8axygjdE--65,cross_domain,15,-86.17347609996796,5,-59.75136721134186
Rblg5TE6TI0--32,cross_domain,12,-55.88143211603165,4,-42.606637969613075
4vfboqjtAXo_e3,cross_domain,14,-76.680683106184,4,-42.974700063467026
HBQwzyxvkZA--313,cross_domain,21,-138.24509058892727,5,-99.77128010988235
vyBaeFU8J_k--5,cross_domain,33,-202.0413463935256,8,-119.70902080833912
5QMD024bDYs--5,cross_domain,15,-75.88023401424289,5,-50.88804950192571
3gKelnCwuj8--7,cross_domain,16,-85.24552599713206,6,-56.36775280535221
ef52bca1a454-78,cross_domain,16,-79.18570412695408,5,-46.482063218951225
4DhGy83DK_s--17,cross_domain,28,-114.8141859541065,8,-70.8118597487337
mXq8axygjdE--64,cross_domain,14,-84.75699999928474,5,-49.84440955519676
yAAWlkm-_KA--8,cross_domain,24,-135.96927220001817,10,-76.04507809877396
BTqVQCBPUzg--81,cross_domain,16,-105.34906302392483,7,-102.36705994606018
R6_v5nqXuGg--12,cross_domain,22,-99.52425052970648,6,-66.48925980180502
iwYL-ivQm6o--7,cross_domain,17,-110.01873661205173,6,-80.19090176746249
pMbMjjSj1fM--18,cross_domain,14,-53.686262054368854,6,-48.11458926461637
aDwdB7xHAOE--2,cross_domain,19,-101.26347801834345,4,-41.01857453584671
HBQwzyxvkZA--41,cross_domain,15,-78.90203473716974,4,-48.2003206461668
LvN9Dxq2iLY--174,cross_domain,20,-143.58959356695414,6,-130.66805619001389
faZQNy4aErk--55,cross_domain,14,-101.93307337909937,7,-79.34173810482025
uY7i-Y8gxn8--5,cross_domain,22,-150.2222853899002,6,-129.42481476068497
faZQNy4aErk--31,cross_domain,18,-108.52884487062693,8,-75.6406352519989
HBQwzyxvkZA--130,cross_domain,26,-125.65641693025827,8,-96.6777535378933
5QMD024bDYs--16,cross_domain,22,-121.45249306038022,8,-88.28846253827214
0bk98uIiTS8--41,cross_domain,27,-165.09228996839374,11,-110.19739320036024
Kq5HfchSWv8--27,cross_domain,18,-93.16487503796816,4,-63.36601496487856
kES_ZNjFKz8--15,cross_domain,18,-102.64199808239937,4,-95.99882423877716
vZt56rnH8QQ--0,cross_domain,16,-104.99850686639547,9,-66.48811992257833
n12WICGyBJ4--35,cross_domain,15,-117.45193753950298,6,-75.80692945234478
MYGqMojGwBE--122,cross_domain,10,-68.54081618785858,3,-37.58459556102753
lcBujGRLwE0--8,cross_domain,29,-182.99754797294736,9,-100.55592715740204
ckGC5hUffDU--8,cross_domain,18,-130.56845175474882,5,-115.74869121611118
jN2lbHzIneI--11,cross_domain,38,-202.07931881397963,12,-156.94586265087128
MYGqMojGwBE--284,cross_domain,16,-95.7626422047615,6,-55.11989164352417
aDwdB7xHAOE--6,cross_domain,27,-184.2402877244167,9,-111.7417577537708
g4GfKC7z-2M--22,cross_domain,19,-129.17179189622402,4,-81.68350729346275
XcXCB---N9M--6,cross_domain,12,-45.07577675499488,5,-26.245301965624094
zu_bd3r2GIA--8,cross_domain,16,-71.97836080915295,5,-45.949042565887794
u7wx4rUBg_k--8,cross_domain,19,-139.1652191951871,9,-88.10567428544164
-X_zmve1y00--11,cross_domain,14,-83.22145013511181,4,-35.10244286060333
DP1ly_MsHHQ--27,cross_domain,34,-137.10456232074648,9,-102.4260337157175
MYGqMojGwBE--163,cross_domain,13,-72.4334900341928,3,-34.467408653348684
HBQwzyxvkZA--191,cross_domain,10,-52.51903545856476,3,-33.519712686538696
8E-llRXuhl0--14,cross_domain,25,-137.03263431298546,8,-95.22824966791086
LvN9Dxq2iLY--130,cross_domain,11,-65.55816841125488,4,-41.897545337677
lcBujGRLwE0--12,cross_domain,25,-120.63120077177882,8,-103.52714416012168
809a3a5e02d1-35,cross_domain,17,-125.57825982570648,8,-99.5372428894043
myIXH3PjvoI--5,cross_domain,25,-129.3927251957357,9,-83.60917500033975
ZCBew8Fv0qA--14,cross_domain,15,-79.82054994255304,4,-38.470617562532425
jC6VuHNpTLM--22,cross_domain,19,-112.42299669608474,6,-89.03841907903552
MYGqMojGwBE--241,cross_domain,27,-141.85293686389923,6,-85.09892595559359
m-w_78fDg9M--7,cross_domain,22,-170.95289564877748,7,-96.12187576293945
0kldzhToGLc--16,cross_domain,15,-78.98596991598606,7,-49.54086394608021
vbq8QbOwOt4--0,cross_domain,25,-180.99409082904458,13,-116.64050149917603
8w6k4jEJJlU--3,cross_domain,11,-81.22126960661262,5,-65.36062383558601
eGkBCS1t9-E--16,cross_domain,24,-133.89227003604174,8,-118.82284586876631
Rblg5TE6TI0--33,cross_domain,26,-152.44296633452177,11,-109.9699310362339
0Z5d6D2vBbc--3,cross_domain,12,-70.69028966128826,4,-46.35977041721344
ijrjSBx7WTc--53,cross_domain,21,-93.60142751038074,5,-73.20172231644392
HBQwzyxvkZA--169,cross_domain,17,-99.77467757463455,7,-69.164745464921
LvN9Dxq2iLY--104,cross_domain,7,-45.27420949935913,4,-36.22985363006592
vZt56rnH8QQ--9,cross_domain,15,-84.24186980724335,7,-53.8055362701416
UBnqDwRds3A--12,cross_domain,9,-67.4461392313242,2,-24.62871742248535
w_xCnJVyPYA_e3,cross_domain,13,-49.01350859552622,3,-13.391107954084873
BESRE5mtipE--10,cross_domain,14,-76.42336619272828,5,-38.767499569803476
eBj_HUu0CNw--7,cross_domain,17,-96.66483733057976,6,-64.43611950427294
mXq8axygjdE--8,cross_domain,9,-73.70788383483887,3,-42.64552974700928
jC6VuHNpTLM--10,cross_domain,19,-117.60144067183137,8,-76.56161179021001
Rc99bcSdhak--15,cross_domain,23,-131.11051745526493,8,-95.59773591719568
ef52bca1a454-75,cross_domain,9,-44.92718368768692,5,-41.26729363203049
vbq8QbOwOt4--13,cross_domain,23,-86.24939737538807,7,-85.56049255351536
vbq8QbOwOt4--5,cross_domain,25,-129.28057892248034,5,-79.10938281938434
UBnqDwRds3A--15,cross_domain,19,-145.609632153064,6,-84.23843240737915
2B2z46vgaAA--19,cross_domain,14,-67.18847840279341,5,-48.651212714612484
xnY08sy7Sqk--22,cross_domain,21,-137.05369339883327,7,-121.52171812951565
lAFiWmUUHOg--15,cross_domain,15,-102.06115604005754,5,-57.70816179178655
MYGqMojGwBE--65,cross_domain,13,-75.15350576490164,6,-62.30858846753836
zu_bd3r2GIA--12,cross_domain,17,-110.01688086986542,4,-66.11908376216888
9b0136913690-90,cross_domain,15,-81.87177945673466,4,-50.194414138793945
fqJW-F3WIYc--18,cross_domain,21,-118.23151150345802,9,-83.96528205275536
jLwvQ4URDFY--16,cross_domain,9,-58.27843905240297,3,-32.33950186520815
BO1ehFUMWEs--37,cross_domain,12,-71.28953956067562,3,-34.8585410118103
fYxijWb0b_s--5,cross_domain,12,-74.75349774956703,4,-72.40874516963959
6_yO8Lc8Hd4--3,cross_domain,36,-227.36562599241734,14,-169.82940846681595
17OIKvJmrK8--7,cross_domain,16,-133.02194161713123,7,-80.67995601892471
iGdg-iGlUFg--7,cross_domain,20,-102.33367834985256,8,-76.17622953653336
ZMsnY_khlNQ--11,cross_domain,29,-136.74336225911975,8,-108.99563832953572
-X_zmve1y00--9,cross_domain,17,-116.25615660473704,6,-63.16559795662761
fqJW-F3WIYc--11,cross_domain,28,-113.6787785179913,7,-71.28821807727218
Lt5GAA6MIuM--27,cross_domain,21,-130.764474529773,7,-88.21976140141487
tDrI-9pSul0--9,cross_domain,24,-137.83103744871914,8,-120.765246482566
maCRL8WG0GQ--9,cross_domain,18,-133.07866099476814,8,-86.2637470215559
HBQwzyxvkZA--179,cross_domain,13,-66.75011666864157,4,-34.91608073562384
C6CIPVno_yQ--10,cross_domain,22,-125.3338235616684,7,-70.52036559581757
dkavvNigK7s--13,cross_domain,29,-167.68774172477424,12,-128.9204984959215
9bqfEh7BD3c--2,cross_domain,27,-165.44589460641146,9,-116.60498142242432
spDHZsNp4RA_d,cross_domain,22,-150.50371701270342,8,-122.04239685088396
KI0avgGkWiU--9,cross_domain,23,-93.23653161711991,6,-69.5835542101413
jLwvQ4URDFY--27,cross_domain,36,-199.30390803527553,10,-137.97500062000472
BO1ehFUMWEs--30,cross_domain,37,-259.5483241826296,11,-161.73457030951977
lPzmjeJmsXo--31,cross_domain,21,-136.70134953781962,7,-90.4293120354414
vyBaeFU8J_k--8,cross_domain,11,-66.93447656929493,4,-35.187035858631134
BESRE5mtipE--19,cross_domain,21,-99.95792325027287,8,-67.08071595616639
NDYHcIF50eE--0,cross_domain,33,-185.55592761933804,15,-163.2895346954465
MYGqMojGwBE--109,cross_domain,20,-154.14768052101135,9,-139.79799962043762
9b0136913690-8,cross_domain,17,-52.66370591521263,4,-42.9351127743721
_T-35xhqSkE--11,cross_domain,17,-109.45159935951233,3,-82.76110208034515
myIXH3PjvoI--37,cross_domain,11,-50.829180639237165,3,-36.157292407006025
ozS8Mx8AdH8--13,cross_domain,21,-105.95465567230713,6,-83.70241100608837
NDYHcIF50eE--3,cross_domain,26,-109.92005901830271,12,-91.12395623372868
809a3a5e02d1-19,cross_domain,16,-90.67027577757835,7,-59.19227886199951
rYcw__0tDhw--17,cross_domain,21,-103.19552458822727,4,-35.39609602838755
HBQwzyxvkZA--311,cross_domain,16,-52.94659416563809,4,-44.00360696204007
HBQwzyxvkZA--236,cross_domain,14,-82.32804752327502,3,-56.20480537414551
wUH1dDbu9B4--29,cross_domain,18,-98.5918559730053,8,-65.87385077774525
l9bZYazJQ1w--18,cross_domain,23,-132.77299047308043,6,-83.43182983295992
faZQNy4aErk--76,cross_domain,28,-125.40992792975157,6,-80.80954975169152
dkavvNigK7s--14,cross_domain,17,-87.95481143146753,6,-50.529026716947556
YsuSHJ3klEs--14,cross_domain,17,-89.72791906446218,6,-41.32208136469126
MYGqMojGwBE--38,cross_domain,21,-129.25828958302736,6,-71.36345885694027
dPuKX_lM4Zc--107,cross_domain,12,-66.30643866956234,3,-47.69284772872925
OJxSniCPUpI--9,cross_domain,17,-87.0793476253748,4,-67.5547087341547
CRJSZ2e7BU0--10,cross_domain,17,-95.71691843867302,7,-67.89591301977634
MYGqMojGwBE--128,cross_domain,16,-88.74948531389236,5,-36.50198936462402
myIXH3PjvoI--47,cross_domain,18,-102.95455825328827,4,-77.8730491399765
cw1YIV30nQM--22,cross_domain,17,-80.05189649015665,4,-50.191406801342964
KmW8f1GVTYY--10,cross_domain,13,-75.80778238922358,6,-66.13622760772705
ijrjSBx7WTc--67,cross_domain,24,-148.2680566497147,7,-125.13828450068831
gXa0qcoWrsQ--4,cross_domain,13,-55.60298144817352,3,-41.8297004699707
Zc2bgIDZ-Ks--45,cross_domain,36,-187.3329652324319,12,-132.25836490094662
36YV-IPiUXM--10,cross_domain,39,-264.9841253310442,11,-159.79776638746262
36YV-IPiUXM--8,cross_domain,32,-175.50636626407504,10,-136.6493776626885
HBQwzyxvkZA--320,cross_domain,16,-104.02992787957191,5,-66.96216616034508
QiJgNpX3zN0--1,cross_domain,12,-65.78015127778053,4,-58.77583920955658
U5Tq9r7saZU--15,cross_domain,31,-156.60009147040546,13,-115.11968281678855
pMbMjjSj1fM--11,cross_domain,16,-134.43524953722954,7,-106.22724187374115
oPITLi0VKh8--20,cross_domain,17,-90.51660153176636,4,-46.16393084730953
ci_iGsLDZ9w_e1,cross_domain,18,-97.82132091745734,5,-80.18791053816676
NDYHcIF50eE--16,cross_domain,32,-184.66480071656406,9,-128.42916246317327
KmW8f1GVTYY--15,cross_domain,16,-111.66609003581107,6,-78.17026426829398
ci_iGsLDZ9w_d,cross_domain,8,-60.012064695358276,3,-38.163084268569946
6OlSDCcwM10--25,cross_domain,12,-62.123216331005096,3,-41.58518689870834
8w6k4jEJJlU--0,cross_domain,20,-117.84300953149796,6,-77.02219665050507
myIXH3PjvoI--97,cross_domain,17,-86.70316763967276,6,-60.96223070472479
9b0136913690-12,cross_domain,8,-51.63943392038345,2,-30.4367036819458
91GVHgxW8RA--7,cross_domain,33,-187.0677703260444,11,-149.04111727466807
eabe1f38221a-36,cross_domain,10,-56.06821858882904,3,-26.105082869529724
6_yO8Lc8Hd4--2,cross_domain,17,-121.08517206832767,7,-77.27166345715523
KmW8f1GVTYY--46,cross_domain,12,-49.40096265822649,4,-36.58159486204386
9bqfEh7BD3c--13,cross_domain,18,-101.6227898299694,5,-93.2996301651001
VwsRPJN7txM--9,cross_domain,18,-82.52956020599231,6,-63.264664818998426
QXsIVtanWdw--5,cross_domain,9,-34.68069460988045,3,-20.705263800919056
S9ymb66ZqqY--8,cross_domain,11,-68.93727469444275,5,-44.50430107116699
LvN9Dxq2iLY--33,cross_domain,12,-78.40525917708874,5,-65.70935492217541
K4eNr2k2Lls--21,cross_domain,21,-116.97959132492542,8,-107.02018323540688
wSEeoT9BqE0--21,cross_domain,34,-170.04864452034235,9,-136.30746805667877
LvN9Dxq2iLY--12,cross_domain,16,-109.75652158260345,4,-62.21240556240082
faZQNy4aErk--6,cross_domain,14,-63.86155782174319,5,-37.160753071308136
WabgM-SmPzU_e1,cross_domain,12,-57.15990997105837,4,-34.335551626980305
wmTrG799MAo--12,cross_domain,17,-102.93951685726643,6,-43.958420634269714
i4j5Bj2NL1c--13,cross_domain,14,-99.75620987918228,5,-85.66223654150963
nvfK4jQ7MH0--3,cross_domain,22,-133.8399021923542,7,-112.01829028129578
ojYFIliNLGI--0,cross_domain,23,-87.35435313498601,8,-71.09177220379934
HBQwzyxvkZA--203,cross_domain,12,-66.35790248215199,6,-52.5536924302578
vZt56rnH8QQ--1,cross_domain,11,-91.6163036134094,5,-74.24557614326477
NaXDBBT5pkw--17,cross_domain,16,-75.92736615240574,5,-53.67872330546379
9bqfEh7BD3c--23,cross_domain,20,-114.92519170045853,9,-81.37236386537552
eyqLkKS5Qkw--20,cross_domain,12,-79.28877563029528,5,-54.68947517871857
vbq8QbOwOt4--14,cross_domain,26,-144.8605679254979,13,-100.07385297119617
faZQNy4aErk--25,cross_domain,13,-78.80922306701541,2,-48.569475173950195
s_8IbRRsr0Q--13,cross_domain,12,-65.77814865112305,6,-47.392627477645874
lcBujGRLwE0--7,cross_domain,25,-150.73288779519498,7,-95.06971384398639
CAzt5cxtSjQ--17,cross_domain,15,-86.54129067063332,4,-40.36058896780014
m3Mmtpr-jjA--22,cross_domain,9,-61.436528623104095,4,-45.711492374539375
9b0136913690-67,cross_domain,8,-59.19102907180786,1,-8.175848960876465
HBQwzyxvkZA--34,cross_domain,14,-70.14717622101307,5,-46.801383912563324
HBQwzyxvkZA--151,cross_domain,15,-107.63547337800264,6,-91.03931213915348
ozS8Mx8AdH8--14,cross_domain,25,-130.37253242358565,9,-107.85538524016738
AZ2s4Adm9RU--14,cross_domain,14,-77.18168276548386,3,-48.40943855047226
KmW8f1GVTYY--48,cross_domain,12,-88.53377816081047,6,-63.47527265548706
dPuKX_lM4Zc--103,cross_domain,10,-37.95162717998028,3,-22.23605442047119
OEM3CR-HYmk--22,cross_domain,16,-57.84190195053816,3,-40.71621659398079
lcBujGRLwE0--11,cross_domain,28,-164.34421219304204,9,-146.37870190292597
d5Lx_5-UiHY--101,cross_domain,8,-44.95603021606803,1,-7.917064037173986
vZt56rnH8QQ--8,cross_domain,27,-178.36852842010558,12,-98.11996278725564
BO1ehFUMWEs--7,cross_domain,18,-108.14463573694229,6,-86.85256385803223
HBQwzyxvkZA--99,cross_domain,11,-47.48490123904776,5,-40.91026793047786
s_8IbRRsr0Q--22,cross_domain,13,-75.7764111161232,5,-46.48181840777397
fvHtYcL913U--15,cross_domain,13,-69.80063514783978,5,-41.65329398214817
sktRu3sp97g--2,cross_domain,11,-66.78380835801363,6,-45.29768285155296
BO1ehFUMWEs--10,cross_domain,27,-173.72852199152112,6,-119.47486271336675
lSLqIyupXrk--18,cross_domain,23,-132.70208831876516,8,-106.05988746881485
xFEQrtosric--9,cross_domain,9,-58.85921198502183,4,-42.312689542770386
ef52bca1a454-29,cross_domain,10,-45.860857874155045,3,-22.662699669599533
q4RnudGCU18--28,cross_domain,30,-213.72326347976923,14,-147.9540423154831
HBQwzyxvkZA--93,cross_domain,15,-84.8348753452301,6,-52.64989876747131
ijrjSBx7WTc--51,cross_domain,20,-79.4891862384975,7,-62.61259300634265
U5Tq9r7saZU--13,cross_domain,33,-192.7020805575885,11,-161.0532520734705
d5Lx_5-UiHY--73,cross_domain,11,-59.82486045360565,3,-36.97851896286011
s_8IbRRsr0Q--25,cross_domain,19,-111.31287082284689,7,-59.17085199058056
LvN9Dxq2iLY--17,cross_domain,13,-101.3581064492464,3,-56.867958545684814
lcBujGRLwE0--19,cross_domain,31,-190.02410440146923,12,-148.4306138753891
9bqfEh7BD3c--18,cross_domain,12,-97.61072943359613,4,-52.019307136535645
iwYL-ivQm6o--16,cross_domain,20,-108.9035958237946,5,-58.95610587671399
myIXH3PjvoI--115,cross_domain,16,-85.35235073044896,7,-61.76122498512268
gXa0qcoWrsQ--23,cross_domain,23,-122.68562144087628,6,-85.48698442755267
hYNyIXYmoYs--0,cross_domain,14,-105.88145431876183,5,-74.71241915225983
40BjLI5XtJE--1,cross_domain,12,-87.32246803492308,5,-51.44644736498594
Zc2bgIDZ-Ks--28,cross_domain,16,-54.2795105278492,6,-51.728578209877014
vbq8QbOwOt4--18,cross_domain,21,-126.5664594322443,8,-61.50197730958462
fulQKWknVhw--25,cross_domain,23,-138.03375649265945,7,-65.97229175083339
n12WICGyBJ4--17,cross_domain,11,-76.3591118529439,5,-70.63366324454546
OEM3CR-HYmk--8,cross_domain,9,-75.68858516216278,3,-25.759433269500732
6OlSDCcwM10--0,cross_domain,14,-93.4327771961689,4,-47.250550389289856
K4eNr2k2Lls--31,cross_domain,18,-131.2428560256958,7,-88.24982738494873
8DmlFztO2XM--4,cross_domain,22,-134.35743747651577,7,-103.36414700746536
gXa0qcoWrsQ--1,cross_domain,29,-174.7025907933712,8,-157.17753413319588
6_yO8Lc8Hd4--18,cross_domain,33,-156.54767363742576,7,-91.67104643062339
dPuKX_lM4Zc--81,cross_domain,19,-116.0426489263773,6,-61.52785402536392
egjhIFJbR2I--1,cross_domain,17,-86.05998331308365,5,-82.2197499871254
3vCea9zWFek--8,cross_domain,15,-54.088077411055565,4,-41.306733302772045
2B2z46vgaAA--25,cross_domain,9,-52.81344309449196,4,-40.78415039181709
QiGhWfjM2FI--29,cross_domain,13,-107.84543180465698,6,-72.9743766784668
wefigjf46u4--7,cross_domain,22,-133.55920309573412,9,-74.55377453565598
MYGqMojGwBE--188,cross_domain,10,-48.761885568499565,4,-30.482605665922165
Kq5HfchSWv8--3,cross_domain,10,-66.53505504131317,3,-31.545268654823303
5n_IGU5rYYk--31,cross_domain,24,-120.85462862998247,11,-87.6181041970849
HBQwzyxvkZA--43,cross_domain,13,-82.68640601634979,4,-37.08022725582123
7byz3fdI-Ss--10,cross_domain,16,-95.80814896570519,5,-50.89871316449717
mjvqIq_fvRY--2,cross_domain,20,-107.05860174447298,8,-54.66880267113447
Lt5GAA6MIuM--8,cross_domain,19,-120.92542560398579,5,-57.07586158812046
uR-nzhB6D8g--11,cross_domain,13,-75.31674877554178,5,-53.641871243715286
vyBaeFU8J_k--16,cross_domain,25,-134.14122614543885,6,-50.7486903546378
myIXH3PjvoI--85,cross_domain,21,-121.60626808460802,7,-94.15172646846622
gW1N-ttBBTo--2,cross_domain,9,-56.59096121788025,2,-16.335094928741455
K4eNr2k2Lls--30,cross_domain,29,-168.61766047403216,9,-128.92232042178512
s_8IbRRsr0Q--20,cross_domain,21,-98.1632189527154,10,-79.61290402151644
rZG7T9ujMEo--13,cross_domain,12,-58.996161341667175,4,-47.46408128738403
_IyhoG9jXuM--1,cross_domain,17,-103.80389051139355,8,-80.21572260558605
6OlSDCcwM10--15,cross_domain,18,-138.5272717475891,7,-124.75270342826843
OtlvzXZG_Uk_e1,cross_domain,15,-95.3635187074542,4,-74.7583777308464
iwYL-ivQm6o--8,cross_domain,9,-49.37852035462856,4,-27.88811845332384
Lt5GAA6MIuM--4,cross_domain,25,-147.58867505192757,8,-115.13615655899048
mDUCHJerTtE--6,cross_domain,23,-157.43005746603012,8,-118.59832763671875
BTqVQCBPUzg--107,cross_domain,21,-102.5697213485837,8,-71.99427504092455
80Cx4CH-AVI--17,cross_domain,8,-47.6363879442215,6,-34.763418316841125
0Z5d6D2vBbc--11,cross_domain,35,-257.16929989121854,13,-175.89252798445523
BTqVQCBPUzg--110,cross_domain,8,-64.23580241203308,3,-42.76426601409912
lZarpnV0alw--14,cross_domain,11,-80.78369069099426,4,-40.05160999298096
mjvqIq_fvRY--22,cross_domain,20,-130.21598528698087,9,-94.59265024214983
g4GfKC7z-2M--7,cross_domain,20,-137.73116210103035,7,-111.69742628931999
gp0w_zrLgfw--17,cross_domain,29,-162.418508162722,10,-92.25915408693254
UBnqDwRds3A--8,cross_domain,25,-132.13673618622124,7,-76.73027222044766
MYGqMojGwBE--219,cross_domain,10,-83.37527704238892,4,-39.49925470352173
809a3a5e02d1-116,cross_domain,9,-53.33284518867731,3,-32.624976098537445
ckGC5hUffDU--5,cross_domain,15,-96.0782647356391,5,-42.92094383388758
faZQNy4aErk--18,cross_domain,23,-137.43465289473534,7,-133.6263309419155
uYaUCNl1j10--8,cross_domain,25,-113.20546454004943,10,-77.29941340349615
jN2lbHzIneI--4,cross_domain,31,-204.95195512892678,10,-184.28402795316651
LvN9Dxq2iLY--86,cross_domain,12,-91.15249538421631,2,-65.11760812997818
Zc2bgIDZ-Ks--85,cross_domain,25,-147.3961359411478,6,-98.86935418099165
m3Mmtpr-jjA--38,cross_domain,26,-132.91571784764528,11,-113.28014119714499
q4RnudGCU18--13,cross_domain,26,-156.9493120815605,9,-103.81463641487062
aDwdB7xHAOE--5,cross_domain,15,-93.01517510414124,4,-77.06050753593445
s_8IbRRsr0Q--8,cross_domain,8,-50.81800565123558,2,-20.76490306854248
C-cgPb_N2dY--3,cross_domain,12,-71.36976618133485,6,-47.733934884890914
sktRu3sp97g--11,cross_domain,19,-112.10172506421804,7,-85.69767083227634
4DhGy83DK_s--13,cross_domain,17,-87.12449200451374,5,-62.29504984617233
MYGqMojGwBE--182,cross_domain,18,-122.08858820889145,7,-76.22435073554516
l9bZYazJQ1w--16,cross_domain,12,-83.10240478813648,5,-43.88637116551399
Xmm9ZyMy12g--8,cross_domain,16,-88.39681506156921,4,-74.64289426803589
C6CIPVno_yQ--20,cross_domain,22,-139.89152431325056,9,-114.88097953237593
DF4fto_X1Y4--2,cross_domain,14,-67.51776801794767,5,-54.1273298561573
HBQwzyxvkZA--100,cross_domain,12,-39.47803661972284,2,-7.2026448249816895
dkavvNigK7s--30,cross_domain,14,-75.59445751085877,6,-62.40612978115678
4DhGy83DK_s--35,cross_domain,28,-111.53150381194428,6,-51.63996037887409
ZVE_KjrY_po--8,cross_domain,23,-133.77706374228,9,-98.90710943937302
lPzmjeJmsXo--14,cross_domain,27,-204.4821653664112,10,-150.63872063159943
d5Lx_5-UiHY--36,cross_domain,12,-51.19364232569933,4,-19.68057155609131
xFEQrtosric--2,cross_domain,26,-166.2201941087842,9,-135.4194468408823
MYGqMojGwBE--215,cross_domain,15,-93.04929572343826,6,-34.902568340301514
6_yO8Lc8Hd4--6,cross_domain,29,-140.60425644088537,10,-110.97452591080219
vbq8QbOwOt4--1,cross_domain,16,-102.49967219680548,6,-51.09731900691986
5n_IGU5rYYk--2,cross_domain,20,-118.6367604508996,8,-88.39061276614666
ZMsnY_khlNQ--15,cross_domain,9,-70.69462858885527,2,-19.648849487304688
myIXH3PjvoI--4,cross_domain,14,-56.4100530333817,6,-35.663945972919464
q4RnudGCU18--26,cross_domain,28,-129.67536536604166,10,-94.49489675462246
HBQwzyxvkZA--165,cross_domain,12,-80.53591793775558,4,-63.338198363780975
o9DARfrZg2o--1,cross_domain,21,-144.74025091528893,8,-100.89756020903587
uR-nzhB6D8g--1,cross_domain,16,-55.32429273240268,6,-33.39454562216997
RIwfym39VVM_e3,cross_domain,21,-107.03382039815187,6,-62.79014229774475
wwpptVjgAws--0,cross_domain,29,-109.2925579524599,13,-87.16333010559902
9b0136913690-52,cross_domain,14,-68.45648313313723,3,-29.90953654050827
Lt5GAA6MIuM--17,cross_domain,22,-131.82652719318867,10,-102.6857108771801
klepEQSaeIk--1,cross_domain,36,-207.85512509569526,11,-119.57144587486982
Lt5GAA6MIuM--28,cross_domain,13,-82.28150868415833,4,-50.81181871891022
ef52bca1a454-8,cross_domain,13,-98.51429195702076,6,-70.0542402267456
jLwvQ4URDFY--14,cross_domain,34,-217.86469999980181,10,-157.37002744805068
LvN9Dxq2iLY--82,cross_domain,14,-79.27143090590835,4,-31.98123098537326
iwYL-ivQm6o--11,cross_domain,14,-70.17790335416794,4,-31.91331958770752
9b0136913690-59,cross_domain,16,-87.76891480386257,4,-81.33153031766415
KmW8f1GVTYY--33,cross_domain,13,-83.89750981330872,5,-75.19558656215668
NDYHcIF50eE--11,cross_domain,20,-109.97778916358948,3,-55.853335469961166
MYGqMojGwBE--279,cross_domain,9,-43.17166137509048,5,-35.02612161450088
tDrI-9pSul0--10,cross_domain,29,-249.17875695228577,10,-225.89378118515015
5n_IGU5rYYk--32,cross_domain,31,-192.45212503150105,7,-55.42093989625573
ijrjSBx7WTc--23,cross_domain,26,-163.28377153724432,9,-111.62982422113419
a8zp7ivHwBU--4,cross_domain,18,-96.75507334060967,6,-81.24857378005981
9bqfEh7BD3c--24,cross_domain,18,-119.75560381263494,5,-86.3992582783103
U5Tq9r7saZU--29,cross_domain,21,-128.18053151667118,11,-101.14115273952484
wSEeoT9BqE0--14,cross_domain,27,-206.05789589881897,8,-157.34187462180853
QiGhWfjM2FI--9,cross_domain,24,-114.04474492103327,11,-99.99246455461252
809a3a5e02d1-64,cross_domain,14,-89.95081334467977,4,-66.28228091355413
ckGC5hUffDU--6,cross_domain,26,-134.7998205125332,6,-94.71055868268013
o44YnPMhwPU--36,cross_domain,22,-93.06659726798534,11,-82.36360111832619
HBQwzyxvkZA--193,cross_domain,9,-31.8002447783947,4,-25.0691157579422
Kq5HfchSWv8--36,cross_domain,16,-87.10179075598717,4,-54.28532212972641
ZCBew8Fv0qA--3,cross_domain,13,-57.9829872623086,3,-34.760111935436726
91GVHgxW8RA--33,cross_domain,22,-92.14168879576027,6,-43.5699457898736
MYGqMojGwBE--211,cross_domain,13,-95.95007944107056,7,-56.78610801696777
hgaKby5Mha4--28,cross_domain,25,-147.054051136598,8,-84.15363380499184
-X_zmve1y00--1,cross_domain,12,-49.68084256723523,3,-33.46586060896516
hgaKby5Mha4--1,cross_domain,23,-135.60150980204344,8,-88.95823426544666
BO1ehFUMWEs--1,cross_domain,21,-136.843918338418,6,-110.9622064679861
OEM3CR-HYmk--3,cross_domain,12,-79.5461168512702,3,-42.73753046989441
R6_v5nqXuGg--5,cross_domain,18,-104.0028567314148,6,-74.61809635162354
rZG7T9ujMEo--2,cross_domain,14,-99.15277022123337,6,-71.23418045043945
HBQwzyxvkZA--143,cross_domain,9,-42.09838292002678,4,-35.76373291015625
HBQwzyxvkZA--319,cross_domain,22,-109.66362461075187,7,-74.24555800482631
3vCea9zWFek--39,cross_domain,23,-133.71187734603882,9,-91.50295948982239
tDrI-9pSul0--11,cross_domain,12,-81.02649562060833,6,-55.66101424396038
kxz4AA9lNmY_e4,cross_domain,17,-101.05728244036436,4,-80.44757794588804
zu_bd3r2GIA--28,cross_domain,14,-85.97787769138813,5,-70.92448122799397
Xmm9ZyMy12g--13,cross_domain,22,-140.44340080022812,6,-105.87999653816223
NTc0m4Q1-xU--0,cross_domain,17,-104.42002531886101,7,-70.55107205361128
9xc24mAlprE--14,cross_domain,23,-122.72873336449265,9,-86.5657233633101
Rc99bcSdhak--5,cross_domain,37,-183.37192750070244,11,-138.5264016846195
HBQwzyxvkZA--286,cross_domain,24,-153.4800142608583,10,-97.88798508048058
Zc2bgIDZ-Ks--79,cross_domain,15,-75.45360805094242,4,-46.94789385795593
wefigjf46u4--10,cross_domain,8,-49.59385395050049,2,-22.968324661254883
wSEeoT9BqE0--2,cross_domain,20,-68.70952201751061,7,-58.94452697155066
o9DARfrZg2o--0,cross_domain,21,-140.4543463587761,7,-114.37668317556381
DP1ly_MsHHQ--15,cross_domain,30,-140.90555280586705,7,-112.94853808125481
C-cgPb_N2dY--16,cross_domain,21,-112.67293217778206,7,-67.6886051595211
6U9AFGakrn0--5,cross_domain,14,-80.22400361299515,4,-28.899345070123672
0kldzhToGLc--15,cross_domain,10,-57.712806187570095,3,-21.953980915248394
oyWhLo5brto--1,cross_domain,21,-123.51340433955193,9,-70.86662550270557
bqE5C2tmc9c--13,cross_domain,14,-123.39671784639359,6,-77.80961555242538
ijrjSBx7WTc--32,cross_domain,21,-103.46289211511612,7,-86.2590137720108
MYGqMojGwBE--149,cross_domain,17,-112.18875390291214,3,-53.18245583772659
n12WICGyBJ4--43,cross_domain,17,-79.82396824471653,6,-73.14249826036394
Zc2bgIDZ-Ks--43,cross_domain,19,-133.74348801374435,4,-51.47149097919464
IjeHLt1vNoM--9,cross_domain,20,-121.61832513660192,6,-70.68970012664795
rYcw__0tDhw--1,cross_domain,33,-157.77859479561448,8,-115.12282672896981
Sqa3ig2NN9Q--4,cross_domain,14,-98.85558099299669,5,-74.50043792277575
IjeHLt1vNoM--17,cross_domain,15,-81.57189770787954,5,-51.69263186305761
9b0136913690-70,cross_domain,12,-84.43274909257889,3,-37.525874376297
Kq5HfchSWv8--28,cross_domain,15,-76.28151423111558,4,-29.994255781173706
ojYFIliNLGI--9,cross_domain,16,-81.90390569716692,6,-49.35849250853062
m3Mmtpr-jjA--30,cross_domain,23,-113.93049849197268,9,-82.95635926350951
6u-ZspWSpwE--14,cross_domain,17,-106.5273840278387,6,-72.94250200688839
HBQwzyxvkZA--111,cross_domain,13,-87.72054943442345,5,-61.300660133361816
xFJw5GMtlCk--4,cross_domain,8,-44.59624397754669,1,-10.990862101316452
U5Tq9r7saZU--18,cross_domain,18,-101.91121342033148,5,-73.21673858165741
QiJgNpX3zN0--17,cross_domain,11,-76.01574562489986,4,-43.08104382455349
9bqfEh7BD3c--9,cross_domain,19,-94.9744338626042,7,-64.75060024205595
5n_IGU5rYYk--17,cross_domain,31,-187.0295230448246,11,-119.14288990199566
kES_ZNjFKz8--18,cross_domain,12,-66.45064640045166,4,-49.226149559020996
nvfK4jQ7MH0--19,cross_domain,12,-76.7817197740078,3,-50.250959008932114
LvN9Dxq2iLY--71,cross_domain,26,-122.42920830845833,6,-53.927338533103466
aDwdB7xHAOE--8,cross_domain,19,-119.71459912508726,9,-89.85188243538141
HBQwzyxvkZA--1,cross_domain,10,-33.24191095866263,2,-13.060294711962342
gW1N-ttBBTo--6,cross_domain,30,-164.0458481758833,9,-135.23204508423805
ef52bca1a454-57,cross_domain,17,-95.68466393649578,5,-37.32837271690369
_r1S90f_nsM--13,cross_domain,13,-65.7913913950324,4,-27.69572577625513
Xmm9ZyMy12g--12,cross_domain,16,-90.45096346735954,3,-36.63134928047657
fulQKWknVhw--29,cross_domain,34,-192.21314629528206,12,-156.06466471019667
BTqVQCBPUzg--116,cross_domain,10,-47.295935021713376,2,-15.502157973125577
Zc2bgIDZ-Ks--9,cross_domain,16,-74.98181998170912,4,-45.95967502333224
eBj_HUu0CNw--22,cross_domain,13,-87.76475400850177,5,-68.03809555992484
K4eNr2k2Lls--33,cross_domain,29,-188.9438510015607,10,-148.39918018877506
jMdxYlvrkbk--10,cross_domain,24,-153.30658505111933,9,-123.7918196991086
jLwvQ4URDFY--3,cross_domain,28,-165.92503520660102,14,-125.96384141407907
R6_v5nqXuGg--14,cross_domain,18,-121.44848620891571,7,-93.11443567276001
Sqa3ig2NN9Q--25,cross_domain,20,-117.37080293893814,3,-68.48800766468048
gW1N-ttBBTo--10,cross_domain,37,-196.96368753397837,12,-154.300763706211
cw1YIV30nQM--20,cross_domain,21,-139.68252639472485,7,-80.13905330747366
BESRE5mtipE--1,cross_domain,20,-90.8848490640521,5,-54.243917755782604
KHL0wkbu0-s--8,cross_domain,24,-144.3049076795578,9,-100.16561102867126
eGkBCS1t9-E--20,cross_domain,22,-115.3698015883565,5,-88.75892943143845
EIwWHTO5rZw--14,cross_domain,13,-75.50795736908913,4,-34.701810121536255
eBj_HUu0CNw--24,cross_domain,17,-91.791339866817,6,-54.69422382116318
gXa0qcoWrsQ--12,cross_domain,21,-109.27808439359069,6,-83.76457374170423
80Cx4CH-AVI--8,cross_domain,21,-140.91123044490814,6,-111.45863205194473
ckGC5hUffDU--2,cross_domain,19,-115.40429718792439,5,-109.41273386776447
K5lgB4YzOO0--6,cross_domain,19,-87.38303020992316,5,-62.86042947717942
-X_zmve1y00--12,cross_domain,18,-112.85118806362152,8,-88.99326413869858
xFEQrtosric--7,cross_domain,25,-122.56982822332066,10,-117.45220018539112
HBQwzyxvkZA--121,cross_domain,22,-109.33297347277403,7,-75.04124228656292
bOZ_Lap5FNA--11,cross_domain,19,-142.7632852718234,9,-95.57968060672283
rYcw__0tDhw--2,cross_domain,21,-123.7041330114007,8,-90.02586317062378
xFJw5GMtlCk--10,cross_domain,24,-101.64201982691884,7,-74.4314678311348
9b0136913690-106,cross_domain,8,-47.4978688955307,3,-23.260245084762573
rZG7T9ujMEo--21,cross_domain,9,-47.48329538106918,2,-19.184762001037598
mXq8axygjdE--51,cross_domain,36,-151.48086441215128,15,-111.62233879324049
m-w_78fDg9M--18,cross_domain,17,-114.35887491703033,4,-45.45669823884964
XcXCB---N9M--3,cross_domain,20,-135.81090635061264,6,-82.00000059604645
K4eNr2k2Lls--2,cross_domain,16,-70.86120358831249,6,-55.03457582718693
BTqVQCBPUzg--154,cross_domain,8,-34.44846750795841,3,-24.913782998919487
Zc2bgIDZ-Ks--60,cross_domain,17,-70.76115289283916,6,-52.90562626672909
gW1N-ttBBTo--7,cross_domain,28,-182.3175327051431,10,-154.25912992842495
0bk98uIiTS8--32,cross_domain,30,-181.85463607264683,12,-159.0284206266515
BTqVQCBPUzg--148,cross_domain,12,-80.6511026546359,6,-51.00863515585661
lAFiWmUUHOg--25,cross_domain,27,-130.09539564698935,6,-94.12050112336874
bGqx2eKgdB0_e4,cross_domain,10,-61.33280175924301,3,-37.402125895023346
ZVE_KjrY_po--21,cross_domain,8,-52.41568887233734,2,-24.981348872184753
BTqVQCBPUzg--34,cross_domain,13,-58.922579646110535,4,-40.3142364025116
XcXCB---N9M--20,cross_domain,30,-164.83096835762262,8,-113.00461541116238
o9DARfrZg2o--9,cross_domain,13,-87.8218754529953,3,-33.486026763916016
HBQwzyxvkZA--228,cross_domain,13,-81.2574709802866,4,-68.71883557736874
80Cx4CH-AVI--2,cross_domain,29,-165.65620576404035,11,-121.82348053716123
Zc2bgIDZ-Ks--12,cross_domain,11,-71.71457281708717,3,-14.266114860773087
vbq8QbOwOt4--7,cross_domain,17,-75.36501536890864,6,-36.58958404138684
HBQwzyxvkZA--291,cross_domain,31,-148.87522600963712,9,-107.94673274084926
i4j5Bj2NL1c--9,cross_domain,19,-101.73066021129489,6,-62.49537334963679
5QMD024bDYs--8,cross_domain,21,-85.2270218078047,6,-71.35656883008778
faZQNy4aErk--44,cross_domain,24,-138.4944011196494,9,-110.09790492802858
oPITLi0VKh8--18,cross_domain,13,-68.46344183385372,5,-56.34842789173126
Xmm9ZyMy12g--14,cross_domain,16,-76.2072194442153,5,-40.33383226394653
-X_zmve1y00--29,cross_domain,11,-63.33146400609985,4,-52.62518997350708
HBQwzyxvkZA--278,cross_domain,12,-69.79229402542114,5,-48.148441791534424
OEM3CR-HYmk--2,cross_domain,13,-82.4079230427742,4,-61.58016663789749
1xJ_dkBcAIU--20,cross_domain,20,-114.26342423912138,6,-85.16806697845459
IoifXQnhN4E--5,cross_domain,9,-68.46943509578705,5,-48.67345988750458
jMdxYlvrkbk--6,cross_domain,15,-88.42324757575989,5,-45.573439717292786
q4RnudGCU18--5,cross_domain,22,-117.91427970305085,6,-91.0924839116633
lcBujGRLwE0--30,cross_domain,25,-131.62237334810197,9,-85.84871603362262
egjhIFJbR2I--8,cross_domain,16,-96.21104871109128,5,-51.674324084073305
oAhfJ8yB1j0--5,cross_domain,27,-156.61200822144747,10,-148.08100399374962
klepEQSaeIk--15,cross_domain,11,-65.03400830924511,6,-55.870551228523254
Rc99bcSdhak--27,cross_domain,30,-180.93249370530248,10,-119.77917838096619
iwYL-ivQm6o--3,cross_domain,29,-168.47182137146592,9,-121.09201514720917
MYGqMojGwBE--248,cross_domain,24,-151.78309920895845,8,-89.23414564598352
mjvqIq_fvRY--12,cross_domain,23,-124.29225300997496,6,-87.16291396319866
s_8IbRRsr0Q--1,cross_domain,28,-155.33534480724484,8,-95.81864477787167
6OlSDCcwM10--2,cross_domain,7,-31.558676689863205,2,-19.221886336803436
m3Mmtpr-jjA--44,cross_domain,24,-145.16245522722602,6,-81.88378801941872
9b0136913690-31,cross_domain,17,-85.88244854658842,5,-46.096757762134075
HBQwzyxvkZA--207,cross_domain,13,-67.10771267861128,4,-41.46566937118769
Nv3WLYio7Lc--9,cross_domain,17,-110.95464515127242,5,-69.49725436605513
Nv3WLYio7Lc--14,cross_domain,11,-65.19540213048458,5,-48.53283213078976
hYNyIXYmoYs--2,cross_domain,19,-103.9991112947464,8,-79.26174166798592
ef52bca1a454-69,cross_domain,9,-52.61206179857254,3,-32.06319522857666
HBQwzyxvkZA--90,cross_domain,11,-83.4609462171793,4,-35.78570236265659
C6CIPVno_yQ--21,cross_domain,22,-111.5849478431046,8,-86.88847188279033
LvN9Dxq2iLY--26,cross_domain,22,-171.17575715482235,7,-162.5883640795946
HBQwzyxvkZA--318,cross_domain,18,-96.65185278654099,8,-72.52019089460373
zu_bd3r2GIA--30,cross_domain,18,-107.34737222455442,7,-72.6954621579498
oAhfJ8yB1j0--3,cross_domain,23,-155.30623245239258,6,-132.54389488697052
5n_IGU5rYYk--6,cross_domain,17,-77.35161513835192,6,-41.16032017022371
nvfK4jQ7MH0--27,cross_domain,17,-91.77499533444643,7,-74.34737187623978
kytITkHoyls--15,cross_domain,21,-113.02609749138355,5,-57.18205792829394
dPuKX_lM4Zc--120,cross_domain,31,-232.06659493222833,13,-137.20765743032098
5n_IGU5rYYk--3,cross_domain,21,-103.08170363120735,7,-79.70262192003429
dPuKX_lM4Zc--129,cross_domain,23,-157.30507631227374,9,-92.64614772424102
9xc24mAlprE--26,cross_domain,18,-132.2746031358838,5,-118.7890291288495
oyWhLo5brto--5,cross_domain,21,-73.69922057294752,5,-36.585526842973195
ojYFIliNLGI--16,cross_domain,37,-215.21713291667402,13,-161.86804122291505
LvN9Dxq2iLY--124,cross_domain,18,-102.16067992150784,4,-54.195420026779175
lcBujGRLwE0--4,cross_domain,34,-148.72545568831265,12,-124.20294130779803
wwpptVjgAws--7,cross_domain,39,-255.00187747180462,10,-205.9797988831997
Kq5HfchSWv8--18,cross_domain,16,-76.66437086462975,4,-28.139090716838837
mjvqIq_fvRY--6,cross_domain,27,-156.24375193566084,10,-119.73466473817825
Nv3WLYio7Lc--13,cross_domain,30,-163.93392635509372,7,-94.58343782648444
6_yO8Lc8Hd4--7,cross_domain,14,-90.58232974261045,6,-56.61331379413605
0Z5d6D2vBbc--6,cross_domain,17,-88.26853340119123,8,-63.805123187601566
80Cx4CH-AVI--11,cross_domain,28,-152.7103761220351,9,-81.64984207320958
xFJw5GMtlCk--5,cross_domain,24,-132.0868856087327,10,-66.73627408593893
9b0136913690-80,cross_domain,17,-84.56664258241653,4,-27.794907093048096
AVb1VABiJJ8--9,cross_domain,19,-99.4161615818739,7,-59.252630934119225
xFEQrtosric--4,cross_domain,14,-79.55080032348633,4,-33.71605357527733
iGdg-iGlUFg--2,cross_domain,42,-264.6053633131087,12,-168.62240850925446
wUH1dDbu9B4--26,cross_domain,23,-162.82264982908964,6,-155.46413981169462
LvN9Dxq2iLY--101,cross_domain,14,-86.09167212247849,4,-57.265541195869446
HBQwzyxvkZA--67,cross_domain,9,-45.1137862096075,2,-18.702549532055855
QiGhWfjM2FI--1,cross_domain,19,-137.20674462616444,9,-89.28220251947641
LvN9Dxq2iLY--168,cross_domain,9,-40.80724470317364,4,-24.270076021552086
MYGqMojGwBE--2,cross_domain,18,-109.42981863208115,8,-68.56118542142212
mjvqIq_fvRY--18,cross_domain,14,-96.22793251276016,7,-79.54568162560463
m-w_78fDg9M--3,cross_domain,17,-98.80405498296022,7,-73.37511092424393
8E-llRXuhl0--22,cross_domain,20,-122.58081825822592,7,-102.90388574451208
lPzmjeJmsXo--2,cross_domain,32,-189.00161024776753,13,-158.28115629253443
rYcw__0tDhw--10,cross_domain,22,-148.40951994154602,6,-100.34984222147614
mXq8axygjdE--62,cross_domain,9,-46.540870789438486,3,-31.978667378425598
AZ2s4Adm9RU--1,cross_domain,28,-138.40956197679043,7,-41.43206572532654
CRJSZ2e7BU0--4,cross_domain,25,-126.96697017550468,10,-87.58750304579735
HBQwzyxvkZA--272,cross_domain,14,-103.68332793563604,5,-66.58995056152344
kES_ZNjFKz8--16,cross_domain,21,-131.56714840233326,8,-114.60053381323814
MYGqMojGwBE--206,cross_domain,13,-65.31783180683851,6,-52.584012269973755
glNqZ8w4iy8--5,cross_domain,11,-64.17881079018116,3,-41.015677876770496
Rblg5TE6TI0--30,cross_domain,34,-207.75938540697098,12,-131.66167091578245
809a3a5e02d1-77,cross_domain,11,-70.9074807614088,4,-56.533225417137146
lSLqIyupXrk--5,cross_domain,17,-128.65129122138023,7,-119.99787163734436
eabe1f38221a-48,cross_domain,10,-54.719284562859684,3,-42.802151165902615
jLwvQ4URDFY--5,cross_domain,11,-48.28481401503086,4,-30.919848382472992
m3Mmtpr-jjA--2,cross_domain,11,-63.686279296875,4,-57.28299903869629
HBQwzyxvkZA--155,cross_domain,22,-134.286816701293,7,-111.60798799991608
K5lgB4YzOO0--12,cross_domain,15,-93.51892554014921,6,-74.00486174225807
Rblg5TE6TI0--1,cross_domain,23,-131.21248449757695,7,-72.79655984789133
dkavvNigK7s--27,cross_domain,27,-144.60526140220463,12,-126.95779534988105
NaXDBBT5pkw--3,cross_domain,11,-52.198700457811356,4,-36.335190668702126
LvN9Dxq2iLY--164,cross_domain,20,-123.1279340852052,8,-83.52584344148636
vZt56rnH8QQ--3,cross_domain,11,-69.13324557244778,5,-66.7752324193716
mXq8axygjdE--67,cross_domain,12,-79.14442005380988,4,-41.42479921504855
7byz3fdI-Ss--7,cross_domain,18,-94.45461385184899,7,-65.27874890202656
dkavvNigK7s--9,cross_domain,17,-83.4649123698473,6,-69.02219158411026
g4GfKC7z-2M--9,cross_domain,19,-126.81293374300003,5,-116.73811322450638
6OlSDCcwM10--20,cross_domain,16,-94.20274617522955,8,-76.40618640184402
KI0avgGkWiU--1,cross_domain,23,-143.43833994492888,7,-105.5660618133843
iwYL-ivQm6o--0,cross_domain,7,-56.1945635676384,3,-28.23714178800583
OEM3CR-HYmk--19,cross_domain,18,-85.89999044686556,4,-70.61090156435966
6OlSDCcwM10--11,cross_domain,17,-90.13399574905634,11,-75.18325990438461
e4rWudmfrfY--0,cross_domain,9,-60.54871979355812,1,-14.089770942926407
o44YnPMhwPU--1,cross_domain,11,-57.237281519919634,3,-33.07859202101827
l9bZYazJQ1w--7,zero,20,-110.54492492228746,7,-64.28438002616167
9b0136913690-114,zero,19,-122.3942286670208,5,-68.73233887553215
ZMsnY_khlNQ--12,zero,21,-124.70558941364288,7,-78.12421953678131
809a3a5e02d1-67,zero,12,-82.07355213165283,4,-73.46571063995361
DP1ly_MsHHQ--36,zero,18,-122.74453911557794,7,-78.01866817474365
dPuKX_lM4Zc--118,zero,31,-204.7291209101677,13,-108.5048790872097
wwpptVjgAws--20,zero,40,-283.00618274509907,13,-186.44899748265743
48couwymlMM--18,zero,19,-125.59558667987585,8,-97.91550099849701
809a3a5e02d1-108,zero,11,-61.079824566841125,4,-40.74356496334076
4DhGy83DK_s--30,zero,13,-107.8942403793335,5,-73.88954877853394
rZG7T9ujMEo--0,zero,28,-174.86728808283806,13,-130.28728222846985
7byz3fdI-Ss--0,zero,15,-88.78365433216095,6,-54.92790710926056
eabe1f38221a-18,zero,31,-207.07740371115506,9,-104.49610361643136
0kldzhToGLc--6,zero,22,-154.9157088920474,8,-102.20513389259577
pMbMjjSj1fM--17,zero,18,-110.95732073485851,10,-84.04517585039139
MYGqMojGwBE--267,zero,17,-87.17953582108021,3,-28.731396436691284
C-cgPb_N2dY--9,zero,12,-68.1162378564477,3,-41.88185618072748
ef52bca1a454-22,zero,12,-63.76842665672302,4,-42.01766633987427
fulQKWknVhw--7,zero,19,-63.091570630669594,7,-59.40518693625927
ijrjSBx7WTc--84,zero,8,-42.267096161842346,1,-3.5170302391052246
oAhfJ8yB1j0--10,zero,10,-68.60684895515442,2,-39.44891619682312
Zc2bgIDZ-Ks--72,zero,12,-79.14021790027618,3,-32.23734998703003
mjvqIq_fvRY--11,zero,19,-119.87153559178114,7,-97.8031100332737
IoifXQnhN4E--4,zero,24,-147.60920724272728,8,-94.93076491355896
HBQwzyxvkZA--276,zero,20,-103.25904273986816,6,-67.25373947620392
o44YnPMhwPU--12,zero,15,-97.10274359956384,5,-61.23952839151025
myIXH3PjvoI--76,zero,13,-63.874381344765425,4,-36.56141569465399
faZQNy4aErk--15,zero,23,-122.3566279783845,7,-62.663121938705444
Rc99bcSdhak--0,zero,21,-111.81630974076688,7,-59.16068643331528
0kldzhToGLc--2,zero,14,-91.20010480284691,6,-55.953740894794464
5n_IGU5rYYk--30,zero,22,-136.5272552371025,7,-84.4820407629013
myIXH3PjvoI--89,zero,19,-103.97034334391356,7,-80.21704667061567
S9ymb66ZqqY--9,zero,25,-154.36572404950857,12,-124.2499845251441
dPuKX_lM4Zc--54,zero,19,-113.51205052435398,6,-83.31860911846161
oPITLi0VKh8--10,zero,16,-80.34633863344789,6,-68.7977281846106
17OIKvJmrK8--4,zero,13,-108.88373698666692,6,-72.52645959332585
yb7efY9x78U--12,zero,23,-132.77541451528668,5,-42.69134706631303
zu_bd3r2GIA--9,zero,12,-70.11067010834813,6,-59.56524991989136
eabe1f38221a-5,zero,29,-157.0083993144799,8,-73.70030276407488
QiGhWfjM2FI--31,zero,24,-152.24661673652008,10,-120.07657457934693
fvHtYcL913U--3,zero,11,-49.59654612839222,3,-25.250831827521324
sktRu3sp97g--4,zero,20,-118.8124969524797,5,-67.33347537345253
BTqVQCBPUzg--97,zero,10,-59.966422855854034,4,-52.28099447488785
hYNyIXYmoYs--17,zero,24,-140.52758511900902,12,-116.73601973056793
3Pk2c_Z4ahk--1,zero,9,-57.16730985045433,3,-44.61849734187126
9xc24mAlprE--1,zero,16,-80.34233716502786,4,-57.801131282001734
ZMsnY_khlNQ--7,zero,21,-134.77996312081814,8,-70.6507788747549
fulQKWknVhw--42,zero,22,-101.65943074971437,7,-60.890428841114044
W4YzurwHpfw--6,zero,14,-84.75705259852111,6,-77.85191416554153
glNqZ8w4iy8--9,zero,25,-125.32049149274826,10,-79.61732304096222
o44YnPMhwPU--25,zero,18,-121.35211309790611,5,-65.35641077160835
UBnqDwRds3A--2,zero,13,-89.20531404018402,6,-68.98692572116852
wmTrG799MAo--19,zero,13,-88.12637946009636,6,-65.66191577911377
lPzmjeJmsXo--13,zero,20,-129.49276159703732,9,-127.1146814674139
ZCBew8Fv0qA--12,zero,12,-79.36883284151554,5,-44.607641249895096
39at7Lxu6Yo--19,zero,34,-205.19665963202715,13,-157.2183496505022
EIwWHTO5rZw--8,zero,26,-180.41185502707958,9,-150.11784732341766
MYGqMojGwBE--116,zero,20,-112.59580674022436,7,-74.26060812175274
BTqVQCBPUzg--47,zero,10,-44.85870848596096,4,-31.810348987579346
myIXH3PjvoI--93,zero,8,-51.25015860795975,4,-43.59445571899414
bU_v22EtHIU--1,zero,23,-115.50584506988525,6,-83.98925685882568
uR-nzhB6D8g--2,zero,15,-98.5513601899147,6,-72.46266865730286
OEM3CR-HYmk--15,zero,24,-158.42187544703484,7,-81.720215767622
uR-nzhB6D8g--3,zero,18,-94.5610240995884,9,-75.25021034479141
NaXDBBT5pkw--6,zero,9,-39.96911644935608,4,-22.79721474647522
wefigjf46u4--2,zero,14,-109.41225889325142,7,-77.27966773509979
MYGqMojGwBE--30,zero,19,-76.91487004235387,4,-38.336702439934015
fYxijWb0b_s--9,zero,17,-96.05642403662205,9,-75.11796091496944
Rc99bcSdhak--16,zero,15,-91.44777373224497,3,-36.3355186060071
_IyhoG9jXuM--15,zero,25,-145.45450820028782,7,-45.14359754323959
uYaUCNl1j10--12,zero,22,-143.4466283991933,8,-111.92910144478083
o9DARfrZg2o--16,zero,14,-80.48977467417717,5,-48.2463261783123
MYGqMojGwBE--42,zero,19,-118.52074053138494,7,-81.94425661116838
ixXF2UGOyoU--5,zero,9,-67.44669151306152,3,-37.60231924057007
BESRE5mtipE--0,zero,21,-75.51068464666605,8,-71.32426265627146
8DmlFztO2XM--2,zero,25,-159.74642625637352,6,-122.0893010366708
jLwvQ4URDFY--1,zero,43,-273.14238154888153,14,-204.38685847818851
5QMD024bDYs--15,zero,19,-119.81723590195179,7,-56.1943249553442
jLwvQ4URDFY--31,zero,33,-211.56260409206152,12,-170.29764496535063
aDwdB7xHAOE--1,zero,28,-195.1686404198408,10,-117.9203279465437
wSEeoT9BqE0--13,zero,11,-44.95506886392832,4,-27.258897304534912
d5Lx_5-UiHY--41,zero,11,-67.35476081073284,5,-58.568209141492844
BTqVQCBPUzg--18,zero,9,-76.10374522209167,4,-62.2474000453949
faZQNy4aErk--62,zero,12,-59.249132856726646,4,-40.56698729097843
LvN9Dxq2iLY--88,zero,10,-53.72498828172684,1,-10.808542430400848
HBQwzyxvkZA--256,zero,19,-80.59268542006612,6,-57.045196272432804
xFEQrtosric--18,zero,19,-105.14558793907054,5,-70.80036403913982
KmW8f1GVTYY--40,zero,27,-158.7521407008171,10,-105.76178395748138
nXA9Qpj2z7E--6,zero,12,-69.36443361639977,3,-38.97778820991516
kytITkHoyls--7,zero,39,-213.38730900269002,12,-187.97481009643525
ef52bca1a454-6,zero,15,-104.04346463084221,5,-95.77728554606438
iwYL-ivQm6o--19,zero,14,-87.19342795014381,5,-36.84078627824783
9b0136913690-41,zero,17,-106.72341507673264,7,-71.68776643276215
K4eNr2k2Lls--1,zero,29,-168.62582024373114,8,-142.4604577664286
pMbMjjSj1fM--28,zero,11,-66.39241534471512,3,-47.5754474401474
MYGqMojGwBE--161,zero,18,-69.5190743803978,6,-36.02160820364952
mXq8axygjdE--32,zero,24,-110.4639598801732,6,-84.64182502776384
4vfboqjtAXo_d,zero,18,-132.71390806138515,5,-59.783263206481934
HBQwzyxvkZA--261,zero,20,-96.10803636908531,5,-62.61608409881592
CAzt5cxtSjQ--23,zero,10,-69.12959195673466,6,-64.24915838241577
d5Lx_5-UiHY--51,zero,15,-79.06360437721014,5,-46.47137012332678
klepEQSaeIk--9,zero,18,-101.36338969320059,5,-67.96669924259186
48couwymlMM--10,zero,16,-102.92566945403814,4,-87.3151176199317
K4eNr2k2Lls--0,zero,11,-75.03462636470795,5,-65.95392060279846
zu_bd3r2GIA--16,zero,23,-120.0784454792738,8,-73.6774668097496
ef52bca1a454-76,zero,11,-69.0738872885704,4,-43.046844482421875
ixXF2UGOyoU--2,zero,14,-97.93678902834654,5,-55.6121506690979
o44YnPMhwPU--37,zero,17,-111.1717284321785,7,-70.687744140625
CRJSZ2e7BU0--12,zero,22,-140.95985156297684,7,-108.27363783121109
91GVHgxW8RA--2,zero,8,-26.214807979762554,3,-16.463099479675293
gXa0qcoWrsQ--7,zero,22,-131.17550966143608,9,-112.81802034378052
m3Mmtpr-jjA--42,zero,20,-149.37710836529732,6,-66.17555338144302
lcBujGRLwE0--29,zero,35,-194.7901924699545,13,-158.4796321094036
MYGqMojGwBE--205,zero,23,-134.08939445018768,7,-59.32521188259125
d5Lx_5-UiHY--22,zero,24,-107.70159877091646,7,-55.55567183345556
9b0136913690-89,zero,12,-69.2259156703949,2,-44.15579146146774
8E-llRXuhl0--5,zero,24,-142.04637351632118,6,-87.2670391201973
iGdg-iGlUFg--11,zero,18,-107.75259783864021,7,-84.52161267399788
jMdxYlvrkbk--9,zero,20,-135.18660705024377,8,-70.16514846682549
vbq8QbOwOt4--15,zero,11,-59.2576442360878,3,-30.167541027069092
m3Mmtpr-jjA--8,zero,10,-69.4763648211956,3,-49.831109046936035
o44YnPMhwPU--11,zero,10,-77.6528048813343,5,-43.090811520814896
o9DARfrZg2o--12,zero,12,-59.00439786911011,3,-49.330461859703064
rYcw__0tDhw--9,zero,20,-132.0408935546875,5,-88.84351718425751
eabe1f38221a-51,zero,10,-68.56375730037689,3,-49.377241134643555
HBQwzyxvkZA--116,zero,8,-59.5502495765686,3,-29.50600242614746
LvN9Dxq2iLY--139,zero,7,-47.260747119784355,2,-28.898905754089355
8w6k4jEJJlU--19,zero,24,-130.75496967881918,9,-81.2638252004981
Kq5HfchSWv8--7,zero,14,-58.46767318435013,4,-39.62240909226239
NDYHcIF50eE--2,zero,16,-82.23767215013504,4,-50.49469077587128
809a3a5e02d1-65,zero,8,-43.94517034292221,2,-16.924761295318604
AVb1VABiJJ8--18,zero,12,-94.05266165733337,7,-74.5180492401123
HBQwzyxvkZA--265,zero,16,-102.95689643919468,5,-51.95713019371033
ijrjSBx7WTc--59,zero,9,-45.70329842995852,3,-31.51810822915286
IjeHLt1vNoM--13,zero,20,-120.74452045932412,7,-57.53571978583932
BTqVQCBPUzg--122,zero,17,-92.92388959228992,5,-51.96956503391266
NaXDBBT5pkw--25,zero,27,-184.17161959409714,9,-106.11620128154755
4DhGy83DK_s--8,zero,9,-69.94554913043976,3,-36.38486301898956
zu_bd3r2GIA--29,zero,18,-117.66556191444397,5,-79.13932287693024
xFEQrtosric--19,zero,19,-96.93719496065751,6,-66.76374925905839
rYcw__0tDhw--11,zero,8,-65.19067764282227,3,-41.41927671432495
DP1ly_MsHHQ--25,zero,21,-135.3759584389627,7,-73.62607194110751
myIXH3PjvoI--106,zero,12,-57.23083306849003,4,-43.58957301080227
KI0avgGkWiU--25,zero,11,-76.70572566986084,4,-57.4467830657959
-hZpPIT6N4U_d,zero,17,-105.60929101705551,5,-65.51736778020859
myIXH3PjvoI--102,zero,14,-97.90189291536808,4,-55.0476880222559
MYGqMojGwBE--46,zero,16,-103.29279106855392,5,-49.493448138237
3vCea9zWFek--10,zero,13,-84.05818092823029,2,-33.36388397216797
MYGqMojGwBE--172,zero,13,-81.81483516097069,3,-38.117308616638184
d5Lx_5-UiHY--100,zero,14,-75.70036631822586,3,-27.65306967496872
iwYL-ivQm6o--5,zero,15,-97.30086359381676,4,-61.65157186985016
Xmm9ZyMy12g--19,zero,24,-180.2196855545044,7,-146.96330016851425
hgaKby5Mha4--15,zero,20,-132.9859503209591,7,-79.69930824637413
MnCcM6PZrug--9,zero,15,-100.67954455316067,5,-53.14129649102688
bqE5C2tmc9c--9,zero,22,-135.32008850574493,9,-98.25940418243408
OEM3CR-HYmk--0,zero,21,-136.6763053238392,6,-124.6288754940033
faZQNy4aErk--82,zero,20,-149.7705900967121,9,-122.41527751088142
C-cgPb_N2dY--0,zero,24,-154.28222723305225,8,-95.65729758143425
AVb1VABiJJ8--10,zero,23,-146.9148437231779,10,-114.31752090156078
Lt5GAA6MIuM--1,zero,19,-127.31706638634205,8,-101.72104066610336
gp0w_zrLgfw--10,zero,12,-96.39056831598282,6,-65.22736006975174
eBj_HUu0CNw--29,zero,12,-73.86093705892563,4,-37.84229850769043
QiJgNpX3zN0--11,zero,21,-139.52608279883862,8,-95.51271940767765
faZQNy4aErk--32,zero,20,-99.63538184762001,5,-50.357398599386215
aDwdB7xHAOE--10,zero,17,-138.11086639761925,9,-106.46696069836617
YsuSHJ3klEs--7,zero,24,-157.60134929418564,8,-125.63071417808533
MYGqMojGwBE--217,zero,13,-69.84621357917786,6,-39.85209345817566
8DmlFztO2XM--0,zero,21,-123.45827420055866,5,-83.08270306885242
gp0w_zrLgfw--20,zero,28,-204.93676786124706,10,-139.45281232893467
MYGqMojGwBE--258,zero,15,-76.75081824325025,5,-45.34556411765516
40BjLI5XtJE--10,zero,22,-120.9039543196559,7,-80.02853506803513
fulQKWknVhw--12,zero,31,-176.44986357539892,7,-64.00242426991463
myIXH3PjvoI--122,zero,12,-57.53583073988557,4,-37.19451727345586
jMdxYlvrkbk--7,zero,22,-130.99365858361125,6,-84.1284105591476
-X_zmve1y00--14,zero,19,-146.80633866786957,8,-95.58754920959473
sktRu3sp97g--15,zero,16,-93.6867621941492,7,-64.73917961120605
7byz3fdI-Ss--16,zero,9,-29.905321788042784,4,-29.579577948898077
809a3a5e02d1-119,zero,11,-67.16187897324562,4,-40.21242070198059
Rc99bcSdhak--14,zero,8,-48.162845730781555,3,-25.463807106018066
v0g35qCOCwU--0,zero,25,-144.13866698741913,10,-102.64996102452278
N6jpL7uibFI_e2,zero,24,-115.69036658108234,6,-86.88775236904621
MYGqMojGwBE--282,zero,16,-89.31228950619698,6,-47.12935510277748
mjvqIq_fvRY--10,zero,25,-141.8516819998622,9,-107.56335792690516
lZarpnV0alw--12,zero,14,-89.91894054412842,2,-62.30196189880371
mXq8axygjdE--28,zero,32,-225.22402727603912,12,-149.05216705799103
IjeHLt1vNoM--3,zero,20,-106.68497435376048,8,-82.07483087107539
6_yO8Lc8Hd4--16,zero,21,-110.38692513853312,3,-40.23220515996218
HBQwzyxvkZA--237,zero,16,-81.47155740857124,7,-60.60742649435997
CRJSZ2e7BU0--8,zero,30,-191.07976518571377,10,-153.0195132046938
K4eNr2k2Lls--19,zero,14,-77.6341435611248,6,-48.62522026896477
U5Tq9r7saZU--19,zero,16,-99.51018612831831,5,-59.67916786670685
uYaUCNl1j10--3,zero,34,-171.15130946785212,11,-154.82528047263622
3gKelnCwuj8--0,zero,17,-110.70847098901868,6,-93.62388007715344
ZVE_KjrY_po--22,zero,21,-89.45763915777206,8,-79.14402657747269
i4j5Bj2NL1c--11,zero,28,-187.07854759693146,10,-144.88806879520416
9b0136913690-57,zero,20,-121.47585225105286,4,-102.5036871433258
wwpptVjgAws--10,zero,32,-214.59371985122561,11,-131.2648331783712
gp0w_zrLgfw--13,zero,28,-175.23565661907196,10,-102.37490293383598
HBQwzyxvkZA--129,zero,15,-93.70067160017788,6,-59.039161652326584
fqJW-F3WIYc--0,zero,21,-120.65407408564351,8,-96.77289904444478
xnY08sy7Sqk--6,zero,13,-93.14915378391743,4,-84.24923086166382
maCRL8WG0GQ--3,zero,10,-82.2979462146759,5,-40.039591550827026
xnY08sy7Sqk--3,zero,25,-156.36927453428507,9,-116.59229484945536
AVb1VABiJJ8--13,zero,16,-103.2059525847435,7,-90.35605663061142
HBQwzyxvkZA--331,zero,16,-72.66790069639683,4,-57.07005754113197
HBQwzyxvkZA--79,zero,24,-132.53268822282553,8,-79.26941236108541
0bk98uIiTS8--18,zero,15,-75.20164044946432,5,-47.44753732532263
OJxSniCPUpI--2,zero,15,-73.97668223828077,6,-66.83168082684278
m-w_78fDg9M--11,zero,28,-196.24272525310516,9,-117.66508853435516
mDUCHJerTtE--9,zero,14,-89.22892761230469,4,-42.55271124839783
BTqVQCBPUzg--94,zero,8,-53.34257784485817,2,-20.2049320936203
CAzt5cxtSjQ--13,zero,23,-191.65641897916794,11,-119.3452879190445
8DmlFztO2XM--1,zero,27,-162.23021405562758,10,-120.5287096016109
ZVE_KjrY_po--4,zero,16,-88.60219132900238,4,-72.83710676431656
9b0136913690-78,zero,20,-140.21517604589462,7,-74.57324504852295
5n_IGU5rYYk--24,zero,29,-200.76729300618172,11,-102.44767928123474
HBQwzyxvkZA--131,zero,18,-107.89103484153748,4,-97.11806738376617
lZarpnV0alw--2,zero,21,-130.58598417043686,7,-107.42234128713608
6_yO8Lc8Hd4--5,zero,25,-167.04729825258255,8,-90.19810789823532
u7wx4rUBg_k--5,zero,22,-129.60606341809034,7,-81.88245480507612
w_xCnJVyPYA_e1,zero,17,-109.49815459549427,5,-82.96152348816395
BTqVQCBPUzg--105,zero,15,-79.86148711666465,5,-52.758826944977045
d5Lx_5-UiHY--111,zero,11,-68.15010368824005,2,-23.497024536132812
HBQwzyxvkZA--330,zero,33,-161.52459790185094,10,-108.402045506984
lcBujGRLwE0--38,zero,31,-151.2774287648499,9,-130.3646053262055
oPITLi0VKh8--1,zero,19,-97.59517769515514,7,-69.96647043526173
s_8IbRRsr0Q--0,zero,35,-212.71985831856728,9,-128.66949263215065
lZarpnV0alw--11,zero,18,-97.09301745891571,5,-38.52663332223892
NDYHcIF50eE--19,zero,9,-49.05847191810608,2,-24.81545639038086
fqJW-F3WIYc--5,zero,25,-155.34917303919792,8,-128.2688403427601
yb7efY9x78U--0,zero,33,-177.83104169368744,9,-87.17066931724548
fYxijWb0b_s--28,zero,16,-93.50974720716476,6,-84.18239426612854
HBQwzyxvkZA--140,zero,19,-112.22238337248564,6,-98.28796946257353
ojYFIliNLGI--2,zero,22,-157.44393045082688,11,-110.15221248939633
q4RnudGCU18--15,zero,20,-126.98167213797569,5,-95.08554682135582
xnY08sy7Sqk--12,zero,15,-87.94888961315155,5,-74.20847880840302
Zc2bgIDZ-Ks--57,zero,9,-46.35018992424011,4,-38.39740037918091
QiGhWfjM2FI--18,zero,23,-143.70205192267895,7,-82.06461282074451
nvfK4jQ7MH0--7,zero,16,-114.01847088336945,7,-88.95702981948853
OJxSniCPUpI--19,zero,17,-104.11046558432281,9,-73.78372078947723
mDUCHJerTtE--0,zero,14,-68.01723762601614,5,-41.346012987196445
dPuKX_lM4Zc--114,zero,8,-44.207054167985916,3,-33.86829078197479
pMbMjjSj1fM--24,zero,24,-181.0341667868197,5,-150.5270262695849
AZ2s4Adm9RU--25,zero,15,-97.74479693174362,5,-42.84880089759827
KmW8f1GVTYY--45,zero,20,-97.01092178747058,8,-89.38901008293033
faZQNy4aErk--59,zero,21,-132.36572468280792,6,-95.39632892608643
HBQwzyxvkZA--69,zero,20,-143.24417316913605,8,-74.90381133556366
9b0136913690-9,zero,11,-76.85164381563663,5,-60.34877109527588
ef52bca1a454-70,zero,8,-48.043116092681885,3,-37.20841407775879
wUH1dDbu9B4--3,zero,26,-174.03550441935658,6,-156.39557715132833
nvfK4jQ7MH0--1,zero,20,-69.28099299035966,4,-30.839734008535743
HBQwzyxvkZA--229,zero,17,-81.61955219041556,7,-59.181339263916016
HBQwzyxvkZA--76,zero,16,-89.64457634836435,5,-47.42922019958496
1xJ_dkBcAIU--6,zero,16,-120.95665354654193,7,-96.97505993768573
vyBaeFU8J_k--0,zero,13,-107.57122671604156,4,-80.00254118442535
lSLqIyupXrk--15,zero,15,-108.39987715706229,6,-65.63081860542297
HBQwzyxvkZA--280,zero,17,-110.59084160625935,6,-81.08399868011475
0bk98uIiTS8--29,zero,22,-133.20845923526213,6,-91.18180825514719
faZQNy4aErk--43,zero,41,-229.63107978831977,13,-175.36215195432305
XcXCB---N9M--37,zero,23,-142.36377985402942,7,-87.56313567981124
LvN9Dxq2iLY--137,zero,11,-70.88978797569871,4,-45.76485234871507
_r1S90f_nsM--6,zero,17,-102.25500082969666,6,-66.58901119232178
8E-llRXuhl0--17,zero,20,-136.4798086732626,7,-92.07902233302593
ijrjSBx7WTc--68,zero,8,-55.96061062812805,3,-29.989115238189697
4DhGy83DK_s--26,zero,15,-86.21911573410034,4,-40.65438652038574
oPITLi0VKh8--17,zero,21,-137.9306489378214,6,-82.35648508369923
bOZ_Lap5FNA--17,zero,22,-121.24488847376779,8,-81.00049211503938
4DhGy83DK_s--3,zero,15,-77.01172503456473,4,-55.64886087551713
ZCBew8Fv0qA--22,zero,42,-327.2809330224991,12,-225.09823995828629
klepEQSaeIk--12,zero,16,-82.59435553103685,4,-40.507724702358246
lZarpnV0alw--9,zero,10,-62.287848711013794,5,-53.35541534423828
o9DARfrZg2o--6,zero,15,-83.70167696475983,3,-64.15414488315582
o9DARfrZg2o--3,zero,18,-94.78843605518341,5,-69.18407607078552
AVb1VABiJJ8--8,zero,8,-61.145911671221256,3,-31.959062077105045
ijrjSBx7WTc--42,zero,8,-58.116769790649414,2,-22.437389850616455
kES_ZNjFKz8--10,zero,17,-127.97788396477699,7,-87.31283766031265
ckGC5hUffDU--13,zero,9,-59.31899154186249,3,-30.936551928520203
fqJW-F3WIYc--16,zero,43,-293.50134456157684,13,-223.94807904958725
8E-llRXuhl0--21,zero,20,-121.02961786836386,9,-101.86091925948858
MYGqMojGwBE--277,zero,15,-100.78487539291382,6,-59.852203011512756
myIXH3PjvoI--48,zero,17,-97.42466132342815,3,-46.363153234124184
KHL0wkbu0-s--4,zero,16,-111.48545145988464,6,-48.786407709121704
jC6VuHNpTLM--8,zero,28,-157.39805079996586,10,-122.24902774393559
myIXH3PjvoI--52,zero,12,-37.59713235497475,3,-26.48759800195694
C-cgPb_N2dY--7,zero,18,-135.7914490699768,7,-96.5560075044632
myIXH3PjvoI--92,zero,13,-64.0822821110487,5,-37.14991295337677
6_yO8Lc8Hd4--11,zero,26,-162.850335650146,8,-97.14707855135202
o44YnPMhwPU--26,zero,23,-147.95665380358696,9,-104.24002319574356
XcXCB---N9M--40,zero,28,-172.49606603384018,9,-111.05512583255768
HBQwzyxvkZA--326,zero,28,-165.68655397742987,9,-89.23513934016228
dkavvNigK7s--3,zero,16,-122.00091080367565,6,-83.74105589091778
LvN9Dxq2iLY--9,zero,14,-70.53278569877148,4,-46.09564904868603
QiJgNpX3zN0--2,zero,13,-73.14552900195122,3,-33.07729443907738
KI0avgGkWiU--14,zero,21,-127.42245218530297,9,-93.07942992821336
48couwymlMM--0,zero,21,-124.53301878273487,6,-104.08536379039288
XcXCB---N9M--25,zero,18,-114.67937843501568,7,-77.94513821601868
myIXH3PjvoI--39,zero,16,-86.10074226558208,5,-52.344031646847725
nvfK4jQ7MH0--26,zero,12,-50.36346584558487,3,-39.03903812170029
MYGqMojGwBE--103,zero,15,-115.55224061012268,5,-58.119056701660156
LvN9Dxq2iLY--24,zero,11,-84.40613549947739,3,-32.81251299381256
Sqa3ig2NN9Q--13,zero,17,-102.71145533025265,6,-66.67862360179424
809a3a5e02d1-86,zero,8,-58.278993129730225,2,-26.363643169403076
MYGqMojGwBE--62,zero,15,-64.18624866008759,4,-34.34670412540436
pMbMjjSj1fM--16,zero,23,-132.30751381069422,11,-113.51305650174618
mXq8axygjdE--66,zero,18,-95.41410931199789,4,-68.49595161527395
vbq8QbOwOt4--17,zero,20,-144.57062542438507,5,-99.32670080661774
dPuKX_lM4Zc--110,zero,27,-210.01781475543976,11,-138.65102791786194
eabe1f38221a-52,zero,15,-114.81207585334778,6,-73.04344773292542
LvN9Dxq2iLY--210,zero,18,-123.2171983718872,5,-83.22697353363037
0bk98uIiTS8--42,zero,22,-169.18902719020844,10,-131.14661234617233
faZQNy4aErk--40,zero,17,-105.42013809457421,7,-79.64372942224145
Kq5HfchSWv8--2,zero,9,-63.89805826544762,4,-47.79796728491783
ZMsnY_khlNQ--5,zero,21,-150.93595744669437,7,-115.94005227088928
80Cx4CH-AVI--4,zero,22,-150.21038565039635,8,-113.76196163892746
HBQwzyxvkZA--283,zero,23,-141.0373716056347,10,-99.37289646267891
Nv3WLYio7Lc--1,zero,20,-126.88425859063864,5,-116.11296381801367
KHL0wkbu0-s--24,zero,18,-85.97883294336498,9,-59.02509695291519
BO1ehFUMWEs--21,zero,27,-168.32224351912737,9,-138.90514796972275
QXsIVtanWdw--8,zero,16,-92.5146948993206,5,-58.23386237025261
jN2lbHzIneI--10,zero,16,-88.66582030057907,5,-52.17971444129944
_IyhoG9jXuM--10,zero,11,-66.78663086891174,4,-51.09970021247864
Kq5HfchSWv8--23,zero,17,-102.19025684893131,7,-68.5582504272461
LvN9Dxq2iLY--61,zero,18,-104.12230216152966,7,-76.71560025401413
T-5au9lZhYI--9,zero,11,-56.745149333029985,4,-45.46891613677144
mXq8axygjdE--81,zero,19,-125.5795214176178,6,-72.56675386428833
HBQwzyxvkZA--213,zero,23,-121.0453323237598,8,-79.94002011045814
fYxijWb0b_s--23,zero,9,-55.54673580825329,3,-26.987231254577637
a8zp7ivHwBU--8,zero,15,-112.02019666135311,7,-72.51522706449032
xnY08sy7Sqk--19,zero,14,-90.32272726297379,5,-64.31095051765442
9bqfEh7BD3c--14,zero,7,-49.46191668510437,3,-27.460069179534912
Zc2bgIDZ-Ks--48,zero,8,-55.32052992284298,3,-36.41634617745876
ZCBew8Fv0qA--4,zero,15,-105.23638451099396,5,-50.36715829372406
VwsRPJN7txM--8,zero,18,-147.24980121850967,9,-99.40948748588562
W4YzurwHpfw--17,zero,17,-96.18278514128178,8,-74.47470848541707
HBQwzyxvkZA--120,zero,11,-71.79617964476347,5,-49.33265593647957
T-5au9lZhYI--6,zero,14,-80.33910833485425,6,-60.5546019077301
5QMD024bDYs--23,zero,16,-94.91669456288218,7,-61.038944721221924
AVb1VABiJJ8--22,zero,20,-144.33881509304047,10,-114.0013769865036
QiJgNpX3zN0--9,zero,18,-103.50484299659729,7,-70.61954808235168
nXA9Qpj2z7E--16,zero,20,-165.20202565193176,6,-139.81912207603455
kytITkHoyls--2,zero,10,-64.74039551243186,3,-33.17833648249507
KmW8f1GVTYY--42,zero,23,-147.29069018363953,8,-92.80331790447235
m3Mmtpr-jjA--9,zero,19,-141.67742240428925,6,-78.36531734466553
o44YnPMhwPU--42,zero,11,-62.41425015963614,3,-28.143742084503174
BTqVQCBPUzg--96,zero,11,-92.11467599868774,4,-64.67321109771729
uYaUCNl1j10--0,zero,26,-126.65628446638584,10,-95.08978623896837
oAhfJ8yB1j0--1,zero,15,-103.26566183567047,4,-85.63773703575134
yb7efY9x78U--4,zero,15,-76.0571943372488,5,-53.44869478046894
K4eNr2k2Lls--29,zero,23,-120.39985720813274,6,-78.68426486849785
faZQNy4aErk--7,zero,16,-94.79813635349274,4,-47.491732120513916
XcXCB---N9M--14,zero,23,-146.65722206234932,7,-92.81600537896156
NaXDBBT5pkw--0,zero,20,-147.88347244262695,5,-100.19629669189453
rZG7T9ujMEo--3,zero,9,-46.56841051578522,2,-16.457173824310303
0bk98uIiTS8--24,zero,27,-158.3366175480187,8,-71.35497754439712
jN2lbHzIneI--8,zero,29,-169.11204870790243,11,-130.40006490796804
wSEeoT9BqE0--16,zero,27,-177.08407068997622,13,-123.59675659239292
wwpptVjgAws--2,zero,13,-50.36515087261796,4,-18.94242909923196
xnY08sy7Sqk--15,zero,9,-60.46344494819641,3,-29.752495765686035
eyqLkKS5Qkw--22,zero,16,-105.57144856452942,7,-79.06835103034973
Sqa3ig2NN9Q--1,zero,18,-113.76255065249279,5,-70.61189824389294
eabe1f38221a-65,zero,14,-83.47269210219383,4,-35.51115274429321
ozS8Mx8AdH8--2,zero,24,-139.76977249979973,10,-120.41574168205261
rZG7T9ujMEo--5,zero,24,-168.59605276584625,8,-101.55825173854828
cw1YIV30nQM--2,zero,10,-69.13490581512451,4,-45.399845123291016
MnCcM6PZrug--6,zero,39,-258.09721008501947,13,-207.75096271000803
MnCcM6PZrug--4,zero,23,-126.81056816130877,9,-103.10338834673166
K4eNr2k2Lls--16,zero,15,-114.98207856714725,10,-107.43410384654999
W4YzurwHpfw--14,zero,13,-68.76863726135343,4,-56.60068286117166
UBnqDwRds3A--18,zero,23,-145.41226732730865,10,-119.25047993659973
ZVE_KjrY_po--12,zero,19,-114.19051223993301,7,-63.86178910732269
IjeHLt1vNoM--6,zero,29,-180.68450510501862,11,-135.6457071006298
BESRE5mtipE--14,zero,11,-62.763146229088306,5,-42.62817668914795
9xc24mAlprE--12,zero,9,-78.91177654266357,5,-47.84498834609985
6U9AFGakrn0--1,zero,15,-85.49092328548431,5,-54.58238232135773
Lt5GAA6MIuM--14,zero,12,-65.53907821327448,5,-45.75700169056654
Zc2bgIDZ-Ks--76,zero,17,-82.32522399351001,3,-40.4970774166286
XcXCB---N9M--24,zero,17,-106.15569551289082,5,-82.04464489221573
9xc24mAlprE--9,zero,19,-97.05416212230921,6,-73.66236136108637
BESRE5mtipE--17,zero,20,-114.76716923713684,10,-83.50637686252594
MYGqMojGwBE--32,zero,14,-78.94606876373291,4,-62.46509373188019
Zc2bgIDZ-Ks--58,zero,37,-207.72313643991947,11,-119.95500758290291
zu_bd3r2GIA--5,zero,25,-131.346564412117,4,-58.29528045654297
mjvqIq_fvRY--1,zero,18,-86.66527289152145,6,-57.25379100441933
NaXDBBT5pkw--1,zero,7,-37.21416926383972,2,-9.320009231567383
vyBaeFU8J_k--15,zero,28,-191.83643785119057,8,-142.1121818125248
vyBaeFU8J_k--21,zero,19,-120.63762203231454,8,-91.5610193349421
3Pk2c_Z4ahk--14,zero,12,-72.2811783850193,5,-51.84005919098854
ZVE_KjrY_po--23,zero,11,-50.46428483724594,3,-23.769809067249298
Lt5GAA6MIuM--11,zero,34,-205.43703534454107,15,-153.8844979479909
lPzmjeJmsXo--40,zero,12,-70.3234658241272,7,-51.61263418197632
lPzmjeJmsXo--11,zero,17,-121.66526013612747,6,-82.46790570020676
91GVHgxW8RA--18,zero,25,-165.48645868897438,8,-141.16297349333763
rZG7T9ujMEo--19,zero,21,-152.94362837076187,8,-91.1309642791748
36YV-IPiUXM--11,zero,31,-197.46842667460442,10,-169.63224387168884
Zc2bgIDZ-Ks--23,zero,30,-194.51506473124027,11,-136.5716945528984
3gKelnCwuj8--9,zero,17,-115.84456241130829,8,-100.39626067876816
BTqVQCBPUzg--53,zero,11,-82.47308564186096,5,-52.775415897369385
MYGqMojGwBE--86,zero,16,-81.2494553104043,6,-57.07509637624025
R6_v5nqXuGg--0,zero,23,-132.28495470434427,13,-130.102502502501
lZarpnV0alw--4,zero,20,-134.0981621146202,6,-116.9101831316948
0kldzhToGLc--0,zero,21,-137.5008324223454,6,-118.65997014817549
Sqa3ig2NN9Q--8,zero,16,-82.80215621739626,4,-51.37614631652832
Rblg5TE6TI0--29,zero,28,-181.07767132669687,10,-114.9077303558588
nvfK4jQ7MH0--8,zero,21,-133.1017309576273,10,-98.77854490280151
fYxijWb0b_s--18,zero,15,-103.79780912399292,5,-65.41130065917969
HBQwzyxvkZA--267,zero,7,-52.67000079154968,2,-19.645724773406982
gp0w_zrLgfw--7,zero,29,-189.56830026954412,11,-126.24791947752237
3Pk2c_Z4ahk--20,zero,27,-187.94051840901375,8,-152.62563294172287
Zc2bgIDZ-Ks--39,zero,22,-126.97150420024991,7,-86.63121001794934
ZCBew8Fv0qA--7,zero,16,-113.97415006160736,4,-84.31189239025116
MYGqMojGwBE--26,zero,34,-220.86335440562107,7,-190.79585421085358
MYGqMojGwBE--36,zero,10,-65.73280376195908,4,-38.65117883682251
36YV-IPiUXM--17,zero,53,-348.09965258836746,14,-275.1306779682636
pMbMjjSj1fM--4,zero,18,-100.13384279608727,6,-88.03698287159204
809a3a5e02d1-27,zero,22,-141.4133822247386,6,-71.87111055850983
9xc24mAlprE--25,zero,14,-126.97176313400269,6,-76.67446517944336
0kldzhToGLc--9,zero,22,-132.54488602280617,9,-93.54426050186157
aDwdB7xHAOE--13,zero,17,-119.58045152481645,6,-82.8522205715999
wUH1dDbu9B4--18,zero,17,-118.83619597554207,7,-58.51905703544617
BO1ehFUMWEs--29,zero,34,-198.69735741615295,8,-135.58610136806965
mXq8axygjdE--48,zero,20,-127.16427683830261,7,-108.66204923391342
VwsRPJN7txM--7,zero,11,-66.08261567354202,5,-62.098090291023254
ZMsnY_khlNQ--6,zero,15,-94.88571983575821,6,-68.98157379031181
KHL0wkbu0-s--21,zero,12,-76.43663848936558,5,-46.136759519577026
mjvqIq_fvRY--15,zero,9,-62.833433628082275,5,-51.37244939804077
o44YnPMhwPU--6,zero,9,-64.54916262626648,4,-52.25889801979065
s_8IbRRsr0Q--11,zero,38,-215.72099243104458,11,-178.9523602426052
ZMsnY_khlNQ--4,zero,19,-113.77129258960485,8,-95.97870308160782
9b0136913690-50,zero,20,-123.90732476115227,6,-57.88542798161507
5QMD024bDYs--4,zero,19,-116.06466928124428,6,-66.1379196792841
MYGqMojGwBE--19,zero,10,-62.76419758796692,5,-56.12689661979675
UBnqDwRds3A--16,zero,21,-157.96697883866727,8,-83.2187826782465
q4RnudGCU18--23,zero,24,-144.2087920308113,8,-75.58718580007553
vyBaeFU8J_k--3,zero,14,-102.0884972512722,6,-61.200857162475586
jN2lbHzIneI--15,zero,23,-161.98315159976482,8,-98.2114974707365
W4YzurwHpfw--5,zero,13,-86.10286909341812,5,-65.96285831928253
3vCea9zWFek--3,zero,17,-88.46781484782696,5,-59.22872568666935
wwpptVjgAws--15,zero,47,-281.9764840900898,13,-228.60440543293953
DF4fto_X1Y4--13,zero,12,-77.86267638206482,4,-32.599233627319336
fulQKWknVhw--1,zero,21,-104.62321360595524,8,-81.05030566640198
hgaKby5Mha4--34,zero,21,-138.69093850255013,7,-92.48095062375069
48couwymlMM--15,zero,23,-121.36108433455229,7,-73.38950449973345
i4j5Bj2NL1c--3,zero,24,-130.63649478554726,11,-111.86136220395565
cw1YIV30nQM--6,zero,17,-99.59285587072372,7,-52.46120202541351
fqJW-F3WIYc--8,zero,12,-74.68882293254137,5,-58.14680740237236
HBQwzyxvkZA--316,zero,15,-82.15339397639036,6,-61.73138304799795
LvN9Dxq2iLY--200,zero,12,-82.61508984491229,5,-62.498933266848326
6MxCP_583q8_e4,zero,9,-61.669866777956486,4,-46.3195431008935
HBQwzyxvkZA--57,zero,21,-139.70448452979326,7,-83.89688468724489
yb7efY9x78U--15,zero,23,-177.28234159946442,7,-112.68349957466125
l9bZYazJQ1w--2,zero,9,-49.91740074753761,4,-35.00857272744179
3gKelnCwuj8--16,zero,16,-123.3170907497406,7,-87.56179714202881
lSLqIyupXrk--7,zero,11,-67.52437344193459,4,-50.23858189582825
HBQwzyxvkZA--230,zero,15,-82.27720744721591,5,-46.6200647354126
q4RnudGCU18--11,zero,10,-71.18952840566635,4,-46.35559523105621
AZ2s4Adm9RU--9,zero,14,-99.25422099232674,5,-56.62289917469025
MYGqMojGwBE--95,zero,18,-90.41487158462405,9,-79.44453447684646
17OIKvJmrK8--11,zero,28,-167.9606677852571,9,-164.53911828622222
HBQwzyxvkZA--146,zero,20,-127.04757410287857,7,-87.43357741832733
HBQwzyxvkZA--77,zero,10,-50.22968836501241,3,-18.310609817504883
MYGqMojGwBE--235,zero,8,-38.80018401145935,3,-20.769184112548828
JqYder5vRP4--0,zero,11,-49.29334747372195,5,-39.192837830167264
eyqLkKS5Qkw--3,zero,16,-140.6412770152092,8,-105.98231667280197
48couwymlMM--24,zero,12,-85.24685859680176,5,-60.29282236099243
iGdg-iGlUFg--12,zero,19,-119.666612803936,4,-79.95423352718353
K5lgB4YzOO0--4,zero,27,-183.69183719158173,9,-152.35912120342255
m3Mmtpr-jjA--34,zero,16,-105.84556563198566,9,-89.58408625423908
HBQwzyxvkZA--303,zero,16,-93.97268110513687,3,-68.50740760564804
Rblg5TE6TI0--19,zero,23,-145.93991372734308,12,-110.87819077819586
tDrI-9pSul0--6,zero,21,-133.9113145917654,9,-95.73027792572975
6_yO8Lc8Hd4--19,zero,11,-56.6267808675766,3,-29.106404781341553
faZQNy4aErk--51,zero,22,-149.86796744167805,8,-72.4518381357193
d5Lx_5-UiHY--85,zero,25,-136.0294805318117,10,-86.33047351241112
lSLqIyupXrk--2,zero,12,-103.02879762649536,6,-68.63567924499512
sktRu3sp97g--3,zero,15,-84.19128377363086,3,-29.75528311729431
MnCcM6PZrug--19,zero,36,-208.81958244740963,11,-141.60700307786465
DP1ly_MsHHQ--2,zero,20,-138.5640483237803,8,-88.43813828006387
mXq8axygjdE--65,zero,15,-89.49659853801131,5,-58.1236430965364
Rblg5TE6TI0--32,zero,12,-63.99717725999653,4,-47.396947825327516
4vfboqjtAXo_e3,zero,14,-91.58977210521698,4,-56.04609501361847
HBQwzyxvkZA--313,zero,21,-129.06663462519646,5,-99.7083283662796
vyBaeFU8J_k--5,zero,33,-179.77737080771476,8,-113.71413071174175
5QMD024bDYs--5,zero,15,-93.61905243992805,5,-56.34947216510773
3gKelnCwuj8--7,zero,16,-86.21920718997717,6,-60.41569676250219
ef52bca1a454-78,zero,16,-84.6364262253046,5,-57.322882771492004
4DhGy83DK_s--17,zero,28,-146.25015189871192,8,-74.9179059676826
mXq8axygjdE--64,zero,14,-79.72970804572105,5,-41.37688410282135
yAAWlkm-_KA--8,zero,24,-149.86472506821156,10,-93.15110319852829
BTqVQCBPUzg--81,zero,16,-91.16230428218842,7,-79.34719777107239
R6_v5nqXuGg--12,zero,22,-107.8635041192174,6,-70.6646345704794
iwYL-ivQm6o--7,zero,17,-109.20454038865864,6,-83.01273502595723
pMbMjjSj1fM--18,zero,14,-71.95956029742956,6,-63.79642619937658
aDwdB7xHAOE--2,zero,19,-110.48773662745953,4,-37.917965069413185
HBQwzyxvkZA--41,zero,15,-91.65742260217667,4,-51.49594634771347
LvN9Dxq2iLY--174,zero,20,-137.5738309919834,6,-120.18769145011902
faZQNy4aErk--55,zero,14,-84.94831335544586,7,-63.570306062698364
uY7i-Y8gxn8--5,zero,22,-137.73989832401276,6,-105.81136214733124
faZQNy4aErk--31,zero,18,-127.709497153759,8,-75.88391947746277
HBQwzyxvkZA--130,zero,26,-161.2099275290966,8,-120.42249608039856
5QMD024bDYs--16,zero,22,-146.5855446755886,8,-103.88812267780304
0bk98uIiTS8--41,zero,27,-223.57184825837612,11,-148.6079273968935
Kq5HfchSWv8--27,zero,18,-113.59987017139792,4,-76.98256632313132
kES_ZNjFKz8--15,zero,18,-133.40472650527954,4,-117.6151876449585
vZt56rnH8QQ--0,zero,16,-104.10848489403725,9,-69.41209664940834
n12WICGyBJ4--35,zero,15,-114.6310043334961,6,-74.44980645179749
MYGqMojGwBE--122,zero,10,-48.37416958808899,3,-32.84959697723389
lcBujGRLwE0--8,zero,29,-181.86695629358292,9,-119.29995322227478
ckGC5hUffDU--8,zero,18,-139.46075502038002,5,-118.89642372727394
jN2lbHzIneI--11,zero,38,-235.48786248266697,12,-174.3910027705133
MYGqMojGwBE--284,zero,16,-74.93663376569748,6,-36.43021011352539
aDwdB7xHAOE--6,zero,27,-201.56459337472916,9,-124.05531311035156
g4GfKC7z-2M--22,zero,19,-116.79588209092617,4,-75.36251519620419
XcXCB---N9M--6,zero,12,-49.24586544185877,5,-36.731685400009155
zu_bd3r2GIA--8,zero,16,-67.76014237850904,5,-36.05327603965998
u7wx4rUBg_k--8,zero,19,-122.65744821727276,9,-73.89283031225204
-X_zmve1y00--11,zero,14,-61.8229708224535,4,-32.339516162872314
DP1ly_MsHHQ--27,zero,34,-158.32853986509144,9,-106.0487064588815
MYGqMojGwBE--163,zero,13,-61.43355316482484,3,-36.24737856350839
HBQwzyxvkZA--191,zero,10,-47.94629114866257,3,-39.054277300834656
8E-llRXuhl0--14,zero,25,-134.32703799009323,8,-93.87747412919998
LvN9Dxq2iLY--130,zero,11,-64.41624307632446,4,-28.417816162109375
lcBujGRLwE0--12,zero,25,-144.80151253193617,8,-118.17906091362238
809a3a5e02d1-35,zero,17,-120.2947027683258,8,-88.03195524215698
myIXH3PjvoI--5,zero,25,-131.06191478669643,9,-88.8235641270876
ZCBew8Fv0qA--14,zero,15,-84.63663730025291,4,-40.21756246685982
jC6VuHNpTLM--22,zero,19,-110.59613635390997,6,-88.09356910735369
MYGqMojGwBE--241,zero,27,-119.84019139409065,6,-73.15164814889431
m-w_78fDg9M--7,zero,22,-152.7837601006031,7,-87.51725260913372
0kldzhToGLc--16,zero,15,-117.31565554440022,7,-72.15460014343262
vbq8QbOwOt4--0,zero,25,-165.99308823049068,13,-104.82379305362701
8w6k4jEJJlU--3,zero,11,-96.34776198863983,5,-78.57443702220917
eGkBCS1t9-E--16,zero,24,-136.1170036494732,8,-111.02771434187889
Rblg5TE6TI0--33,zero,26,-188.099491879344,11,-146.16710591316223
0Z5d6D2vBbc--3,zero,12,-71.62987254559994,4,-45.069269344210625
ijrjSBx7WTc--53,zero,21,-136.4069817662239,5,-92.88479173183441
HBQwzyxvkZA--169,zero,17,-86.51100957393646,7,-61.73259782791138
LvN9Dxq2iLY--104,zero,7,-31.331100940704346,4,-24.205336332321167
vZt56rnH8QQ--9,zero,15,-97.6130086351186,7,-67.4373425245285
UBnqDwRds3A--12,zero,9,-66.61224615573883,2,-22.189729690551758
w_xCnJVyPYA_e3,zero,13,-78.23412898182869,3,-34.242402106523514
BESRE5mtipE--10,zero,14,-72.68258885480464,5,-44.742422142997384
eBj_HUu0CNw--7,zero,17,-113.7681296467781,6,-80.1451396048069
mXq8axygjdE--8,zero,9,-78.59771871566772,3,-53.7297248840332
jC6VuHNpTLM--10,zero,19,-143.9147666245699,8,-109.45625638961792
Rc99bcSdhak--15,zero,23,-132.42493177950382,8,-81.23142138123512
ef52bca1a454-75,zero,9,-65.35042810440063,5,-47.446434020996094
vbq8QbOwOt4--13,zero,23,-109.62701104907319,7,-105.67832063464448
vbq8QbOwOt4--5,zero,25,-130.84572245180607,5,-92.79121471941471
UBnqDwRds3A--15,zero,19,-151.82167029380798,6,-79.50131702423096
2B2z46vgaAA--19,zero,14,-64.89333105832338,5,-48.57964427024126
xnY08sy7Sqk--22,zero,21,-164.06323164701462,7,-146.17709201574326
lAFiWmUUHOg--15,zero,15,-97.03979746997356,5,-55.22008769214153
MYGqMojGwBE--65,zero,13,-48.45304175466299,6,-42.892016135156155
zu_bd3r2GIA--12,zero,17,-97.88872569799423,4,-63.804007053375244
9b0136913690-90,zero,15,-95.5914739370346,4,-60.475559055805206
fqJW-F3WIYc--18,zero,21,-152.48892146348953,9,-100.48187637329102
jLwvQ4URDFY--16,zero,9,-62.19551082327962,3,-29.869729477912188
BO1ehFUMWEs--37,zero,12,-59.92637321352959,3,-38.50359392166138
fYxijWb0b_s--5,zero,12,-79.41792941093445,4,-70.59127521514893
6_yO8Lc8Hd4--3,zero,36,-258.8409789800644,14,-176.08149528503418
17OIKvJmrK8--7,zero,16,-114.40885770320892,7,-74.27879977226257
iGdg-iGlUFg--7,zero,20,-127.50081311166286,8,-78.02036444842815
ZMsnY_khlNQ--11,zero,29,-158.80034466087818,8,-129.82720479369164
-X_zmve1y00--9,zero,17,-116.340824611485,6,-70.51754284650087
fqJW-F3WIYc--11,zero,28,-169.9805205911398,7,-90.75709842145443
Lt5GAA6MIuM--27,zero,21,-101.33871037513018,7,-66.27606803178787
tDrI-9pSul0--9,zero,24,-140.43774530291557,8,-121.0473367869854
maCRL8WG0GQ--9,zero,18,-138.9408774971962,8,-96.37764716148376
HBQwzyxvkZA--179,zero,13,-71.60383193194866,4,-38.06873159110546
C6CIPVno_yQ--10,zero,22,-134.66548863053322,7,-68.01134824752808
dkavvNigK7s--13,zero,29,-203.16143381595612,12,-136.49990670382977
9bqfEh7BD3c--2,zero,27,-163.31687825918198,9,-107.87780964374542
spDHZsNp4RA_d,zero,22,-156.825122281909,8,-131.965898796916
KI0avgGkWiU--9,zero,23,-95.64491669647396,6,-62.4657956790179
jLwvQ4URDFY--27,zero,36,-251.46316424757242,10,-166.96367622166872
BO1ehFUMWEs--30,zero,37,-282.25566045194864,11,-187.84401481598616
lPzmjeJmsXo--31,zero,21,-148.44926443696022,7,-93.07058030366898
vyBaeFU8J_k--8,zero,11,-55.87013502418995,4,-27.323788821697235
BESRE5mtipE--19,zero,21,-122.37627656757832,8,-83.57273453474045
NDYHcIF50eE--0,zero,33,-162.50683439522982,15,-132.21644843369722
MYGqMojGwBE--109,zero,20,-141.81860089302063,9,-126.7708797454834
9b0136913690-8,zero,17,-81.94012627168559,4,-61.35537108941935
_T-35xhqSkE--11,zero,17,-104.14337930828333,3,-73.023411847651
myIXH3PjvoI--37,zero,11,-48.8007552921772,3,-29.685994029045105
ozS8Mx8AdH8--13,zero,21,-130.23973809182644,6,-97.3273396641016
NDYHcIF50eE--3,zero,26,-150.2938592657447,12,-114.88688255101442
809a3a5e02d1-19,zero,16,-101.04433789849281,7,-71.3017110824585
rYcw__0tDhw--17,zero,21,-112.71866664290428,4,-37.98039987683296
HBQwzyxvkZA--311,zero,16,-70.45157690346241,4,-55.4486919939518
HBQwzyxvkZA--236,zero,14,-78.39548856019974,3,-57.85196781158447
wUH1dDbu9B4--29,zero,18,-99.7868659645319,8,-74.84749165177345
l9bZYazJQ1w--18,zero,23,-125.62241794168949,6,-72.88235498964787
faZQNy4aErk--76,zero,28,-130.06077108718455,6,-79.41838417388499
dkavvNigK7s--14,zero,17,-108.88369214721024,6,-62.71580341644585
YsuSHJ3klEs--14,zero,17,-81.12286892533302,6,-41.37196534872055
MYGqMojGwBE--38,zero,21,-150.59243507683277,6,-77.92275150120258
dPuKX_lM4Zc--107,zero,12,-63.71265912055969,3,-43.28930449485779
OJxSniCPUpI--9,zero,17,-96.88569894433022,4,-88.8350674957037
CRJSZ2e7BU0--10,zero,17,-121.88192266225815,7,-77.30013418197632
MYGqMojGwBE--128,zero,16,-76.85816622525454,5,-39.729207038879395
myIXH3PjvoI--47,zero,18,-97.80356395244598,4,-66.46959984302521
cw1YIV30nQM--22,zero,17,-91.60988411866128,4,-67.99509129486978
KmW8f1GVTYY--10,zero,13,-81.80910396575928,6,-53.392181396484375
ijrjSBx7WTc--67,zero,24,-154.09448659420013,7,-114.6710713505745
gXa0qcoWrsQ--4,zero,13,-50.178748443722725,3,-45.69244386255741
Zc2bgIDZ-Ks--45,zero,36,-231.4403359889984,12,-162.25527054071426
36YV-IPiUXM--10,zero,39,-273.69736835360527,11,-173.80521082878113
36YV-IPiUXM--8,zero,32,-214.78513137996197,10,-157.43127524852753
HBQwzyxvkZA--320,zero,16,-101.8254699409008,5,-71.09681117534637
QiJgNpX3zN0--1,zero,12,-70.39971140027046,4,-57.66216039657593
U5Tq9r7saZU--15,zero,31,-228.38346510380507,13,-150.5593257844448
pMbMjjSj1fM--11,zero,16,-130.54730933904648,7,-93.06420177221298
oPITLi0VKh8--20,zero,17,-83.76415497623384,4,-40.923625191673636
ci_iGsLDZ9w_e1,zero,18,-88.5333644002676,5,-77.17957018315792
NDYHcIF50eE--16,zero,32,-201.0067271143198,9,-140.55917301774025
KmW8f1GVTYY--15,zero,16,-113.76512140035629,6,-68.91051244735718
ci_iGsLDZ9w_d,zero,8,-65.86792314052582,3,-41.01649606227875
6OlSDCcwM10--25,zero,12,-56.50968615710735,3,-39.6521507948637
8w6k4jEJJlU--0,zero,20,-104.21045216917992,6,-68.87238082289696
myIXH3PjvoI--97,zero,17,-84.15451796352863,6,-52.18588609993458
9b0136913690-12,zero,8,-52.88667583465576,2,-25.808494091033936
91GVHgxW8RA--7,zero,33,-223.6794461607933,11,-179.20764869451523
eabe1f38221a-36,zero,10,-70.45097064971924,3,-26.832298755645752
6_yO8Lc8Hd4--2,zero,17,-115.89817237854004,7,-61.96784019470215
KmW8f1GVTYY--46,zero,12,-72.29255307838321,4,-43.914924919605255
9bqfEh7BD3c--13,zero,18,-120.04580590128899,5,-99.37854242324829
VwsRPJN7txM--9,zero,18,-105.51928195124492,6,-63.024693951010704
QXsIVtanWdw--5,zero,9,-37.228952407836914,3,-18.56589984893799
S9ymb66ZqqY--8,zero,11,-99.49151039123535,5,-65.35167741775513
LvN9Dxq2iLY--33,zero,12,-70.31189435720444,5,-57.784047067165375
K4eNr2k2Lls--21,zero,21,-132.47574330866337,8,-125.24099342525005
wSEeoT9BqE0--21,zero,34,-189.09033942222595,9,-140.63270176947117
LvN9Dxq2iLY--12,zero,16,-104.77780103683472,4,-55.6199848651886
faZQNy4aErk--6,zero,14,-80.07844239473343,5,-44.51833587884903
WabgM-SmPzU_e1,zero,12,-66.89711020514369,4,-41.93596760556102
wmTrG799MAo--12,zero,17,-92.63428258895874,6,-38.61530977487564
i4j5Bj2NL1c--13,zero,14,-108.97784596681595,5,-86.48657256364822
nvfK4jQ7MH0--3,zero,22,-150.30201506614685,7,-125.70465779304504
ojYFIliNLGI--0,zero,23,-121.13254206627607,8,-94.35738640278578
HBQwzyxvkZA--203,zero,12,-71.4573173969984,6,-55.84084749221802
vZt56rnH8QQ--1,zero,11,-61.736739091575146,5,-51.338653683662415
NaXDBBT5pkw--17,zero,16,-91.01642580330372,5,-64.69320698082447
9bqfEh7BD3c--23,zero,20,-121.86241001263261,9,-87.27532917633653
eyqLkKS5Qkw--20,zero,12,-82.93893936276436,5,-52.3584680557251
vbq8QbOwOt4--14,zero,26,-160.40206668525934,13,-113.25842183828354
faZQNy4aErk--25,zero,13,-88.87097477912903,2,-62.101484537124634
s_8IbRRsr0Q--13,zero,12,-70.09045797586441,6,-50.56019389629364
lcBujGRLwE0--7,zero,25,-174.0208093561232,7,-104.13229030743241
CAzt5cxtSjQ--17,zero,15,-89.65144073963165,4,-40.18426740169525
m3Mmtpr-jjA--22,zero,9,-70.31945826113224,4,-46.537044525146484
9b0136913690-67,zero,8,-50.69381141662598,1,-10.427621841430664
HBQwzyxvkZA--34,zero,14,-77.93686527013779,5,-47.23233771324158
HBQwzyxvkZA--151,zero,15,-83.88804011791945,6,-69.22601818293333
ozS8Mx8AdH8--14,zero,25,-162.8859242796898,9,-127.14609187841415
AZ2s4Adm9RU--14,zero,14,-91.75075852870941,3,-52.83142626285553
KmW8f1GVTYY--48,zero,12,-80.73287039995193,6,-55.237603425979614
dPuKX_lM4Zc--103,zero,10,-54.424978256225586,3,-34.51205062866211
OEM3CR-HYmk--22,zero,16,-65.02564996480942,3,-45.72992904484272
lcBujGRLwE0--11,zero,28,-169.29161133617163,9,-157.70649617165327
d5Lx_5-UiHY--101,zero,8,-46.43396186828613,1,-9.562675476074219
vZt56rnH8QQ--8,zero,27,-190.6740338653326,12,-105.16307686269283
BO1ehFUMWEs--7,zero,18,-121.66611862182617,6,-93.66695380210876
HBQwzyxvkZA--99,zero,11,-40.66190509404987,5,-34.79233515262604
s_8IbRRsr0Q--22,zero,13,-84.32830768823624,5,-52.90695729851723
fvHtYcL913U--15,zero,13,-68.45470345020294,5,-39.77252197265625
sktRu3sp97g--2,zero,11,-69.0485195145011,6,-51.132187366485596
BO1ehFUMWEs--10,zero,27,-150.08623573184013,6,-112.10205066204071
lSLqIyupXrk--18,zero,23,-127.12232185900211,8,-98.04987567663193
xFEQrtosric--9,zero,9,-50.711268693208694,4,-39.633624225854874
ef52bca1a454-29,zero,10,-55.622234135866165,3,-27.094442680478096
q4RnudGCU18--28,zero,30,-248.59373404085636,14,-162.8443625420332
HBQwzyxvkZA--93,zero,15,-81.02485204488039,6,-48.25617337226868
ijrjSBx7WTc--51,zero,20,-102.29381131008267,7,-83.32806449010968
U5Tq9r7saZU--13,zero,33,-214.96735773980618,11,-177.48015348613262
d5Lx_5-UiHY--73,zero,11,-56.98177111148834,3,-27.32809293270111
s_8IbRRsr0Q--25,zero,19,-128.52518409490585,7,-68.63736581802368
LvN9Dxq2iLY--17,zero,13,-58.13437992334366,3,-38.51120746135712
lcBujGRLwE0--19,zero,31,-207.18428392708302,12,-161.6014552116394
9bqfEh7BD3c--18,zero,12,-76.859219789505,4,-50.001797914505005
iwYL-ivQm6o--16,zero,20,-118.64847221970558,5,-63.67684322595596
myIXH3PjvoI--115,zero,16,-99.44656336307526,7,-70.03775405883789
gXa0qcoWrsQ--23,zero,23,-141.607947091572,6,-93.80713371466845
hYNyIXYmoYs--0,zero,14,-79.95862838625908,5,-68.5012149810791
40BjLI5XtJE--1,zero,12,-77.90366347134113,5,-50.22152550518513
Zc2bgIDZ-Ks--28,zero,16,-93.4148671478033,6,-84.16374325752258
vbq8QbOwOt4--18,zero,21,-117.76081056147814,8,-53.2091006860137
fulQKWknVhw--25,zero,23,-143.89233221113682,7,-71.39789168536663
n12WICGyBJ4--17,zero,11,-81.44665676355362,5,-70.5266929268837
OEM3CR-HYmk--8,zero,9,-52.86929018050432,3,-21.79283905029297
6OlSDCcwM10--0,zero,14,-78.76998864114285,4,-41.45075041055679
K4eNr2k2Lls--31,zero,18,-128.57650220394135,7,-95.86790776252747
8DmlFztO2XM--4,zero,22,-129.034701526165,7,-100.24604058265686
gXa0qcoWrsQ--1,zero,29,-180.79803819581866,8,-156.7821539901197
6_yO8Lc8Hd4--18,zero,33,-164.5469724982977,7,-96.16394066810608
dPuKX_lM4Zc--81,zero,19,-124.34714300371706,6,-63.50721402466297
egjhIFJbR2I--1,zero,17,-88.5061547756195,5,-85.4588588476181
3vCea9zWFek--8,zero,15,-69.86960133910179,4,-48.16440650820732
2B2z46vgaAA--25,zero,9,-49.41462052613497,4,-36.76774138957262
QiGhWfjM2FI--29,zero,13,-93.19097578525543,6,-68.27019762992859
wefigjf46u4--7,zero,22,-168.15104070305824,9,-99.08662295341492
MYGqMojGwBE--188,zero,10,-49.94900477677584,4,-36.00059086829424
Kq5HfchSWv8--3,zero,10,-55.6701679546386,3,-32.95079973526299
5n_IGU5rYYk--31,zero,24,-137.72593731805682,11,-92.4246680252254
HBQwzyxvkZA--43,zero,13,-82.22556442022324,4,-32.82617259025574
7byz3fdI-Ss--10,zero,16,-93.80689138453454,5,-46.07962590735406
mjvqIq_fvRY--2,zero,20,-117.58383107185364,8,-70.21092331409454
Lt5GAA6MIuM--8,zero,19,-116.38746258616447,5,-55.68206602334976
uR-nzhB6D8g--11,zero,13,-66.3614953160286,5,-54.284414410591125
vyBaeFU8J_k--16,zero,25,-139.8312585130334,6,-61.54085401445627
myIXH3PjvoI--85,zero,21,-115.40116912126541,7,-87.88689810037613
gW1N-ttBBTo--2,zero,9,-49.97706067562103,2,-21.02530002593994
K4eNr2k2Lls--30,zero,29,-187.9623139500618,9,-131.21689108014107
s_8IbRRsr0Q--20,zero,21,-140.60676670446992,10,-109.9271607734263
rZG7T9ujMEo--13,zero,12,-76.70658840984106,4,-63.192859314382076
_IyhoG9jXuM--1,zero,17,-98.90547634661198,8,-81.02362251281738
6OlSDCcwM10--15,zero,18,-144.61947679519653,7,-117.04627323150635
OtlvzXZG_Uk_e1,zero,15,-105.02758384495974,4,-71.50551439076662
iwYL-ivQm6o--8,zero,9,-41.709522135555744,4,-26.841942727565765
Lt5GAA6MIuM--4,zero,25,-187.63918080925941,8,-133.75181639194489
mDUCHJerTtE--6,zero,23,-130.16077128052711,8,-92.11236494779587
BTqVQCBPUzg--107,zero,21,-143.07800724124536,8,-92.36408378696069
80Cx4CH-AVI--17,zero,8,-64.51595115661621,6,-47.18294715881348
0Z5d6D2vBbc--11,zero,35,-248.5620586425066,13,-181.01329974085093
BTqVQCBPUzg--110,zero,8,-62.730273723602295,3,-38.53713512420654
lZarpnV0alw--14,zero,11,-84.34577202796936,4,-42.477482318878174
mjvqIq_fvRY--22,zero,20,-110.14107605814934,9,-85.33882111310959
g4GfKC7z-2M--7,zero,20,-152.5379998087883,7,-125.80399268865585
gp0w_zrLgfw--17,zero,29,-179.17858941853046,10,-105.53747649490833
UBnqDwRds3A--8,zero,25,-166.79858380928636,7,-84.77626771107316
MYGqMojGwBE--219,zero,10,-77.06649208068848,4,-33.618037700653076
809a3a5e02d1-116,zero,9,-53.34794235229492,3,-32.54402685165405
ckGC5hUffDU--5,zero,15,-96.08760505914688,5,-51.50660181045532
faZQNy4aErk--18,zero,23,-173.6320040822029,7,-164.79809027910233
uYaUCNl1j10--8,zero,25,-132.4520223736763,10,-85.45611875504255
jN2lbHzIneI--4,zero,31,-223.92474185675383,10,-203.4756483733654
LvN9Dxq2iLY--86,zero,12,-97.38058972358704,2,-60.00150489807129
Zc2bgIDZ-Ks--85,zero,25,-200.07346365228295,6,-131.807283077389
m3Mmtpr-jjA--38,zero,26,-166.5556629449129,11,-146.11269587278366
q4RnudGCU18--13,zero,26,-152.34763956069946,9,-95.01052509248257
aDwdB7xHAOE--5,zero,15,-88.00683975219727,4,-69.81177318096161
s_8IbRRsr0Q--8,zero,8,-54.57414323091507,2,-20.008124351501465
C-cgPb_N2dY--3,zero,12,-72.8345374763012,6,-50.697119295597076
sktRu3sp97g--11,zero,19,-119.39788556098938,7,-84.09255862236023
4DhGy83DK_s--13,zero,17,-86.17493773251772,5,-65.25850392132998
MYGqMojGwBE--182,zero,18,-115.9883106648922,7,-68.20965939760208
l9bZYazJQ1w--16,zero,12,-83.56872434914112,5,-41.29309701919556
Xmm9ZyMy12g--8,zero,16,-107.99488666653633,4,-84.74364450573921
C6CIPVno_yQ--20,zero,22,-127.32633052766323,9,-101.82151733338833
DF4fto_X1Y4--2,zero,14,-67.03927257657051,5,-49.03621503710747
HBQwzyxvkZA--100,zero,12,-50.30831456184387,2,-17.974944591522217
dkavvNigK7s--30,zero,14,-83.60331690311432,6,-60.193286538124084
4DhGy83DK_s--35,zero,28,-135.23690665513277,6,-59.43404886126518
ZVE_KjrY_po--8,zero,23,-146.2038939036429,9,-105.85325208678842
lPzmjeJmsXo--14,zero,27,-208.47136643528938,10,-161.70195508003235
d5Lx_5-UiHY--36,zero,12,-65.58974002301693,4,-22.746691927313805
xFEQrtosric--2,zero,26,-152.67593100667,9,-120.36178612709045
MYGqMojGwBE--215,zero,15,-78.29045557975769,6,-33.6733717918396
6_yO8Lc8Hd4--6,zero,29,-185.13211992569268,10,-133.96343448758125
vbq8QbOwOt4--1,zero,16,-100.63101506233215,6,-44.788382172584534
5n_IGU5rYYk--2,zero,20,-103.99215951189399,8,-78.19457192346454
ZMsnY_khlNQ--15,zero,9,-65.49226549267769,2,-17.729792594909668
myIXH3PjvoI--4,zero,14,-65.20695251226425,6,-45.25423002243042
q4RnudGCU18--26,zero,28,-169.78101655840874,10,-131.04029187560081
HBQwzyxvkZA--165,zero,12,-59.025191558524966,4,-52.07204629294574
o9DARfrZg2o--1,zero,21,-168.33091127872467,8,-109.47063362598419
uR-nzhB6D8g--1,zero,16,-52.15472435951233,6,-34.74464562535286
RIwfym39VVM_e3,zero,21,-111.88985794782639,6,-71.61705255508423
wwpptVjgAws--0,zero,29,-148.09358933568,13,-117.13223132491112
9b0136913690-52,zero,14,-83.7670186161995,3,-42.8963577747345
Lt5GAA6MIuM--17,zero,22,-168.72456115484238,10,-119.27641439437866
klepEQSaeIk--1,zero,36,-228.34622829407454,11,-148.00156317651272
Lt5GAA6MIuM--28,zero,13,-85.18271249718964,4,-54.40570897050202
ef52bca1a454-8,zero,13,-90.58908861875534,6,-62.94468665122986
jLwvQ4URDFY--14,zero,34,-246.16483709216118,10,-172.17304395139217
LvN9Dxq2iLY--82,zero,14,-63.70158365368843,4,-35.93574458360672
iwYL-ivQm6o--11,zero,14,-74.95753460377455,4,-34.79467535018921
9b0136913690-59,zero,16,-103.6618290618062,4,-87.572240896523
KmW8f1GVTYY--33,zero,13,-80.07738842815161,5,-66.40335144847631
NDYHcIF50eE--11,zero,20,-79.95096525549889,3,-51.28001365065575
MYGqMojGwBE--279,zero,9,-48.01120220310986,5,-43.19225083477795
tDrI-9pSul0--10,zero,29,-248.5909779071808,10,-216.88823914527893
5n_IGU5rYYk--32,zero,31,-187.09887029603124,7,-61.09215718135238
ijrjSBx7WTc--23,zero,26,-167.54400381445885,9,-114.15649253129959
a8zp7ivHwBU--4,zero,18,-121.46195888519287,6,-97.23730218410492
9bqfEh7BD3c--24,zero,18,-133.6677463632077,5,-77.36396962217987
U5Tq9r7saZU--29,zero,21,-113.51923863589764,11,-91.36085844039917
wSEeoT9BqE0--14,zero,27,-191.75365977734327,8,-153.4673482850194
QiGhWfjM2FI--9,zero,24,-123.3402753341943,11,-110.01258592493832
809a3a5e02d1-64,zero,14,-76.14665738679469,4,-57.4888133648783
ckGC5hUffDU--6,zero,26,-186.36360619438346,6,-122.22289740294218
o44YnPMhwPU--36,zero,22,-132.3150887042284,11,-97.3306660503149
HBQwzyxvkZA--193,zero,9,-47.68689405918121,4,-42.848468005657196
Kq5HfchSWv8--36,zero,16,-84.62021504342556,4,-51.14509104192257
ZCBew8Fv0qA--3,zero,13,-59.838837042450905,3,-39.06644530594349
91GVHgxW8RA--33,zero,22,-101.20429199934006,6,-44.05665798485279
MYGqMojGwBE--211,zero,13,-96.41973394155502,7,-59.204529762268066
hgaKby5Mha4--28,zero,25,-164.72929348424077,8,-79.18411045148969
-X_zmve1y00--1,zero,12,-50.155775571241975,3,-29.974489787593484
hgaKby5Mha4--1,zero,23,-137.154178224504,8,-96.60615523159504
BO1ehFUMWEs--1,zero,21,-118.52022863924503,6,-99.59401962161064
OEM3CR-HYmk--3,zero,12,-79.58313000202179,3,-46.75760877132416
R6_v5nqXuGg--5,zero,18,-110.07657653093338,6,-77.37729442119598
rZG7T9ujMEo--2,zero,14,-89.70986449718475,6,-64.75292956829071
HBQwzyxvkZA--143,zero,9,-38.70890161395073,4,-27.89672613143921
HBQwzyxvkZA--319,zero,22,-144.706299290061,7,-104.60196694731712
3vCea9zWFek--39,zero,23,-161.74088275432587,9,-96.26363897323608
tDrI-9pSul0--11,zero,12,-65.76467429101467,6,-52.57987928390503
kxz4AA9lNmY_e4,zero,17,-103.99066146463156,4,-74.2428296431899
zu_bd3r2GIA--28,zero,14,-98.47598342224956,5,-80.37672118470073
Xmm9ZyMy12g--13,zero,22,-165.80065777897835,6,-114.63669347763062
NTc0m4Q1-xU--0,zero,17,-121.1927717924118,7,-80.82710607349873
9xc24mAlprE--14,zero,23,-162.42820927500725,9,-117.050298422575
Rc99bcSdhak--5,zero,37,-225.43457715399563,11,-173.55646948702633
HBQwzyxvkZA--286,zero,24,-176.12696482241154,10,-122.39453262090683
Zc2bgIDZ-Ks--79,zero,15,-76.78872185200453,4,-50.585940308868885
wefigjf46u4--10,zero,8,-58.61988377571106,2,-27.824326992034912
wSEeoT9BqE0--2,zero,20,-99.98606633208692,7,-82.19981113635004
o9DARfrZg2o--0,zero,21,-152.90984301269054,7,-118.0178699940443
DP1ly_MsHHQ--15,zero,30,-185.64261348173022,7,-120.23327169939876
C-cgPb_N2dY--16,zero,21,-119.7064423263073,7,-78.53550583124161
6U9AFGakrn0--5,zero,14,-69.13785390555859,4,-36.96281361579895
0kldzhToGLc--15,zero,10,-54.86236149072647,3,-18.611665666103363
oyWhLo5brto--1,zero,21,-142.21373127400875,9,-76.85460148751736
bqE5C2tmc9c--13,zero,14,-102.08985483646393,6,-66.07841849327087
ijrjSBx7WTc--32,zero,21,-120.74886444211006,7,-79.52307704091072
MYGqMojGwBE--149,zero,17,-84.76212095469236,3,-38.71184562891722
n12WICGyBJ4--43,zero,17,-76.09561704657972,6,-65.1922207288444
Zc2bgIDZ-Ks--43,zero,19,-125.5568798482418,4,-37.57954367995262
IjeHLt1vNoM--9,zero,20,-129.5622352361679,6,-81.55015969276428
rYcw__0tDhw--1,zero,33,-171.22796084731817,8,-130.05018708854914
Sqa3ig2NN9Q--4,zero,14,-105.13252004981041,5,-76.31166157126427
IjeHLt1vNoM--17,zero,15,-94.25360417366028,5,-57.59503307938576
9b0136913690-70,zero,12,-67.48781681060791,3,-37.020777463912964
Kq5HfchSWv8--28,zero,15,-60.16723509132862,4,-39.464472472667694
ojYFIliNLGI--9,zero,16,-95.22795204818249,6,-56.65958397090435
m3Mmtpr-jjA--30,zero,23,-147.20509554445744,9,-107.49063912034035
6u-ZspWSpwE--14,zero,17,-113.14878222346306,6,-64.33849585056305
HBQwzyxvkZA--111,zero,13,-102.93924748897552,5,-64.40217292308807
xFJw5GMtlCk--4,zero,8,-42.980358600616455,1,-13.375864505767822
U5Tq9r7saZU--18,zero,18,-126.65421676635742,5,-79.50848841667175
QiJgNpX3zN0--17,zero,11,-61.99191917851567,4,-40.39405085518956
9bqfEh7BD3c--9,zero,19,-121.33975148200989,7,-76.02542012929916
5n_IGU5rYYk--17,zero,31,-166.7221981473267,11,-108.67702041193843
kES_ZNjFKz8--18,zero,12,-73.81839047372341,4,-51.00649034976959
nvfK4jQ7MH0--19,zero,12,-64.00163114070892,3,-38.97573792934418
LvN9Dxq2iLY--71,zero,26,-131.24764904379845,6,-66.78291916847229
aDwdB7xHAOE--8,zero,19,-142.29948925971985,9,-94.49637126922607
HBQwzyxvkZA--1,zero,10,-53.34747636318207,2,-28.552279949188232
gW1N-ttBBTo--6,zero,30,-205.36821407079697,9,-151.5445133447647
ef52bca1a454-57,zero,17,-99.6804400710389,5,-38.255955934524536
_r1S90f_nsM--13,zero,13,-76.54685591161251,4,-23.348163470625877
Xmm9ZyMy12g--12,zero,16,-95.79487079381943,3,-39.68621963262558
fulQKWknVhw--29,zero,34,-213.03397211618721,12,-171.69162986427546
BTqVQCBPUzg--116,zero,10,-72.23612258210778,2,-26.701589081436396
Zc2bgIDZ-Ks--9,zero,16,-73.18527807295322,4,-53.070994302630424
eBj_HUu0CNw--22,zero,13,-81.16850234568119,5,-64.04084879159927
K4eNr2k2Lls--33,zero,29,-186.48732659220695,10,-142.9017938375473
jMdxYlvrkbk--10,zero,24,-156.14392770081758,9,-121.45235580950975
jLwvQ4URDFY--3,zero,28,-202.321839928627,14,-145.89508448541164
R6_v5nqXuGg--14,zero,18,-111.5537462234497,7,-84.26904773712158
Sqa3ig2NN9Q--25,zero,20,-127.6864957511425,3,-82.43499827384949
gW1N-ttBBTo--10,zero,37,-214.0714824348688,12,-164.2821330279112
cw1YIV30nQM--20,zero,21,-144.9169391989708,7,-85.7009288072586
BESRE5mtipE--1,zero,20,-93.78271109610796,5,-59.82278896123171
KHL0wkbu0-s--8,zero,24,-153.50786685943604,9,-97.41340065002441
eGkBCS1t9-E--20,zero,22,-118.25272545218468,5,-83.24061250686646
EIwWHTO5rZw--14,zero,13,-91.11147871613503,4,-44.0330570936203
eBj_HUu0CNw--24,zero,17,-82.85306017100811,6,-44.23836260288954
gXa0qcoWrsQ--12,zero,21,-118.91119691729546,6,-73.18910774588585
80Cx4CH-AVI--8,zero,21,-147.44384467601776,6,-111.44125437736511
ckGC5hUffDU--2,zero,19,-116.23196751624346,5,-103.65187139064074
K5lgB4YzOO0--6,zero,19,-105.2439194470644,5,-64.56033430993557
-X_zmve1y00--12,zero,18,-106.08543433248997,8,-73.0279046446085
xFEQrtosric--7,zero,25,-153.18013223679736,10,-138.36089065345004
HBQwzyxvkZA--121,zero,22,-116.68754053115845,7,-87.93157613277435
bOZ_Lap5FNA--11,zero,19,-126.45706493780017,9,-85.10692734643817
rYcw__0tDhw--2,zero,21,-160.10497327148914,8,-119.05709433555603
xFJw5GMtlCk--10,zero,24,-152.30738367140293,7,-101.91805922985077
9b0136913690-106,zero,8,-43.23405611515045,3,-28.129221439361572
rZG7T9ujMEo--21,zero,9,-61.527137875556946,2,-27.811288833618164
mXq8axygjdE--51,zero,36,-202.19781124591827,15,-135.51239739358425
m-w_78fDg9M--18,zero,17,-121.49964424967766,4,-60.81509229540825
XcXCB---N9M--3,zero,20,-134.10689529776573,6,-74.02786391973495
K4eNr2k2Lls--2,zero,16,-87.30233150720596,6,-70.73097690939903
BTqVQCBPUzg--154,zero,8,-40.13113997876644,3,-29.875565841794014
Zc2bgIDZ-Ks--60,zero,17,-103.46167039871216,6,-63.51366114616394
gW1N-ttBBTo--7,zero,28,-195.73037903755903,10,-157.56603103131056
0bk98uIiTS8--32,zero,30,-194.10916867107153,12,-170.4271138831973
BTqVQCBPUzg--148,zero,12,-88.78829419612885,6,-56.422208189964294
lAFiWmUUHOg--25,zero,27,-145.01666801422834,6,-114.14977353066206
bGqx2eKgdB0_e4,zero,10,-77.81799268722534,3,-48.146512031555176
ZVE_KjrY_po--21,zero,8,-52.70446443557739,2,-23.129762649536133
BTqVQCBPUzg--34,zero,13,-77.71563339233398,4,-57.30588787794113
XcXCB---N9M--20,zero,30,-199.06383642554283,8,-127.72774542868137
o9DARfrZg2o--9,zero,13,-93.49036884307861,3,-29.41343355178833
HBQwzyxvkZA--228,zero,13,-90.67869818210602,4,-74.86385226249695
80Cx4CH-AVI--2,zero,29,-173.436498939991,11,-126.25739479064941
Zc2bgIDZ-Ks--12,zero,11,-66.78295254707336,3,-15.361494541168213
vbq8QbOwOt4--7,zero,17,-90.64677709341049,6,-41.16377854347229
HBQwzyxvkZA--291,zero,31,-161.71668758359738,9,-118.54370350507088
i4j5Bj2NL1c--9,zero,19,-105.67396105825901,6,-69.5360020250082
5QMD024bDYs--8,zero,21,-96.73948651738465,6,-77.27696509845555
faZQNy4aErk--44,zero,24,-172.97168749570847,9,-135.4367406964302
oPITLi0VKh8--18,zero,13,-73.2358004450798,5,-51.615857005119324
Xmm9ZyMy12g--14,zero,16,-99.02489486336708,5,-47.01277828216553
-X_zmve1y00--29,zero,11,-58.68328857421875,4,-54.01003420352936
HBQwzyxvkZA--278,zero,12,-89.2776569724083,5,-50.76730298995972
OEM3CR-HYmk--2,zero,13,-73.92659287154675,4,-53.27613262832165
1xJ_dkBcAIU--20,zero,20,-122.07985889166594,6,-81.93588911741972
IoifXQnhN4E--5,zero,9,-68.5547297000885,5,-50.72264313697815
jMdxYlvrkbk--6,zero,15,-112.63510590791702,5,-60.69268083572388
q4RnudGCU18--5,zero,22,-118.16699163615704,6,-76.18991658091545
lcBujGRLwE0--30,zero,25,-159.69854567945004,9,-105.55305713415146
egjhIFJbR2I--8,zero,16,-89.72784931957722,5,-53.23778256773949
oAhfJ8yB1j0--5,zero,27,-153.65765668451786,10,-135.37702317535877
klepEQSaeIk--15,zero,11,-63.15226872265339,6,-58.575315117836
Rc99bcSdhak--27,zero,30,-207.74223752692342,10,-130.87028275802732
iwYL-ivQm6o--3,zero,29,-185.4634101986885,9,-116.96215170621872
MYGqMojGwBE--248,zero,24,-151.864989541471,8,-90.55785693973303
mjvqIq_fvRY--12,zero,23,-123.83423233032227,6,-83.34498310089111
s_8IbRRsr0Q--1,zero,28,-152.27242976427078,8,-100.6187133193016
6OlSDCcwM10--2,zero,7,-31.616029024124146,2,-16.415759086608887
m3Mmtpr-jjA--44,zero,24,-141.88790330290794,6,-88.0978873372078
9b0136913690-31,zero,17,-94.20483377575874,5,-53.486665815114975
HBQwzyxvkZA--207,zero,13,-60.763569205999374,4,-37.68528389930725
Nv3WLYio7Lc--9,zero,17,-112.74514020979404,5,-55.0592755228281
Nv3WLYio7Lc--14,zero,11,-60.50183452665806,5,-51.050732389092445
hYNyIXYmoYs--2,zero,19,-117.14944200217724,8,-87.47915989160538
ef52bca1a454-69,zero,9,-55.06118941307068,3,-28.144442081451416
HBQwzyxvkZA--90,zero,11,-75.3093569278717,4,-45.034045457839966
C6CIPVno_yQ--21,zero,22,-146.09484368562698,8,-112.25969642400742
LvN9Dxq2iLY--26,zero,22,-194.19991159439087,7,-180.07269430160522
HBQwzyxvkZA--318,zero,18,-103.7284787222743,8,-89.78630656003952
zu_bd3r2GIA--30,zero,18,-108.64770026504993,7,-70.70692485570908
oAhfJ8yB1j0--3,zero,23,-140.55356439389288,6,-121.97172725200653
5n_IGU5rYYk--6,zero,17,-75.86135542392731,6,-45.659494161605835
nvfK4jQ7MH0--27,zero,17,-106.72296392917633,7,-87.35132849216461
kytITkHoyls--15,zero,21,-84.4511779025197,5,-48.427201736718416
dPuKX_lM4Zc--120,zero,31,-216.65329025685787,13,-127.63011907041073
5n_IGU5rYYk--3,zero,21,-120.50950421392918,7,-88.9899578243494
dPuKX_lM4Zc--129,zero,23,-164.80261638760567,9,-93.8606094121933
9xc24mAlprE--26,zero,18,-125.359045535326,5,-109.8790822327137
oyWhLo5brto--5,zero,21,-116.98281724005938,5,-56.51851639151573
ojYFIliNLGI--16,zero,37,-255.09693601727486,13,-196.23007023334503
LvN9Dxq2iLY--124,zero,18,-112.19603611773346,4,-54.90339409059379
lcBujGRLwE0--4,zero,34,-193.5226753912866,12,-157.0786794088781
wwpptVjgAws--7,zero,39,-294.61668249964714,10,-231.25427758693695
Kq5HfchSWv8--18,zero,16,-82.03532571345568,4,-42.88373827934265
mjvqIq_fvRY--6,zero,27,-178.90609201788902,10,-143.09428524971008
Nv3WLYio7Lc--13,zero,30,-171.90525739081204,7,-90.98143601603806
6_yO8Lc8Hd4--7,zero,14,-98.90682399272919,6,-69.81666266918182
0Z5d6D2vBbc--6,zero,17,-106.1185647919774,8,-78.47382199764252
80Cx4CH-AVI--11,zero,28,-190.56187607068568,9,-97.4019346954301
xFJw5GMtlCk--5,zero,24,-131.1741215661168,10,-61.960132233798504
9b0136913690-80,zero,17,-124.79308751225471,4,-48.07763195037842
AVb1VABiJJ8--9,zero,19,-138.25152376294136,7,-77.57862564921379
xFEQrtosric--4,zero,14,-69.26338018476963,4,-27.077835217118263
iGdg-iGlUFg--2,zero,42,-278.1707943677902,12,-190.90753614902496
wUH1dDbu9B4--26,zero,23,-182.97780385613441,6,-168.02919307351112
LvN9Dxq2iLY--101,zero,14,-84.59055462479591,4,-63.637234687805176
HBQwzyxvkZA--67,zero,9,-43.89926528930664,2,-19.394339203834534
QiGhWfjM2FI--1,zero,19,-146.7853861451149,9,-101.11325392127037
LvN9Dxq2iLY--168,zero,9,-57.25403594970703,4,-37.00394535064697
MYGqMojGwBE--2,zero,18,-114.1544242426753,8,-73.07434802502394
mjvqIq_fvRY--18,zero,14,-100.90964764356613,7,-76.38251376152039
m-w_78fDg9M--3,zero,17,-105.4446210861206,7,-82.38983443379402
8E-llRXuhl0--22,zero,20,-125.06490110233426,7,-99.3977419026196
lPzmjeJmsXo--2,zero,32,-198.97033421695232,13,-163.3152041733265
rYcw__0tDhw--10,zero,22,-139.13738678768277,6,-90.78289346769452
mXq8axygjdE--62,zero,9,-49.2953115850687,3,-30.707168102264404
AZ2s4Adm9RU--1,zero,28,-130.7271871343255,7,-51.2238495349884
CRJSZ2e7BU0--4,zero,25,-166.7850056886673,10,-118.21593922376633
HBQwzyxvkZA--272,zero,14,-101.39270985126495,5,-68.22814416885376
kES_ZNjFKz8--16,zero,21,-145.7850544899702,8,-123.90925209224224
MYGqMojGwBE--206,zero,13,-67.97053700685501,6,-57.52782344818115
glNqZ8w4iy8--5,zero,11,-41.3754231184721,3,-24.22383403778076
Rblg5TE6TI0--30,zero,34,-210.5306866466999,12,-129.0707444548607
809a3a5e02d1-77,zero,11,-86.66126489639282,4,-67.60619115829468
lSLqIyupXrk--5,zero,17,-148.08196449279785,7,-127.3485004901886
eabe1f38221a-48,zero,10,-46.18632523715496,3,-29.25670239329338
jLwvQ4URDFY--5,zero,11,-55.75092467665672,4,-37.05332326889038
m3Mmtpr-jjA--2,zero,11,-78.3403549194336,4,-68.7119688987732
HBQwzyxvkZA--155,zero,22,-136.93699172139168,7,-102.28882384300232
K5lgB4YzOO0--12,zero,15,-84.4744716072455,6,-66.21272027492523
Rblg5TE6TI0--1,zero,23,-117.06436165422201,7,-55.95319127291441
dkavvNigK7s--27,zero,27,-173.68824776657857,12,-147.5385823994875
NaXDBBT5pkw--3,zero,11,-61.35868088155985,4,-38.07336539775133
LvN9Dxq2iLY--164,zero,20,-118.03585717082024,8,-85.66672718524933
vZt56rnH8QQ--3,zero,11,-90.76417152583599,5,-79.49611561000347
mXq8axygjdE--67,zero,12,-82.30473996978253,4,-42.31058623176068
7byz3fdI-Ss--7,zero,18,-89.43723028898239,7,-59.744581043720245
dkavvNigK7s--9,zero,17,-113.18771709501743,6,-85.08073724806309
g4GfKC7z-2M--9,zero,19,-135.0057713985443,5,-112.66066193580627
6OlSDCcwM10--20,zero,16,-86.8895886912942,8,-66.21616972237825
KI0avgGkWiU--1,zero,23,-135.70395306497812,7,-82.09768313914537
iwYL-ivQm6o--0,zero,7,-40.523463413119316,3,-20.495482608675957
OEM3CR-HYmk--19,zero,18,-109.21046347916126,4,-86.9800895601511
6OlSDCcwM10--11,zero,17,-106.48835763335228,11,-86.74999150633812
e4rWudmfrfY--0,zero,9,-50.837055921554565,1,-14.08360469341278
o44YnPMhwPU--1,zero,11,-51.203596852719784,3,-39.823158107697964
l9bZYazJQ1w--7,static,20,-123.04229724407196,7,-65.33325493335724
9b0136913690-114,static,19,-131.36732840538025,5,-88.61401462554932
ZMsnY_khlNQ--12,static,21,-153.43821620941162,7,-92.39863109588623
809a3a5e02d1-67,static,12,-85.26215788722038,4,-70.94798016548157
DP1ly_MsHHQ--36,static,18,-121.73033130168915,7,-71.73361349105835
dPuKX_lM4Zc--118,static,31,-226.34316091239452,13,-110.05600348114967
wwpptVjgAws--20,static,40,-345.0737384483218,13,-213.12297004461288
48couwymlMM--18,static,19,-109.59347127005458,8,-75.90658877417445
809a3a5e02d1-108,static,11,-58.56178130209446,4,-40.97177541255951
4DhGy83DK_s--30,static,13,-95.71602481603622,5,-66.79750108718872
rZG7T9ujMEo--0,static,28,-207.60161277651787,13,-138.22060978412628
7byz3fdI-Ss--0,static,15,-92.27271842956543,6,-61.40266668796539
eabe1f38221a-18,static,31,-234.1227899491787,9,-121.63547372817993
0kldzhToGLc--6,static,22,-166.62555028498173,8,-110.3873648494482
pMbMjjSj1fM--17,static,18,-140.42336983978748,10,-108.00159330666065
MYGqMojGwBE--267,static,17,-115.52086769044399,3,-44.103316724300385
C-cgPb_N2dY--9,static,12,-67.05308720469475,3,-47.70798918604851
ef52bca1a454-22,static,12,-89.52835658192635,4,-56.97621864080429
fulQKWknVhw--7,static,19,-88.74654519557953,7,-75.9349000453949
ijrjSBx7WTc--84,static,8,-35.06269372999668,1,-6.903886795043945
oAhfJ8yB1j0--10,static,10,-58.842335283756256,2,-33.44481998682022
Zc2bgIDZ-Ks--72,static,12,-68.2152943238616,3,-27.392178535461426
mjvqIq_fvRY--11,static,19,-137.9287719577551,7,-97.27172771841288
IoifXQnhN4E--4,static,24,-163.22265545278788,8,-103.42803005129099
HBQwzyxvkZA--276,static,20,-99.4563809633255,6,-78.8768612742424
o44YnPMhwPU--12,static,15,-95.6128933802247,5,-69.30486015230417
myIXH3PjvoI--76,static,13,-67.81679777055979,4,-33.28404829651117
faZQNy4aErk--15,static,23,-156.2296001315117,7,-72.06172311306
Rc99bcSdhak--0,static,21,-159.91193088516593,7,-80.12803729996085
0kldzhToGLc--2,static,14,-114.81324636936188,6,-78.85094559192657
5n_IGU5rYYk--30,static,22,-197.46301148366183,7,-123.37810466717929
myIXH3PjvoI--89,static,19,-83.25406354665756,7,-57.69987362623215
S9ymb66ZqqY--9,static,25,-200.87088244780898,12,-146.4366645179689
dPuKX_lM4Zc--54,static,19,-82.5419521778822,6,-68.97141413390636
oPITLi0VKh8--10,static,16,-103.85418963432312,6,-88.48185706138611
17OIKvJmrK8--4,static,13,-114.69864463806152,6,-73.01720094680786
yb7efY9x78U--12,static,23,-160.40134851634502,5,-54.25153139978647
zu_bd3r2GIA--9,static,12,-91.18176497519016,6,-73.84371639788151
eabe1f38221a-5,static,29,-190.0217071697116,8,-90.16524120420218
QiGhWfjM2FI--31,static,24,-154.26448410004377,10,-115.92382102459669
fvHtYcL913U--3,static,11,-76.35529755055904,3,-34.46161650121212
sktRu3sp97g--4,static,20,-128.2901107519865,5,-63.5668862760067
BTqVQCBPUzg--97,static,10,-64.42937377095222,4,-52.08338499069214
hYNyIXYmoYs--17,static,24,-190.18188229948282,12,-153.47384583950043
3Pk2c_Z4ahk--1,static,9,-51.519821502268314,3,-40.751795291900635
9xc24mAlprE--1,static,16,-86.4853094369173,4,-61.81106097996235
ZMsnY_khlNQ--7,static,21,-169.54482409358025,8,-86.14274880290031
fulQKWknVhw--42,static,22,-140.73238499462605,7,-87.78599736094475
W4YzurwHpfw--6,static,14,-91.45355048775673,6,-83.22716903686523
glNqZ8w4iy8--9,static,25,-190.0033462792635,10,-103.48510287702084
o44YnPMhwPU--25,static,18,-93.45383547618985,5,-47.33801307156682
UBnqDwRds3A--2,static,13,-80.29940155148506,6,-60.981917053461075
wmTrG799MAo--19,static,13,-117.40545296669006,6,-77.48733377456665
lPzmjeJmsXo--13,static,20,-165.61212906241417,9,-153.7995706498623
ZCBew8Fv0qA--12,static,12,-82.31118929386139,5,-51.843411922454834
39at7Lxu6Yo--19,static,34,-282.89849058911204,13,-220.73745465278625
EIwWHTO5rZw--8,static,26,-195.09999465942383,9,-146.21212685108185
MYGqMojGwBE--116,static,20,-134.01112389564514,7,-81.21456849575043
BTqVQCBPUzg--47,static,10,-53.730673760175705,4,-35.67671495676041
myIXH3PjvoI--93,static,8,-46.3927264213562,4,-35.4126353263855
bU_v22EtHIU--1,static,23,-162.38521936535835,6,-134.49432280659676
uR-nzhB6D8g--2,static,15,-107.17666717991233,6,-80.73921867832541
OEM3CR-HYmk--15,static,24,-168.79170878604054,7,-85.03092320635915
uR-nzhB6D8g--3,static,18,-148.94127973914146,9,-111.74337014555931
NaXDBBT5pkw--6,static,9,-63.93156659603119,4,-34.20889139175415
wefigjf46u4--2,static,14,-133.2267860174179,7,-94.17203617095947
MYGqMojGwBE--30,static,19,-95.66900189220905,4,-34.23339180648327
fYxijWb0b_s--9,static,17,-134.33201862033457,9,-102.67976189311594
Rc99bcSdhak--16,static,15,-92.63658189028502,3,-33.75970732420683
_IyhoG9jXuM--15,static,25,-215.02109589613974,7,-70.0780655387789
uYaUCNl1j10--12,static,22,-122.67174978554249,8,-94.18032957613468
o9DARfrZg2o--16,static,14,-94.30937969684601,5,-61.783072113990784
MYGqMojGwBE--42,static,19,-102.7702867668122,7,-77.43557694368064
ixXF2UGOyoU--5,static,9,-66.5130312629044,3,-31.28006649017334
BESRE5mtipE--0,static,21,-130.26501800119877,8,-127.84137400984764
8DmlFztO2XM--2,static,25,-174.78364312648773,6,-128.6903237104416
jLwvQ4URDFY--1,static,43,-339.8041730970144,14,-241.44221146404743
5QMD024bDYs--15,static,19,-109.47419340908527,7,-55.235940366983414
jLwvQ4URDFY--31,static,33,-217.4858590438962,12,-174.4227064177394
aDwdB7xHAOE--1,static,28,-248.4319246187806,10,-138.5344578921795
wSEeoT9BqE0--13,static,11,-40.179034911096096,4,-24.190788954496384
d5Lx_5-UiHY--41,static,11,-67.64538310468197,5,-51.7873797416687
BTqVQCBPUzg--18,static,9,-55.89170262217522,4,-50.90778660774231
faZQNy4aErk--62,static,12,-73.42586360126734,4,-47.49711871147156
LvN9Dxq2iLY--88,static,10,-66.64433753490448,1,-17.98139238357544
HBQwzyxvkZA--256,static,19,-107.25507566332817,6,-74.95278617739677
xFEQrtosric--18,static,19,-117.0277099609375,5,-75.38034351170063
KmW8f1GVTYY--40,static,27,-188.09448634833097,10,-114.37848796695471
nXA9Qpj2z7E--6,static,12,-64.32034283876419,3,-32.47431945800781
kytITkHoyls--7,static,39,-295.9238442624919,12,-265.47948615206406
ef52bca1a454-6,static,15,-105.85252928733826,5,-97.64881491661072
iwYL-ivQm6o--19,static,14,-93.45764466002584,5,-40.22037621960044
9b0136913690-41,static,17,-105.42930293083191,7,-75.16811200976372
K4eNr2k2Lls--1,static,29,-212.12294098734856,8,-170.50695997476578
pMbMjjSj1fM--28,static,11,-78.80157518945634,3,-57.04841065965593
MYGqMojGwBE--161,static,18,-121.05101484060287,6,-68.48326694965363
mXq8axygjdE--32,static,24,-116.9958185851574,6,-92.52774131298065
4vfboqjtAXo_d,static,18,-124.9018355794251,5,-56.72672486305237
HBQwzyxvkZA--261,static,20,-100.4060115814209,5,-49.841286420822144
CAzt5cxtSjQ--23,static,10,-71.01958945393562,6,-58.63542056083679
d5Lx_5-UiHY--51,static,15,-108.23938488960266,5,-64.70903444290161
klepEQSaeIk--9,static,18,-137.21246137097478,5,-81.4123650379479
48couwymlMM--10,static,16,-113.36993643641472,4,-87.43139860033989
K4eNr2k2Lls--0,static,11,-71.95810741186142,5,-61.54638671875
zu_bd3r2GIA--16,static,23,-158.29209049977362,8,-113.47988721169531
ef52bca1a454-76,static,11,-77.52475330233574,4,-48.299327969551086
ixXF2UGOyoU--2,static,14,-104.31703525781631,5,-46.92313873767853
o44YnPMhwPU--37,static,17,-118.67432662472129,7,-69.85864302143455
CRJSZ2e7BU0--12,static,22,-155.12506079673767,7,-114.77317106723785
91GVHgxW8RA--2,static,8,-25.756280720233917,3,-15.986437678337097
gXa0qcoWrsQ--7,static,22,-143.15795430541039,9,-121.3491881787777
m3Mmtpr-jjA--42,static,20,-145.79253868758678,6,-68.2859185487032
lcBujGRLwE0--29,static,35,-246.97951598465443,13,-187.50098550319672
MYGqMojGwBE--205,static,23,-176.25051099061966,7,-79.03506499528885
d5Lx_5-UiHY--22,static,24,-178.65026925504208,7,-86.56723509728909
9b0136913690-89,static,12,-55.427215337753296,2,-38.343205869197845
8E-llRXuhl0--5,static,24,-174.8471583724022,6,-110.8005562722683
iGdg-iGlUFg--11,static,18,-158.93451070785522,7,-124.09345054626465
jMdxYlvrkbk--9,static,20,-144.36714286357164,8,-66.00061310082674
vbq8QbOwOt4--15,static,11,-76.3957784473896,3,-34.1758251786232
m3Mmtpr-jjA--8,static,10,-69.52984391152859,3,-50.042107820510864
o44YnPMhwPU--11,static,10,-47.790797524154186,5,-30.00332134217024
o9DARfrZg2o--12,static,12,-71.09988538175821,3,-54.250414587557316
rYcw__0tDhw--9,static,20,-159.93517775461078,5,-107.32772524282336
eabe1f38221a-51,static,10,-55.23443092405796,3,-38.60022419691086
HBQwzyxvkZA--116,static,8,-46.097472190856934,3,-22.45589828491211
LvN9Dxq2iLY--139,static,7,-46.1833062171936,2,-29.459608554840088
8w6k4jEJJlU--19,static,24,-168.54044978693128,9,-93.53983305767179
Kq5HfchSWv8--7,static,14,-67.98547760397196,4,-50.91403979808092
NDYHcIF50eE--2,static,16,-95.68005507439375,4,-66.37535309046507
809a3a5e02d1-65,static,8,-37.85882352292538,2,-17.03340482711792
AVb1VABiJJ8--18,static,12,-106.1239336244762,7,-90.62412024661899
HBQwzyxvkZA--265,static,16,-86.12527126073837,5,-47.4216051697731
ijrjSBx7WTc--59,static,9,-36.64554552733898,3,-30.98929236829281
IjeHLt1vNoM--13,static,20,-132.31552031636238,7,-61.86706583201885
BTqVQCBPUzg--122,static,17,-100.7129233032465,5,-53.31212854385376
NaXDBBT5pkw--25,static,27,-203.50425869598985,9,-119.06074685230851
4DhGy83DK_s--8,static,9,-63.927948355674744,3,-31.00273358821869
zu_bd3r2GIA--29,static,18,-137.25644612312317,5,-86.94276928901672
xFEQrtosric--19,static,19,-110.79915452376008,6,-73.60015821829438
rYcw__0tDhw--11,static,8,-62.12038469314575,3,-38.80459785461426
DP1ly_MsHHQ--25,static,21,-171.31109783053398,7,-90.17937076091766
myIXH3PjvoI--106,static,12,-62.437257178127766,4,-42.79214523732662
KI0avgGkWiU--25,static,11,-75.73261347413063,4,-52.05322241783142
-hZpPIT6N4U_d,static,17,-95.93993389606476,5,-67.27127540111542
myIXH3PjvoI--102,static,14,-72.39284160733223,4,-40.932162553071976
MYGqMojGwBE--46,static,16,-137.65116491913795,5,-55.88733997941017
3vCea9zWFek--10,static,13,-81.80142641067505,2,-29.607945442199707
MYGqMojGwBE--172,static,13,-63.711034037172794,3,-35.88619089126587
d5Lx_5-UiHY--100,static,14,-83.29792141914368,3,-27.01336431503296
iwYL-ivQm6o--5,static,15,-56.68425664305687,4,-34.432701498270035
Xmm9ZyMy12g--19,static,24,-202.5808139294386,7,-153.6609338670969
hgaKby5Mha4--15,static,20,-151.3762251138687,7,-87.34770894050598
MnCcM6PZrug--9,static,15,-123.76645296812057,5,-59.164317309856415
bqE5C2tmc9c--9,static,22,-153.89735899865627,9,-119.80421830713749
OEM3CR-HYmk--0,static,21,-163.3012317419052,6,-147.91700208187103
faZQNy4aErk--82,static,20,-160.3480573296547,9,-131.1991130709648
C-cgPb_N2dY--0,static,24,-176.58623605966568,8,-96.09422105550766
AVb1VABiJJ8--10,static,23,-188.7985651344061,10,-146.77974389493465
Lt5GAA6MIuM--1,static,19,-160.77072954177856,8,-117.60435819625854
gp0w_zrLgfw--10,static,12,-103.51505145430565,6,-63.64147770404816
eBj_HUu0CNw--29,static,12,-61.95821484923363,4,-30.057294368743896
QiJgNpX3zN0--11,static,21,-134.62562027201056,8,-106.8024860881269
faZQNy4aErk--32,static,20,-149.99961644411087,5,-85.08823472261429
aDwdB7xHAOE--10,static,17,-129.48581405729055,9,-95.12478273361921
YsuSHJ3klEs--7,static,24,-164.24015280604362,8,-138.42718243598938
MYGqMojGwBE--217,static,13,-115.54268741607666,6,-61.09922122955322
8DmlFztO2XM--0,static,21,-152.741800904274,5,-104.88666892051697
gp0w_zrLgfw--20,static,28,-216.73516512662172,10,-147.99528720229864
MYGqMojGwBE--258,static,15,-104.92292203940451,5,-61.93505861796439
40BjLI5XtJE--10,static,22,-156.34170581959188,7,-85.66386950574815
fulQKWknVhw--12,static,31,-237.18140655755997,7,-107.46228003501892
myIXH3PjvoI--122,static,12,-60.99452169984579,4,-38.91353166103363
jMdxYlvrkbk--7,static,22,-128.79691267758608,6,-83.6631518676877
-X_zmve1y00--14,static,19,-174.9622884094715,8,-97.08305263519287
sktRu3sp97g--15,static,16,-111.50032818317413,7,-51.20457136631012
7byz3fdI-Ss--16,static,9,-27.29017786681652,4,-25.09626341611147
809a3a5e02d1-119,static,11,-73.07029554247856,4,-37.31828153133392
Rc99bcSdhak--14,static,8,-39.0177070889622,3,-21.696408847346902
v0g35qCOCwU--0,static,25,-175.68555561080575,10,-118.53482076898217
N6jpL7uibFI_e2,static,24,-144.4740091562271,6,-102.88268837332726
MYGqMojGwBE--282,static,16,-131.5196635723114,6,-58.51300287246704
mjvqIq_fvRY--10,static,25,-211.50087094679475,9,-143.63943130150437
lZarpnV0alw--12,static,14,-89.54149341583252,2,-72.89253532886505
mXq8axygjdE--28,static,32,-230.85680410638452,12,-144.62656824663281
IjeHLt1vNoM--3,static,20,-156.64062575995922,8,-121.15988783538342
6_yO8Lc8Hd4--16,static,21,-131.42895743250847,3,-38.69493183493614
HBQwzyxvkZA--237,static,16,-98.8580675125122,7,-78.25678050518036
CRJSZ2e7BU0--8,static,30,-170.6094410866499,10,-127.58432695269585
K4eNr2k2Lls--19,static,14,-119.98873636871576,6,-71.58054361492395
U5Tq9r7saZU--19,static,16,-99.92363592982292,5,-60.35616084933281
uYaUCNl1j10--3,static,34,-245.77584721148014,11,-205.67757679522038
3gKelnCwuj8--0,static,17,-107.33305758982897,6,-95.31102723628283
ZVE_KjrY_po--22,static,21,-152.06275410950184,8,-132.1355952769518
i4j5Bj2NL1c--11,static,28,-249.4733920097351,10,-189.5445818901062
9b0136913690-57,static,20,-130.87812194228172,4,-105.05916965007782
wwpptVjgAws--10,static,32,-225.7655647546053,11,-136.43542584776878
gp0w_zrLgfw--13,static,28,-252.2790957465768,10,-135.14531479030848
HBQwzyxvkZA--129,static,15,-67.39221642166376,6,-47.14994117617607
fqJW-F3WIYc--0,static,21,-144.09832555055618,8,-123.96101385354996
xnY08sy7Sqk--6,static,13,-91.69027370214462,4,-72.95082569122314
maCRL8WG0GQ--3,static,10,-88.76160430908203,5,-44.75211238861084
xnY08sy7Sqk--3,static,25,-222.15331172943115,9,-149.0044755935669
AVb1VABiJJ8--13,static,16,-116.7449231594801,7,-104.55543266236782
HBQwzyxvkZA--331,static,16,-76.64229327440262,4,-63.812106907367706
HBQwzyxvkZA--79,static,24,-121.4753516856581,8,-65.76186108030379
0bk98uIiTS8--18,static,15,-102.9678356423974,5,-61.70802304893732
OJxSniCPUpI--2,static,15,-87.63728266954422,6,-78.13148242235184
m-w_78fDg9M--11,static,28,-226.65338945388794,9,-145.879949092865
mDUCHJerTtE--9,static,14,-90.33731585741043,4,-41.34158520400524
BTqVQCBPUzg--94,static,8,-45.260665379464626,2,-19.649967193603516
CAzt5cxtSjQ--13,static,23,-212.92075752466917,11,-119.61241792887449
8DmlFztO2XM--1,static,27,-226.9384599328041,10,-161.12223786115646
ZVE_KjrY_po--4,static,16,-96.88289050757885,4,-81.67453365027905
9b0136913690-78,static,20,-164.4406662285328,7,-76.30867531895638
5n_IGU5rYYk--24,static,29,-256.97488525509834,11,-121.29447221755981
HBQwzyxvkZA--131,static,18,-100.71989321708679,4,-87.65257966518402
lZarpnV0alw--2,static,21,-159.70383608341217,7,-122.56507349014282
6_yO8Lc8Hd4--5,static,25,-210.92849389463663,8,-119.56387964636087
u7wx4rUBg_k--5,static,22,-148.48252143338323,7,-88.40484987571836
w_xCnJVyPYA_e1,static,17,-119.25510737299919,5,-94.93128144741058
BTqVQCBPUzg--105,static,15,-99.49192647635937,5,-69.04890751838684
d5Lx_5-UiHY--111,static,11,-70.25758916139603,2,-17.45531713962555
HBQwzyxvkZA--330,static,33,-177.69383889436722,10,-104.83249396085739
lcBujGRLwE0--38,static,31,-203.56627079844475,9,-178.63884249329567
oPITLi0VKh8--1,static,19,-105.99694374203682,7,-76.53441666066647
s_8IbRRsr0Q--0,static,35,-242.24755347147584,9,-133.29004349187016
lZarpnV0alw--11,static,18,-94.49719925224781,5,-48.23697054386139
NDYHcIF50eE--19,static,9,-50.23119768500328,2,-32.28062629699707
fqJW-F3WIYc--5,static,25,-198.78856410086155,8,-160.61916840076447
yb7efY9x78U--0,static,33,-220.72158356010914,9,-113.44676961004734
fYxijWb0b_s--28,static,16,-105.44780754297972,6,-90.88822413235903
HBQwzyxvkZA--140,static,19,-110.85390323400497,6,-90.8921360373497
ojYFIliNLGI--2,static,22,-145.5932050794363,11,-108.21968242526054
q4RnudGCU18--15,static,20,-109.25888766348362,5,-88.41591012477875
xnY08sy7Sqk--12,static,15,-133.58148214221,5,-111.47557783126831
Zc2bgIDZ-Ks--57,static,9,-38.16849684715271,4,-29.772797346115112
QiGhWfjM2FI--18,static,23,-173.88202418014407,7,-84.480024587363
nvfK4jQ7MH0--7,static,16,-113.86395010352135,7,-71.70940965414047
OJxSniCPUpI--19,static,17,-111.94006732106209,9,-85.20448711514473
mDUCHJerTtE--0,static,14,-82.501668818295,5,-48.50469709187746
dPuKX_lM4Zc--114,static,8,-37.38672121614218,3,-29.967133164405823
pMbMjjSj1fM--24,static,24,-204.06697887182236,5,-165.38570708036423
AZ2s4Adm9RU--25,static,15,-102.55015558749437,5,-46.303404808044434
KmW8f1GVTYY--45,static,20,-106.45322167873383,8,-93.44908852875233
faZQNy4aErk--59,static,21,-153.12476509809494,6,-115.2512349486351
HBQwzyxvkZA--69,static,20,-149.234556555748,8,-85.33214902877808
9b0136913690-9,static,11,-70.54480648040771,5,-46.9524610042572
ef52bca1a454-70,static,8,-56.8706876039505,3,-38.24350357055664
wUH1dDbu9B4--3,static,26,-207.1875019967556,6,-187.0980253815651
nvfK4jQ7MH0--1,static,20,-80.90253616124392,4,-29.090985275804996
HBQwzyxvkZA--229,static,17,-73.62525111064315,7,-54.86620545387268
HBQwzyxvkZA--76,static,16,-62.746309883892536,5,-33.4802029132843
1xJ_dkBcAIU--6,static,16,-120.46338272094727,7,-92.73681831359863
vyBaeFU8J_k--0,static,13,-100.10589981079102,4,-80.48095655441284
lSLqIyupXrk--15,static,15,-84.50319424271584,6,-56.9150173664093
HBQwzyxvkZA--280,static,17,-80.4217462092638,6,-53.10620152950287
0bk98uIiTS8--29,static,22,-151.2651114091277,6,-82.33950254321098
faZQNy4aErk--43,static,41,-304.2025087736547,13,-227.6701026968658
XcXCB---N9M--37,static,23,-190.40083478204906,7,-134.5332731436938
LvN9Dxq2iLY--137,static,11,-48.17353601753712,4,-33.76536422967911
_r1S90f_nsM--6,static,17,-159.7371311187744,6,-92.9911241531372
8E-llRXuhl0--17,static,20,-178.5556438267231,7,-111.30844560265541
ijrjSBx7WTc--68,static,8,-41.89633274078369,3,-22.79638832807541
4DhGy83DK_s--26,static,15,-93.76671934127808,4,-46.94951295852661
oPITLi0VKh8--17,static,21,-146.4186617396772,6,-81.66096821054816
bOZ_Lap5FNA--17,static,22,-137.58891361951828,8,-81.29630886018276
4DhGy83DK_s--3,static,15,-75.76379492878914,4,-57.9497771859169
ZCBew8Fv0qA--22,static,42,-364.49785769730806,12,-233.7854151725769
klepEQSaeIk--12,static,16,-91.80668795481324,4,-32.80466437339783
lZarpnV0alw--9,static,10,-78.9892727136612,5,-74.67191696166992
o9DARfrZg2o--6,static,15,-94.33691322803497,3,-78.60371696949005
o9DARfrZg2o--3,static,18,-138.79387850686908,5,-95.21143002435565
AVb1VABiJJ8--8,static,8,-79.70069646835327,3,-39.77026557922363
ijrjSBx7WTc--42,static,8,-52.03099250793457,2,-22.42538809776306
kES_ZNjFKz8--10,static,17,-123.94642788171768,7,-76.80791592597961
ckGC5hUffDU--13,static,9,-51.085530400276184,3,-28.26164400577545
fqJW-F3WIYc--16,static,43,-302.4558655023575,13,-244.83213108778
8E-llRXuhl0--21,static,20,-152.0326351225376,9,-116.31972672045231
MYGqMojGwBE--277,static,15,-131.83769649267197,6,-61.78582328557968
myIXH3PjvoI--48,static,17,-83.4450195133686,3,-43.20135235786438
KHL0wkbu0-s--4,static,16,-122.71937441825867,6,-62.57986092567444
jC6VuHNpTLM--8,static,28,-182.62472259998322,10,-156.10835242271423
myIXH3PjvoI--52,static,12,-53.25011594593525,3,-36.06723494827747
C-cgPb_N2dY--7,static,18,-137.12426342070103,7,-106.4076779037714
myIXH3PjvoI--92,static,13,-61.77378711849451,5,-22.65626273304224
6_yO8Lc8Hd4--11,static,26,-209.40125799179077,8,-123.80477321147919
o44YnPMhwPU--26,static,23,-146.1833747625351,9,-97.70305950939655
XcXCB---N9M--40,static,28,-184.52147725224495,9,-115.4125100672245
HBQwzyxvkZA--326,static,28,-166.23743665218353,9,-97.96615415811539
dkavvNigK7s--3,static,16,-94.3880195915699,6,-77.53685557842255
LvN9Dxq2iLY--9,static,14,-81.49193005636334,4,-53.20415394380689
QiJgNpX3zN0--2,static,13,-93.76263688504696,3,-44.18930168449879
KI0avgGkWiU--14,static,21,-120.61580431461334,9,-95.57450370490551
48couwymlMM--0,static,21,-148.20385438203812,6,-126.70162576436996
XcXCB---N9M--25,static,18,-145.6907833814621,7,-100.16565990447998
myIXH3PjvoI--39,static,16,-95.00092126429081,5,-58.969828486442566
nvfK4jQ7MH0--26,static,12,-62.63318421691656,3,-39.33689107745886
MYGqMojGwBE--103,static,15,-134.31132745742798,5,-61.593289852142334
LvN9Dxq2iLY--24,static,11,-80.00502297282219,3,-34.9276978969574
Sqa3ig2NN9Q--13,static,17,-127.65866185724735,6,-74.06991197168827
809a3a5e02d1-86,static,8,-59.90601372718811,2,-21.155144453048706
MYGqMojGwBE--62,static,15,-82.00237908959389,4,-51.641443997621536
pMbMjjSj1fM--16,static,23,-203.84949135780334,11,-167.91960167884827
mXq8axygjdE--66,static,18,-59.40238577872515,4,-51.27451449632645
vbq8QbOwOt4--17,static,20,-156.48501694202423,5,-111.32786428928375
dPuKX_lM4Zc--110,static,27,-183.8005894124508,11,-133.33086442947388
eabe1f38221a-52,static,15,-119.53896439820528,6,-76.84393405914307
LvN9Dxq2iLY--210,static,18,-146.23380994796753,5,-97.24968028068542
0bk98uIiTS8--42,static,22,-187.5585345029831,10,-133.28619408607483
faZQNy4aErk--40,static,17,-136.33484943956137,7,-99.40555926412344
Kq5HfchSWv8--2,static,9,-65.86486101150513,4,-46.81941223144531
ZMsnY_khlNQ--5,static,21,-137.62167750298977,7,-101.69320172071457
80Cx4CH-AVI--4,static,22,-151.58494105935097,8,-118.18830025196075
HBQwzyxvkZA--283,static,23,-188.2707405090332,10,-120.88962364196777
Nv3WLYio7Lc--1,static,20,-147.15774777531624,5,-123.30852445960045
KHL0wkbu0-s--24,static,18,-104.97608014382422,9,-77.8720891866833
BO1ehFUMWEs--21,static,27,-212.6927611976862,9,-168.76433086395264
QXsIVtanWdw--8,static,16,-98.62759825587273,5,-51.265231758356094
jN2lbHzIneI--10,static,16,-91.48563362658024,5,-44.109192445874214
_IyhoG9jXuM--10,static,11,-63.992984622716904,4,-50.27697655558586
Kq5HfchSWv8--23,static,17,-106.08528101444244,7,-64.93864107131958
LvN9Dxq2iLY--61,static,18,-121.79855531454086,7,-81.31643041968346
T-5au9lZhYI--9,static,11,-77.34966740012169,4,-52.76797768473625
mXq8axygjdE--81,static,19,-98.13104970008135,6,-50.23810825496912
HBQwzyxvkZA--213,static,23,-113.33909878134727,8,-78.36050921678543
fYxijWb0b_s--23,static,9,-43.63298859447241,3,-15.271928042173386
a8zp7ivHwBU--8,static,15,-115.79591747373343,7,-73.66337568312883
xnY08sy7Sqk--19,static,14,-71.23357328772545,5,-55.4995334148407
9bqfEh7BD3c--14,static,7,-41.42195446789265,3,-24.514962196350098
Zc2bgIDZ-Ks--48,static,8,-58.169865131378174,3,-31.83446764945984
ZCBew8Fv0qA--4,static,15,-109.92385854385793,5,-52.85634555481374
VwsRPJN7txM--8,static,18,-129.30553036928177,9,-89.91084384918213
W4YzurwHpfw--17,static,17,-110.75796602666378,8,-95.02027259767056
HBQwzyxvkZA--120,static,11,-66.09715533256531,5,-45.50723147392273
T-5au9lZhYI--6,static,14,-88.97898218780756,6,-62.14048198610544
5QMD024bDYs--23,static,16,-80.1133458390832,7,-47.61860303580761
AVb1VABiJJ8--22,static,20,-156.8945369720459,10,-116.59230729937553
QiJgNpX3zN0--9,static,18,-131.52486224472523,7,-87.11296439170837
nXA9Qpj2z7E--16,static,20,-164.8038521260023,6,-143.64286164939404
kytITkHoyls--2,static,10,-64.63367284834385,3,-37.93710970878601
KmW8f1GVTYY--42,static,23,-173.2854250278324,8,-113.34197046421468
m3Mmtpr-jjA--9,static,19,-124.5168189406395,6,-65.61352872848511
o44YnPMhwPU--42,static,11,-64.64261275529861,3,-28.019630074501038
BTqVQCBPUzg--96,static,11,-78.21793748438358,4,-51.6487904638052
uYaUCNl1j10--0,static,26,-180.66847720742226,10,-128.78313446044922
oAhfJ8yB1j0--1,static,15,-109.74959519505501,4,-95.51509574055672
yb7efY9x78U--4,static,15,-102.12206655740738,5,-62.40842407941818
K4eNr2k2Lls--29,static,23,-158.8386451601982,6,-102.6390683054924
faZQNy4aErk--7,static,16,-124.78597277402878,4,-57.03075796365738
XcXCB---N9M--14,static,23,-169.70843448350206,7,-109.19117142120376
NaXDBBT5pkw--0,static,20,-140.27927899360657,5,-104.18471193313599
rZG7T9ujMEo--3,static,9,-36.038145303726196,2,-12.244215279817581
0bk98uIiTS8--24,static,27,-157.7554910555482,8,-74.24816757440567
jN2lbHzIneI--8,static,29,-195.52632421255112,11,-145.7435437142849
wSEeoT9BqE0--16,static,27,-224.89584042690694,13,-143.99810958467424
wwpptVjgAws--2,static,13,-73.33841678500175,4,-28.70189792662859
xnY08sy7Sqk--15,static,9,-65.93430516123772,3,-26.256780683994293
eyqLkKS5Qkw--22,static,16,-120.70861707627773,7,-98.44264011085033
Sqa3ig2NN9Q--1,static,18,-133.00089663267136,5,-84.25756376981735
eabe1f38221a-65,static,14,-95.61731797456741,4,-34.00593590736389
ozS8Mx8AdH8--2,static,24,-153.97114610671997,10,-122.67848744988441
rZG7T9ujMEo--5,static,24,-176.2622790634632,8,-95.28562986850739
cw1YIV30nQM--2,static,10,-66.72883858904243,4,-48.66325854882598
MnCcM6PZrug--6,static,39,-304.19791746512055,13,-221.28927140682936
MnCcM6PZrug--4,static,23,-152.18802585825324,9,-109.69044038280845
K4eNr2k2Lls--16,static,15,-110.07634775340557,10,-104.8288946300745
W4YzurwHpfw--14,static,13,-92.23240548372269,4,-70.69378739595413
UBnqDwRds3A--18,static,23,-189.6842041760683,10,-154.28405451774597
ZVE_KjrY_po--12,static,19,-130.9504490941763,7,-72.02541027963161
IjeHLt1vNoM--6,static,29,-208.93616215139627,11,-154.6881471797824
BESRE5mtipE--14,static,11,-66.46964625269175,5,-46.05757827311754
9xc24mAlprE--12,static,9,-60.73321896791458,5,-39.83593970537186
6U9AFGakrn0--1,static,15,-95.05265989899635,5,-59.41251927614212
Lt5GAA6MIuM--14,static,12,-83.5153400208801,5,-58.47966199181974
Zc2bgIDZ-Ks--76,static,17,-96.4326533600688,3,-45.698522090911865
XcXCB---N9M--24,static,17,-123.726935505867,5,-92.53441381454468
9xc24mAlprE--9,static,19,-128.06508303433657,6,-102.4004255309701
BESRE5mtipE--17,static,20,-154.69456899166107,10,-107.7727255821228
MYGqMojGwBE--32,static,14,-73.59812409896404,4,-57.02580283302814
Zc2bgIDZ-Ks--58,static,37,-216.8782765828073,11,-132.11170893535018
zu_bd3r2GIA--5,static,25,-160.6135330349207,4,-60.68457359075546
mjvqIq_fvRY--1,static,18,-104.41462031565607,6,-67.30805776081979
NaXDBBT5pkw--1,static,7,-25.725405514240265,2,-2.101590633392334
vyBaeFU8J_k--15,static,28,-202.8431192189455,8,-168.07282789051533
vyBaeFU8J_k--21,static,19,-110.88129884004593,8,-84.90635710954666
3Pk2c_Z4ahk--14,static,12,-67.23363104462624,5,-54.24672305583954
ZVE_KjrY_po--23,static,11,-79.90592551976442,3,-36.96320680528879
Lt5GAA6MIuM--11,static,34,-274.73068645596504,15,-201.18640887737274
lPzmjeJmsXo--40,static,12,-79.74735157191753,7,-52.65035454928875
lPzmjeJmsXo--11,static,17,-125.15463265962899,6,-90.49331435747445
91GVHgxW8RA--18,static,25,-170.30648657679558,8,-149.41624310612679
rZG7T9ujMEo--19,static,21,-144.18014757335186,8,-90.37461517751217
36YV-IPiUXM--11,static,31,-201.6320027858019,10,-174.69114911556244
Zc2bgIDZ-Ks--23,static,30,-226.1367126107216,11,-143.53077283501625
3gKelnCwuj8--9,static,17,-111.13785235583782,8,-92.94646900892258
BTqVQCBPUzg--53,static,11,-87.93899375200272,5,-60.00411981344223
MYGqMojGwBE--86,static,16,-98.49920266866684,6,-68.29601162672043
R6_v5nqXuGg--0,static,23,-194.1528398990631,13,-191.57160544395447
lZarpnV0alw--4,static,20,-160.12461614608765,6,-139.93468737602234
0kldzhToGLc--0,static,21,-149.58017138019204,6,-131.59548166766763
Sqa3ig2NN9Q--8,static,16,-118.8012934923172,4,-65.40544176101685
Rblg5TE6TI0--29,static,28,-175.75560132414103,10,-106.40694422274828
nvfK4jQ7MH0--8,static,21,-170.3805192001164,10,-121.4703608341515
fYxijWb0b_s--18,static,15,-107.8610187470913,5,-68.81158384680748
HBQwzyxvkZA--267,static,7,-45.87471914291382,2,-18.14336109161377
gp0w_zrLgfw--7,static,29,-221.4299255311489,11,-128.13457536697388
3Pk2c_Z4ahk--20,static,27,-198.77900065109134,8,-162.320983979851
Zc2bgIDZ-Ks--39,static,22,-148.45499795675278,7,-107.61423969268799
ZCBew8Fv0qA--7,static,16,-122.5851138830185,4,-91.3216460943222
MYGqMojGwBE--26,static,34,-313.7457654476166,7,-240.87143325805664
MYGqMojGwBE--36,static,10,-90.32742834091187,4,-40.146382331848145
36YV-IPiUXM--17,static,53,-376.29515151679516,14,-281.06518869102
pMbMjjSj1fM--4,static,18,-142.68746542930603,6,-117.16714358329773
809a3a5e02d1-27,static,22,-155.65001392364502,6,-80.40866029262543
9xc24mAlprE--25,static,14,-112.7201474159956,6,-80.0204439163208
0kldzhToGLc--9,static,22,-161.79765360802412,9,-112.32420467585325
aDwdB7xHAOE--13,static,17,-107.42292476445436,6,-68.94887115806341
wUH1dDbu9B4--18,static,17,-132.14249726384878,7,-54.57183350622654
BO1ehFUMWEs--29,static,34,-246.42946469783783,8,-167.92443299293518
mXq8axygjdE--48,static,20,-121.52958500385284,7,-109.41753494739532
VwsRPJN7txM--7,static,11,-63.887942887842655,5,-59.15519827604294
ZMsnY_khlNQ--6,static,15,-96.43416699767113,6,-62.950575202703476
KHL0wkbu0-s--21,static,12,-76.65929161757231,5,-42.191724583506584
mjvqIq_fvRY--15,static,9,-59.28054462373257,5,-51.33271725475788
o44YnPMhwPU--6,static,9,-64.55458202213049,4,-45.42710467427969
s_8IbRRsr0Q--11,static,38,-259.9679153561592,11,-211.00892120599747
ZMsnY_khlNQ--4,static,19,-126.3990975022316,8,-102.98283618688583
9b0136913690-50,static,20,-113.80161109566689,6,-60.977973222732544
5QMD024bDYs--4,static,19,-137.11007337644696,6,-78.7125580497086
MYGqMojGwBE--19,static,10,-98.28338289260864,5,-82.42198705673218
UBnqDwRds3A--16,static,21,-189.65457379817963,8,-84.43376684188843
q4RnudGCU18--23,static,24,-181.98028221726418,8,-90.24179136753082
vyBaeFU8J_k--3,static,14,-86.21691275388002,6,-44.88097072392702
jN2lbHzIneI--15,static,23,-158.15591970086098,8,-107.76114672422409
W4YzurwHpfw--5,static,13,-82.22540599107742,5,-61.86552745103836
3vCea9zWFek--3,static,17,-147.4608299434185,5,-88.42709812521935
wwpptVjgAws--15,static,47,-303.206590898335,13,-247.4943189099431
DF4fto_X1Y4--13,static,12,-66.84821859002113,4,-24.31148311495781
fulQKWknVhw--1,static,21,-130.82032765448093,8,-96.06505626440048
hgaKby5Mha4--34,static,21,-125.33765438199043,7,-93.22685620188713
48couwymlMM--15,static,23,-156.15081256628036,7,-97.51790118217468
i4j5Bj2NL1c--3,static,24,-198.63276481814682,11,-162.1814447659999
cw1YIV30nQM--6,static,17,-115.75347417593002,7,-60.16126964986324
fqJW-F3WIYc--8,static,12,-65.24378480389714,5,-54.781795132905245
HBQwzyxvkZA--316,static,15,-88.08800557255745,6,-71.70745921134949
LvN9Dxq2iLY--200,static,12,-84.98429143428802,5,-59.65323877334595
6MxCP_583q8_e4,static,9,-58.2474061101675,4,-48.50037944316864
HBQwzyxvkZA--57,static,21,-129.2219296693802,7,-86.56803727149963
yb7efY9x78U--15,static,23,-177.1600251607597,7,-116.2394494228065
l9bZYazJQ1w--2,static,9,-44.51584720611572,4,-25.560798227787018
3gKelnCwuj8--16,static,16,-134.92887528054416,7,-89.83444566838443
lSLqIyupXrk--7,static,11,-54.29499685764313,4,-30.335095405578613
HBQwzyxvkZA--230,static,15,-74.45344249159098,5,-38.380257964134216
q4RnudGCU18--11,static,10,-73.82289028167725,4,-50.4464967250824
AZ2s4Adm9RU--9,static,14,-95.91391289234161,5,-54.21859931945801
MYGqMojGwBE--95,static,18,-129.59399504214525,9,-92.4820868447423
17OIKvJmrK8--11,static,28,-207.92498490214348,9,-197.08446928858757
HBQwzyxvkZA--146,static,20,-134.76731848716736,7,-95.86528587341309
HBQwzyxvkZA--77,static,10,-45.50223454833031,3,-21.818246841430664
MYGqMojGwBE--235,static,8,-63.29881525039673,3,-25.54093027114868
JqYder5vRP4--0,static,11,-71.11422323808074,5,-51.635968919843435
eyqLkKS5Qkw--3,static,16,-125.88024823367596,8,-91.03201282024384
48couwymlMM--24,static,12,-69.44374212622643,5,-54.9400572180748
iGdg-iGlUFg--12,static,19,-122.27460780739784,4,-71.13197842240334
K5lgB4YzOO0--4,static,27,-185.46766877174377,9,-154.48340320587158
m3Mmtpr-jjA--34,static,16,-133.85182774066925,9,-121.43091595172882
HBQwzyxvkZA--303,static,16,-111.87747204303741,3,-75.18188524246216
Rblg5TE6TI0--19,static,23,-172.73531687259674,12,-124.04257600009441
tDrI-9pSul0--6,static,21,-154.87701793015003,9,-104.67630738019943
6_yO8Lc8Hd4--19,static,11,-98.67004919052124,3,-35.39330196380615
faZQNy4aErk--51,static,22,-162.71657188236713,8,-72.53241872787476
d5Lx_5-UiHY--85,static,25,-125.70863651484251,10,-77.7258177921176
lSLqIyupXrk--2,static,12,-88.79514074325562,6,-55.18630027770996
sktRu3sp97g--3,static,15,-105.84098559617996,3,-31.794543236494064
MnCcM6PZrug--19,static,36,-303.2910195849836,11,-195.0650554560125
DP1ly_MsHHQ--2,static,20,-163.97520303726196,8,-99.07489109039307
mXq8axygjdE--65,static,15,-67.70203337818384,5,-45.88071472197771
Rblg5TE6TI0--32,static,12,-75.44026984274387,4,-56.235299840569496
4vfboqjtAXo_e3,static,14,-101.0117873698473,4,-61.50048780441284
HBQwzyxvkZA--313,static,21,-126.40329337120056,5,-86.12942719459534
vyBaeFU8J_k--5,static,33,-274.10925831645727,8,-180.31838669627905
5QMD024bDYs--5,static,15,-103.02839307487011,5,-59.904778614640236
3gKelnCwuj8--7,static,16,-90.56648129224777,6,-59.03512781858444
ef52bca1a454-78,static,16,-85.06732054054737,5,-54.62566366791725
4DhGy83DK_s--17,static,28,-166.24278372898698,8,-87.04185461997986
mXq8axygjdE--64,static,14,-72.77557611465454,5,-31.882522463798523
yAAWlkm-_KA--8,static,24,-194.13817088585347,10,-104.47078530769795
BTqVQCBPUzg--81,static,16,-108.54656502604485,7,-86.52121683955193
R6_v5nqXuGg--12,static,22,-121.47427294775844,6,-74.53044359013438
iwYL-ivQm6o--7,static,17,-120.38297152519226,6,-81.68110823631287
pMbMjjSj1fM--18,static,14,-84.08216638863087,6,-70.97198309004307
aDwdB7xHAOE--2,static,19,-124.83308542147279,4,-40.45489019528031
HBQwzyxvkZA--41,static,15,-74.8954251408577,4,-40.46160423755646
LvN9Dxq2iLY--174,static,20,-138.35181725025177,6,-119.76541924476624
faZQNy4aErk--55,static,14,-95.24492536485195,7,-58.26531146466732
uY7i-Y8gxn8--5,static,22,-165.7458041459322,6,-126.98308825492859
faZQNy4aErk--31,static,18,-147.57581448554993,8,-95.8002051115036
HBQwzyxvkZA--130,static,26,-159.8864619731903,8,-126.99641585350037
5QMD024bDYs--16,static,22,-146.22148790955544,8,-89.82108090817928
0bk98uIiTS8--41,static,27,-246.53419940173626,11,-154.88733284175396
Kq5HfchSWv8--27,static,18,-120.03426587581635,4,-88.5220787525177
kES_ZNjFKz8--15,static,18,-111.74086248874664,4,-102.26088613271713
vZt56rnH8QQ--0,static,16,-136.04788649082184,9,-87.26367628574371
n12WICGyBJ4--35,static,15,-115.20666939020157,6,-80.78744983673096
MYGqMojGwBE--122,static,10,-69.70439720153809,3,-43.66186714172363
lcBujGRLwE0--8,static,29,-216.1493549644947,9,-140.83906388282776
ckGC5hUffDU--8,static,18,-139.82918933033943,5,-131.20581769943237
jN2lbHzIneI--11,static,38,-254.78567021340132,12,-187.325298294425
MYGqMojGwBE--284,static,16,-116.17353677749634,6,-63.188076972961426
aDwdB7xHAOE--6,static,27,-209.8936877399683,9,-132.6635571271181
g4GfKC7z-2M--22,static,19,-155.6200860440731,4,-96.48380732536316
XcXCB---N9M--6,static,12,-92.31513793766499,5,-51.13955460488796
zu_bd3r2GIA--8,static,16,-98.91776866838336,5,-67.49412197992206
u7wx4rUBg_k--8,static,19,-172.53184732608497,9,-84.55045366100967
-X_zmve1y00--11,static,14,-68.07044722139835,4,-35.59852835536003
DP1ly_MsHHQ--27,static,34,-200.3310850560665,9,-139.46095183491707
MYGqMojGwBE--163,static,13,-74.79851602762938,3,-32.488871805369854
HBQwzyxvkZA--191,static,10,-43.37804692983627,3,-33.88658618927002
8E-llRXuhl0--14,static,25,-188.11781667917967,8,-128.1118352934718
LvN9Dxq2iLY--130,static,11,-66.72322615981102,4,-34.83274173736572
lcBujGRLwE0--12,static,25,-134.04453049227595,8,-115.18018681928515
809a3a5e02d1-35,static,17,-118.71019489318132,8,-83.27771174907684
myIXH3PjvoI--5,static,25,-138.12644991278648,9,-72.64183029532433
ZCBew8Fv0qA--14,static,15,-78.69809658825397,4,-38.78375642001629
jC6VuHNpTLM--22,static,19,-113.6700304299593,6,-87.32698173820972
MYGqMojGwBE--241,static,27,-158.31902551651,6,-92.31816697120667
m-w_78fDg9M--7,static,22,-168.90291315317154,7,-86.45417630672455
0kldzhToGLc--16,static,15,-114.18963135778904,7,-56.645245268940926
vbq8QbOwOt4--0,static,25,-231.28845071792603,13,-138.47993597388268
8w6k4jEJJlU--3,static,11,-106.54853582382202,5,-93.25486898422241
eGkBCS1t9-E--16,static,24,-145.06925048679113,8,-116.95586969703436
Rblg5TE6TI0--33,static,26,-183.61748607829213,11,-129.56819421425462
0Z5d6D2vBbc--3,static,12,-89.95195917785168,4,-58.87613010406494
ijrjSBx7WTc--53,static,21,-144.38020086288452,5,-96.16305810213089
HBQwzyxvkZA--169,static,17,-102.36843702197075,7,-73.05077812075615
LvN9Dxq2iLY--104,static,7,-53.28297567367554,4,-43.22975540161133
vZt56rnH8QQ--9,static,15,-109.37686812877655,7,-54.855398654937744
UBnqDwRds3A--12,static,9,-74.47353123128414,2,-19.65642261505127
w_xCnJVyPYA_e3,static,13,-68.30332101136446,3,-35.65300706773996
BESRE5mtipE--10,static,14,-105.89830470085144,5,-48.94347405433655
eBj_HUu0CNw--7,static,17,-107.3299093618989,6,-71.96507102996111
mXq8axygjdE--8,static,9,-72.19858977943659,3,-55.106407165527344
jC6VuHNpTLM--10,static,19,-153.49295839946717,8,-93.76431498210877
Rc99bcSdhak--15,static,23,-145.7466202378273,8,-93.20739901065826
ef52bca1a454-75,static,9,-45.43579417467117,5,-39.433487951755524
vbq8QbOwOt4--13,static,23,-125.67429762333632,7,-125.49732581526041
vbq8QbOwOt4--5,static,25,-159.3978271484375,5,-111.61747980117798
UBnqDwRds3A--15,static,19,-167.5675156712532,6,-87.42435103654861
2B2z46vgaAA--19,static,14,-78.44815933704376,5,-52.46380269527435
xnY08sy7Sqk--22,static,21,-187.79956513643265,7,-158.55127221345901
lAFiWmUUHOg--15,static,15,-116.70550990104675,5,-73.99273085594177
MYGqMojGwBE--65,static,13,-86.10229992866516,6,-73.40892434120178
zu_bd3r2GIA--12,static,17,-112.41439861059189,4,-77.21141803264618
9b0136913690-90,static,15,-88.16151596605778,4,-49.65753437578678
fqJW-F3WIYc--18,static,21,-149.90068443119526,9,-97.1413272023201
jLwvQ4URDFY--16,static,9,-55.851295202970505,3,-31.5759114921093
BO1ehFUMWEs--37,static,12,-82.63888078927994,3,-45.120255172252655
fYxijWb0b_s--5,static,12,-84.55116766691208,4,-74.88022321462631
6_yO8Lc8Hd4--3,static,36,-304.0721137672663,14,-229.04938630014658
17OIKvJmrK8--7,static,16,-128.46335226297379,7,-82.69566559791565
iGdg-iGlUFg--7,static,20,-146.6327692270279,8,-91.73307475447655
ZMsnY_khlNQ--11,static,29,-178.68094366788864,8,-138.54913264513016
-X_zmve1y00--9,static,17,-111.53602850437164,6,-62.94827473163605
fqJW-F3WIYc--11,static,28,-161.34929971396923,7,-94.57969565689564
Lt5GAA6MIuM--27,static,21,-144.70307555049658,7,-92.6900710016489
tDrI-9pSul0--9,static,24,-144.37227910757065,8,-135.66496601700783
maCRL8WG0GQ--9,static,18,-177.06573928892612,8,-101.80442395806313
HBQwzyxvkZA--179,static,13,-60.34545600414276,4,-33.377076506614685
C6CIPVno_yQ--10,static,22,-130.9961597621441,7,-78.11313533782959
dkavvNigK7s--13,static,29,-182.09216802567244,12,-128.1630756855011
9bqfEh7BD3c--2,static,27,-183.873306453228,9,-112.3815231025219
spDHZsNp4RA_d,static,22,-163.77254774887115,8,-143.87714073061943
KI0avgGkWiU--9,static,23,-118.12799113243818,6,-74.99040716141462
jLwvQ4URDFY--27,static,36,-230.1262689679861,10,-153.96553826332092
BO1ehFUMWEs--30,static,37,-318.161967150867,11,-182.6137776374817
lPzmjeJmsXo--31,static,21,-220.08654701709747,7,-141.28606271743774
vyBaeFU8J_k--8,static,11,-52.48066469281912,4,-21.324448615312576
BESRE5mtipE--19,static,21,-139.30477694422007,8,-95.12638883292675
NDYHcIF50eE--0,static,33,-306.1688716560602,15,-226.4810115247965
MYGqMojGwBE--109,static,20,-183.25157189369202,9,-167.84968185424805
9b0136913690-8,static,17,-77.74264480173588,4,-58.35832226276398
_T-35xhqSkE--11,static,17,-98.51316955685616,3,-63.35381531715393
myIXH3PjvoI--37,static,11,-50.46073320880532,3,-33.722090516239405
ozS8Mx8AdH8--13,static,21,-154.29353465139866,6,-108.27704085409641
NDYHcIF50eE--3,static,26,-189.68683288246393,12,-138.52061676234007
809a3a5e02d1-19,static,16,-111.68055686354637,7,-56.72310674190521
rYcw__0tDhw--17,static,21,-154.88080240786076,4,-55.753224447369576
HBQwzyxvkZA--311,static,16,-84.1308762729168,4,-67.71652325987816
HBQwzyxvkZA--236,static,14,-92.33926153182983,3,-60.03391075134277
wUH1dDbu9B4--29,static,18,-116.73007041588426,8,-85.21782781556249
l9bZYazJQ1w--18,static,23,-165.37699457909912,6,-107.23559546470642
faZQNy4aErk--76,static,28,-194.02650612592697,6,-100.39742821455002
dkavvNigK7s--14,static,17,-109.25886031985283,6,-60.689910650253296
YsuSHJ3klEs--14,static,17,-87.90374847501516,6,-49.68525314331055
MYGqMojGwBE--38,static,21,-150.70998764038086,6,-89.00801301002502
dPuKX_lM4Zc--107,static,12,-61.8914749622345,3,-46.827897787094116
OJxSniCPUpI--9,static,17,-91.79098202288151,4,-81.8461874127388
CRJSZ2e7BU0--10,static,17,-106.34113635122776,7,-70.1416372358799
MYGqMojGwBE--128,static,16,-101.33073259145021,5,-44.00071048736572
myIXH3PjvoI--47,static,18,-112.10537391901016,4,-81.92899018526077
cw1YIV30nQM--22,static,17,-98.73974726349115,4,-90.49618405848742
KmW8f1GVTYY--10,static,13,-95.07878620922565,6,-65.31986618041992
ijrjSBx7WTc--67,static,24,-160.60867494437844,7,-134.14931124541909
gXa0qcoWrsQ--4,static,13,-57.36927202343941,3,-43.9242080450058
Zc2bgIDZ-Ks--45,static,36,-258.00577007979155,12,-177.96749663352966
36YV-IPiUXM--10,static,39,-301.8134423047304,11,-193.12673246860504
36YV-IPiUXM--8,static,32,-230.390702791512,10,-179.65372776985168
HBQwzyxvkZA--320,static,16,-113.9425144419074,5,-77.35549034923315
QiJgNpX3zN0--1,static,12,-57.026666544377804,4,-48.82809919863939
U5Tq9r7saZU--15,static,31,-211.02244762703776,13,-124.87852567061782
pMbMjjSj1fM--11,static,16,-146.96555852890015,7,-109.07755088806152
oPITLi0VKh8--20,static,17,-74.89779462106526,4,-31.827226297929883
ci_iGsLDZ9w_e1,static,18,-114.56928779557347,5,-88.85285020247102
NDYHcIF50eE--16,static,32,-206.44100061058998,9,-146.81287755072117
KmW8f1GVTYY--15,static,16,-110.61780850589275,6,-67.05434910953045
ci_iGsLDZ9w_d,static,8,-49.549418181180954,3,-33.7991780936718
6OlSDCcwM10--25,static,12,-62.079865507781506,3,-41.906541757285595
8w6k4jEJJlU--0,static,20,-142.96367459744215,6,-95.89732270687819
myIXH3PjvoI--97,static,17,-90.68196426331997,6,-58.93471622467041
9b0136913690-12,static,8,-46.22691756486893,2,-23.75002747774124
91GVHgxW8RA--7,static,33,-278.1373297162354,11,-210.07000793889165
eabe1f38221a-36,static,10,-48.4307117164135,3,-27.9157492518425
6_yO8Lc8Hd4--2,static,17,-124.11250185966492,7,-63.938125133514404
KmW8f1GVTYY--46,static,12,-78.14301919937134,4,-38.793114483356476
9bqfEh7BD3c--13,static,18,-104.461435303092,5,-84.08521473407745
VwsRPJN7txM--9,static,18,-99.46371866203845,6,-67.3811663184315
QXsIVtanWdw--5,static,9,-47.66595035791397,3,-23.7612786591053
S9ymb66ZqqY--8,static,11,-94.29693031311035,5,-53.45242691040039
LvN9Dxq2iLY--33,static,12,-81.10528706014156,5,-76.34218883514404
K4eNr2k2Lls--21,static,21,-130.52985644340515,8,-123.01487302780151
wSEeoT9BqE0--21,static,34,-234.6508026793599,9,-190.1570866405964
LvN9Dxq2iLY--12,static,16,-97.32353436201811,4,-57.082888066768646
faZQNy4aErk--6,static,14,-106.29248327761889,5,-55.626222260296345
WabgM-SmPzU_e1,static,12,-76.28148847818375,4,-44.6509008705616
wmTrG799MAo--12,static,17,-95.98113089799881,6,-50.14049357175827
i4j5Bj2NL1c--13,static,14,-133.29274654388428,5,-103.34586715698242
nvfK4jQ7MH0--3,static,22,-147.77306753396988,7,-120.79675933718681
ojYFIliNLGI--0,static,23,-150.26821067929268,8,-108.82382267713547
HBQwzyxvkZA--203,static,12,-72.87847137451172,6,-57.87111449241638
vZt56rnH8QQ--1,static,11,-83.32202933728695,5,-64.2347800731659
NaXDBBT5pkw--17,static,16,-100.16217896342278,5,-63.02814902365208
9bqfEh7BD3c--23,static,20,-124.79036116600037,9,-77.74309039115906
eyqLkKS5Qkw--20,static,12,-90.864492893219,5,-53.190537214279175
vbq8QbOwOt4--14,static,26,-220.4963764101267,13,-132.1609043031931
faZQNy4aErk--25,static,13,-112.24226975440979,2,-71.05623316764832
s_8IbRRsr0Q--13,static,12,-82.46730732917786,6,-48.71649098396301
lcBujGRLwE0--7,static,25,-166.78199464082718,7,-108.57344275712967
CAzt5cxtSjQ--17,static,15,-96.49377007782459,4,-39.40590117871761
m3Mmtpr-jjA--22,static,9,-63.556350119411945,4,-48.54817555844784
9b0136913690-67,static,8,-58.973206758499146,1,-11.292146682739258
HBQwzyxvkZA--34,static,14,-79.53869338333607,5,-63.296984270215034
HBQwzyxvkZA--151,static,15,-90.82717451453209,6,-75.46084448695183
ozS8Mx8AdH8--14,static,25,-197.86500465869904,9,-158.87363362312317
AZ2s4Adm9RU--14,static,14,-105.22145672887564,3,-51.171054005622864
KmW8f1GVTYY--48,static,12,-87.20779371261597,6,-61.763466119766235
dPuKX_lM4Zc--103,static,10,-44.15486337244511,3,-28.1162748336792
OEM3CR-HYmk--22,static,16,-81.05493181943893,3,-57.049872636795044
lcBujGRLwE0--11,static,28,-204.75233414769173,9,-184.26780679821968
d5Lx_5-UiHY--101,static,8,-49.00785177946091,1,-14.326601505279541
vZt56rnH8QQ--8,static,27,-229.14972123503685,12,-134.4293624907732
BO1ehFUMWEs--7,static,18,-122.81021589040756,6,-92.07726496458054
HBQwzyxvkZA--99,static,11,-36.14408427476883,5,-29.37922716140747
s_8IbRRsr0Q--22,static,13,-84.14671009033918,5,-43.63369043916464
fvHtYcL913U--15,static,13,-67.34075251221657,5,-36.394028693437576
sktRu3sp97g--2,static,11,-79.7959242016077,6,-57.369994416832924
BO1ehFUMWEs--10,static,27,-214.1085845530033,6,-154.26998031139374
lSLqIyupXrk--18,static,23,-169.51861868798733,8,-130.33458465337753
xFEQrtosric--9,static,9,-68.68998718261719,4,-48.11510372161865
ef52bca1a454-29,static,10,-52.65592400589958,3,-25.76399617502466
q4RnudGCU18--28,static,30,-245.484379991889,14,-152.00540839135647
HBQwzyxvkZA--93,static,15,-85.90262074768543,6,-41.267136335372925
ijrjSBx7WTc--51,static,20,-117.79877956211567,7,-84.52666515111923
U5Tq9r7saZU--13,static,33,-267.7438024878502,11,-216.3483467400074
d5Lx_5-UiHY--73,static,11,-46.48247587680817,3,-24.69529676437378
s_8IbRRsr0Q--25,static,19,-124.92840722948313,7,-62.3356040045619
LvN9Dxq2iLY--17,static,13,-67.41299633681774,3,-38.28930449485779
lcBujGRLwE0--19,static,31,-234.62078389525414,12,-175.25901454687119
9bqfEh7BD3c--18,static,12,-72.14301550388336,4,-46.00074374675751
iwYL-ivQm6o--16,static,20,-126.87481656298041,5,-62.002287056297064
myIXH3PjvoI--115,static,16,-110.84730213880539,7,-68.3842523097992
gXa0qcoWrsQ--23,static,23,-150.56378589570522,6,-106.15783107280731
hYNyIXYmoYs--0,static,14,-117.3852124363184,5,-73.2365302592516
40BjLI5XtJE--1,static,12,-109.83577132225037,5,-57.194907426834106
Zc2bgIDZ-Ks--28,static,16,-73.30271812528372,6,-66.95795914530754
vbq8QbOwOt4--18,static,21,-121.55122789740562,8,-58.89624643325806
fulQKWknVhw--25,static,23,-157.50300979614258,7,-67.5298844575882
n12WICGyBJ4--17,static,11,-85.6524727344513,5,-78.01475977897644
OEM3CR-HYmk--8,static,9,-71.52648746967316,3,-23.23343276977539
6OlSDCcwM10--0,static,14,-87.2306362055242,4,-39.62533786520362
K4eNr2k2Lls--31,static,18,-168.32088708877563,7,-113.11147260665894
8DmlFztO2XM--4,static,22,-162.59176097810268,7,-135.49079418182373
gXa0qcoWrsQ--1,static,29,-208.7829492688179,8,-173.14044547080994
6_yO8Lc8Hd4--18,static,33,-202.89651668071747,7,-131.89701354503632
dPuKX_lM4Zc--81,static,19,-108.8848760612309,6,-50.454829920083284
egjhIFJbR2I--1,static,17,-98.70207393169403,5,-92.6265179514885
3vCea9zWFek--8,static,15,-110.51385207846761,4,-72.06987388804555
2B2z46vgaAA--25,static,9,-61.09702152013779,4,-44.207262724637985
QiGhWfjM2FI--29,static,13,-99.83749878406525,6,-57.8952876329422
wefigjf46u4--7,static,22,-175.17596674710512,9,-94.6405254676938
MYGqMojGwBE--188,static,10,-56.37399232387543,4,-34.49332880973816
Kq5HfchSWv8--3,static,10,-62.6800537109375,3,-32.806193113327026
5n_IGU5rYYk--31,static,24,-138.04975834861398,11,-88.47772947326303
HBQwzyxvkZA--43,static,13,-79.8646354675293,4,-36.08246827125549
7byz3fdI-Ss--10,static,16,-83.69186000525951,5,-52.8337347060442
mjvqIq_fvRY--2,static,20,-125.4608502984047,8,-69.95936065912247
Lt5GAA6MIuM--8,static,19,-161.24131117761135,5,-80.32034899294376
uR-nzhB6D8g--11,static,13,-94.19514036178589,5,-69.96905183792114
vyBaeFU8J_k--16,static,25,-192.1183256804943,6,-79.83731031417847
myIXH3PjvoI--85,static,21,-135.78586050868034,7,-100.57212284207344
gW1N-ttBBTo--2,static,9,-46.902892768383026,2,-15.623390197753906
K4eNr2k2Lls--30,static,29,-218.20699185878038,9,-156.62715811282396
s_8IbRRsr0Q--20,static,21,-141.05891707539558,10,-108.76189199090004
rZG7T9ujMEo--13,static,12,-72.18791458010674,4,-60.213930904865265
_IyhoG9jXuM--1,static,17,-99.69782277941704,8,-84.45957258343697
6OlSDCcwM10--15,static,18,-146.45865499973297,7,-126.3442771434784
OtlvzXZG_Uk_e1,static,15,-99.41024851053953,4,-60.67264759540558
iwYL-ivQm6o--8,static,9,-40.3047962076962,4,-28.1568845808506
Lt5GAA6MIuM--4,static,25,-217.39572355151176,8,-153.194777905941
mDUCHJerTtE--6,static,23,-156.4234825372696,8,-111.09012162685394
BTqVQCBPUzg--107,static,21,-149.2168249487877,8,-96.94048869609833
80Cx4CH-AVI--17,static,8,-76.03213834762573,6,-55.264108180999756
0Z5d6D2vBbc--11,static,35,-299.2345046941191,13,-222.364355975762
BTqVQCBPUzg--110,static,8,-58.67660987377167,3,-35.379539012908936
lZarpnV0alw--14,static,11,-83.4536817073822,4,-53.70236396789551
mjvqIq_fvRY--22,static,20,-161.20470306277275,9,-109.25745868682861
g4GfKC7z-2M--7,static,20,-163.714235663414,7,-138.93969118595123
gp0w_zrLgfw--17,static,29,-231.35742926597595,10,-130.81199717521667
UBnqDwRds3A--8,static,25,-166.0724896043539,7,-83.53470951318741
MYGqMojGwBE--219,static,10,-72.11105990409851,4,-32.583983421325684
809a3a5e02d1-116,static,9,-41.46419107913971,3,-23.404059767723083
ckGC5hUffDU--5,static,15,-92.11032426240854,5,-45.69757097843103
faZQNy4aErk--18,static,23,-171.62749314308167,7,-166.21535849571228
uYaUCNl1j10--8,static,25,-179.6739600598812,10,-107.25360271334648
jN2lbHzIneI--4,static,31,-188.32109175622463,10,-165.16254599392414
LvN9Dxq2iLY--86,static,12,-81.63150897622108,2,-53.74414873123169
Zc2bgIDZ-Ks--85,static,25,-192.38591122627258,6,-128.12072530388832
m3Mmtpr-jjA--38,static,26,-192.4780774116516,11,-147.79973709583282
q4RnudGCU18--13,static,26,-177.41717160493135,9,-104.81760392338037
aDwdB7xHAOE--5,static,15,-101.63069424033165,4,-76.62741768360138
s_8IbRRsr0Q--8,static,8,-37.15262630581856,2,-13.701360702514648
C-cgPb_N2dY--3,static,12,-84.25190064311028,6,-64.0316005051136
sktRu3sp97g--11,static,19,-130.4873114824295,7,-91.73339712619781
4DhGy83DK_s--13,static,17,-87.95188974961638,5,-60.41909736394882
MYGqMojGwBE--182,static,18,-120.2396868467331,7,-71.95338571071625
l9bZYazJQ1w--16,static,12,-79.0826596468687,5,-33.33339338004589
Xmm9ZyMy12g--8,static,16,-98.04713475704193,4,-80.79759693145752
C6CIPVno_yQ--20,static,22,-148.35723039507866,9,-123.84454795718193
DF4fto_X1Y4--2,static,14,-74.01548662781715,5,-59.48117634654045
HBQwzyxvkZA--100,static,12,-41.968670129776,2,-3.4009948819875717
dkavvNigK7s--30,static,14,-92.25395910441875,6,-68.5901143848896
4DhGy83DK_s--35,static,28,-179.0536366268061,6,-71.57739865779877
ZVE_KjrY_po--8,static,23,-167.11276015639305,9,-127.17155036330223
lPzmjeJmsXo--14,static,27,-267.23328533768654,10,-180.38350358605385
d5Lx_5-UiHY--36,static,12,-55.42253155261278,4,-27.4636809527874
xFEQrtosric--2,static,26,-193.62199905328453,9,-154.5989167969674
MYGqMojGwBE--215,static,15,-130.729829788208,6,-55.42931509017944
6_yO8Lc8Hd4--6,static,29,-202.13219353929162,10,-157.99336570873857
vbq8QbOwOt4--1,static,16,-133.76531946659088,6,-62.100553035736084
5n_IGU5rYYk--2,static,20,-122.73078599572182,8,-87.43367484211922
ZMsnY_khlNQ--15,static,9,-55.77018605172634,2,-18.91248607635498
myIXH3PjvoI--4,static,14,-43.23239630460739,6,-30.152925670146942
q4RnudGCU18--26,static,28,-186.5061951763928,10,-139.77599795535207
HBQwzyxvkZA--165,static,12,-67.3974837064743,4,-57.222432017326355
o9DARfrZg2o--1,static,21,-177.64898473769426,8,-117.6053276732564
uR-nzhB6D8g--1,static,16,-90.60246324539185,6,-49.19105088710785
RIwfym39VVM_e3,static,21,-121.07692374289036,6,-71.96979188919067
wwpptVjgAws--0,static,29,-209.79669339582324,13,-187.68558425828815
9b0136913690-52,static,14,-98.83290626108646,3,-52.40315008163452
Lt5GAA6MIuM--17,static,22,-186.44615918397903,10,-121.03120642900467
klepEQSaeIk--1,static,36,-250.23918050527573,11,-146.88800266385078
Lt5GAA6MIuM--28,static,13,-78.20356078445911,4,-49.114011242985725
ef52bca1a454-8,static,13,-112.85333490371704,6,-76.5177972316742
jLwvQ4URDFY--14,static,34,-220.75523617863655,10,-169.7506968975067
LvN9Dxq2iLY--82,static,14,-96.71932542324066,4,-45.96055245399475
iwYL-ivQm6o--11,static,14,-78.49901751428843,4,-40.69576168060303
9b0136913690-59,static,16,-93.27888256311417,4,-86.57428258657455
KmW8f1GVTYY--33,static,13,-88.69611501693726,5,-76.61823844909668
NDYHcIF50eE--11,static,20,-142.12163384258747,3,-89.13784313201904
MYGqMojGwBE--279,static,9,-59.04556620121002,5,-49.073516964912415
tDrI-9pSul0--10,static,29,-242.24147510528564,10,-215.09966397285461
5n_IGU5rYYk--32,static,31,-225.68200264126062,7,-89.16710326820612
ijrjSBx7WTc--23,static,26,-177.85606817528605,9,-116.95450834557414
a8zp7ivHwBU--4,static,18,-127.0042316019535,6,-93.65982630848885
9bqfEh7BD3c--24,static,18,-115.00062690675259,5,-83.09808558225632
U5Tq9r7saZU--29,static,21,-163.94363571330905,11,-113.62150956317782
wSEeoT9BqE0--14,static,27,-224.28246184810996,8,-178.13051488623023
QiGhWfjM2FI--9,static,24,-170.95713603496552,11,-154.83796083927155
809a3a5e02d1-64,static,14,-79.1061710268259,4,-64.31458097696304
ckGC5hUffDU--6,static,26,-175.63554326072335,6,-120.08460928872228
o44YnPMhwPU--36,static,22,-125.41077271848917,11,-82.90180806070566
HBQwzyxvkZA--193,static,9,-48.652090311050415,4,-44.20232319831848
Kq5HfchSWv8--36,static,16,-117.81221098452806,4,-70.2995974496007
ZCBew8Fv0qA--3,static,13,-69.0795558989048,3,-42.49992096424103
91GVHgxW8RA--33,static,22,-103.57215368002653,6,-42.33374773710966
MYGqMojGwBE--211,static,13,-127.74587392807007,7,-72.11171340942383
hgaKby5Mha4--28,static,25,-158.67999731563032,8,-82.02422582171857
-X_zmve1y00--1,static,12,-36.51765190064907,3,-24.506069019436836
hgaKby5Mha4--1,static,23,-150.42743849754333,8,-103.13200658559799
BO1ehFUMWEs--1,static,21,-142.72378872334957,6,-110.38087546825409
OEM3CR-HYmk--3,static,12,-77.79446798563004,3,-46.91927468776703
R6_v5nqXuGg--5,static,18,-127.69699788093567,6,-89.8656837940216
rZG7T9ujMEo--2,static,14,-96.96134525537491,6,-78.56320250034332
HBQwzyxvkZA--143,static,9,-32.65917829796672,4,-27.755182147026062
HBQwzyxvkZA--319,static,22,-155.2654577344656,7,-96.83565279841423
3vCea9zWFek--39,static,23,-171.04937374591827,9,-91.95082104206085
tDrI-9pSul0--11,static,12,-74.10092067718506,6,-49.88129471242428
kxz4AA9lNmY_e4,static,17,-129.4455028772354,4,-88.95463848114014
zu_bd3r2GIA--28,static,14,-109.94653622806072,5,-87.86969582736492
Xmm9ZyMy12g--13,static,22,-168.1385704278946,6,-133.03008341789246
NTc0m4Q1-xU--0,static,17,-146.80903459340334,7,-96.38802529126406
9xc24mAlprE--14,static,23,-175.45455454289913,9,-131.860666975379
Rc99bcSdhak--5,static,37,-259.3910463564098,11,-188.65706775709987
HBQwzyxvkZA--286,static,24,-153.52541387081146,10,-108.5397720336914
Zc2bgIDZ-Ks--79,static,15,-83.1284124031663,4,-44.71451226621866
wefigjf46u4--10,static,8,-36.70026358962059,2,-16.236060336232185
wSEeoT9BqE0--2,static,20,-134.2779446542263,7,-106.98709109425545
o9DARfrZg2o--0,static,21,-188.3098602294922,7,-138.09001064300537
DP1ly_MsHHQ--15,static,30,-183.17239585518837,7,-137.2233013510704
C-cgPb_N2dY--16,static,21,-146.05821412801743,7,-81.98909157514572
6U9AFGakrn0--5,static,14,-104.49772412329912,4,-47.82826931029558
0kldzhToGLc--15,static,10,-58.89230616390705,3,-22.882142573595047
oyWhLo5brto--1,static,21,-195.99671699106693,9,-107.6085154414177
bqE5C2tmc9c--13,static,14,-120.08674240112305,6,-74.4365701675415
ijrjSBx7WTc--32,static,21,-124.15330530703068,7,-88.58041264116764
MYGqMojGwBE--149,static,17,-101.04518288373947,3,-45.16944861412048
n12WICGyBJ4--43,static,17,-106.18466708622873,6,-88.10099437832832
Zc2bgIDZ-Ks--43,static,19,-127.95340217649937,4,-47.25866700708866
IjeHLt1vNoM--9,static,20,-151.35274757444859,6,-86.77875532209873
rYcw__0tDhw--1,static,33,-219.46199484169483,8,-178.39393642544746
Sqa3ig2NN9Q--4,static,14,-95.49075211584568,5,-76.69560945034027
IjeHLt1vNoM--17,static,15,-108.50891328975558,5,-62.75531077384949
9b0136913690-70,static,12,-44.21917971968651,3,-31.53073787689209
Kq5HfchSWv8--28,static,15,-72.85935699939728,4,-26.480507373809814
ojYFIliNLGI--9,static,16,-107.22952646762133,6,-53.261138796806335
m3Mmtpr-jjA--30,static,23,-177.07790749892592,9,-109.29227995872498
6u-ZspWSpwE--14,static,17,-119.33794488757849,6,-73.42273523658514
HBQwzyxvkZA--111,static,13,-99.78268361091614,5,-67.87392616271973
xFJw5GMtlCk--4,static,8,-46.01309663057327,1,-10.544002652168274
U5Tq9r7saZU--18,static,18,-118.81206052005291,5,-68.590088352561
QiJgNpX3zN0--17,static,11,-70.54837739467621,4,-44.142930030822754
9bqfEh7BD3c--9,static,19,-104.49546814709902,7,-64.14250254631042
5n_IGU5rYYk--17,static,31,-202.03007262945175,11,-129.09920865297318
kES_ZNjFKz8--18,static,12,-77.06174927949905,4,-46.12196898460388
nvfK4jQ7MH0--19,static,12,-87.20193409919739,3,-53.98536396026611
LvN9Dxq2iLY--71,static,26,-146.296154409647,6,-57.7305101454258
aDwdB7xHAOE--8,static,19,-142.08571007102728,9,-90.96979908645153
HBQwzyxvkZA--1,static,10,-55.86395180225372,2,-23.755118489265442
gW1N-ttBBTo--6,static,30,-221.80018930137157,9,-174.52587699890137
ef52bca1a454-57,static,17,-120.62452314794064,5,-43.529144287109375
_r1S90f_nsM--13,static,13,-94.30467173457146,4,-39.42754290997982
Xmm9ZyMy12g--12,static,16,-107.00344535708427,3,-48.633490562438965
fulQKWknVhw--29,static,34,-282.15097329579294,12,-216.47686932049692
BTqVQCBPUzg--116,static,10,-56.08026686310768,2,-22.63518187403679
Zc2bgIDZ-Ks--9,static,16,-94.86129153519869,4,-47.24149642884731
eBj_HUu0CNw--22,static,13,-80.70660694688559,5,-58.05448582023382
K4eNr2k2Lls--33,static,29,-214.78916627168655,10,-164.84234654903412
jMdxYlvrkbk--10,static,24,-189.89317056536674,9,-147.27741304039955
jLwvQ4URDFY--3,static,28,-169.37618403881788,14,-117.20981058478355
R6_v5nqXuGg--14,static,18,-144.46130990982056,7,-108.7078070640564
Sqa3ig2NN9Q--25,static,20,-141.05226708948612,3,-80.03772993385792
gW1N-ttBBTo--10,static,37,-252.67504261434078,12,-207.2636758685112
cw1YIV30nQM--20,static,21,-162.07615134865046,7,-88.56885872036219
BESRE5mtipE--1,static,20,-119.96975679695606,5,-83.67469447851181
KHL0wkbu0-s--8,static,24,-169.80087035894394,9,-102.26019221544266
eGkBCS1t9-E--20,static,22,-160.44670256972313,5,-104.10138136148453
EIwWHTO5rZw--14,static,13,-69.95402306318283,4,-32.28860014677048
eBj_HUu0CNw--24,static,17,-132.76119536161423,6,-62.51016676425934
gXa0qcoWrsQ--12,static,21,-161.52640084177256,6,-95.17648684978485
80Cx4CH-AVI--8,static,21,-168.40370579063892,6,-119.69986772537231
ckGC5hUffDU--2,static,19,-99.75705617666245,5,-92.04639917612076
K5lgB4YzOO0--6,static,19,-109.0049600712955,5,-82.41158581897616
-X_zmve1y00--12,static,18,-118.6669992506504,8,-85.63606637716293
xFEQrtosric--7,static,25,-203.30164762586355,10,-180.60838773101568
HBQwzyxvkZA--121,static,22,-128.8603517562151,7,-102.8855119496584
bOZ_Lap5FNA--11,static,19,-121.25746463984251,9,-73.36390005797148
rYcw__0tDhw--2,static,21,-182.757397711277,8,-111.98252707719803
xFJw5GMtlCk--10,static,24,-176.73524330556393,7,-109.18712316453457
9b0136913690-106,static,8,-32.35124710947275,3,-17.03605769202113
rZG7T9ujMEo--21,static,9,-60.52893488109112,2,-19.404223442077637
mXq8axygjdE--51,static,36,-217.1847409158945,15,-138.21095444262028
m-w_78fDg9M--18,static,17,-138.80438292771578,4,-65.12283853441477
XcXCB---N9M--3,static,20,-167.67852598801255,6,-88.63583869114518
K4eNr2k2Lls--2,static,16,-104.28406517766416,6,-76.84354466199875
BTqVQCBPUzg--154,static,8,-39.56379887275398,3,-27.927569223567843
Zc2bgIDZ-Ks--60,static,17,-97.85393884778023,6,-63.08073964715004
gW1N-ttBBTo--7,static,28,-204.9366406351328,10,-170.2899729013443
0bk98uIiTS8--32,static,30,-195.09195867180824,12,-174.54601606726646
BTqVQCBPUzg--148,static,12,-81.70399332046509,6,-58.062535762786865
lAFiWmUUHOg--25,static,27,-174.01500322669744,6,-126.31906654685736
bGqx2eKgdB0_e4,static,10,-68.54620958119631,3,-49.42121982574463
ZVE_KjrY_po--21,static,8,-38.086849600076675,2,-26.041471481323242
BTqVQCBPUzg--34,static,13,-93.12562882900238,4,-71.32662069797516
XcXCB---N9M--20,static,30,-195.1200379654765,8,-123.70214276760817
o9DARfrZg2o--9,static,13,-87.97530736029148,3,-28.08251190185547
HBQwzyxvkZA--228,static,13,-100.06519937515259,4,-83.67613697052002
80Cx4CH-AVI--2,static,29,-224.0594128370285,11,-151.0431473106146
Zc2bgIDZ-Ks--12,static,11,-60.37873895466328,3,-18.8665718883276
vbq8QbOwOt4--7,static,17,-134.37262070178986,6,-56.47724485397339
HBQwzyxvkZA--291,static,31,-206.48531168699265,9,-150.50936031341553
i4j5Bj2NL1c--9,static,19,-151.96063269674778,6,-93.84809674322605
5QMD024bDYs--8,static,21,-120.79809003695846,6,-103.69740044698119
faZQNy4aErk--44,static,24,-182.28973418474197,9,-128.24854210019112
oPITLi0VKh8--18,static,13,-77.80307830125093,5,-48.71013808250427
Xmm9ZyMy12g--14,static,16,-104.59584271907806,5,-45.27132701873779
-X_zmve1y00--29,static,11,-62.81483566761017,4,-57.4061461687088
HBQwzyxvkZA--278,static,12,-86.7037901878357,5,-50.837095737457275
OEM3CR-HYmk--2,static,13,-116.43720483779907,4,-87.31020402908325
1xJ_dkBcAIU--20,static,20,-136.47614031285048,6,-100.72718474268913
IoifXQnhN4E--5,static,9,-77.28390991687775,5,-56.73239052295685
jMdxYlvrkbk--6,static,15,-107.3914328739047,5,-47.970152013003826
q4RnudGCU18--5,static,22,-137.33025820553303,6,-92.49124784767628
lcBujGRLwE0--30,static,25,-164.35346005484462,9,-98.57090602442622
egjhIFJbR2I--8,static,16,-84.30577175319195,5,-40.481961131095886
oAhfJ8yB1j0--5,static,27,-199.58991630375385,10,-168.97764103114605
klepEQSaeIk--15,static,11,-72.0020264685154,6,-64.15597847104073
Rc99bcSdhak--27,static,30,-219.98958288133144,10,-142.4759662002325
iwYL-ivQm6o--3,static,29,-190.65548940002918,9,-134.93002688884735
MYGqMojGwBE--248,static,24,-205.10771918296814,8,-125.38591146469116
mjvqIq_fvRY--12,static,23,-209.36061698198318,6,-139.77992796897888
s_8IbRRsr0Q--1,static,28,-187.35088082402945,8,-109.12654134631157
6OlSDCcwM10--2,static,7,-31.662335343658924,2,-15.06995103508234
m3Mmtpr-jjA--44,static,24,-188.74881374835968,6,-105.16696757078171
9b0136913690-31,static,17,-100.936986297369,5,-58.51116991043091
HBQwzyxvkZA--207,static,13,-83.72214239835739,4,-50.250910460948944
Nv3WLYio7Lc--9,static,17,-102.62205123901367,5,-65.11071228981018
Nv3WLYio7Lc--14,static,11,-59.62977849319577,5,-49.84533630684018
hYNyIXYmoYs--2,static,19,-111.42668655514717,8,-76.84945152699947
ef52bca1a454-69,static,9,-60.19546216726303,3,-24.410895347595215
HBQwzyxvkZA--90,static,11,-85.7933611869812,4,-53.82287073135376
C6CIPVno_yQ--21,static,22,-163.05804228782654,8,-123.34450739622116
LvN9Dxq2iLY--26,static,22,-181.98620381951332,7,-170.01298189163208
HBQwzyxvkZA--318,static,18,-123.41275691986084,8,-103.98913609981537
zu_bd3r2GIA--30,static,18,-126.01914384029806,7,-90.51695485971868
oAhfJ8yB1j0--3,static,23,-181.50087093934417,6,-153.12002920731902
5n_IGU5rYYk--6,static,17,-115.83057936280966,6,-54.32901191711426
nvfK4jQ7MH0--27,static,17,-112.07677711360157,7,-86.84640425257385
kytITkHoyls--15,static,21,-136.0150571614504,5,-79.31000578403473
dPuKX_lM4Zc--120,static,31,-251.42450737953186,13,-137.70619559288025
5n_IGU5rYYk--3,static,21,-151.87773927301168,7,-107.0506252348423
dPuKX_lM4Zc--129,static,23,-137.00569511204958,9,-72.78030682355165
9xc24mAlprE--26,static,18,-133.10950103402138,5,-123.42552042007446
oyWhLo5brto--5,static,21,-150.18721528351307,5,-63.261683344841
ojYFIliNLGI--16,static,37,-290.77518470585346,13,-221.69716867804527
LvN9Dxq2iLY--124,static,18,-97.22398219443858,4,-46.41521284915507
lcBujGRLwE0--4,static,34,-186.61829288303852,12,-139.4336985051632
wwpptVjgAws--7,static,39,-273.12114053964615,10,-204.32621097564697
Kq5HfchSWv8--18,static,16,-99.44996233657002,4,-41.89162731170654
mjvqIq_fvRY--6,static,27,-250.4827242884785,10,-162.081359827891
Nv3WLYio7Lc--13,static,30,-185.04151567816734,7,-116.08748868107796
6_yO8Lc8Hd4--7,static,14,-105.03552043624222,6,-78.90582883544266
0Z5d6D2vBbc--6,static,17,-117.14954365417361,8,-79.13558892533183
80Cx4CH-AVI--11,static,28,-189.09359276294708,9,-100.1628906428814
xFJw5GMtlCk--5,static,24,-181.2555645108223,10,-113.36669352650642
9b0136913690-80,static,17,-133.22534239292145,4,-53.98184108734131
AVb1VABiJJ8--9,static,19,-155.93094059824944,7,-87.67527338862419
xFEQrtosric--4,static,14,-102.5010168403387,4,-44.88964453339577
iGdg-iGlUFg--2,static,42,-315.66415871679783,12,-200.93090717494488
wUH1dDbu9B4--26,static,23,-187.25643926858902,6,-178.31725174188614
LvN9Dxq2iLY--101,static,14,-100.36511981487274,4,-66.81338548660278
HBQwzyxvkZA--67,static,9,-43.76650604605675,2,-15.321152776479721
QiGhWfjM2FI--1,static,19,-138.80071650072932,9,-103.92434563860297
LvN9Dxq2iLY--168,static,9,-49.18952661752701,4,-35.59683981537819
MYGqMojGwBE--2,static,18,-176.75852632522583,8,-103.25766849517822
mjvqIq_fvRY--18,static,14,-104.06321541126817,7,-75.14811292942613
m-w_78fDg9M--3,static,17,-124.50663250684738,7,-86.1257061958313
8E-llRXuhl0--22,static,20,-157.89053119719028,7,-120.7345262914896
lPzmjeJmsXo--2,static,32,-231.55645355582237,13,-197.12913504242897
rYcw__0tDhw--10,static,22,-164.25729089975357,6,-101.19235473871231
mXq8axygjdE--62,static,9,-52.72230315208435,3,-33.293572187423706
AZ2s4Adm9RU--1,static,28,-186.26769822090864,7,-61.49087905883789
CRJSZ2e7BU0--4,static,25,-174.7969115972519,10,-127.63399302959442
HBQwzyxvkZA--272,static,14,-83.22221112251282,5,-48.19614279270172
kES_ZNjFKz8--16,static,21,-143.04802918434143,8,-125.29918611049652
MYGqMojGwBE--206,static,13,-98.01082514226437,6,-79.87627011537552
glNqZ8w4iy8--5,static,11,-46.93875745870173,3,-32.371517630293965
Rblg5TE6TI0--30,static,34,-246.29887486808002,12,-164.8321803342551
809a3a5e02d1-77,static,11,-81.76468749344349,4,-63.631021931767464
lSLqIyupXrk--5,static,17,-130.3546311557293,7,-107.87883469462395
eabe1f38221a-48,static,10,-52.935945726931095,3,-35.129727341234684
jLwvQ4URDFY--5,static,11,-49.937726221978664,4,-29.183916106820107
m3Mmtpr-jjA--2,static,11,-74.9494656920433,4,-65.7292697429657
HBQwzyxvkZA--155,static,22,-136.1526636183262,7,-96.37269458174706
K5lgB4YzOO0--12,static,15,-102.38515014201403,6,-74.80365148931742
Rblg5TE6TI0--1,static,23,-162.11585344187915,7,-72.83757852576673
dkavvNigK7s--27,static,27,-191.8989098891616,12,-168.16764959692955
NaXDBBT5pkw--3,static,11,-71.96204149723053,4,-45.769335985183716
LvN9Dxq2iLY--164,static,20,-123.64845567941666,8,-85.48784309625626
vZt56rnH8QQ--3,static,11,-84.14033639431,5,-73.97878301143646
mXq8axygjdE--67,static,12,-57.91538083925843,4,-24.34525192156434
7byz3fdI-Ss--7,static,18,-93.34516020864248,7,-71.65387355536222
dkavvNigK7s--9,static,17,-109.07029261440039,6,-82.55240377038717
g4GfKC7z-2M--9,static,19,-156.42387104034424,5,-135.70507287979126
6OlSDCcwM10--20,static,16,-115.66863103955984,8,-81.12421848624945
KI0avgGkWiU--1,static,23,-168.44123789668083,7,-90.70926308631897
iwYL-ivQm6o--0,static,7,-69.69795751571655,3,-37.04686117172241
OEM3CR-HYmk--19,static,18,-95.12913599610329,4,-85.20282855629921
6OlSDCcwM10--11,static,17,-128.81691811978817,11,-101.77499304711819
e4rWudmfrfY--0,static,9,-67.58983612060547,1,-9.389183759689331
o44YnPMhwPU--1,static,11,-72.2654241323471,3,-53.76923644542694
